season,team,split,n_games,n_games_home,projected_wins_mean,projected_wins_median,projected_wins_p05,projected_wins_p25,projected_wins_p50,projected_wins_p75,projected_wins_p95,line_total,over_odds,under_odds,line_over_under_code,calibration_bin,our_prob_over_line_raw,our_prob_over_line
2014,Air Force,secondary,12,6,4.6115,4.0,1.0,3.0,4.0,6.0,9.0,,,,,,,
2014,Akron,secondary,12,6,5.8945,6.0,2.0,4.0,6.0,8.0,10.0,,,,,,,
2014,Alabama,secondary,13,7,9.455,10.0,5.0,8.0,10.0,11.0,13.0,10.5,-140.0,120.0,-1.0,10.5,0.4035,0.5008162011407915
2014,App State,secondary,12,6,6.2835,6.0,2.0,4.0,6.0,8.0,10.0,,,,,,,
2014,Arizona,secondary,13,7,7.0605,7.0,2.0,5.0,7.0,9.0,12.0,,,,,,,
2014,Arizona State,secondary,12,6,7.8255,8.0,3.0,6.0,8.0,10.0,12.0,7.5,-130.0,110.0,-1.0,8.5,0.575,0.5470711795585231
2014,Arkansas,secondary,12,7,4.6705,4.0,1.0,3.0,4.0,6.0,9.0,,,,,,,
2014,Arkansas State,secondary,12,6,6.6965,7.0,2.0,5.0,7.0,9.0,11.0,,,,,,,
2014,Army,secondary,12,5,5.872,6.0,2.0,4.0,6.0,7.0,10.0,,,,,,,
2014,Auburn,secondary,12,7,7.612,8.0,3.0,6.0,8.0,10.0,11.0,9.0,-110.0,-110.0,0.0,8.5,0.2545,0.4551667529332636
2014,BYU,secondary,12,6,7.9695,8.0,3.0,6.0,8.0,10.0,12.0,9.5,-110.0,-110.0,0.0,10.5,0.3215,0.4770064090659038
2014,Ball State,secondary,12,6,7.533,8.0,4.0,6.0,8.0,9.0,11.0,,,,,,,
2014,Baylor,secondary,12,6,8.6105,9.0,4.0,7.0,9.0,11.0,12.0,,,,,,,
2014,Boise State,secondary,13,7,7.824,8.0,3.0,6.0,8.0,10.0,12.0,,,,,,,
2014,Boston College,secondary,12,7,6.305,6.0,2.0,4.0,6.0,8.0,11.0,,,,,,,
2014,Bowling Green,secondary,13,6,8.3155,9.0,3.0,6.0,9.0,10.0,12.0,,,,,,,
2014,Buffalo,secondary,11,6,7.133,7.0,3.0,6.0,7.0,9.0,10.0,,,,,,,
2014,California,secondary,12,7,4.7195,4.0,1.0,3.0,4.0,6.0,9.049999999999956,,,,,,,
2014,Central Michigan,secondary,12,6,5.7275,6.0,2.0,4.0,6.0,8.0,10.0,,,,,,,
2014,Cincinnati,secondary,12,6,7.0835,7.0,2.0,5.0,7.0,9.0,11.0,,,,,,,
2014,Clemson,secondary,12,7,8.336,9.0,4.0,7.0,9.0,10.0,12.0,8.5,105.0,-125.0,1.0,8.5,0.5195,0.5321580623488765
2014,Colorado,secondary,12,6,4.1465,4.0,0.0,2.0,4.0,6.0,9.0,,,,,,,
2014,Colorado State,secondary,12,5,7.175,7.0,2.0,5.0,7.0,9.0,11.0,,,,,,,
2014,Duke,secondary,12,7,7.0955,7.0,3.0,5.0,7.0,9.0,11.0,,,,,,,
2014,East Carolina,secondary,12,6,6.967,7.0,2.0,5.0,7.0,9.0,11.0,,,,,,,
2014,Eastern Michigan,secondary,12,5,3.7765,3.0,1.0,2.0,3.0,5.0,8.0,,,,,,,
2014,Florida,secondary,11,6,5.4215,5.0,2.0,4.0,5.0,7.0,9.0,7.5,-130.0,110.0,-1.0,8.5,0.201,0.4349823968856839
2014,Florida Atlantic,secondary,12,5,5.7035,6.0,1.0,4.0,6.0,8.0,10.0,,,,,,,
2014,Florida International,secondary,12,8,4.5665,4.0,2.0,3.0,4.0,6.0,9.0,,,,,,,
2014,Florida State,secondary,13,7,10.239,11.0,6.0,9.0,11.0,12.0,13.0,11.5,110.0,-130.0,1.0,10.5,0.3455,0.4842243926225453
2014,Fresno State,secondary,13,6,8.6725,9.0,4.0,7.0,9.0,11.0,13.0,,,,,,,
2014,Georgia,secondary,12,7,7.918,8.0,3.0,6.0,8.0,10.0,12.0,9.5,-120.0,100.0,-1.0,10.5,0.3135,0.4745411642406404
2014,Georgia Southern,secondary,12,5,5.7335,6.0,2.0,4.0,6.0,8.0,10.0,,,,,,,
2014,Georgia State,secondary,12,5,4.9205,5.0,1.0,3.0,5.0,7.0,9.0,,,,,,,
2014,Georgia Tech,secondary,13,6,6.9845,7.0,2.0,5.0,7.0,9.0,12.0,,,,,,,
2014,Hawai'i,secondary,13,6,5.9495,6.0,2.0,4.0,6.0,8.0,11.0,,,,,,,
2014,Houston,secondary,12,7,7.5175,8.0,3.0,6.0,8.0,10.0,11.0,,,,,,,
2014,Idaho,secondary,11,5,4.254,4.0,1.0,2.0,4.0,6.0,9.0,,,,,,,
2014,Illinois,secondary,12,7,5.3355,5.0,2.0,3.0,5.0,7.0,10.0,,,,,,,
2014,Indiana,secondary,12,6,5.7295,6.0,2.0,4.0,6.0,8.0,10.0,,,,,,,
2014,Iowa,secondary,12,7,7.7355,8.0,3.0,6.0,8.0,10.0,12.0,8.0,-200.0,175.0,-1.0,8.5,0.439,0.5105650763916361
2014,Iowa State,secondary,12,7,4.805,5.0,1.0,3.0,5.0,7.0,9.0,,,,,,,
2014,Kansas,secondary,12,6,4.195,4.0,1.0,2.0,4.0,6.0,8.0,,,,,,,
2014,Kansas State,secondary,12,7,6.921,7.0,3.0,5.0,7.0,9.0,11.0,7.5,-130.0,110.0,-1.0,8.5,0.4185,0.5049636022189723
2014,Kent State,secondary,11,6,5.011,5.0,1.0,3.0,5.0,7.0,9.0,,,,,,,
2014,Kentucky,secondary,12,7,4.5225,4.0,1.0,3.0,4.0,6.0,9.0,,,,,,,
2014,LSU,secondary,12,7,7.8535,8.0,3.950000000000003,6.0,8.0,10.0,12.0,9.0,-130.0,110.0,-1.0,8.5,0.284,0.4651453759939517
2014,Louisiana,secondary,12,6,7.0625,7.0,3.0,5.0,7.0,9.0,11.0,,,,,,,
2014,Louisiana Tech,secondary,13,5,5.555,5.0,2.0,4.0,5.0,7.0,10.0,,,,,,,
2014,Louisville,secondary,12,6,7.718,8.0,3.0,6.0,8.0,10.0,11.0,8.0,100.0,-120.0,1.0,8.5,0.4225,0.5060621300071734
2014,Marshall,secondary,13,7,9.328,10.0,4.0,8.0,10.0,11.0,13.0,,,,,,,
2014,Maryland,secondary,12,6,5.3975,5.0,1.0,3.0,5.0,7.0,10.0,,,,,,,
2014,Massachusetts,secondary,12,6,3.881,4.0,0.0,2.0,4.0,6.0,9.0,,,,,,,
2014,Memphis,secondary,12,6,5.7395,6.0,2.0,4.0,6.0,8.0,10.0,,,,,,,
2014,Miami,secondary,12,7,6.209,6.0,2.0,4.0,6.0,8.0,11.0,,,,,,,
2014,Miami (OH),secondary,12,6,4.4555,4.0,1.0,3.0,4.0,6.0,9.0,,,,,,,
2014,Michigan,secondary,12,7,6.3545,6.0,2.0,4.0,6.0,8.0,11.0,7.5,-170.0,145.0,-1.0,8.5,0.3565,0.4874539159687802
2014,Michigan State,secondary,12,7,7.88,8.0,4.0,6.0,8.0,10.0,12.0,9.5,-120.0,100.0,-1.0,10.5,0.277,0.4628359013716839
2014,Middle Tennessee,secondary,12,6,6.9465,7.0,3.0,5.0,7.0,9.0,11.0,,,,,,,
2014,Minnesota,secondary,12,7,6.2995,6.0,2.0,4.0,6.0,8.0,11.0,,,,,,,
2014,Mississippi State,secondary,12,7,6.7515,7.0,3.0,5.0,7.0,9.0,11.0,7.5,-110.0,-110.0,0.0,8.5,0.3915,0.4974624519930727
2014,Missouri,secondary,13,7,8.33,9.0,4.0,7.0,9.0,10.0,12.0,7.5,-125.0,105.0,-1.0,8.5,0.634,0.563408472621082
2014,NC State,secondary,12,7,5.44,5.0,2.0,4.0,5.0,7.0,10.0,,,,,,,
2014,Navy,secondary,12,5,7.042,7.0,3.0,5.0,7.0,9.0,11.0,,,,,,,
2014,Nebraska,secondary,12,7,6.7075,7.0,2.0,5.0,7.0,9.0,11.0,8.0,-120.0,100.0,-1.0,8.5,0.2635,0.4582821406863966
2014,Nevada,secondary,12,6,4.8845,5.0,1.0,3.0,5.0,7.0,9.0,6.0,-110.0,-110.0,0.0,6.5,0.267,0.4594759943911713
2014,New Mexico,secondary,12,6,4.3255,4.0,0.0,2.0,4.0,6.0,9.0,,,,,,,
2014,New Mexico State,secondary,12,6,4.8505,5.0,1.0,3.0,5.0,7.0,9.0,,,,,,,
2014,North Carolina,secondary,12,6,6.4285,6.0,2.0,4.0,6.0,8.0,11.0,8.5,130.0,-150.0,1.0,8.5,0.231,0.4466878195924783
2014,North Texas,secondary,12,6,7.512,8.0,3.0,6.0,8.0,9.0,11.0,,,,,,,
2014,Northern Illinois,secondary,13,5,9.102,9.0,4.950000000000003,7.0,9.0,11.0,13.0,,,,,,,
2014,Northwestern,secondary,12,7,6.363,6.0,2.0,4.0,6.0,8.0,11.0,7.5,120.0,-140.0,1.0,8.5,0.348,0.4849623882056923
2014,Notre Dame,secondary,12,6,5.773,6.0,1.0,4.0,6.0,8.0,10.0,,,,,,,
2014,Ohio,secondary,12,6,6.1615,6.0,2.0,4.0,6.0,8.0,10.0,,,,,,,
2014,Ohio State,secondary,13,7,9.6695,10.0,4.0,8.0,10.0,12.0,13.0,,,,,,,
2014,Oklahoma,secondary,12,6,7.722,8.0,3.0,6.0,8.0,10.0,12.0,10.5,-120.0,100.0,-1.0,10.5,0.1775,0.4249223454769374
2014,Oklahoma State,secondary,12,6,7.937,8.0,3.0,6.0,8.0,10.0,12.0,,,,,,,
2014,Old Dominion,secondary,12,6,5.6125,5.0,2.0,4.0,5.0,7.0,10.0,,,,,,,
2014,Ole Miss,secondary,12,7,7.214,7.0,3.0,5.0,7.0,9.0,11.0,8.0,-150.0,130.0,-1.0,8.5,0.3375,0.4818460294472654
2014,Oregon,secondary,13,7,9.21,10.0,4.0,7.0,10.0,11.0,13.0,10.5,-160.0,140.0,-1.0,10.5,0.3735,0.4923616616127124
2014,Oregon State,secondary,12,7,6.3555,6.0,2.0,4.0,6.0,8.0,11.0,,,,,,,
2014,Penn State,secondary,12,7,6.7085,7.0,2.0,5.0,7.0,9.0,11.0,,,,,,,
2014,Pittsburgh,secondary,12,7,6.9605,7.0,2.0,5.0,7.0,9.0,11.0,,,,,,,
2014,Purdue,secondary,12,7,4.374,4.0,1.0,3.0,4.0,6.0,9.0,,,,,,,
2014,Rice,secondary,12,5,7.0375,7.0,2.0,5.0,7.0,9.0,11.0,,,,,,,
2014,Rutgers,secondary,12,5,5.4575,5.0,2.0,3.0,5.0,7.0,10.0,,,,,,,
2014,SMU,secondary,12,6,5.614,6.0,1.0,3.0,6.0,8.0,10.0,,,,,,,
2014,San Diego State,secondary,12,5,6.8275,7.0,3.0,5.0,7.0,9.0,11.0,,,,,,,
2014,San José State,secondary,12,5,5.806,6.0,2.0,4.0,6.0,8.0,10.0,,,,,,,
2014,South Alabama,secondary,12,6,6.447,7.0,2.0,4.0,7.0,9.0,11.0,,,,,,,
2014,South Carolina,secondary,12,7,7.451,8.0,3.0,6.0,8.0,9.0,11.0,9.5,105.0,-125.0,1.0,10.5,0.2345,0.4479850693601673
2014,South Florida,secondary,12,7,5.361,5.0,1.0,3.0,5.0,7.0,10.0,,,,,,,
2014,Southern Miss,secondary,12,6,4.4175,4.0,1.0,3.0,4.0,6.0,9.0,,,,,,,
2014,Stanford,secondary,12,6,7.938,8.0,4.0,6.0,8.0,10.0,12.0,8.5,-125.0,105.0,-1.0,8.5,0.4515,0.5139503273740903
2014,Syracuse,secondary,12,6,5.976,6.0,2.0,4.0,6.0,8.0,10.0,,,,,,,
2014,TCU,secondary,12,7,6.537,7.0,2.0,5.0,7.0,9.0,11.0,8.0,110.0,-130.0,1.0,8.5,0.264,0.458453280764555
2014,Temple,secondary,12,6,5.436,5.0,1.0,3.0,5.0,7.0,10.0,,,,,,,
2014,Tennessee,secondary,12,7,5.3335,5.0,2.0,3.0,5.0,7.0,10.0,,,,,,,
2014,Texas,secondary,12,6,6.305,6.0,2.0,4.0,6.0,8.0,11.0,7.0,-120.0,100.0,-1.0,6.5,0.352,0.4861382057207816
2014,Texas A&M,secondary,12,6,7.242,7.0,3.0,5.0,7.0,9.0,11.0,7.0,-125.0,105.0,-1.0,6.5,0.4765,0.5206714758709307
2014,Texas State,secondary,12,6,6.2065,6.0,2.0,4.0,6.0,8.0,11.0,,,,,,,
2014,Texas Tech,secondary,12,6,6.9345,7.0,3.0,5.0,7.0,9.0,11.0,,,,,,,
2014,Toledo,secondary,12,6,7.039,7.0,3.0,5.0,7.0,9.0,11.0,,,,,,,
2014,Troy,secondary,12,6,6.6725,7.0,2.0,5.0,7.0,9.0,11.0,,,,,,,
2014,Tulane,secondary,12,6,5.7915,6.0,2.0,4.0,6.0,8.0,10.0,,,,,,,
2014,Tulsa,secondary,12,6,4.9245,5.0,1.0,3.0,5.0,7.0,10.0,,,,,,,
2014,UAB,secondary,12,5,5.0375,5.0,1.0,3.0,5.0,7.0,9.0,,,,,,,
2014,UCF,secondary,12,6,7.5915,8.0,3.0,6.0,8.0,10.0,11.0,,,,,,,
2014,UCLA,secondary,12,6,6.987,7.0,2.0,5.0,7.0,9.0,11.0,9.5,-125.0,-105.0,-1.0,10.5,0.202,0.4353913863657552
2014,UConn,secondary,12,7,5.3775,5.0,1.0,3.0,5.0,7.0,10.0,,,,,,,
2014,UL Monroe,secondary,12,5,5.383,5.0,1.0,3.0,5.0,7.0,10.0,,,,,,,
2014,UNLV,secondary,13,5,5.5945,5.0,2.0,4.0,5.0,7.0,10.0,4.0,-155.0,135.0,-1.0,4.5,0.6205,0.5596021266221934
2014,USC,secondary,12,6,6.6415,7.0,2.0,5.0,7.0,9.0,11.0,8.5,-185.0,165.0,-1.0,8.5,0.2785,0.4633336355565312
2014,UTEP,secondary,12,6,3.9225,4.0,0.0,2.0,4.0,6.0,9.0,,,,,,,
2014,UTSA,secondary,12,6,6.2965,6.0,2.0,4.0,6.0,8.0,11.0,,,,,,,
2014,Utah,secondary,12,6,5.5745,5.0,2.0,3.0,5.0,8.0,10.0,,,,,,,
2014,Utah State,secondary,13,6,8.301,8.0,4.0,6.0,8.0,10.0,12.0,,,,,,,
2014,Vanderbilt,secondary,12,8,6.979,7.0,3.0,5.0,7.0,9.0,11.0,,,,,,,
2014,Virginia,secondary,12,7,4.778,5.0,1.0,3.0,5.0,7.0,9.0,,,,,,,
2014,Virginia Tech,secondary,12,7,6.7765,7.0,2.0,5.0,7.0,9.0,11.0,,,,,,,
2014,Wake Forest,secondary,12,6,5.291,5.0,2.0,3.0,5.0,7.0,10.0,,,,,,,
2014,Washington,secondary,13,7,8.156,8.0,3.0,6.0,8.0,10.0,12.0,9.0,100.0,-120.0,1.0,8.5,0.3465,0.484519882587113
2014,Washington State,secondary,12,7,5.7945,6.0,2.0,4.0,6.0,8.0,10.0,,,,,,,
2014,West Virginia,secondary,12,6,5.007,5.0,1.0,3.0,5.0,7.0,9.0,,,,,,,
2014,Western Kentucky,secondary,12,6,6.9735,7.0,2.0,5.0,7.0,9.0,11.0,,,,,,,
2014,Western Michigan,secondary,12,5,4.91,5.0,1.0,3.0,5.0,7.0,9.0,,,,,,,
2014,Wisconsin,secondary,13,7,8.9295,9.0,4.0,7.0,9.0,11.0,13.0,9.5,-150.0,130.0,-1.0,10.5,0.478,0.52107318801797
2014,Wyoming,secondary,12,6,5.5295,5.0,2.0,4.0,5.0,7.0,10.0,,,,,,,
2015,Air Force,secondary,13,6,6.736,7.0,3.0,5.0,7.0,8.0,10.0,,,,,,,
2015,Akron,secondary,12,6,5.892,6.0,2.0,4.0,6.0,7.0,9.0,,,,,,,
2015,Alabama,secondary,13,7,9.565,10.0,6.0,8.0,10.0,11.0,12.0,9.5,-150.0,130.0,-1.0,10.5,0.5465,0.513326695956334
2015,App State,secondary,12,6,7.4565,8.0,4.0,6.0,8.0,9.0,11.0,,,,,,,
2015,Arizona,secondary,12,6,7.445,8.0,4.0,6.0,8.0,9.0,11.0,7.5,-135.0,115.0,-1.0,8.5,0.512,0.5069482092110553
2015,Arizona State,secondary,12,7,7.3125,7.0,4.0,6.0,7.0,9.0,11.0,7.5,-155.0,135.0,-1.0,8.5,0.4665,0.4985553806312688
2015,Arkansas,secondary,12,7,6.952,7.0,3.0,6.0,7.0,8.0,10.0,8.0,-120.0,100.0,-1.0,8.5,0.235,0.4505309978346063
2015,Arkansas State,secondary,12,6,7.083,7.0,4.0,6.0,7.0,9.0,10.0,,,,,,,
2015,Army,secondary,12,6,5.7575,6.0,3.0,4.0,6.0,7.0,9.0,,,,,,,
2015,Auburn,secondary,12,7,8.284,8.0,5.0,7.0,8.0,10.0,11.0,8.5,-150.0,130.0,-1.0,8.5,0.4815,0.5013269000704336
2015,BYU,secondary,12,6,7.0745,7.0,3.0,6.0,7.0,9.0,10.0,,,,,,,
2015,Ball State,secondary,12,6,5.699,6.0,2.0,4.0,6.0,7.0,9.0,,,,,,,
2015,Baylor,secondary,12,6,8.9495,9.0,6.0,8.0,9.0,10.0,12.0,10.0,-150.0,130.0,-1.0,10.5,0.198,0.440583423809475
2015,Boise State,secondary,12,6,8.081,8.0,5.0,7.0,8.0,10.0,11.0,10.0,-110.0,-110.0,0.0,10.5,0.1145,0.4114537644261944
2015,Boston College,secondary,12,7,7.335,7.0,4.0,6.0,7.0,9.0,11.0,,,,,,,
2015,Bowling Green,secondary,13,5,6.0635,6.0,2.0,4.0,6.0,8.0,10.0,,,,,,,
2015,Buffalo,secondary,12,6,6.4325,6.0,3.0,5.0,6.0,8.0,10.0,,,,,,,
2015,California,secondary,12,6,6.0715,6.0,3.0,5.0,6.0,7.0,10.0,,,,,,,
2015,Central Michigan,secondary,12,6,6.492,6.0,3.0,5.0,6.0,8.0,10.0,,,,,,,
2015,Charlotte,secondary,12,6,5.749,6.0,2.950000000000003,4.0,6.0,7.0,9.0,,,,,,,
2015,Cincinnati,secondary,12,6,7.2915,7.0,4.0,6.0,7.0,9.0,10.0,,,,,,,
2015,Clemson,secondary,13,7,8.1035,8.0,4.0,6.75,8.0,10.0,12.0,9.5,120.0,-140.0,1.0,10.5,0.2885,0.4632229146746541
2015,Colorado,secondary,13,6,4.85,5.0,2.0,3.0,5.0,6.0,9.0,,,,,,,
2015,Colorado State,secondary,12,5,7.496,8.0,4.0,6.0,8.0,9.0,11.0,,,,,,,
2015,Duke,secondary,12,6,6.0755,6.0,2.950000000000003,4.0,6.0,8.0,10.0,,,,,,,
2015,East Carolina,secondary,12,6,8.3375,8.0,5.0,7.0,8.0,10.0,11.0,,,,,,,
2015,Eastern Michigan,secondary,12,6,3.7155,4.0,1.0,2.0,4.0,5.0,8.0,,,,,,,
2015,Florida,secondary,13,7,7.5665,8.0,4.0,6.0,8.0,9.0,11.0,7.0,-130.0,110.0,-1.0,6.5,0.519,0.5082389562863118
2015,Florida Atlantic,secondary,12,6,4.955,5.0,2.0,3.0,5.0,6.0,9.0,,,,,,,
2015,Florida International,secondary,12,5,4.716,5.0,2.0,3.0,5.0,6.0,8.0,,,,,,,
2015,Florida State,secondary,12,7,8.0855,8.0,5.0,7.0,8.0,10.0,11.0,9.0,-140.0,120.0,-1.0,8.5,0.255,0.4554696239394785
2015,Fresno State,secondary,12,6,6.1765,6.0,3.0,5.0,6.0,8.0,10.0,,,,,,,
2015,Georgia,secondary,12,7,8.4515,9.0,5.0,7.0,9.0,10.0,11.0,9.0,-130.0,110.0,-1.0,8.5,0.3195,0.4699460374778849
2015,Georgia Southern,secondary,12,6,7.4805,8.0,4.0,6.0,8.0,9.0,10.0,,,,,,,
2015,Georgia State,secondary,12,5,4.243,4.0,1.0,3.0,4.0,5.0,8.0,,,,,,,
2015,Georgia Tech,secondary,12,7,7.245,7.0,4.0,6.0,7.0,9.0,11.0,7.5,-145.0,125.0,-1.0,8.5,0.4595,0.497258496862049
2015,Hawai'i,secondary,13,6,5.863,6.0,2.0,4.0,6.0,7.0,9.0,,,,,,,
2015,Houston,secondary,13,8,8.0245,8.0,4.0,7.0,8.0,10.0,12.0,,,,,,,
2015,Idaho,secondary,12,6,4.734,5.0,2.0,3.0,5.0,6.0,8.0,,,,,,,
2015,Illinois,secondary,12,6,6.0035,6.0,3.0,5.0,6.0,7.0,10.0,,,,,,,
2015,Indiana,secondary,12,7,5.991,6.0,3.0,4.0,6.0,7.0,10.0,,,,,,,
2015,Iowa,secondary,13,7,7.547,8.0,4.0,6.0,8.0,9.0,11.0,,,,,,,
2015,Iowa State,secondary,12,6,4.146,4.0,1.9500000000000028,3.0,4.0,5.0,8.0,,,,,,,
2015,Kansas,secondary,12,7,3.878,4.0,1.0,2.0,4.0,5.0,7.0,,,,,,,
2015,Kansas State,secondary,12,7,7.545,8.0,4.0,6.0,8.0,9.0,11.0,7.0,-140.0,120.0,-1.0,6.5,0.531,0.5104548850309537
2015,Kent State,secondary,12,6,4.7555,5.0,2.0,3.0,5.0,6.0,8.0,,,,,,,
2015,Kentucky,secondary,12,8,5.051,5.0,2.0,4.0,5.0,6.0,8.0,,,,,,,
2015,LSU,secondary,11,7,5.026,5.0,2.0,4.0,5.0,6.0,8.0,8.5,-120.0,100.0,-1.0,8.5,0.046,0.3682536482949171
2015,Louisiana,secondary,12,6,7.427,7.0,4.0,6.0,7.0,9.0,11.0,,,,,,,
2015,Louisiana Tech,secondary,12,6,7.813,8.0,4.0,7.0,8.0,9.0,11.0,,,,,,,
2015,Louisville,secondary,12,6,7.2595,7.0,4.0,6.0,7.0,9.0,11.0,7.5,-135.0,115.0,-1.0,8.5,0.466,0.4984628323619318
2015,Marshall,secondary,12,6,9.5615,10.0,6.0,9.0,10.0,11.0,12.0,,,,,,,
2015,Maryland,secondary,12,6,5.405,5.0,2.0,4.0,5.0,7.0,9.0,,,,,,,
2015,Massachusetts,secondary,12,6,5.73,6.0,2.0,4.0,6.0,7.0,9.0,,,,,,,
2015,Memphis,secondary,12,6,7.7905,8.0,4.0,6.0,8.0,9.0,11.0,,,,,,,
2015,Miami,secondary,12,6,6.6365,7.0,3.0,5.0,7.0,8.0,10.0,7.0,120.0,-140.0,1.0,6.5,0.3645,0.4791431370515378
2015,Miami (OH),secondary,12,6,4.97,5.0,2.0,3.0,5.0,6.0,8.0,,,,,,,
2015,Michigan,secondary,12,7,6.4345,6.0,3.0,5.0,6.0,8.0,10.0,7.5,-145.0,125.0,-1.0,8.5,0.3325,0.472662689354253
2015,Michigan State,secondary,13,7,8.1725,8.0,4.0,7.0,8.0,10.0,12.0,9.5,-145.0,125.0,-1.0,10.5,0.2955,0.4647745826352962
2015,Middle Tennessee,secondary,12,6,5.886,6.0,3.0,4.0,6.0,7.0,9.0,,,,,,,
2015,Minnesota,secondary,12,7,6.4625,7.0,3.0,5.0,7.0,8.0,10.0,,,,,,,
2015,Mississippi State,secondary,12,7,8.1335,8.0,5.0,7.0,8.0,10.0,11.0,7.0,-125.0,105.0,-1.0,6.5,0.64,0.5311999877427194
2015,Missouri,secondary,12,6,6.659,7.0,3.0,5.0,7.0,8.0,10.0,7.5,-150.0,130.0,-1.0,8.5,0.356,0.4774473976128234
2015,NC State,secondary,12,6,6.4645,6.0,3.0,5.0,6.0,8.0,10.0,,,,,,,
2015,Navy,secondary,12,6,7.7345,8.0,4.0,6.0,8.0,9.0,11.0,,,,,,,
2015,Nebraska,secondary,12,7,7.83,8.0,4.0,6.0,8.0,9.0,11.0,8.5,140.0,-160.0,1.0,8.5,0.4065,0.487306941755195
2015,Nevada,secondary,12,6,6.5345,7.0,3.0,5.0,7.0,8.0,10.0,6.0,-110.0,-110.0,0.0,6.5,0.504,0.505473990332335
2015,New Mexico,secondary,12,7,6.2525,6.0,3.0,5.0,6.0,8.0,10.0,,,,,,,
2015,New Mexico State,secondary,12,5,3.6525,4.0,1.0,2.0,4.0,5.0,7.0,,,,,,,
2015,North Carolina,secondary,13,7,6.872,7.0,4.0,5.0,7.0,8.0,10.0,,,,,,,
2015,North Texas,secondary,12,5,4.3635,4.0,1.0,3.0,4.0,6.0,8.0,,,,,,,
2015,Northern Illinois,secondary,13,6,7.889,8.0,4.0,6.0,8.0,9.0,11.0,,,,,,,
2015,Northwestern,secondary,12,7,5.772,6.0,2.0,4.0,6.0,7.0,9.0,,,,,,,
2015,Notre Dame,secondary,12,6,6.946,7.0,3.0,5.0,7.0,9.0,10.0,9.0,-150.0,130.0,-1.0,8.5,0.1275,0.4169227584687535
2015,Ohio,secondary,12,6,5.716,6.0,2.0,4.0,6.0,7.0,9.0,,,,,,,
2015,Ohio State,secondary,12,7,9.2975,10.0,6.0,8.0,10.0,11.0,12.0,11.5,-125.0,105.0,-1.0,10.5,0.102,0.4056827366446298
2015,Oklahoma,secondary,12,6,7.8625,8.0,4.0,7.0,8.0,9.0,11.0,8.5,-135.0,115.0,-1.0,8.5,0.398,0.485679680315892
2015,Oklahoma State,secondary,12,7,5.964,6.0,3.0,4.0,6.0,7.0,9.0,8.0,-110.0,-110.0,0.0,8.5,0.1135,0.411012077945278
2015,Old Dominion,secondary,12,7,6.8045,7.0,3.0,5.0,7.0,8.0,10.0,,,,,,,
2015,Ole Miss,secondary,12,7,7.6955,8.0,4.0,6.0,8.0,9.0,11.0,8.5,-120.0,100.0,-1.0,8.5,0.3525,0.476744093879806
2015,Oregon,secondary,12,7,8.844,9.0,5.0,8.0,9.0,10.0,12.0,9.5,110.0,-130.0,1.0,10.5,0.394,0.484909994147076
2015,Oregon State,secondary,12,6,5.7795,6.0,2.0,4.0,6.0,7.0,9.0,,,,,,,
2015,Penn State,secondary,12,7,6.516,7.0,3.0,5.0,7.0,8.0,10.0,8.5,100.0,-120.0,1.0,8.5,0.1885,0.4378175982959883
2015,Pittsburgh,secondary,12,6,6.6965,7.0,3.0,5.0,7.0,8.0,10.0,,,,,,,
2015,Purdue,secondary,12,7,4.8635,5.0,2.0,3.0,5.0,6.0,8.0,,,,,,,
2015,Rice,secondary,12,6,6.3405,6.0,3.0,5.0,6.0,8.0,10.0,,,,,,,
2015,Rutgers,secondary,12,6,5.387,5.0,2.0,4.0,5.0,7.0,9.0,,,,,,,
2015,SMU,secondary,12,7,3.884,4.0,1.0,3.0,4.0,5.0,7.0,,,,,,,
2015,San Diego State,secondary,13,6,7.0375,7.0,3.0,5.0,7.0,9.0,11.0,,,,,,,
2015,San José State,secondary,12,6,4.768,5.0,2.0,3.0,5.0,6.0,8.0,,,,,,,
2015,South Alabama,secondary,12,5,5.78,6.0,2.0,4.0,6.0,7.0,9.0,,,,,,,
2015,South Carolina,secondary,12,6,6.1965,6.0,3.0,5.0,6.0,8.0,10.0,6.5,-120.0,100.0,-1.0,6.5,0.4435,0.4942823734974793
2015,South Florida,secondary,12,6,4.199,4.0,1.0,3.0,4.0,5.0,8.0,,,,,,,
2015,Southern Miss,secondary,13,6,4.9635,5.0,2.0,3.0,5.0,6.0,9.0,,,,,,,
2015,Stanford,secondary,13,7,7.537,8.0,3.0,6.0,8.0,9.0,11.0,9.0,-120.0,100.0,-1.0,8.5,0.222,0.4471689635559719
2015,Syracuse,secondary,12,7,5.842,6.0,2.950000000000003,4.0,6.0,7.0,9.0,,,,,,,
2015,TCU,secondary,12,6,8.848,9.0,6.0,8.0,9.0,10.0,12.0,10.5,140.0,-160.0,1.0,10.5,0.184,0.436471480284849
2015,Temple,secondary,13,6,5.873,6.0,2.0,4.0,6.0,7.0,10.0,,,,,,,
2015,Tennessee,secondary,12,7,6.3205,6.0,3.0,5.0,6.0,8.0,10.0,8.0,-130.0,110.0,-1.0,8.5,0.147,0.4243279509762673
2015,Texas,secondary,12,6,5.71,6.0,2.0,4.0,6.0,7.0,9.0,7.0,145.0,-170.0,1.0,6.5,0.21,0.4439428616196979
2015,Texas A&M,secondary,12,7,6.185,6.0,3.0,5.0,6.0,8.0,10.0,8.0,-110.0,-110.0,0.0,8.5,0.145,0.4236061403166363
2015,Texas State,secondary,12,6,6.3385,6.0,3.0,5.0,6.0,8.0,10.0,,,,,,,
2015,Texas Tech,secondary,12,6,5.471,5.0,2.0,4.0,5.0,7.0,9.0,,,,,,,
2015,Toledo,secondary,11,6,6.8255,7.0,3.0,6.0,7.0,8.0,10.0,,,,,,,
2015,Troy,secondary,12,5,4.994,5.0,2.0,3.0,5.0,6.0,8.0,,,,,,,
2015,Tulane,secondary,12,6,5.493,5.5,2.0,4.0,5.5,7.0,9.0,,,,,,,
2015,Tulsa,secondary,12,6,4.5005,4.0,1.0,3.0,4.0,6.0,8.0,,,,,,,
2015,UCF,secondary,12,6,7.819,8.0,4.0,6.0,8.0,9.0,11.0,,,,,,,
2015,UCLA,secondary,12,6,6.88,7.0,3.0,5.0,7.0,8.0,10.0,9.0,-130.0,110.0,-1.0,8.5,0.1205,0.4140384563583143
2015,UConn,secondary,12,6,4.221,4.0,1.0,3.0,4.0,5.0,8.0,,,,,,,
2015,UL Monroe,secondary,13,5,5.668,6.0,2.0,4.0,6.0,7.0,9.0,,,,,,,
2015,UNLV,secondary,12,5,4.4155,4.0,2.0,3.0,4.0,6.0,8.0,2.5,110.0,-130.0,1.0,2.5,0.8225,0.5748045082621247
2015,USC,secondary,13,7,7.4135,7.0,3.0,6.0,7.0,9.0,11.0,9.0,-140.0,120.0,-1.0,8.5,0.1995,0.4410112277353402
2015,UTEP,secondary,12,5,5.926,6.0,3.0,4.0,6.0,7.0,10.0,,,,,,,
2015,UTSA,secondary,12,6,4.523,4.0,1.0,3.0,4.0,6.0,8.0,,,,,,,
2015,Utah,secondary,12,7,5.8805,6.0,2.0,4.0,6.0,7.0,10.0,7.5,110.0,-130.0,1.0,8.5,0.2405,0.4519157297162472
2015,Utah State,secondary,12,6,6.392,6.0,3.0,5.0,6.0,8.0,10.0,,,,,,,
2015,Vanderbilt,secondary,12,6,4.8305,5.0,2.0,3.0,5.0,6.0,9.0,,,,,,,
2015,Virginia,secondary,12,7,6.392,6.0,3.0,5.0,6.0,8.0,10.0,,,,,,,
2015,Virginia Tech,secondary,12,6,6.0995,6.0,3.0,5.0,6.0,8.0,10.0,8.0,-135.0,115.0,-1.0,8.5,0.1325,0.41890449677072
2015,Wake Forest,secondary,12,6,3.9615,4.0,1.0,3.0,4.0,5.0,7.0,,,,,,,
2015,Washington,secondary,12,7,6.416,6.0,3.0,5.0,6.0,8.0,10.0,,,,,,,
2015,Washington State,secondary,12,6,5.6895,6.0,2.0,4.0,6.0,7.0,9.0,,,,,,,
2015,West Virginia,secondary,12,7,7.82,8.0,4.0,6.0,8.0,9.0,11.0,7.5,115.0,-135.0,1.0,8.5,0.577,0.5190293804247113
2015,Western Kentucky,secondary,13,6,7.997,8.0,4.0,6.0,8.0,10.0,12.0,,,,,,,
2015,Western Michigan,secondary,12,6,6.8575,7.0,3.0,5.0,7.0,8.0,10.0,,,,,,,
2015,Wisconsin,secondary,12,7,8.112,8.0,5.0,7.0,8.0,9.25,11.0,9.5,-110.0,-110.0,0.0,10.5,0.25,0.4542592667107969
2015,Wyoming,secondary,12,6,5.484,5.0,2.0,4.0,5.0,7.0,9.0,,,,,,,
2016,Air Force,secondary,12,6,7.7265,8.0,4.0,6.0,8.0,9.0,11.0,,,,,,,
2016,Akron,secondary,12,6,5.891,6.0,2.0,4.0,6.0,8.0,10.0,,,,,,,
2016,Alabama,secondary,13,7,9.606,10.0,5.0,8.0,10.0,11.0,13.0,10.0,-130.0,110.0,-1.0,10.5,0.4005,0.4701398292205151
2016,App State,secondary,12,6,8.8955,9.0,5.0,8.0,9.0,10.0,12.0,,,,,,,
2016,Arizona,secondary,12,7,6.5465,6.0,3.0,5.0,6.0,8.0,11.0,6.0,100.0,-120.0,1.0,6.5,0.499,0.5059395485115793
2016,Arizona State,secondary,12,6,7.22,7.0,3.0,5.0,7.0,9.0,11.0,6.0,-140.0,120.0,-1.0,6.5,0.6255,0.5521351387116908
2016,Arkansas,secondary,12,7,6.9755,7.0,3.0,5.0,7.0,9.0,11.0,7.0,-140.0,120.0,-1.0,6.5,0.4255,0.4793711005266368
2016,Arkansas State,secondary,12,6,7.514,8.0,4.0,6.0,8.0,9.0,11.0,,,,,,,
2016,Army,secondary,12,5,6.3045,6.0,3.0,5.0,6.0,8.0,10.0,,,,,,,
2016,Auburn,secondary,12,8,5.647,5.0,2.0,4.0,5.0,7.0,10.0,7.0,100.0,-120.0,1.0,6.5,0.214,0.3913264042802151
2016,BYU,secondary,12,6,6.009,6.0,2.0,4.0,6.0,8.0,10.0,7.0,-160.0,140.0,-1.0,6.5,0.281,0.4226257925702845
2016,Ball State,secondary,12,5,5.1605,5.0,2.0,3.0,5.0,7.0,9.0,,,,,,,
2016,Baylor,secondary,12,6,8.265,8.0,4.0,7.0,8.0,10.0,11.0,8.5,120.0,-140.0,1.0,8.5,0.4875,0.5018114196264726
2016,Boise State,secondary,12,6,8.3475,9.0,4.0,7.0,9.0,10.0,12.0,10.0,-130.0,110.0,-1.0,10.5,0.197,0.3824580829315377
2016,Boston College,secondary,12,6,5.584,6.0,2.0,4.0,6.0,7.0,10.0,6.0,-150.0,130.0,-1.0,6.5,0.3425,0.4479698970785282
2016,Bowling Green,secondary,12,6,8.1875,8.0,4.0,7.0,8.0,10.0,11.0,,,,,,,
2016,Buffalo,secondary,12,6,6.0005,6.0,2.0,4.0,6.0,8.0,10.0,,,,,,,
2016,California,secondary,12,6,5.939,6.0,2.0,4.0,6.0,8.0,10.0,,,,,,,
2016,Central Michigan,secondary,12,6,6.8425,7.0,3.0,5.0,7.0,9.0,11.0,,,,,,,
2016,Charlotte,secondary,12,6,4.8915,5.0,1.0,3.0,5.0,6.0,9.0,,,,,,,
2016,Cincinnati,secondary,12,7,7.424,8.0,3.0,6.0,8.0,9.0,11.0,,,,,,,
2016,Clemson,secondary,13,7,9.884,10.0,6.0,9.0,10.0,12.0,13.0,10.0,-170.0,145.0,-1.0,10.5,0.454,0.4897434962730088
2016,Colorado,secondary,13,6,5.1045,5.0,2.0,3.0,5.0,7.0,9.0,,,,,,,
2016,Colorado State,secondary,12,6,7.0275,7.0,3.0,5.0,7.0,9.0,11.0,,,,,,,
2016,Duke,secondary,12,6,6.243,6.0,2.0,4.0,6.0,8.0,10.0,,,,,,,
2016,East Carolina,secondary,12,6,6.5845,7.0,3.0,5.0,7.0,8.0,10.0,,,,,,,
2016,Eastern Michigan,secondary,12,6,4.5745,4.0,1.0,3.0,4.0,6.0,9.0,,,,,,,
2016,Florida,secondary,12,5,6.7,7.0,3.0,5.0,7.0,8.0,11.0,8.0,100.0,-120.0,1.0,8.5,0.2435,0.4057265075432719
2016,Florida Atlantic,secondary,12,6,5.896,6.0,2.0,4.0,6.0,8.0,10.0,,,,,,,
2016,Florida International,secondary,12,7,5.102,5.0,1.0,3.0,5.0,7.0,10.0,,,,,,,
2016,Florida State,secondary,12,6,7.4335,8.0,3.0,6.0,8.0,9.0,11.0,10.0,100.0,-120.0,1.0,10.5,0.0915,0.3103106695617907
2016,Fresno State,secondary,12,6,4.196,4.0,1.0,3.0,4.0,6.0,8.0,,,,,,,
2016,Georgia,secondary,12,6,7.0405,7.0,3.0,5.0,7.0,9.0,11.0,8.5,-145.0,125.0,-1.0,8.5,0.277,0.4208852541210165
2016,Georgia Southern,secondary,12,5,6.4975,6.0,3.0,5.0,6.0,8.0,10.0,,,,,,,
2016,Georgia State,secondary,12,6,6.5505,7.0,3.0,5.0,7.0,8.0,10.0,,,,,,,
2016,Georgia Tech,secondary,12,7,6.149,6.0,2.0,4.0,6.0,8.0,10.0,,,,,,,
2016,Hawai'i,secondary,13,6,4.6255,4.0,1.0,3.0,4.0,6.0,9.0,,,,,,,
2016,Houston,secondary,12,6,8.457,9.0,5.0,7.0,9.0,10.0,11.0,9.0,-150.0,130.0,-1.0,8.5,0.355,0.4528599404096075
2016,Idaho,secondary,12,5,4.642,4.0,1.0,3.0,4.0,6.0,8.0,,,,,,,
2016,Illinois,secondary,12,7,5.7285,6.0,2.0,4.0,6.0,7.0,10.0,,,,,,,
2016,Indiana,secondary,12,7,5.522,5.0,1.0,4.0,5.0,7.0,10.0,,,,,,,
2016,Iowa,secondary,12,7,7.625,8.0,4.0,6.0,8.0,9.0,11.0,8.5,-160.0,140.0,-1.0,8.5,0.3865,0.4648981211050832
2016,Iowa State,secondary,12,7,5.4315,5.0,2.0,4.0,5.0,7.0,9.0,,,,,,,
2016,Kansas,secondary,12,6,3.108,3.0,1.0,2.0,3.0,4.0,7.0,,,,,,,
2016,Kansas State,secondary,12,6,6.0055,6.0,2.0,4.0,6.0,8.0,10.0,6.0,100.0,-120.0,1.0,6.5,0.4095,0.4734804397308414
2016,Kent State,secondary,12,6,4.674,4.0,2.0,3.0,4.0,6.0,8.0,,,,,,,
2016,Kentucky,secondary,12,7,5.0845,5.0,2.0,3.0,5.0,7.0,9.0,,,,,,,
2016,LSU,secondary,11,7,6.427,7.0,3.0,5.0,7.0,8.0,10.0,9.5,-160.0,140.0,-1.0,10.5,0.0845,0.3036478541112962
2016,Louisiana,secondary,12,6,5.9375,6.0,2.0,4.0,6.0,8.0,10.0,,,,,,,
2016,Louisiana Tech,secondary,13,5,7.158,7.0,3.0,5.0,7.0,9.0,11.0,,,,,,,
2016,Louisville,secondary,12,6,7.935,8.0,4.0,6.0,8.0,10.0,11.0,8.5,-190.0,160.0,-1.0,8.5,0.456,0.4904668957049154
2016,Marshall,secondary,12,7,7.1055,7.0,3.0,5.0,7.0,9.0,11.0,,,,,,,
2016,Maryland,secondary,12,6,6.535,7.0,3.0,5.0,7.0,8.0,11.0,,,,,,,
2016,Massachusetts,secondary,12,6,5.9625,6.0,2.0,4.0,6.0,8.0,10.0,,,,,,,
2016,Memphis,secondary,12,7,6.9205,7.0,3.0,5.0,7.0,9.0,11.0,,,,,,,
2016,Miami,secondary,12,6,5.064,5.0,2.0,3.0,5.0,7.0,9.0,8.0,120.0,-140.0,1.0,8.5,0.086,0.3051096168474258
2016,Miami (OH),secondary,12,6,4.397,4.0,1.0,3.0,4.0,6.0,8.0,,,,,,,
2016,Michigan,secondary,12,8,7.7905,8.0,4.0,6.0,8.0,10.0,11.0,10.0,-130.0,110.0,-1.0,10.5,0.128,0.339961220777607
2016,Michigan State,secondary,12,7,7.259,7.0,3.0,5.75,7.0,9.0,11.0,8.0,-130.0,110.0,-1.0,8.5,0.3305,0.4432040747256281
2016,Middle Tennessee,secondary,12,5,6.976,7.0,3.0,5.0,7.0,9.0,11.0,,,,,,,
2016,Minnesota,secondary,12,7,6.17,6.0,2.0,4.0,6.0,8.0,10.0,,,,,,,
2016,Mississippi State,secondary,12,6,7.7865,8.0,4.0,6.0,8.0,9.0,11.0,,,,,,,
2016,Missouri,secondary,12,7,5.733,6.0,2.0,4.0,6.0,7.0,10.0,,,,,,,
2016,NC State,secondary,12,7,6.69,7.0,3.0,5.0,7.0,8.0,10.0,,,,,,,
2016,Navy,secondary,13,6,7.625,8.0,3.0,6.0,8.0,10.0,12.0,,,,,,,
2016,Nebraska,secondary,12,7,6.9445,7.0,3.0,5.0,7.0,9.0,11.0,8.5,-140.0,120.0,-1.0,8.5,0.281,0.4226257925702845
2016,Nevada,secondary,12,6,5.9185,6.0,2.0,4.0,6.0,8.0,10.0,7.0,120.0,-140.0,1.0,6.5,0.257,0.4119691019991653
2016,New Mexico,secondary,12,6,6.0835,6.0,2.0,4.0,6.0,8.0,10.0,,,,,,,
2016,New Mexico State,secondary,12,5,4.535,4.0,1.0,3.0,4.0,6.0,9.0,,,,,,,
2016,North Carolina,secondary,12,6,8.3085,8.0,4.0,7.0,8.0,10.0,12.0,8.5,100.0,-120.0,1.0,8.5,0.496,0.5048629142116564
2016,North Texas,secondary,12,6,3.7975,4.0,1.0,2.0,4.0,5.0,8.0,,,,,,,
2016,Northern Illinois,secondary,12,5,7.3055,7.0,3.0,6.0,7.0,9.0,11.0,,,,,,,
2016,Northwestern,secondary,12,7,6.572,7.0,3.0,5.0,7.0,8.0,10.0,6.5,-110.0,-110.0,0.0,6.5,0.518,0.512759142234304
2016,Notre Dame,secondary,12,6,8.1775,8.0,4.0,7.0,8.0,10.0,12.0,9.0,-130.0,110.0,-1.0,8.5,0.3245,0.4407925171393171
2016,Ohio,secondary,13,6,7.428,7.0,3.0,6.0,7.0,9.0,11.0,,,,,,,
2016,Ohio State,secondary,12,7,7.904,8.0,4.0,6.0,8.0,10.0,11.0,9.5,-160.0,140.0,-1.0,10.5,0.2855,0.4245682253097707
2016,Oklahoma,secondary,12,6,8.7975,9.0,5.0,7.0,9.0,10.0,12.0,10.0,120.0,-140.0,1.0,10.5,0.242,0.4050205493154472
2016,Oklahoma State,secondary,12,7,6.846,7.0,3.0,5.0,7.0,9.0,11.0,8.0,-130.0,110.0,-1.0,8.5,0.2535,0.4103692001310923
2016,Old Dominion,secondary,12,6,4.8485,5.0,1.0,3.0,5.0,6.0,9.0,,,,,,,
2016,Ole Miss,secondary,12,7,7.911,8.0,4.0,6.0,8.0,10.0,11.0,8.0,-140.0,120.0,-1.0,8.5,0.424,0.4788212211145766
2016,Oregon,secondary,12,6,8.321,9.0,4.0,7.0,9.0,10.0,12.0,7.5,-180.0,150.0,-1.0,8.5,0.656,0.5638687476929408
2016,Oregon State,secondary,12,7,3.4515,3.0,1.0,2.0,3.0,5.0,7.0,,,,,,,
2016,Penn State,secondary,13,7,6.64,7.0,2.0,5.0,7.0,9.0,11.0,7.0,-125.0,105.0,-1.0,6.5,0.3835,0.463767031689458
2016,Pittsburgh,secondary,12,7,7.082,7.0,3.0,5.0,7.0,9.0,11.0,,,,,,,
2016,Purdue,secondary,12,7,4.6815,4.0,1.0,3.0,4.0,6.0,9.0,,,,,,,
2016,Rice,secondary,12,6,5.3235,5.0,2.0,4.0,5.0,7.0,9.0,,,,,,,
2016,Rutgers,secondary,12,7,5.697,6.0,2.0,4.0,6.0,7.0,10.0,,,,,,,
2016,SMU,secondary,12,6,4.1485,4.0,1.0,3.0,4.0,5.0,8.0,,,,,,,
2016,San Diego State,secondary,13,5,8.786,9.0,4.0,7.0,9.0,11.0,12.0,9.0,-200.0,170.0,-1.0,8.5,0.427,0.4799205273330162
2016,San José State,secondary,12,6,6.6375,7.0,3.0,5.0,7.0,8.0,10.0,,,,,,,
2016,South Alabama,secondary,12,7,5.738,6.0,3.0,4.0,6.0,7.0,10.0,,,,,,,
2016,South Carolina,secondary,12,7,5.343,5.0,2.0,4.0,5.0,7.0,9.0,,,,,,,
2016,South Florida,secondary,12,7,8.4455,9.0,4.0,7.0,9.0,10.0,12.0,,,,,,,
2016,Southern Miss,secondary,12,6,8.5925,9.0,5.0,7.0,9.0,10.0,12.0,,,,,,,
2016,Stanford,secondary,12,6,7.8725,8.0,4.0,6.0,8.0,10.0,11.0,8.5,-130.0,110.0,-1.0,8.5,0.4305,0.4812008166453119
2016,Syracuse,secondary,12,6,4.6405,4.0,1.0,3.0,4.0,6.0,9.0,,,,,,,
2016,TCU,secondary,12,7,7.7705,8.0,4.0,6.0,8.0,10.0,11.0,9.0,110.0,-130.0,1.0,8.5,0.251,0.4092186387744707
2016,Temple,secondary,13,7,8.088,8.0,4.0,6.0,8.0,10.0,12.0,,,,,,,
2016,Tennessee,secondary,12,7,7.971,8.0,4.0,6.0,8.0,10.0,11.0,9.5,-145.0,125.0,-1.0,10.5,0.284,0.423922555383849
2016,Texas,secondary,12,6,4.841,5.0,1.0,3.0,5.0,6.0,9.0,7.0,-170.0,145.0,-1.0,6.5,0.148,0.3536503276164009
2016,Texas A&M,secondary,12,7,6.289,6.0,3.0,5.0,6.0,8.0,10.0,,,,,,,
2016,Texas State,secondary,12,6,4.8125,5.0,2.0,3.0,5.0,6.0,9.0,,,,,,,
2016,Texas Tech,secondary,12,6,6.554,7.0,3.0,5.0,7.0,8.0,10.0,6.0,-140.0,120.0,-1.0,6.5,0.5105,0.510066487916317
2016,Toledo,secondary,12,6,7.472,8.0,3.0,6.0,8.0,9.0,11.0,,,,,,,
2016,Troy,secondary,12,6,5.2735,5.0,2.0,4.0,5.0,7.0,9.0,,,,,,,
2016,Tulane,secondary,12,6,4.568,4.0,1.0,3.0,4.0,6.0,9.0,,,,,,,
2016,Tulsa,secondary,12,6,5.724,6.0,2.0,4.0,6.0,7.0,10.0,,,,,,,
2016,UCF,secondary,12,6,4.094,4.0,1.0,3.0,4.0,5.0,8.0,,,,,,,
2016,UCLA,secondary,12,6,6.912,7.0,3.0,5.0,7.0,9.0,11.0,8.5,-125.0,105.0,-1.0,8.5,0.286,0.4247830525513718
2016,UConn,secondary,12,7,5.9445,6.0,2.0,4.0,6.0,8.0,10.0,,,,,,,
2016,UL Monroe,secondary,12,5,4.5315,4.0,1.0,3.0,4.0,6.0,8.0,,,,,,,
2016,UNLV,secondary,12,5,4.8705,5.0,2.0,3.0,5.0,6.0,9.0,5.5,130.0,-150.0,1.0,6.5,0.3705,0.4588300791059455
2016,USC,secondary,12,6,6.147,6.0,2.0,4.0,6.0,8.0,10.0,7.5,-125.0,105.0,-1.0,8.5,0.3185,0.4383605067981114
2016,UTEP,secondary,12,7,5.383,5.0,2.0,4.0,5.0,7.0,10.0,,,,,,,
2016,UTSA,secondary,12,6,5.202,5.0,2.0,4.0,5.0,7.0,9.0,,,,,,,
2016,Utah,secondary,12,6,7.1485,7.0,3.0,5.0,7.0,9.0,11.0,7.5,-110.0,-110.0,0.0,8.5,0.4815,0.4996558697139058
2016,Utah State,secondary,12,6,7.126,7.0,3.0,6.0,7.0,9.0,11.0,,,,,,,
2016,Vanderbilt,secondary,12,6,5.265,5.0,2.0,3.75,5.0,7.0,9.0,,,,,,,
2016,Virginia,secondary,12,6,5.379,5.0,2.0,4.0,5.0,7.0,10.0,5.0,-110.0,-110.0,0.0,4.5,0.4515,0.488838549589989
2016,Virginia Tech,secondary,13,6,6.232,6.0,2.0,4.0,6.0,8.0,10.0,6.5,-185.0,165.0,-1.0,6.5,0.449,0.4879327895853556
2016,Wake Forest,secondary,12,7,5.6485,6.0,2.0,4.0,6.0,7.0,9.0,,,,,,,
2016,Washington,secondary,13,7,7.1865,7.0,3.0,5.0,7.0,9.0,11.0,9.0,-150.0,130.0,-1.0,8.5,0.1815,0.3739280818480001
2016,Washington State,secondary,12,7,6.955,7.0,3.0,5.0,7.0,9.0,11.0,7.0,-140.0,120.0,-1.0,6.5,0.416,0.4758804884762254
2016,West Virginia,secondary,12,7,7.521,8.0,3.0,6.0,8.0,9.0,11.0,7.0,-135.0,115.0,-1.0,6.5,0.5285,0.5165327459291442
2016,Western Kentucky,secondary,13,7,9.3005,10.0,5.0,8.0,10.0,11.0,12.0,,,,,,,
2016,Western Michigan,secondary,13,6,8.2435,8.0,4.0,6.0,8.0,10.0,12.0,,,,,,,
2016,Wisconsin,secondary,13,6,7.473,8.0,3.0,5.0,8.0,10.0,12.0,7.0,100.0,-120.0,1.0,6.5,0.52,0.5134775064165745
2016,Wyoming,secondary,13,7,5.158,5.0,1.0,3.0,5.0,7.0,10.0,,,,,,,
2017,Air Force,secondary,12,6,6.858,7.0,3.0,5.0,7.0,9.0,11.0,,,,,,,
2017,Akron,secondary,13,6,5.2945,5.0,2.0,4.0,5.0,7.0,9.0,,,,,,,
2017,Alabama,secondary,12,7,9.428,10.0,6.0,8.0,10.0,11.0,12.0,11.0,110.0,-130.0,1.0,10.5,0.13,0.305578829265246
2017,App State,secondary,12,6,9.118,9.0,5.0,8.0,9.0,11.0,12.0,,,,,,,
2017,Arizona,secondary,12,6,5.654,6.0,2.0,4.0,6.0,7.0,10.0,,,,,,,
2017,Arizona State,secondary,12,7,5.041,5.0,1.0,3.0,5.0,7.0,9.0,,,,,,,
2017,Arkansas,secondary,12,6,6.52,7.0,3.0,5.0,7.0,8.0,10.0,6.5,-130.0,110.0,-1.0,6.5,0.5085,0.5229477536838747
2017,Arkansas State,secondary,11,5,6.527,7.0,3.0,5.0,7.0,8.0,10.0,,,,,,,
2017,Army,secondary,12,6,6.37,6.0,2.0,5.0,6.0,8.0,10.0,,,,,,,
2017,Auburn,secondary,13,7,8.8445,9.0,5.0,7.0,9.0,11.0,12.0,8.5,-150.0,130.0,-1.0,8.5,0.5855,0.5594028607891015
2017,BYU,secondary,13,6,7.951,8.0,4.0,6.0,8.0,10.0,12.0,9.0,-160.0,140.0,-1.0,8.5,0.3055,0.4227325508442142
2017,Ball State,secondary,12,6,5.742,6.0,2.0,4.0,6.0,7.0,10.0,,,,,,,
2017,Baylor,secondary,12,6,6.807,7.0,3.0,5.0,7.0,9.0,11.0,,,,,,,
2017,Boise State,secondary,13,7,7.7985,8.0,3.0,6.0,8.0,10.0,12.0,8.5,-140.0,120.0,-1.0,8.5,0.415,0.4784795361631637
2017,Boston College,secondary,12,6,5.0425,5.0,1.0,3.0,5.0,7.0,9.0,,,,,,,
2017,Bowling Green,secondary,12,5,5.7065,6.0,2.0,4.0,6.0,8.0,10.0,,,,,,,
2017,Buffalo,secondary,12,6,4.6205,4.0,1.0,3.0,4.0,6.0,9.0,,,,,,,
2017,California,secondary,12,6,5.1395,5.0,2.0,3.0,5.0,7.0,9.0,,,,,,,
2017,Central Michigan,secondary,12,5,6.184,6.0,2.0,4.0,6.0,8.0,10.0,,,,,,,
2017,Charlotte,secondary,12,6,5.336,5.0,2.0,4.0,5.0,7.0,9.0,,,,,,,
2017,Cincinnati,secondary,12,6,5.838,6.0,2.0,4.0,6.0,8.0,10.0,,,,,,,
2017,Clemson,secondary,13,7,8.9905,9.0,5.0,7.0,9.0,11.0,13.0,9.5,110.0,-130.0,1.0,10.5,0.462,0.5009947017649934
2017,Coastal Carolina,secondary,12,6,5.5785,5.0,2.0,4.0,5.0,7.0,10.0,,,,,,,
2017,Colorado,secondary,12,6,7.35,7.0,3.950000000000003,6.0,7.0,9.0,11.0,7.0,130.0,-150.0,1.0,6.5,0.486,0.512345957423821
2017,Colorado State,secondary,12,6,6.5545,7.0,3.0,5.0,7.0,8.0,10.0,7.5,-160.0,140.0,-1.0,8.5,0.3485,0.445393809557923
2017,Duke,secondary,12,7,6.26,6.0,2.0,4.0,6.0,8.0,10.0,,,,,,,
2017,East Carolina,secondary,12,7,5.166,5.0,2.0,3.0,5.0,7.0,9.0,,,,,,,
2017,Eastern Michigan,secondary,12,5,5.4805,5.0,1.0,4.0,5.0,7.0,10.0,,,,,,,
2017,Florida,secondary,11,6,5.926,6.0,2.0,4.0,6.0,8.0,10.0,8.5,-110.0,-110.0,0.0,8.5,0.158,0.3288415088511941
2017,Florida Atlantic,secondary,13,7,5.502,5.0,2.0,4.0,5.0,7.0,10.0,,,,,,,
2017,Florida International,secondary,12,6,5.5515,5.0,2.0,4.0,5.0,7.0,10.0,,,,,,,
2017,Florida State,secondary,12,6,7.3745,7.0,4.0,6.0,7.0,9.0,11.0,9.5,-140.0,120.0,-1.0,10.5,0.1845,0.3485984765498283
2017,Fresno State,secondary,13,6,4.2525,4.0,1.0,3.0,4.0,6.0,8.0,,,,,,,
2017,Georgia,secondary,13,6,6.06,6.0,2.0,4.0,6.0,8.0,10.049999999999956,8.5,-140.0,120.0,-1.0,8.5,0.182,0.3468114341398015
2017,Georgia Southern,secondary,12,4,5.097,5.0,2.0,3.0,5.0,7.0,9.0,,,,,,,
2017,Georgia State,secondary,11,5,5.228,5.0,2.0,4.0,5.0,7.0,9.0,,,,,,,
2017,Georgia Tech,secondary,11,6,6.014,6.0,2.0,4.0,6.0,8.0,10.0,6.5,100.0,-120.0,1.0,6.5,0.432,0.4866814288680556
2017,Hawai'i,secondary,12,6,5.8325,6.0,2.0,4.0,6.0,8.0,10.0,,,,,,,
2017,Houston,secondary,11,6,7.108,7.0,3.0,6.0,7.0,9.0,11.0,,,,,,,
2017,Idaho,secondary,12,6,6.1645,6.0,2.0,4.0,6.0,8.0,10.0,,,,,,,
2017,Illinois,secondary,12,7,4.3885,4.0,1.0,3.0,4.0,6.0,9.0,,,,,,,
2017,Indiana,secondary,12,6,7.193,7.0,3.0,5.0,7.0,9.0,11.0,,,,,,,
2017,Iowa,secondary,12,7,6.5885,7.0,2.0,5.0,7.0,8.0,11.0,7.0,130.0,-150.0,1.0,6.5,0.3745,0.4585582471755063
2017,Iowa State,secondary,12,6,5.9785,6.0,2.0,4.0,6.0,8.0,10.0,,,,,,,
2017,Kansas,secondary,12,7,4.3245,4.0,1.0,3.0,4.0,6.0,8.0,,,,,,,
2017,Kansas State,secondary,12,7,7.0035,7.0,3.0,5.0,7.0,9.0,11.0,8.0,-180.0,150.0,-1.0,8.5,0.283,0.4103080229667806
2017,Kent State,secondary,12,5,5.0605,5.0,2.0,3.0,5.0,7.0,9.0,,,,,,,
2017,Kentucky,secondary,12,7,6.4325,6.0,2.0,5.0,6.0,8.0,11.0,,,,,,,
2017,LSU,secondary,12,6,8.013,8.0,4.0,6.0,8.0,10.0,11.0,9.0,-110.0,-110.0,0.0,8.5,0.282,0.4097450694304833
2017,Louisiana,secondary,12,5,6.015,6.0,2.0,4.0,6.0,8.0,10.0,,,,,,,
2017,Louisiana Tech,secondary,12,7,8.521,9.0,5.0,7.0,9.0,10.0,12.0,,,,,,,
2017,Louisville,secondary,12,6,8.786,9.0,5.0,7.0,9.0,10.0,12.0,9.5,130.0,-150.0,1.0,10.5,0.424,0.4828314120488562
2017,Marshall,secondary,12,6,4.6175,4.0,1.0,3.0,4.0,6.0,9.0,,,,,,,
2017,Maryland,secondary,12,6,4.95,5.0,2.0,3.0,5.0,7.0,9.0,,,,,,,
2017,Massachusetts,secondary,12,5,4.9665,5.0,1.0,3.0,5.0,7.0,9.0,,,,,,,
2017,Memphis,secondary,12,7,7.9895,8.0,4.0,6.0,8.0,10.0,11.0,,,,,,,
2017,Miami,secondary,12,7,6.8285,7.0,3.0,5.0,7.0,9.0,11.0,9.0,-140.0,120.0,-1.0,8.5,0.145,0.3183949990833732
2017,Miami (OH),secondary,12,6,6.6315,7.0,3.0,5.0,7.0,8.0,11.0,,,,,,,
2017,Michigan,secondary,12,6,8.269,8.0,4.0,7.0,8.0,10.0,12.0,9.0,-130.0,110.0,-1.0,8.5,0.3315,0.4365833589359832
2017,Michigan State,secondary,12,7,5.552,6.0,1.0,4.0,6.0,7.0,10.0,5.5,-160.0,140.0,-1.0,6.5,0.5065,0.5220060423104986
2017,Middle Tennessee,secondary,12,6,6.577,7.0,2.0,5.0,7.0,8.0,11.0,,,,,,,
2017,Minnesota,secondary,12,7,7.2535,7.0,3.0,6.0,7.0,9.0,11.0,7.0,-110.0,-110.0,0.0,6.5,0.4725,0.5059688231006911
2017,Mississippi State,secondary,12,7,5.9295,6.0,2.0,4.0,6.0,8.0,10.0,,,,,,,
2017,Missouri,secondary,12,7,5.669,6.0,2.0,4.0,6.0,7.0,10.0,,,,,,,
2017,NC State,secondary,12,6,6.548,7.0,3.0,5.0,7.0,8.0,10.0,7.0,-170.0,145.0,-1.0,6.5,0.349,0.4456503345938332
2017,Navy,secondary,12,5,7.1355,7.0,3.0,5.0,7.0,9.0,11.0,,,,,,,
2017,Nebraska,secondary,12,7,6.6345,7.0,2.0,5.0,7.0,9.0,11.0,7.0,120.0,-140.0,1.0,6.5,0.3885,0.4655152327361434
2017,Nevada,secondary,12,6,4.3805,4.0,1.0,3.0,4.0,6.0,8.0,3.5,-150.0,130.0,-1.0,4.5,0.631,0.5814889928428513
2017,New Mexico,secondary,12,6,6.9445,7.0,3.0,5.0,7.0,9.0,11.0,,,,,,,
2017,New Mexico State,secondary,12,5,4.7975,5.0,1.0,3.0,5.0,7.0,9.0,,,,,,,
2017,North Carolina,secondary,12,7,6.625,7.0,2.0,5.0,7.0,8.0,11.0,7.0,140.0,-160.0,1.0,6.5,0.3775,0.4600561107009045
2017,North Texas,secondary,13,6,5.9595,6.0,2.0,4.0,6.0,8.0,10.0,,,,,,,
2017,Northern Illinois,secondary,12,6,6.653,7.0,3.0,5.0,7.0,8.0,11.0,,,,,,,
2017,Northwestern,secondary,12,7,7.2175,7.0,3.0,5.0,7.0,9.0,11.0,7.5,-150.0,130.0,-1.0,8.5,0.4815,0.5102221228147608
2017,Notre Dame,secondary,12,7,6.447,6.0,2.0,5.0,6.0,8.0,11.0,8.0,-120.0,100.0,-1.0,8.5,0.2335,0.3811017952478013
2017,Ohio,secondary,12,6,7.754,8.0,3.0,6.0,8.0,10.0,11.0,,,,,,,
2017,Ohio State,secondary,13,7,9.2425,9.0,5.0,8.0,9.0,11.0,13.0,11.0,-115.0,-105.0,-1.0,10.5,0.1885,0.3514278654362961
2017,Oklahoma,secondary,13,6,8.7505,9.0,4.0,7.0,9.0,11.0,12.0,9.5,-130.0,110.0,-1.0,10.5,0.4345,0.4878813087314103
2017,Oklahoma State,secondary,12,6,6.211,6.0,2.0,4.0,6.0,8.0,11.0,9.0,100.0,-120.0,1.0,8.5,0.1205,0.2969657646030697
2017,Old Dominion,secondary,12,6,6.59,7.0,3.0,5.0,7.0,8.0,11.0,,,,,,,
2017,Ole Miss,secondary,12,7,6.1275,6.0,2.0,4.0,6.0,8.0,10.0,,,,,,,
2017,Oregon,secondary,12,7,6.009,6.0,2.0,4.0,6.0,8.0,10.0,7.5,-140.0,120.0,-1.0,8.5,0.2795,0.4083333967574297
2017,Oregon State,secondary,12,6,4.9525,5.0,1.0,3.0,5.0,7.0,9.0,,,,,,,
2017,Penn State,secondary,12,7,7.577,8.0,4.0,6.0,8.0,9.0,11.0,9.5,-125.0,105.0,-1.0,10.5,0.231,0.3795431287249948
2017,Pittsburgh,secondary,12,7,7.457,8.0,3.0,6.0,8.0,9.0,11.0,,,,,,,
2017,Purdue,secondary,12,6,4.017,4.0,1.0,2.0,4.0,6.0,8.0,,,,,,,
2017,Rice,secondary,12,5,4.5435,4.0,1.0,3.0,4.0,6.0,9.0,,,,,,,
2017,Rutgers,secondary,12,6,3.574,3.0,1.0,2.0,3.0,5.0,7.0,,,,,,,
2017,SMU,secondary,12,7,5.15,5.0,2.0,3.0,5.0,7.0,9.0,,,,,,,
2017,San Diego State,secondary,12,7,8.5985,9.0,4.950000000000003,7.0,9.0,10.0,12.0,9.0,-130.0,110.0,-1.0,8.5,0.3985,0.4704363292289679
2017,San José State,secondary,13,6,5.4275,5.0,2.0,3.75,5.0,7.0,10.0,,,,,,,
2017,South Alabama,secondary,12,5,6.1915,6.0,2.0,4.0,6.0,8.0,10.0,,,,,,,
2017,South Carolina,secondary,12,7,5.123,5.0,1.9500000000000028,3.0,5.0,7.0,9.0,,,,,,,
2017,South Florida,secondary,11,6,7.3485,8.0,4.0,6.0,8.0,9.0,11.0,10.0,-120.0,100.0,-1.0,10.5,0.051,0.2136193359888116
2017,Southern Miss,secondary,12,6,6.8725,7.0,3.0,5.0,7.0,9.0,11.0,,,,,,,
2017,Stanford,secondary,13,6,7.5675,8.0,3.0,6.0,8.0,10.0,12.0,8.5,-140.0,120.0,-1.0,8.5,0.392,0.467241925799719
2017,Syracuse,secondary,12,7,4.7,5.0,1.0,3.0,5.0,6.0,9.0,,,,,,,
2017,TCU,secondary,13,6,7.402,7.0,3.0,6.0,7.0,9.0,12.0,7.5,-180.0,150.0,-1.0,8.5,0.485,0.5118741347115513
2017,Temple,secondary,12,6,7.173,7.0,3.0,5.0,7.0,9.0,11.0,,,,,,,
2017,Tennessee,secondary,12,7,7.4115,8.0,3.0,6.0,8.0,9.0,11.0,7.5,-110.0,-110.0,0.0,8.5,0.5095,0.5234185947677069
2017,Texas,secondary,12,6,6.119,6.0,2.0,4.0,6.0,8.0,10.0,8.0,-120.0,100.0,-1.0,8.5,0.184,0.3482422347988217
2017,Texas A&M,secondary,12,7,6.28,6.0,2.0,5.0,6.0,8.0,10.0,7.0,100.0,-120.0,1.0,6.5,0.3235,0.4323733274038164
2017,Texas State,secondary,12,6,4.0025,4.0,1.0,3.0,4.0,5.0,8.0,,,,,,,
2017,Texas Tech,secondary,12,6,5.2605,5.0,2.0,3.0,5.0,7.0,9.0,,,,,,,
2017,Toledo,secondary,13,6,8.128,8.0,4.0,6.0,8.0,10.0,12.0,,,,,,,
2017,Troy,secondary,12,6,7.7225,8.0,4.0,6.0,8.0,9.0,11.0,,,,,,,
2017,Tulane,secondary,12,6,4.663,4.0,1.0,3.0,4.0,6.0,9.0,,,,,,,
2017,Tulsa,secondary,12,6,6.566,7.0,2.0,5.0,7.0,8.0,11.0,,,,,,,
2017,UAB,secondary,12,6,5.6535,6.0,2.0,4.0,6.0,7.0,10.0,,,,,,,
2017,UCF,secondary,12,7,6.497,6.0,2.0,5.0,6.0,8.0,10.0,,,,,,,
2017,UCLA,secondary,12,6,5.097,5.0,1.0,3.0,5.0,7.0,9.0,7.5,130.0,-150.0,1.0,8.5,0.173,0.3402526307121844
2017,UConn,secondary,12,6,5.38,5.0,2.0,4.0,5.0,7.0,10.0,,,,,,,
2017,UL Monroe,secondary,12,5,3.9185,4.0,1.0,2.0,4.0,5.0,8.0,,,,,,,
2017,UNLV,secondary,12,6,4.9325,5.0,1.0,3.0,5.0,7.0,9.0,5.0,-130.0,110.0,-1.0,4.5,0.3935,0.4679804927277288
2017,USC,secondary,13,7,8.3,8.0,4.0,7.0,8.0,10.0,12.0,10.5,130.0,-150.0,1.0,10.5,0.2275,0.3773452635033115
2017,UTEP,secondary,12,5,4.456,4.0,1.0,3.0,4.0,6.0,9.0,,,,,,,
2017,UTSA,secondary,11,5,6.113,6.0,2.0,5.0,6.0,8.0,10.0,,,,,,,
2017,Utah,secondary,12,7,6.795,7.0,3.0,5.0,7.0,9.0,11.0,6.5,-140.0,120.0,-1.0,6.5,0.5415,0.5384984698250039
2017,Utah State,secondary,12,6,5.9285,6.0,2.0,4.0,6.0,8.0,10.0,,,,,,,
2017,Vanderbilt,secondary,12,7,6.023,6.0,2.0,4.0,6.0,8.0,10.0,,,,,,,
2017,Virginia,secondary,12,7,5.252,5.0,2.0,3.0,5.0,7.0,9.0,,,,,,,
2017,Virginia Tech,secondary,12,6,7.476,8.0,3.0,6.0,8.0,9.0,11.0,8.5,-130.0,110.0,-1.0,8.5,0.3645,0.453535331718074
2017,Wake Forest,secondary,12,6,5.1495,5.0,1.0,3.0,5.0,7.0,9.0,,,,,,,
2017,Washington,secondary,12,7,9.0045,9.0,5.0,8.0,9.0,11.0,12.0,10.0,-130.0,110.0,-1.0,10.5,0.2585,0.3962166493524567
2017,Washington State,secondary,12,7,7.8225,8.0,4.0,6.0,8.0,10.0,11.0,7.5,-160.0,140.0,-1.0,8.5,0.5785,0.556054864053405
2017,West Virginia,secondary,12,6,7.35,7.0,3.0,6.0,7.0,9.0,11.0,6.5,-150.0,130.0,-1.0,6.5,0.632,0.581982205292205
2017,Western Kentucky,secondary,12,6,9.119,9.0,5.0,8.0,9.0,11.0,12.0,9.5,-150.0,130.0,-1.0,10.5,0.479,0.5090414601310157
2017,Western Michigan,secondary,12,6,8.0675,8.0,4.0,7.0,8.0,10.0,11.0,,,,,,,
2017,Wisconsin,secondary,13,7,7.8525,8.0,3.0,6.0,8.0,10.0,12.0,10.5,140.0,-160.0,1.0,10.5,0.1695,0.3376461009945636
2017,Wyoming,secondary,12,7,6.413,6.0,3.0,5.0,6.0,8.0,10.0,,,,,,,
2018,Air Force,secondary,12,6,5.4765,5.0,2.0,4.0,5.0,7.0,10.0,,,,,,,
2018,Akron,secondary,12,5,5.247,5.0,2.0,4.0,5.0,7.0,9.0,,,,,,,
2018,Alabama,secondary,13,7,9.629,10.0,5.0,8.0,10.0,11.0,13.0,11.5,145.0,-170.0,1.0,10.5,0.2325,0.3952739335482746
2018,App State,secondary,12,6,7.867,8.0,4.0,6.0,8.0,10.0,11.0,,,,,,,
2018,Arizona,secondary,12,7,7.071,7.0,3.0,5.0,7.0,9.0,11.0,7.5,-150.0,130.0,-1.0,8.5,0.435,0.4660785861081137
2018,Arizona State,secondary,12,6,5.34,5.0,1.0,3.0,5.0,7.0,10.0,5.0,100.0,-120.0,1.0,4.5,0.4675,0.4762248574392623
2018,Arkansas,secondary,12,7,5.1795,5.0,2.0,3.0,5.0,7.0,9.0,5.5,-120.0,100.0,-1.0,6.5,0.428,0.4638767976296292
2018,Arkansas State,secondary,12,6,7.249,7.0,3.0,6.0,7.0,9.0,11.0,,,,,,,
2018,Army,secondary,12,6,7.124,7.0,4.0,6.0,7.0,9.0,11.0,,,,,,,
2018,Auburn,secondary,12,7,8.702,9.0,5.0,7.0,9.0,10.0,12.0,9.0,-110.0,-110.0,0.0,8.5,0.399,0.4546636262139448
2018,BYU,secondary,12,6,5.5965,6.0,2.0,4.0,6.0,7.0,9.0,5.5,-120.0,100.0,-1.0,6.5,0.509,0.4890945795929813
2018,Ball State,secondary,12,6,4.351,4.0,1.0,3.0,4.0,6.0,8.0,,,,,,,
2018,Baylor,secondary,12,6,5.007,5.0,2.0,3.0,5.0,7.0,9.0,,,,,,,
2018,Boise State,secondary,13,7,7.5785,8.0,3.0,6.0,8.0,10.0,12.0,10.0,-110.0,-110.0,0.0,10.5,0.1435,0.352312005340343
2018,Boston College,secondary,12,7,5.4775,5.0,2.0,4.0,5.0,7.0,10.0,6.5,-140.0,120.0,-1.0,6.5,0.326,0.4304364794948771
2018,Bowling Green,secondary,12,6,4.974,5.0,1.0,3.0,5.0,7.0,9.0,,,,,,,
2018,Buffalo,secondary,13,6,6.444,6.0,2.0,4.0,6.0,8.0,11.0,,,,,,,
2018,California,secondary,12,7,5.551,5.0,2.0,4.0,5.0,7.0,10.0,6.0,-150.0,130.0,-1.0,6.5,0.3365,0.434044445530764
2018,Central Michigan,secondary,12,6,6.4395,7.0,2.0,5.0,7.0,8.0,10.0,,,,,,,
2018,Charlotte,secondary,12,6,3.9595,4.0,1.0,2.0,4.0,5.0,8.0,,,,,,,
2018,Cincinnati,secondary,12,6,5.475,5.0,2.0,4.0,5.0,7.0,10.0,,,,,,,
2018,Clemson,secondary,13,7,9.6625,10.0,5.0,8.0,10.0,11.0,13.0,11.0,-130.0,110.0,-1.0,10.5,0.244,0.3999819091681523
2018,Coastal Carolina,secondary,12,5,5.48,5.0,2.0,4.0,5.0,7.0,10.0,,,,,,,
2018,Colorado,secondary,12,6,4.8515,5.0,1.0,3.0,5.0,6.0,9.0,5.0,100.0,-120.0,1.0,4.5,0.3605,0.4421171435565891
2018,Colorado State,secondary,12,6,7.5295,8.0,3.0,6.0,8.0,9.0,11.0,5.5,-110.0,-110.0,0.0,6.5,0.7965,0.5910793361171072
2018,Duke,secondary,12,6,6.169,6.0,2.0,4.0,6.0,8.0,10.0,6.0,-150.0,130.0,-1.0,6.5,0.446,0.469525074040313
2018,East Carolina,secondary,12,7,4.1545,4.0,1.0,2.0,4.0,6.0,8.0,,,,,,,
2018,Eastern Michigan,secondary,12,6,6.076,6.0,2.0,4.0,6.0,8.0,10.0,,,,,,,
2018,Florida,secondary,12,7,6.35,6.0,3.0,5.0,6.0,8.0,10.0,8.0,-130.0,110.0,-1.0,8.5,0.18,0.3716611600547269
2018,Florida Atlantic,secondary,12,6,7.4355,7.0,4.0,6.0,7.0,9.0,11.0,8.5,-120.0,100.0,-1.0,8.5,0.339,0.4348962056996408
2018,Florida International,secondary,12,7,6.47,7.0,2.0,5.0,7.0,8.0,11.0,,,,,,,
2018,Florida State,secondary,12,7,6.151,6.0,2.0,4.0,6.0,8.0,10.0,8.0,-120.0,100.0,-1.0,8.5,0.165,0.3640783595759184
2018,Fresno State,secondary,13,6,7.1605,7.0,3.0,5.0,7.0,9.0,11.0,8.0,-115.0,-105.0,-1.0,8.5,0.3235,0.4295698178224036
2018,Georgia,secondary,13,7,9.1075,9.0,5.0,8.0,9.0,11.0,12.0,10.5,-130.0,110.0,-1.0,10.5,0.31,0.4248350799188411
2018,Georgia Southern,secondary,12,6,5.325,5.0,2.0,4.0,5.0,7.0,9.0,,,,,,,
2018,Georgia State,secondary,12,6,6.091,6.0,2.0,4.0,6.0,8.0,10.0,,,,,,,
2018,Georgia Tech,secondary,12,6,5.271,5.0,2.0,4.0,5.0,7.0,9.0,6.5,110.0,-130.0,1.0,6.5,0.3,0.4212635848439531
2018,Hawai'i,secondary,13,7,5.5,5.0,2.0,4.0,5.0,7.0,10.0,,,,,,,
2018,Houston,secondary,12,6,7.742,8.0,4.0,6.0,8.0,9.0,11.0,,,,,,,
2018,Illinois,secondary,12,6,4.4475,4.0,1.0,3.0,4.0,6.0,8.0,,,,,,,
2018,Indiana,secondary,12,7,6.0865,6.0,2.0,4.0,6.0,8.0,10.0,,,,,,,
2018,Iowa,secondary,12,7,7.2415,7.0,3.0,6.0,7.0,9.0,11.0,7.5,-110.0,-110.0,0.0,8.5,0.472,0.4776227038453283
2018,Iowa State,secondary,12,7,6.9075,7.0,3.0,5.0,7.0,9.0,11.0,6.5,-120.0,100.0,-1.0,6.5,0.5725,0.5089459981284886
2018,Kansas,secondary,12,6,4.0515,4.0,1.0,2.0,4.0,5.0,8.0,,,,,,,
2018,Kansas State,secondary,12,7,6.2645,6.0,2.0,5.0,6.0,8.0,10.0,6.5,-140.0,120.0,-1.0,6.5,0.4575,0.4731136788693627
2018,Kent State,secondary,12,5,4.48,4.0,1.0,3.0,4.0,6.0,9.0,,,,,,,
2018,Kentucky,secondary,12,7,5.8515,6.0,2.0,4.0,6.0,8.0,10.0,5.0,-150.0,130.0,-1.0,4.5,0.5405,0.4988899894486305
2018,LSU,secondary,12,7,7.2935,7.0,3.0,6.0,7.0,9.0,11.0,7.0,-130.0,110.0,-1.0,6.5,0.49,0.4832055239032986
2018,Liberty,secondary,12,6,5.752,6.0,3.0,4.0,6.0,7.0,10.0,,,,,,,
2018,Louisiana,secondary,13,6,5.265,5.0,2.0,3.0,5.0,7.0,9.0,,,,,,,
2018,Louisiana Tech,secondary,12,5,5.986,6.0,2.0,4.0,6.0,8.0,10.0,,,,,,,
2018,Louisville,secondary,12,7,7.9435,8.0,4.0,6.0,8.0,10.0,11.0,7.0,110.0,-130.0,1.0,6.5,0.6075,0.5201602819828457
2018,Marshall,secondary,12,6,6.8535,7.0,3.0,5.0,7.0,9.0,11.0,,,,,,,
2018,Maryland,secondary,12,6,4.893,5.0,1.0,3.0,5.0,7.0,9.0,,,,,,,
2018,Massachusetts,secondary,12,6,5.9975,6.0,2.0,4.0,6.0,8.0,10.0,,,,,,,
2018,Memphis,secondary,13,7,8.8,9.0,4.0,7.0,9.0,11.0,12.0,,,,,,,
2018,Miami,secondary,12,6,7.451,8.0,3.0,6.0,8.0,9.0,11.0,9.5,100.0,-120.0,1.0,10.5,0.2015,0.3818127968084312
2018,Miami (OH),secondary,12,6,5.8685,6.0,2.0,4.0,6.0,8.0,10.0,,,,,,,
2018,Michigan,secondary,12,7,7.0345,7.0,3.0,5.0,7.0,9.0,11.0,9.5,110.0,-130.0,1.0,10.5,0.166,0.3645984578312675
2018,Michigan State,secondary,12,7,6.6265,7.0,2.0,5.0,7.0,9.0,11.0,8.5,-150.0,130.0,-1.0,8.5,0.2525,0.4033772125858403
2018,Middle Tennessee,secondary,13,6,7.7535,8.0,3.0,6.0,8.0,10.0,12.0,,,,,,,
2018,Minnesota,secondary,12,7,5.108,5.0,1.0,3.0,5.0,7.0,9.0,6.0,-110.0,-110.0,0.0,6.5,0.297,0.4201806262461692
2018,Mississippi State,secondary,12,7,7.262,7.0,3.0,6.0,7.0,9.0,11.0,8.0,-130.0,110.0,-1.0,8.5,0.3185,0.4278272231176138
2018,Missouri,secondary,12,7,7.3715,8.0,3.0,6.0,8.0,9.0,11.0,7.0,-120.0,100.0,-1.0,6.5,0.505,0.4878543726873428
2018,NC State,secondary,12,7,7.0605,7.0,3.0,5.0,7.0,9.0,11.0,7.5,110.0,-130.0,1.0,8.5,0.4325,0.4652930599202862
2018,Navy,secondary,13,5,7.5675,8.0,3.0,6.0,8.0,9.0,12.0,,,,,,,
2018,Nebraska,secondary,12,7,5.1695,5.0,2.0,4.0,5.0,7.0,9.0,6.5,-150.0,130.0,-1.0,6.5,0.2695,0.4099749231443248
2018,Nevada,secondary,12,6,6.561,7.0,2.0,5.0,7.0,8.0,11.0,5.5,-120.0,100.0,-1.0,6.5,0.6515,0.5347561802141437
2018,New Mexico,secondary,12,6,5.654,6.0,2.0,4.0,6.0,7.0,10.0,,,,,,,
2018,New Mexico State,secondary,12,5,6.901,7.0,3.0,5.0,7.0,9.0,11.0,,,,,,,
2018,North Carolina,secondary,11,5,5.4365,5.0,2.0,4.0,5.0,7.0,9.0,,,,,,,
2018,North Texas,secondary,12,6,7.037,7.0,3.0,5.0,7.0,9.0,11.0,,,,,,,
2018,Northern Illinois,secondary,13,5,6.997,7.0,2.0,5.0,7.0,9.0,12.0,,,,,,,
2018,Northwestern,secondary,13,7,7.6945,8.0,3.0,6.0,8.0,10.0,12.0,6.0,-130.0,110.0,-1.0,6.5,0.668,0.5404240730664325
2018,Notre Dame,secondary,12,6,7.492,8.0,3.0,6.0,8.0,9.0,11.0,9.0,-130.0,110.0,-1.0,8.5,0.2075,0.3845165935762771
2018,Ohio,secondary,12,6,7.9045,8.0,4.0,6.0,8.0,10.0,11.0,,,,,,,
2018,Ohio State,secondary,13,7,9.824,10.0,6.0,8.0,10.0,12.0,13.0,10.5,-110.0,-110.0,0.0,10.5,0.441,0.467960371135465
2018,Oklahoma,secondary,13,7,9.709,10.0,5.0,8.0,10.0,11.0,13.0,10.0,-120.0,100.0,-1.0,10.5,0.433,0.4654502366031923
2018,Oklahoma State,secondary,12,7,8.118,8.0,4.0,7.0,8.0,10.0,11.0,8.0,-120.0,100.0,-1.0,8.5,0.4645,0.4752922669147141
2018,Old Dominion,secondary,12,6,5.252,5.0,1.0,3.0,5.0,7.0,9.0,,,,,,,
2018,Ole Miss,secondary,12,7,6.2585,6.0,2.0,5.0,6.0,8.0,10.0,5.5,-140.0,120.0,-1.0,6.5,0.62,0.5242410072932611
2018,Oregon,secondary,12,7,7.679,8.0,4.0,6.0,8.0,9.0,11.0,8.5,-140.0,120.0,-1.0,8.5,0.383,0.449500899264108
2018,Oregon State,secondary,12,6,4.126,4.0,1.0,3.0,4.0,5.0,8.0,2.5,155.0,-185.0,1.0,2.5,0.7565,0.5736578734436626
2018,Penn State,secondary,12,7,8.4275,9.0,4.0,7.0,9.0,10.0,12.0,9.5,100.0,-120.0,1.0,10.5,0.359,0.4416190068472441
2018,Pittsburgh,secondary,13,6,5.5645,5.0,2.0,4.0,5.0,7.0,10.0,,,,,,,
2018,Purdue,secondary,12,7,6.6275,7.0,2.0,5.0,7.0,9.0,11.0,6.0,120.0,-140.0,1.0,6.5,0.532,0.4962397514406497
2018,Rice,secondary,13,6,5.4145,5.0,2.0,4.0,5.0,7.0,10.0,,,,,,,
2018,Rutgers,secondary,12,7,4.0755,4.0,1.0,2.0,4.0,6.0,8.0,,,,,,,
2018,SMU,secondary,12,6,5.415,5.0,2.0,4.0,5.0,7.0,10.0,,,,,,,
2018,San Diego State,secondary,12,7,8.025,8.0,4.0,7.0,8.0,10.0,11.0,8.5,-120.0,100.0,-1.0,8.5,0.45,0.4707747926536081
2018,San José State,secondary,12,5,4.0805,4.0,1.0,3.0,4.0,5.0,8.0,,,,,,,
2018,South Alabama,secondary,12,6,4.847,5.0,1.0,3.0,5.0,6.0,9.0,,,,,,,
2018,South Carolina,secondary,12,7,7.0015,7.0,3.0,5.0,7.0,9.0,11.0,7.0,-150.0,130.0,-1.0,6.5,0.436,0.4663925508083476
2018,South Florida,secondary,12,6,7.9655,8.0,4.0,6.0,8.0,10.0,11.0,,,,,,,
2018,Southern Miss,secondary,11,6,6.252,6.0,3.0,5.0,6.0,8.0,10.0,,,,,,,
2018,Stanford,secondary,12,6,6.9505,7.0,3.0,5.0,7.0,9.0,11.0,8.5,-125.0,105.0,-1.0,8.5,0.2785,0.4133737778317114
2018,Syracuse,secondary,12,6,5.814,6.0,2.0,4.0,6.0,7.0,10.0,5.5,100.0,-120.0,1.0,6.5,0.5425,0.4995146001107011
2018,TCU,secondary,12,6,7.7965,8.0,4.0,6.0,8.0,10.0,11.0,7.5,-150.0,130.0,-1.0,8.5,0.5775,0.5105318764857926
2018,Temple,secondary,12,6,6.8205,7.0,3.0,5.0,7.0,9.0,11.0,,,,,,,
2018,Tennessee,secondary,12,7,5.3355,5.0,2.0,4.0,5.0,7.0,9.0,5.5,-150.0,130.0,-1.0,6.5,0.4605,0.4740478277101217
2018,Texas,secondary,13,6,6.195,6.0,2.0,4.0,6.0,8.0,11.0,8.5,-150.0,130.0,-1.0,8.5,0.208,0.3847396030466214
2018,Texas A&M,secondary,12,7,5.873,6.0,2.0,4.0,6.0,8.0,10.0,7.5,130.0,-150.0,1.0,8.5,0.2585,0.4057339289565272
2018,Texas State,secondary,12,6,4.906,5.0,1.0,3.0,5.0,6.0,9.0,,,,,,,
2018,Texas Tech,secondary,12,6,5.795,6.0,2.0,4.0,6.0,7.0,10.0,,,,,,,
2018,Toledo,secondary,12,7,7.984,8.0,4.0,6.0,8.0,10.0,11.0,,,,,,,
2018,Troy,secondary,12,6,8.2745,9.0,4.0,7.0,9.0,10.0,12.0,,,,,,,
2018,Tulane,secondary,12,6,5.4555,5.0,2.0,4.0,5.0,7.0,9.0,,,,,,,
2018,Tulsa,secondary,12,6,4.6555,4.0,1.0,3.0,4.0,6.0,9.0,,,,,,,
2018,UAB,secondary,13,5,7.0945,7.0,3.0,5.0,7.0,9.0,11.0,,,,,,,
2018,UCF,secondary,12,8,8.39,9.0,4.0,7.0,9.0,10.0,12.0,9.0,-130.0,110.0,-1.0,8.5,0.3475,0.4377725600746636
2018,UCLA,secondary,12,7,5.3085,5.0,1.0,3.0,5.0,7.0,10.0,5.5,-110.0,-110.0,0.0,6.5,0.467,0.4760694665603391
2018,UConn,secondary,12,6,5.1285,5.0,2.0,3.0,5.0,7.0,9.0,,,,,,,
2018,UL Monroe,secondary,12,5,5.7045,6.0,2.0,4.0,6.0,7.0,10.0,,,,,,,
2018,UNLV,secondary,12,6,5.635,6.0,2.0,4.0,6.0,7.0,10.0,6.0,-140.0,120.0,-1.0,6.5,0.3525,0.4394510357731039
2018,USC,secondary,12,6,7.5195,8.0,3.0,6.0,8.0,9.0,11.0,8.5,-110.0,-110.0,0.0,8.5,0.3895,0.4516061803204422
2018,UTEP,secondary,12,6,3.8025,3.0,1.0,2.0,3.0,5.0,8.0,,,,,,,
2018,UTSA,secondary,12,6,6.5725,7.0,2.0,5.0,7.0,8.0,11.0,,,,,,,
2018,Utah,secondary,13,6,6.79,7.0,2.0,5.0,7.0,9.0,11.0,7.5,110.0,-130.0,1.0,8.5,0.397,0.4540217779711437
2018,Utah State,secondary,12,6,6.054,6.0,2.0,4.0,6.0,8.0,10.0,,,,,,,
2018,Vanderbilt,secondary,12,7,5.363,5.0,2.0,4.0,5.0,7.0,9.0,4.5,120.0,-140.0,1.0,4.5,0.6175,0.5234211352171696
2018,Virginia,secondary,12,7,5.756,6.0,2.0,4.0,6.0,7.0,10.0,,,,,,,
2018,Virginia Tech,secondary,12,7,7.737,8.0,3.0,6.0,8.0,10.0,11.0,8.5,130.0,-150.0,1.0,8.5,0.4125,0.458972869540819
2018,Wake Forest,secondary,12,7,6.6765,7.0,3.0,5.0,7.0,8.0,11.0,6.5,110.0,-130.0,1.0,6.5,0.5285,0.4951503002499399
2018,Washington,secondary,13,6,8.882,9.0,5.0,7.0,9.0,11.0,12.0,10.0,-190.0,160.0,-1.0,10.5,0.2755,0.4122475842640853
2018,Washington State,secondary,12,7,7.994,8.0,4.0,6.0,8.0,10.0,11.0,6.0,115.0,-135.0,1.0,6.5,0.7335,0.5644448757058588
2018,West Virginia,secondary,11,6,6.1835,6.0,2.0,5.0,6.0,8.0,10.0,7.5,-110.0,-110.0,0.0,8.5,0.305,0.4230565415448104
2018,Western Kentucky,secondary,12,5,6.0725,6.0,2.0,4.0,6.0,8.0,10.0,,,,,,,
2018,Western Michigan,secondary,12,6,6.766,7.0,3.0,5.0,7.0,9.0,11.0,,,,,,,
2018,Wisconsin,secondary,12,7,8.7625,9.0,5.0,8.0,9.0,10.0,12.0,10.0,100.0,-120.0,1.0,10.5,0.224,0.3917018833894828
2018,Wyoming,secondary,12,6,6.0965,6.0,2.0,4.0,6.0,8.0,10.0,,,,,,,
2019,Air Force,secondary,12,6,6.877,7.0,3.0,5.0,7.0,8.0,10.0,8.0,140.0,-160.0,1.0,8.5,0.242,0.470870076334184
2019,Akron,secondary,12,6,5.222,5.0,1.0,3.0,5.0,7.0,9.0,,,,,,,
2019,Alabama,secondary,12,7,9.7165,10.0,7.0,9.0,10.0,11.0,12.0,11.5,140.0,-160.0,1.0,10.5,0.139,0.4558712570894229
2019,App State,secondary,13,7,8.3655,9.0,4.0,7.0,9.0,10.0,12.0,,,,,,,
2019,Arizona,secondary,12,6,6.4665,6.0,3.0,5.0,6.0,8.0,10.0,6.5,115.0,-135.0,1.0,6.5,0.499,0.4960004636052827
2019,Arizona State,secondary,12,7,7.033,7.0,3.0,6.0,7.0,9.0,11.0,6.5,-150.0,130.0,-1.0,6.5,0.5985,0.5049181455840511
2019,Arkansas,secondary,12,7,5.02,5.0,2.0,4.0,5.0,6.0,8.049999999999955,5.0,110.0,-130.0,1.0,4.5,0.382,0.485453256378896
2019,Arkansas State,secondary,12,6,7.086,7.0,3.0,5.0,7.0,9.0,10.0,,,,,,,
2019,Army,secondary,13,6,8.5705,9.0,5.0,7.0,9.0,10.0,12.0,10.0,-125.0,105.0,-1.0,10.5,0.196,0.4649289667331958
2019,Auburn,secondary,12,7,6.797,7.0,3.0,5.0,7.0,8.0,10.0,7.5,-130.0,110.0,-1.0,8.5,0.386,0.4858269498834132
2019,BYU,secondary,12,6,6.248,6.0,3.0,5.0,6.0,8.0,10.0,6.5,-110.0,-110.0,0.0,6.5,0.4495,0.4916067496358045
2019,Ball State,secondary,12,6,4.9345,5.0,2.0,3.0,5.0,6.0,9.0,,,,,,,
2019,Baylor,secondary,13,7,6.079,6.0,2.0,4.0,6.0,8.0,10.0,7.5,-120.0,100.0,-1.0,8.5,0.2695,0.4740581246983854
2019,Boise State,secondary,13,7,8.389,9.0,4.0,7.0,9.0,10.0,12.0,9.5,-130.0,110.0,-1.0,10.5,0.3435,0.4817710710686321
2019,Boston College,secondary,12,6,6.3555,6.0,3.0,5.0,6.0,8.0,10.0,6.0,-110.0,-110.0,0.0,6.5,0.4815,0.4944516806118481
2019,Bowling Green,secondary,12,6,4.529,4.0,2.0,3.0,4.0,6.0,8.0,,,,,,,
2019,Buffalo,secondary,12,6,7.1545,7.0,3.0,6.0,7.0,9.0,11.0,,,,,,,
2019,California,secondary,12,6,6.1685,6.0,3.0,4.0,6.0,8.0,10.0,5.5,-110.0,-110.0,0.0,6.5,0.5995,0.5050102136547339
2019,Central Michigan,secondary,13,6,5.719,6.0,2.0,4.0,6.0,7.0,9.0,,,,,,,
2019,Charlotte,secondary,12,6,6.003,6.0,2.0,4.0,6.0,8.0,10.0,,,,,,,
2019,Cincinnati,secondary,13,6,7.97,8.0,4.0,6.0,8.0,10.0,12.0,7.5,-140.0,120.0,-1.0,8.5,0.59,0.5041385115071405
2019,Clemson,secondary,13,7,10.845,11.0,7.0,10.0,11.0,12.0,13.0,11.5,-120.0,100.0,-1.0,10.5,0.411,0.4881327103708513
2019,Coastal Carolina,secondary,12,6,4.9865,5.0,2.0,3.0,5.0,7.0,9.0,,,,,,,
2019,Colorado,secondary,12,6,5.3555,5.0,2.0,4.0,5.0,7.0,9.0,4.0,100.0,-120.0,1.0,4.5,0.621,0.5070095636959983
2019,Colorado State,secondary,12,6,5.551,5.0,2.0,4.0,5.0,7.0,9.0,3.5,100.0,-120.0,1.0,4.5,0.812,0.5284164046647246
2019,Duke,secondary,12,6,5.5765,5.0,2.0,4.0,5.0,7.0,9.0,5.5,100.0,-120.0,1.0,6.5,0.4935,0.4955138961483182
2019,East Carolina,secondary,12,6,6.085,6.0,3.0,5.0,6.0,7.25,10.0,,,,,,,
2019,Eastern Michigan,secondary,12,5,6.6785,7.0,3.0,5.0,7.0,8.0,10.0,,,,,,,
2019,Florida,secondary,12,6,7.321,7.0,4.0,6.0,7.0,9.0,11.0,9.0,140.0,-160.0,1.0,8.5,0.1525,0.4582531072153384
2019,Florida Atlantic,secondary,13,7,7.8775,8.0,4.0,6.0,8.0,10.0,12.0,,,,,,,
2019,Florida International,secondary,12,7,6.7395,7.0,3.0,5.0,7.0,8.0,10.0,,,,,,,
2019,Florida State,secondary,12,7,5.3995,5.0,2.0,4.0,5.0,7.0,9.0,7.5,-130.0,110.0,-1.0,8.5,0.1785,0.462397677823838
2019,Fresno State,secondary,12,6,7.649,8.0,4.0,6.0,8.0,9.0,11.0,8.0,100.0,-120.0,1.0,8.5,0.373,0.4846069352997934
2019,Georgia,secondary,13,7,8.6615,9.0,4.0,7.0,9.0,10.0,12.0,11.0,120.0,-140.0,1.0,10.5,0.1135,0.4507880224296449
2019,Georgia Southern,secondary,12,6,7.137,7.0,4.0,6.0,7.0,9.0,11.0,,,,,,,
2019,Georgia State,secondary,12,6,5.389,5.0,2.0,4.0,5.0,7.0,9.0,,,,,,,
2019,Georgia Tech,secondary,12,7,6.5085,7.0,3.0,5.0,7.0,8.0,10.0,3.5,100.0,-120.0,1.0,4.5,0.91,0.5471188838155474
2019,Hawai'i,secondary,14,8,6.6945,7.0,3.0,5.0,7.0,8.0,11.0,5.5,-160.0,140.0,-1.0,6.5,0.6655,0.5113011267827611
2019,Houston,secondary,12,5,6.647,7.0,3.0,5.0,7.0,8.0,10.0,7.5,100.0,-120.0,1.0,8.5,0.376,0.4848899196852006
2019,Illinois,secondary,12,7,4.9065,5.0,1.0,3.0,5.0,6.0,9.0,4.5,-110.0,-110.0,0.0,4.5,0.554,0.5008847850098499
2019,Indiana,secondary,12,6,7.0045,7.0,3.0,6.0,7.0,9.0,10.0,6.5,120.0,-140.0,1.0,6.5,0.592,0.5043214948989739
2019,Iowa,secondary,12,7,7.0195,7.0,3.0,5.0,7.0,9.0,11.0,7.5,-140.0,120.0,-1.0,8.5,0.436,0.4903968892307243
2019,Iowa State,secondary,12,7,7.633,8.0,4.0,6.0,8.0,9.0,11.0,8.0,-110.0,-110.0,0.0,8.5,0.3715,0.4844651022208567
2019,Kansas,secondary,12,7,5.5895,5.0,2.0,4.0,5.0,7.0,9.0,3.0,110.0,-130.0,1.0,2.5,0.8155,0.528925482009585
2019,Kansas State,secondary,12,7,5.982,6.0,2.0,4.0,6.0,7.0,10.0,5.5,120.0,-140.0,1.0,6.5,0.579,0.5031367668448903
2019,Kent State,secondary,12,5,4.16,4.0,1.0,3.0,4.0,5.0,8.0,,,,,,,
2019,Kentucky,secondary,12,8,7.778,8.0,4.0,6.0,8.0,9.0,11.0,6.5,-140.0,120.0,-1.0,6.5,0.7265,0.5176882075530083
2019,LSU,secondary,13,7,6.8185,7.0,3.0,5.0,7.0,8.0,11.0,9.0,-130.0,110.0,-1.0,8.5,0.136,0.4553161739348409
2019,Liberty,secondary,12,6,5.834,6.0,3.0,4.0,6.0,7.0,9.0,,,,,,,
2019,Louisiana,secondary,13,6,6.706,7.0,3.0,5.0,7.0,8.0,11.0,,,,,,,
2019,Louisiana Tech,secondary,12,6,6.2155,6.0,3.0,5.0,6.0,8.0,10.0,,,,,,,
2019,Louisville,secondary,12,6,4.055,4.0,1.0,3.0,4.0,5.0,8.0,3.5,-150.0,130.0,-1.0,4.5,0.5765,0.5029101258840636
2019,Marshall,secondary,12,7,6.964,7.0,3.0,5.0,7.0,9.0,10.0,,,,,,,
2019,Maryland,secondary,12,6,6.1815,6.0,3.0,5.0,6.0,8.0,10.0,3.5,-145.0,125.0,-1.0,4.5,0.8735,0.5387465989819976
2019,Massachusetts,secondary,12,6,5.5525,5.0,2.0,4.0,5.0,7.0,9.0,,,,,,,
2019,Memphis,secondary,13,7,8.5085,9.0,4.0,7.0,9.0,10.0,12.0,,,,,,,
2019,Miami,secondary,12,6,7.661,8.0,4.0,6.0,8.0,9.0,11.0,8.5,-140.0,120.0,-1.0,8.5,0.382,0.485453256378896
2019,Miami (OH),secondary,13,5,6.9205,7.0,3.0,5.0,7.0,8.0,11.0,,,,,,,
2019,Michigan,secondary,12,7,7.995,8.0,4.0,7.0,8.0,10.0,11.0,10.5,130.0,-150.0,1.0,10.5,0.139,0.4558712570894229
2019,Michigan State,secondary,12,7,6.672,7.0,3.0,5.0,7.0,8.0,10.0,8.0,-140.0,120.0,-1.0,8.5,0.225,0.4687762601078271
2019,Middle Tennessee,secondary,12,6,6.811,7.0,3.0,5.0,7.0,8.0,10.0,,,,,,,
2019,Minnesota,secondary,12,7,6.204,6.0,3.0,5.0,6.0,8.0,10.0,7.5,-130.0,110.0,-1.0,8.5,0.293,0.4766241115394809
2019,Mississippi State,secondary,12,7,7.7375,8.0,4.0,6.0,8.0,9.0,11.0,7.5,-100.0,-120.0,1.0,8.5,0.577,0.5029554253839792
2019,Missouri,secondary,12,7,7.246,7.0,3.0,6.0,7.0,9.0,11.0,8.5,110.0,-130.0,1.0,8.5,0.299,0.4772595834229965
2019,NC State,secondary,12,7,7.2905,7.0,4.0,6.0,7.0,9.0,11.0,7.0,-130.0,110.0,-1.0,6.5,0.4815,0.4944516806118481
2019,Navy,secondary,12,6,5.7315,6.0,2.0,4.0,6.0,7.0,9.0,5.5,100.0,-120.0,1.0,6.5,0.542,0.4998132494840778
2019,Nebraska,secondary,12,7,6.4355,7.0,2.0,5.0,7.0,8.0,10.0,8.5,-130.0,110.0,-1.0,8.5,0.205,0.4661649841408006
2019,Nevada,secondary,12,6,7.216,7.0,4.0,6.0,7.0,9.0,11.0,6.0,-110.0,-110.0,0.0,6.5,0.626,0.5074805465199791
2019,New Mexico,secondary,12,6,4.574,4.0,1.0,3.0,4.0,6.0,8.0,,,,,,,
2019,New Mexico State,secondary,12,5,4.3155,4.0,1.0,3.0,4.0,6.0,8.0,,,,,,,
2019,North Carolina,secondary,12,6,5.037,5.0,2.0,3.0,5.0,7.0,9.0,5.5,100.0,-120.0,1.0,6.5,0.407,0.4877669282628368
2019,North Texas,secondary,12,6,7.2385,7.0,4.0,6.0,7.0,9.0,11.0,,,,,,,
2019,Northern Illinois,secondary,12,5,6.4645,6.5,3.0,5.0,6.5,8.0,10.0,,,,,,,
2019,Northwestern,secondary,12,7,5.802,6.0,2.0,4.0,6.0,7.0,10.0,6.0,-150.0,130.0,-1.0,6.5,0.3855,0.4857803170741418
2019,Notre Dame,secondary,12,7,7.9615,8.0,4.0,7.0,8.0,9.0,11.0,9.0,100.0,-120.0,1.0,8.5,0.241,0.4707497479933596
2019,Ohio,secondary,12,6,8.072,8.0,4.0,7.0,8.0,10.0,11.0,,,,,,,
2019,Ohio State,secondary,13,7,7.756,8.0,3.0,6.0,8.0,10.0,12.0,10.0,-110.0,-110.0,0.0,10.5,0.1505,0.4579114185368882
2019,Oklahoma,secondary,13,6,9.0665,9.0,5.0,8.0,9.0,11.0,12.0,10.0,-150.0,130.0,-1.0,10.5,0.2975,0.4771014053047699
2019,Oklahoma State,secondary,12,6,6.681,7.0,3.0,5.0,7.0,8.0,10.0,7.5,100.0,-120.0,1.0,8.5,0.3865,0.485873560514058
2019,Old Dominion,secondary,12,6,4.7235,5.0,2.0,3.0,5.0,6.0,9.0,,,,,,,
2019,Ole Miss,secondary,12,7,6.6015,7.0,3.0,5.0,7.0,8.0,10.0,4.5,110.0,-130.0,1.0,4.5,0.831,0.5312741274464231
2019,Oregon,secondary,13,7,6.9595,7.0,3.0,5.0,7.0,9.0,11.0,8.5,-170.0,145.0,-1.0,8.5,0.272,0.4743374191170388
2019,Oregon State,secondary,12,6,3.6145,3.0,1.0,2.0,3.0,5.0,7.0,2.5,-160.0,140.0,-1.0,2.5,0.689,0.5136782279825418
2019,Penn State,secondary,12,7,7.615,8.0,4.0,6.0,8.0,9.0,11.0,8.5,110.0,-130.0,1.0,8.5,0.3715,0.4844651022208567
2019,Pittsburgh,secondary,12,7,6.7345,7.0,3.0,5.0,7.0,8.0,10.0,6.0,-110.0,-110.0,0.0,6.5,0.535,0.499190274911569
2019,Purdue,secondary,12,7,6.341,6.0,2.0,5.0,6.0,8.0,10.0,7.0,110.0,-130.0,1.0,6.5,0.329,0.480336076689763
2019,Rice,secondary,12,6,3.73,4.0,0.0,2.0,4.0,5.0,8.0,,,,,,,
2019,Rutgers,secondary,12,7,3.8305,4.0,1.0,2.0,4.0,5.0,7.0499999999999545,3.0,-120.0,100.0,-1.0,2.5,0.5335,0.4990569486394317
2019,SMU,secondary,12,6,5.969,6.0,2.0,4.0,6.0,8.0,10.0,,,,,,,
2019,San Diego State,secondary,12,6,7.149,7.0,3.0,6.0,7.0,9.0,11.0,8.0,-110.0,-110.0,0.0,8.5,0.2905,0.4763571146185368
2019,San José State,secondary,12,6,4.638,5.0,1.0,3.0,5.0,6.0,8.0,,,,,,,
2019,South Alabama,secondary,12,6,4.1715,4.0,1.0,3.0,4.0,6.0,8.0,,,,,,,
2019,South Carolina,secondary,12,7,5.5595,5.0,2.0,4.0,5.0,7.0,9.0,5.5,-135.0,115.0,-1.0,6.5,0.4965,0.4957793053169276
2019,South Florida,secondary,12,7,6.1965,6.0,2.950000000000003,5.0,6.0,8.0,10.0,,,,,,,
2019,Southern Miss,secondary,12,5,6.248,6.0,3.0,5.0,6.0,8.0,10.0,,,,,,,
2019,Stanford,secondary,12,7,6.4095,7.0,2.0,5.0,7.0,8.0,10.0,7.0,110.0,-130.0,1.0,6.5,0.348,0.482210481391198
2019,Syracuse,secondary,12,6,6.2655,6.0,3.0,5.0,6.0,8.0,10.0,8.0,120.0,-140.0,1.0,8.5,0.171,0.4612540154395581
2019,TCU,secondary,12,6,5.7145,6.0,2.0,4.0,6.0,7.0,10.0,7.5,-110.0,-110.0,0.0,8.5,0.2085,0.4666348544524895
2019,Temple,secondary,12,7,6.851,7.0,3.0,5.0,7.0,8.0,10.0,,,,,,,
2019,Tennessee,secondary,12,8,5.093,5.0,2.0,4.0,5.0,6.0,9.0,6.5,-130.0,110.0,-1.0,6.5,0.2445,0.4711694400412669
2019,Texas,secondary,12,6,7.262,7.0,3.0,6.0,7.0,9.0,11.0,9.0,100.0,-120.0,1.0,8.5,0.1815,0.4628447031446472
2019,Texas A&M,secondary,12,7,7.1835,7.0,4.0,6.0,7.0,9.0,10.0,7.5,-120.0,100.0,-1.0,8.5,0.4555,0.492142252893622
2019,Texas State,secondary,12,6,4.9885,5.0,2.0,3.0,5.0,7.0,9.0,,,,,,,
2019,Texas Tech,secondary,12,6,6.0685,6.0,3.0,5.0,6.0,8.0,10.0,6.5,120.0,-140.0,1.0,6.5,0.405,0.4875836220774036
2019,Toledo,secondary,12,6,6.7625,7.0,3.0,5.0,7.0,8.0,10.0,,,,,,,
2019,Troy,secondary,12,6,7.512,8.0,4.0,6.0,8.0,9.0,11.0,,,,,,,
2019,Tulane,secondary,12,6,5.589,6.0,2.0,4.0,6.0,7.0,9.0,,,,,,,
2019,Tulsa,secondary,12,6,4.0985,4.0,1.0,2.0,4.0,6.0,8.0,,,,,,,
2019,UAB,secondary,13,6,8.1045,8.0,4.0,7.0,8.0,10.0,12.0,,,,,,,
2019,UCF,secondary,12,6,7.8945,8.0,4.0,6.0,8.0,9.0,11.0,9.0,-130.0,110.0,-1.0,8.5,0.249,0.4717031788435906
2019,UCLA,secondary,12,6,5.316,5.0,2.0,4.0,5.0,7.0,9.0,6.5,110.0,-130.0,1.0,6.5,0.3045,0.4778357655183414
2019,UConn,secondary,12,6,3.693,3.0,1.0,2.0,3.0,5.0,7.0,,,,,,,
2019,UL Monroe,secondary,12,6,6.372,6.0,3.0,5.0,6.0,8.0,10.0,,,,,,,
2019,UNLV,secondary,12,6,4.786,5.0,2.0,3.0,5.0,6.0,9.0,4.0,-130.0,110.0,-1.0,4.5,0.5305,0.4987904555501113
2019,USC,secondary,12,6,5.8,6.0,2.0,4.0,6.0,7.25,10.0,7.0,-150.0,130.0,-1.0,6.5,0.25,0.471820916305835
2019,UTEP,secondary,12,6,5.0075,5.0,2.0,3.0,5.0,6.0,9.0,,,,,,,
2019,UTSA,secondary,12,6,5.003,5.0,2.0,3.0,5.0,6.0,9.0,,,,,,,
2019,Utah,secondary,13,7,8.7965,9.0,5.0,7.0,9.0,10.0,12.0,9.0,-150.0,130.0,-1.0,8.5,0.4135,0.4883607816445017
2019,Utah State,secondary,12,6,7.7125,8.0,4.0,6.0,8.0,9.0,11.0,6.5,-120.0,110.0,-1.0,6.5,0.723,0.5173006396333942
2019,Vanderbilt,secondary,12,7,6.1505,6.0,2.0,5.0,6.0,8.0,10.0,4.5,-130.0,110.0,-1.0,4.5,0.7635,0.5219947905323244
2019,Virginia,secondary,13,7,7.205,7.0,3.0,6.0,7.0,9.0,11.0,8.0,120.0,-140.0,1.0,8.5,0.2945,0.476783675461465
2019,Virginia Tech,secondary,12,7,6.218,6.0,3.0,5.0,6.0,8.0,10.0,8.0,-140.0,120.0,-1.0,8.5,0.1435,0.4566855455085805
2019,Wake Forest,secondary,12,7,6.4815,6.0,3.0,5.0,6.0,8.0,10.0,6.0,-115.0,-105.0,-1.0,6.5,0.494,0.4955581331977214
2019,Washington,secondary,12,7,7.8955,8.0,4.0,6.0,8.0,10.0,11.0,9.5,-120.0,100.0,-1.0,10.5,0.2655,0.4736078614100127
2019,Washington State,secondary,12,6,7.4765,8.0,4.0,6.0,8.0,9.0,11.0,8.0,100.0,-120.0,1.0,8.5,0.3255,0.4799850207329883
2019,West Virginia,secondary,12,6,7.4015,8.0,4.0,6.0,8.0,9.0,11.0,5.0,120.0,-140.0,1.0,4.5,0.7955,0.5261086422388973
2019,Western Kentucky,secondary,12,6,5.739,6.0,2.0,4.0,6.0,7.0,10.0,,,,,,,
2019,Western Michigan,secondary,12,6,6.484,6.0,3.0,5.0,6.0,8.0,10.0,,,,,,,
2019,Wisconsin,secondary,13,7,7.8235,8.0,4.0,6.0,8.0,10.0,12.0,8.0,-130.0,110.0,-1.0,8.5,0.415,0.4884974308301327
2019,Wyoming,secondary,12,6,6.8255,7.0,3.0,5.0,7.0,8.0,11.0,,,,,,,
2021,Air Force,primary,12,6,8.096,8.0,4.0,7.0,8.0,10.0,11.0,6.5,-120.0,100.0,-1.0,6.5,0.7615,0.5952238120582328
2021,Akron,primary,12,6,3.882,4.0,1.0,2.0,4.0,5.0,8.0,2.0,-130.0,110.0,-1.0,2.5,0.726,0.5861758511440055
2021,Alabama,primary,13,7,10.2045,10.0,7.0,9.0,10.0,12.0,13.0,11.5,-105.0,-115.0,1.0,10.5,0.2975,0.4950556789427542
2021,App State,primary,13,7,8.3325,9.0,4.0,7.0,9.0,10.0,12.0,9.0,-110.0,-110.0,0.0,8.5,0.344,0.5057765861358812
2021,Arizona,primary,12,6,4.9825,5.0,1.0,3.0,5.0,6.0,9.0,2.5,-125.0,105.0,-1.0,2.5,0.8655,0.6286048490594968
2021,Arizona State,primary,12,7,6.024,6.0,2.0,4.0,6.0,8.0,10.0,8.5,-120.0,100.0,-1.0,8.5,0.1455,0.4495203249616424
2021,Arkansas,primary,12,7,5.6345,6.0,2.0,4.0,6.0,7.0,9.0,5.5,-110.0,-110.0,0.0,6.5,0.516,0.5412783321481
2021,Arkansas State,primary,12,6,5.6655,6.0,2.0,4.0,6.0,7.0,10.0,4.5,105.0,-125.0,1.0,4.5,0.6715,0.5734928389454911
2021,Army,primary,12,7,6.8155,7.0,3.0,5.0,7.0,8.0,10.0,7.5,-115.0,-105.0,-1.0,8.5,0.387,0.5150822312359614
2021,Auburn,primary,12,7,6.703,7.0,3.0,5.0,7.0,8.0,10.0,7.0,110.0,-130.0,1.0,6.5,0.378,0.5131721073712558
2021,BYU,primary,12,6,8.7395,9.0,5.0,7.0,9.0,10.0,12.0,7.0,-115.0,-105.0,-1.0,6.5,0.744,0.5906683184951989
2021,Ball State,primary,12,6,7.368,8.0,3.0,6.0,8.0,9.0,11.0,7.5,-115.0,-105.0,-1.0,8.5,0.504,0.5388847151025643
2021,Baylor,primary,13,7,5.9955,6.0,2.0,4.0,6.0,8.0,10.0,5.5,100.0,-120.0,1.0,6.5,0.5575,0.5495868847358121
2021,Boise State,primary,12,6,5.8945,6.0,2.0,4.0,6.0,8.0,10.0,9.0,110.0,-130.0,1.0,8.5,0.067,0.4071256402962309
2021,Boston College,primary,12,6,6.8555,7.0,3.0,5.0,7.0,9.0,11.0,7.0,-150.0,125.0,-1.0,6.5,0.414,0.5207180627023354
2021,Bowling Green,primary,12,6,3.8665,4.0,1.0,2.0,4.0,5.0,7.0,1.5,-110.0,-110.0,0.0,2.5,0.905,0.6467906043883841
2021,Buffalo,primary,12,6,7.3345,7.0,4.0,6.0,7.0,9.0,11.0,7.5,100.0,-120.0,1.0,8.5,0.4695,0.5319889476588299
2021,California,primary,12,6,5.705,6.0,2.0,4.0,6.0,7.0,10.0,6.5,120.0,-145.0,1.0,6.5,0.37,0.5114588913777536
2021,Central Michigan,primary,12,6,6.568,7.0,3.0,5.0,7.0,8.0,10.0,6.5,105.0,-125.0,1.0,6.5,0.51,0.5400814673779607
2021,Charlotte,primary,12,6,5.3155,5.0,2.0,4.0,5.0,7.0,9.0,5.0,105.0,-125.0,1.0,4.5,0.447,0.5274575100395935
2021,Cincinnati,primary,13,7,9.449,10.0,5.0,8.0,10.0,11.0,13.0,10.0,-110.0,-110.0,0.0,10.5,0.3685,0.5111359589667365
2021,Clemson,primary,12,6,9.506,10.0,6.0,8.0,10.0,11.0,12.0,11.5,105.0,-125.0,1.0,10.5,0.1305,0.4432618639118398
2021,Coastal Carolina,primary,12,7,8.7705,9.0,5.0,8.0,9.0,10.0,12.0,10.0,-120.0,100.0,-1.0,10.5,0.2,0.4686554147602491
2021,Colorado,primary,12,6,6.5465,7.0,3.0,5.0,7.0,8.0,10.0,4.5,-115.0,-105.0,-1.0,4.5,0.798,0.6054747142908236
2021,Colorado State,primary,12,6,6.475,6.0,3.0,5.0,6.0,8.0,10.0,5.0,105.0,-125.0,1.0,4.5,0.6395,0.5665195741335716
2021,Duke,primary,12,7,5.516,5.0,2.0,4.0,5.0,7.0,9.0,4.0,-105.0,-115.0,1.0,4.5,0.656,0.5700801679722022
2021,East Carolina,primary,12,6,5.6925,6.0,2.0,4.0,6.0,7.0,9.049999999999956,5.5,-145.0,120.0,-1.0,6.5,0.528,0.5436737258852371
2021,Eastern Michigan,primary,12,6,6.0845,6.0,2.0,4.0,6.0,8.0,10.0,6.5,-110.0,-110.0,0.0,6.5,0.432,0.524410738152492
2021,Florida,primary,12,6,8.3405,8.0,5.0,7.0,8.0,10.0,11.0,9.0,105.0,-125.0,1.0,8.5,0.3185,0.4999998621978637
2021,Florida Atlantic,primary,12,6,6.469,6.0,3.0,5.0,6.0,8.0,10.0,7.5,115.0,-135.0,1.0,8.5,0.3365,0.5041005876430277
2021,Florida International,primary,12,6,5.5995,6.0,2.0,4.0,6.0,7.0,9.0,4.5,110.0,-130.0,1.0,4.5,0.664,0.5718326981722837
2021,Florida State,primary,12,7,5.0435,5.0,2.0,4.0,5.0,6.0,9.0,5.5,-125.0,105.0,-1.0,6.5,0.402,0.518229301238912
2021,Fresno State,primary,12,6,6.174,6.0,2.0,4.0,6.0,8.0,10.0,6.0,-125.0,105.0,-1.0,6.5,0.4395,0.5259371719594788
2021,Georgia,primary,13,6,8.8145,9.0,5.0,7.0,9.0,10.0,12.0,10.5,-125.0,105.0,-1.0,10.5,0.2455,0.4818430974426812
2021,Georgia Southern,primary,12,6,6.5625,7.0,3.0,5.0,7.0,8.0,10.049999999999956,4.5,-120.0,100.0,-1.0,4.5,0.7935,0.6041467334644086
2021,Georgia State,primary,12,6,5.883,6.0,2.0,4.0,6.0,8.0,10.0,5.0,-125.0,105.0,-1.0,4.5,0.549,0.547877980270208
2021,Georgia Tech,primary,12,6,5.0465,5.0,2.0,3.0,5.0,7.0,9.0,5.0,100.0,-120.0,1.0,4.5,0.3935,0.516451262946863
2021,Hawai'i,primary,13,6,6.679,7.0,2.0,5.0,7.0,9.0,11.0,6.0,-145.0,120.0,-1.0,6.5,0.5135,0.5407796035815992
2021,Houston,primary,13,5,7.9645,8.0,4.0,6.0,8.0,10.0,12.0,8.5,-105.0,-115.0,1.0,8.5,0.4345,0.5249202709825531
2021,Illinois,primary,12,7,4.618,4.0,1.0,3.0,4.0,6.0,9.0,3.5,-145.0,120.0,-1.0,4.5,0.643,0.5672691691753557
2021,Indiana,primary,12,6,6.138,6.0,2.0,4.0,6.0,8.0,10.0,7.5,110.0,-130.0,1.0,8.5,0.3065,0.4971975688689352
2021,Iowa,primary,13,7,7.272,7.0,3.0,5.0,7.0,9.0,11.0,8.5,-105.0,-115.0,1.0,8.5,0.3385,0.5045492898881184
2021,Iowa State,primary,12,6,7.8385,8.0,4.0,6.0,8.0,10.0,11.0,9.5,-110.0,-110.0,0.0,10.5,0.2605,0.4858215276799099
2021,Kansas,primary,12,6,3.283,3.0,1.0,2.0,3.0,4.0,7.0,1.5,165.0,-200.0,1.0,2.5,0.837,0.6179725317447512
2021,Kansas State,primary,12,7,5.4915,5.0,2.0,4.0,5.0,7.0,9.0,5.5,-125.0,105.0,-1.0,6.5,0.4805,0.5341922287325918
2021,Kent State,primary,13,5,6.804,7.0,3.0,5.0,7.0,9.0,11.0,5.5,105.0,-125.0,1.0,6.5,0.688,0.5772095423298234
2021,Kentucky,primary,12,7,6.5435,7.0,3.0,5.0,7.0,8.0,10.0,7.0,-145.0,120.0,-1.0,6.5,0.35,0.5071047873547171
2021,LSU,primary,12,7,5.6195,6.0,2.0,4.0,6.0,7.0,10.0,8.5,-105.0,-115.0,1.0,8.5,0.1085,0.4329079621728372
2021,Liberty,primary,12,6,7.668,8.0,4.0,6.0,8.0,9.0,11.0,9.0,-120.0,100.0,-1.0,8.5,0.22,0.4746874777630717
2021,Louisiana,primary,13,7,7.784,8.0,4.0,6.0,8.0,10.0,12.0,8.5,-165.0,140.0,-1.0,8.5,0.3995,0.5177077250834718
2021,Louisiana Tech,primary,12,6,6.0155,6.0,2.0,4.0,6.0,8.0,10.0,4.5,-125.0,105.0,-1.0,4.5,0.7225,0.5853225096014363
2021,Louisville,primary,12,7,7.063,7.0,3.0,5.0,7.0,9.0,11.0,6.5,-105.0,-115.0,1.0,6.5,0.6045,0.5591656665170285
2021,Marshall,primary,12,6,7.884,8.0,4.0,6.0,8.0,10.0,11.0,8.5,-105.0,-115.0,1.0,8.5,0.421,0.5221594269225452
2021,Maryland,primary,12,7,5.8325,6.0,2.0,4.0,6.0,8.0,10.0,5.5,-145.0,120.0,-1.0,6.5,0.5435,0.5467747402027234
2021,Massachusetts,primary,12,6,3.9045,4.0,2.0,3.0,4.0,5.0,7.0,1.5,-165.0,140.0,-1.0,2.5,0.967,0.6964478293513416
2021,Memphis,primary,12,7,6.5275,7.0,3.0,5.0,7.0,8.0,10.0,8.0,-110.0,-110.0,0.0,8.5,0.2095,0.4715723237627531
2021,Miami,primary,12,7,6.8825,7.0,3.0,5.0,7.0,9.0,11.0,9.5,125.0,-150.0,1.0,10.5,0.1355,0.4454104181806116
2021,Miami (OH),primary,12,5,6.601,7.0,3.0,5.0,7.0,8.0,10.0,5.5,120.0,-145.0,1.0,6.5,0.674,0.5740501133737725
2021,Michigan,primary,13,7,5.8165,6.0,2.0,4.0,6.0,8.0,10.0,7.5,-130.0,110.0,-1.0,8.5,0.271,0.4885195648263633
2021,Michigan State,primary,12,6,5.715,6.0,2.0,4.0,6.0,7.0,10.0,5.0,-125.0,105.0,-1.0,4.5,0.5305,0.5441732364591635
2021,Middle Tennessee,primary,12,5,5.4715,5.0,2.0,4.0,5.0,7.0,9.0,4.5,-130.0,110.0,-1.0,4.5,0.635,0.5655600063733294
2021,Minnesota,primary,12,7,5.818,6.0,2.0,4.0,6.0,8.0,10.0,7.0,-110.0,-110.0,0.0,6.5,0.2565,0.4847755108300249
2021,Mississippi State,primary,12,7,6.347,6.0,3.0,5.0,6.0,8.0,10.0,6.0,-120.0,100.0,-1.0,6.5,0.484,0.5348921016609307
2021,Missouri,primary,12,7,6.3925,6.0,3.0,5.0,6.0,8.0,10.0,7.0,-110.0,-110.0,0.0,6.5,0.32,0.5003461145334632
2021,NC State,primary,12,7,6.228,6.0,3.0,5.0,6.0,8.0,10.0,6.5,-115.0,-105.0,-1.0,6.5,0.4545,0.5289724589931049
2021,Navy,primary,12,6,4.005,4.0,0.0,2.0,4.0,6.0,8.0,3.5,-110.0,-110.0,0.0,4.5,0.5475,0.5475769161570719
2021,Nebraska,primary,12,7,6.7045,7.0,3.0,5.0,7.0,8.0,11.0,6.5,115.0,-135.0,1.0,6.5,0.54,0.5460735631578085
2021,Nevada,primary,12,6,6.88,7.0,3.0,5.0,7.0,9.0,11.0,7.5,-125.0,105.0,-1.0,8.5,0.406,0.5190615442621104
2021,New Mexico,primary,12,6,5.799,6.0,2.0,4.0,6.0,7.0,10.0,4.5,-125.0,105.0,-1.0,4.5,0.6995,0.5798582070835422
2021,New Mexico State,primary,12,5,5.298,5.0,2.0,4.0,5.0,7.0,9.0,1.5,-125.0,105.0,-1.0,2.5,0.9775,0.7128898748691532
2021,North Carolina,primary,12,7,8.39,9.0,4.0,7.0,9.0,10.0,12.0,9.5,-120.0,100.0,-1.0,10.5,0.3435,0.5056654076760658
2021,North Texas,primary,12,6,5.0815,5.0,2.0,3.0,5.0,7.0,9.0,4.0,105.0,-125.0,1.0,4.5,0.5685,0.5518068826692439
2021,Northern Illinois,primary,13,6,6.117,6.0,2.0,4.0,6.0,8.0,10.0,4.0,100.0,-120.0,1.0,4.5,0.7235,0.5855656909637492
2021,Northwestern,primary,12,6,7.309,7.0,3.0,6.0,7.0,9.0,11.0,6.5,-105.0,-115.0,1.0,6.5,0.6345,0.5654536710893401
2021,Notre Dame,primary,12,7,7.7115,8.0,4.0,6.0,8.0,9.0,11.0,8.5,-145.0,120.0,-1.0,8.5,0.4005,0.5179164897034053
2021,Ohio,primary,12,6,6.806,7.0,3.0,5.0,7.0,8.0,10.0,6.5,-125.0,105.0,-1.0,6.5,0.56,0.550090526356689
2021,Ohio State,primary,12,7,9.157,9.0,5.0,8.0,9.0,11.0,12.0,11.0,-115.0,-105.0,-1.0,10.5,0.113,0.4351605979515593
2021,Oklahoma,primary,12,7,8.408,9.0,4.0,7.0,9.0,10.0,12.0,11.0,-120.0,100.0,-1.0,10.5,0.0605,0.4018573930236359
2021,Oklahoma State,primary,13,7,7.74,8.0,4.0,6.0,8.0,10.0,11.0,7.5,-110.0,-110.0,0.0,8.5,0.555,0.5490837282668942
2021,Old Dominion,primary,12,6,5.399,5.0,2.0,4.0,5.0,7.0,9.0,3.5,-140.0,115.0,-1.0,4.5,0.773,0.598333920007056
2021,Ole Miss,primary,12,7,6.5675,7.0,3.0,5.0,7.0,8.0,10.0,7.5,-120.0,100.0,-1.0,8.5,0.367,0.5108124693143505
2021,Oregon,primary,13,7,8.4115,9.0,4.0,7.0,9.0,10.0,12.0,9.0,-125.0,105.0,-1.0,8.5,0.3445,0.5058876871945736
2021,Oregon State,primary,12,6,5.731,6.0,2.0,4.0,6.0,7.0,10.0,4.5,-135.0,115.0,-1.0,4.5,0.6875,0.5770955197573426
2021,Penn State,primary,12,7,7.1135,7.0,3.0,6.0,7.0,9.0,11.0,8.5,-125.0,105.0,-1.0,8.5,0.299,0.4954151873893961
2021,Pittsburgh,primary,13,7,7.431,8.0,3.0,6.0,8.0,9.0,11.0,7.0,-145.0,120.0,-1.0,6.5,0.502,0.5384857654669725
2021,Purdue,primary,12,6,5.4405,5.0,2.0,4.0,5.0,7.0,10.0,5.0,-145.0,120.0,-1.0,4.5,0.485,0.5350919796010571
2021,Rice,primary,12,6,6.223,6.0,2.0,5.0,6.0,8.0,10.0,6.0,120.0,-145.0,1.0,6.5,0.4615,0.5303821602903088
2021,Rutgers,primary,12,6,5.534,6.0,2.0,4.0,6.0,7.0,10.0,5.0,-110.0,-110.0,0.0,4.5,0.506,0.539283640462429
2021,SMU,primary,12,6,6.7025,7.0,3.0,5.0,7.0,8.0,10.0,6.5,-130.0,110.0,-1.0,6.5,0.539,0.5458733413850669
2021,San Diego State,primary,13,8,8.2415,8.0,4.0,7.0,8.0,10.0,12.0,6.5,-120.0,100.0,-1.0,6.5,0.7505,0.5923371010878492
2021,San José State,primary,12,6,7.2475,7.0,3.0,6.0,7.0,9.0,11.0,8.0,-105.0,-115.0,1.0,8.5,0.3155,0.4993047371758022
2021,South Alabama,primary,12,6,5.542,5.0,2.0,4.0,5.0,7.0,9.0,5.0,120.0,-145.0,1.0,4.5,0.4935,0.5367896737220592
2021,South Carolina,primary,12,7,5.057,5.0,2.0,3.0,5.0,7.0,9.0,3.5,-165.0,140.0,-1.0,4.5,0.724,0.5856874696733315
2021,South Florida,primary,12,6,4.71,5.0,1.0,3.0,5.0,6.0,9.0,3.5,120.0,-145.0,1.0,4.5,0.667,0.5724946960340694
2021,Southern Miss,primary,12,6,6.326,6.0,3.0,5.0,6.0,8.0,10.0,6.0,-110.0,-110.0,0.0,6.5,0.469,0.5318886433623526
2021,Stanford,primary,12,6,5.213,5.0,1.0,3.0,5.0,7.0,9.0,4.0,-135.0,115.0,-1.0,4.5,0.5965,0.5575154641161616
2021,Syracuse,primary,12,7,4.6005,4.0,1.0,3.0,4.0,6.0,9.0,3.0,-125.0,105.0,-1.0,2.5,0.6575,0.5704073906019551
2021,TCU,primary,12,7,7.571,8.0,4.0,6.0,8.0,9.0,11.0,7.5,-140.0,115.0,-1.0,8.5,0.532,0.5444730454102874
2021,Temple,primary,12,6,4.6245,4.0,1.0,3.0,4.0,6.0,9.0,3.0,-120.0,100.0,-1.0,2.5,0.663,0.5716126264678486
2021,Tennessee,primary,12,8,6.497,7.0,3.0,5.0,7.0,8.0,10.0,6.0,105.0,-125.0,1.0,6.5,0.504,0.5388847151025643
2021,Texas,primary,12,6,7.4035,8.0,3.0,6.0,8.0,9.0,11.0,8.0,105.0,-125.0,1.0,8.5,0.3585,0.5089684490955525
2021,Texas A&M,primary,12,7,8.092,8.0,4.0,7.0,8.0,10.0,11.0,9.5,-110.0,-110.0,0.0,10.5,0.3,0.4956542877161778
2021,Texas State,primary,12,6,5.5205,5.0,2.0,4.0,5.0,7.0,9.0,4.5,110.0,-130.0,1.0,4.5,0.6595,0.5708446621003085
2021,Texas Tech,primary,12,6,5.6465,6.0,2.0,4.0,6.0,7.0,9.0,5.0,-150.0,125.0,-1.0,4.5,0.5215,0.5423758400576237
2021,Toledo,primary,12,6,7.4475,8.0,4.0,6.0,8.0,9.0,11.0,8.5,-125.0,105.0,-1.0,8.5,0.352,0.5075451447526578
2021,Troy,primary,12,6,6.3915,6.0,3.0,5.0,6.0,8.0,10.0,6.5,-125.0,105.0,-1.0,6.5,0.487,0.5354916312047087
2021,Tulane,primary,12,6,6.351,6.0,2.0,5.0,6.0,8.0,10.0,5.0,-130.0,110.0,-1.0,4.5,0.6345,0.5654536710893401
2021,Tulsa,primary,12,6,6.7365,7.0,3.0,5.0,7.0,8.0,10.0,6.5,-120.0,100.0,-1.0,6.5,0.558,0.5496875734312698
2021,UAB,primary,12,5,6.745,7.0,3.0,5.0,7.0,8.0,10.0,7.5,-165.0,140.0,-1.0,8.5,0.3915,0.5160309180622372
2021,UCF,primary,12,7,7.2745,7.0,4.0,6.0,7.0,9.0,11.0,9.5,-110.0,-110.0,0.0,10.5,0.1715,0.4592364236955051
2021,UCLA,primary,12,7,6.6915,7.0,2.0,5.0,7.0,9.0,11.0,7.0,-110.0,-110.0,0.0,6.5,0.3995,0.5177077250834718
2021,UConn,primary,12,6,5.8165,6.0,3.0,4.0,6.0,7.0,9.0,2.5,-120.0,100.0,-1.0,2.5,0.9555,0.6830972771817984
2021,UL Monroe,primary,12,6,4.0115,4.0,1.0,3.0,4.0,5.0,8.0,1.5,-155.0,125.0,-1.0,2.5,0.9055,0.647057796706641
2021,UNLV,primary,12,6,4.6595,4.0,1.0,3.0,4.0,6.0,9.0,1.5,-110.0,-110.0,0.0,2.5,0.9465,0.6746256727804558
2021,USC,primary,12,7,6.573,7.0,2.0,5.0,7.0,8.0,11.0,8.5,-105.0,-115.0,1.0,8.5,0.2485,0.4826512717346451
2021,UTEP,primary,12,6,5.1725,5.0,2.0,3.0,5.0,7.0,9.0,3.0,-110.0,-110.0,0.0,2.5,0.7355,0.5885243533745261
2021,UTSA,primary,13,7,8.0475,8.0,4.0,6.0,8.0,10.0,12.0,8.0,100.0,-120.0,1.0,8.5,0.448,0.5276597993545322
2021,Utah,primary,13,6,7.4635,8.0,3.0,6.0,8.0,9.0,11.0,8.5,-145.0,120.0,-1.0,8.5,0.374,0.5123173796599038
2021,Utah State,primary,13,6,4.8855,5.0,1.0,3.0,5.0,6.0,9.0,3.5,-120.0,100.0,-1.0,4.5,0.6905,0.5777810384365114
2021,Vanderbilt,primary,12,7,4.6075,4.0,1.0,3.0,4.0,6.0,9.0,3.5,-115.0,-105.0,-1.0,4.5,0.6485,0.5684531364406956
2021,Virginia,primary,12,7,5.9855,6.0,2.0,4.0,6.0,8.0,10.0,6.5,105.0,-125.0,1.0,6.5,0.4095,0.5197875407941284
2021,Virginia Tech,primary,12,7,7.162,7.0,3.0,6.0,7.0,9.0,11.0,7.5,-150.0,125.0,-1.0,8.5,0.4615,0.5303821602903088
2021,Wake Forest,primary,13,6,6.7575,7.0,3.0,5.0,7.0,8.0,11.0,7.0,-120.0,100.0,-1.0,6.5,0.383,0.5142354464166597
2021,Washington,primary,12,7,6.708,7.0,3.0,5.0,7.0,8.0,11.0,8.5,-140.0,115.0,-1.0,8.5,0.2435,0.4813006625090703
2021,Washington State,primary,12,7,6.6175,7.0,3.0,5.0,7.0,8.0,10.0,6.0,100.0,-120.0,1.0,6.5,0.524,0.5428748998047481
2021,West Virginia,primary,12,6,6.7965,7.0,3.0,5.0,7.0,9.0,11.0,6.5,-120.0,100.0,-1.0,6.5,0.5515,0.5483800758674656
2021,Western Kentucky,primary,13,6,6.6105,7.0,2.0,5.0,7.0,9.0,11.0,5.5,-115.0,-105.0,-1.0,6.5,0.659,0.5707352388207004
2021,Western Michigan,primary,12,6,7.1755,7.0,3.0,6.0,7.0,9.0,11.0,6.0,-105.0,-115.0,1.0,6.5,0.6175,0.5618695793141324
2021,Wisconsin,primary,12,7,7.679,8.0,3.0,6.0,8.0,10.0,11.0,9.5,-125.0,105.0,-1.0,10.5,0.258,0.4851689894436016
2021,Wyoming,primary,12,6,6.2855,6.0,3.0,4.0,6.0,8.0,10.0,7.5,-135.0,115.0,-1.0,8.5,0.317,0.4996527401739779
2022,Air Force,primary,12,7,7.823,8.0,4.0,6.0,8.0,10.0,11.0,8.5,-145.0,120.0,-1.0,8.5,0.4105,0.5007510128959262
2022,Akron,primary,12,5,4.211,4.0,1.0,3.0,4.0,6.0,8.0,2.5,-105.0,-115.0,1.0,2.5,0.754,0.6134444611714663
2022,Alabama,primary,12,7,9.286,10.0,6.0,8.0,10.0,11.0,12.0,11.5,110.0,-135.0,1.0,10.5,0.125,0.3805060230742709
2022,App State,primary,12,7,8.4,9.0,4.0,7.0,9.0,10.0,12.0,8.5,-110.0,-110.0,0.0,8.5,0.523,0.5358259587351546
2022,Arizona,primary,12,7,4.8375,5.0,1.0,3.0,5.0,6.0,9.0,3.0,-145.0,120.0,-1.0,2.5,0.6895,0.5895336607415683
2022,Arizona State,primary,12,6,7.566,8.0,4.0,6.0,8.0,9.0,11.0,6.0,110.0,-135.0,1.0,6.5,0.6665,0.5816160232423637
2022,Arkansas,primary,12,7,6.8785,7.0,3.0,5.0,7.0,9.0,11.0,7.5,125.0,-150.0,1.0,8.5,0.4155,0.5023473262300289
2022,Arkansas State,primary,12,6,5.4145,5.0,2.0,4.0,5.0,7.0,9.0,4.5,-120.0,100.0,-1.0,4.5,0.635,0.5711339581828885
2022,Army,primary,12,6,7.9325,8.0,4.0,6.0,8.0,9.0,11.0,8.5,-110.0,-110.0,0.0,8.5,0.419,0.5034613981847976
2022,Auburn,primary,12,8,6.5195,7.0,3.0,5.0,7.0,8.0,10.0,6.0,-120.0,100.0,-1.0,6.5,0.503,0.5296556543228489
2022,BYU,primary,12,6,7.3805,7.0,3.0,6.0,7.0,9.0,11.0,8.5,100.0,-120.0,1.0,8.5,0.344,0.4788117148292584
2022,Ball State,primary,12,6,5.854,6.0,2.0,4.0,6.0,7.25,10.0,4.5,-140.0,115.0,-1.0,4.5,0.701,0.5935940865919316
2022,Baylor,primary,12,6,7.7255,8.0,4.0,6.0,8.0,9.0,11.0,7.5,-155.0,130.0,-1.0,8.5,0.5485,0.543712630621452
2022,Boise State,primary,13,7,7.1025,7.0,3.0,5.0,7.0,9.0,11.0,9.0,-120.0,100.0,-1.0,8.5,0.198,0.4211558704656462
2022,Boston College,primary,12,6,5.3235,5.0,2.0,4.0,5.0,7.0,9.0,9.0,-120.0,100.0,-1.0,8.5,0.046,0.3049877344406798
2022,Bowling Green,primary,12,6,4.549,4.0,1.0,3.0,4.0,6.0,9.0,3.5,-185.0,145.0,-1.0,4.5,0.633,0.570480227424406
2022,Buffalo,primary,12,5,6.0365,6.0,2.0,4.0,6.0,8.0,10.0,5.5,105.0,-125.0,1.0,6.5,0.5745,0.5518130031490378
2022,California,primary,12,7,6.223,6.0,2.0,4.0,6.0,8.0,10.0,5.5,-125.0,105.0,-1.0,6.5,0.603,0.5608105806205168
2022,Central Michigan,primary,12,6,6.518,7.0,3.0,5.0,7.0,8.0,10.0,7.5,100.0,-120.0,1.0,8.5,0.354,0.4822133727524441
2022,Charlotte,primary,12,6,5.3605,5.0,2.0,4.0,5.0,7.0,9.0,4.5,-110.0,-110.0,0.0,4.5,0.6205,0.5664217435100339
2022,Cincinnati,primary,12,6,8.492,9.0,5.0,7.0,9.0,10.0,12.0,9.0,-140.0,115.0,-1.0,8.5,0.349,0.4805179704182798
2022,Clemson,primary,13,7,8.6065,9.0,4.0,7.0,9.0,10.0,12.0,10.5,110.0,-130.0,1.0,10.5,0.2335,0.4370959676485226
2022,Coastal Carolina,primary,12,7,8.4925,9.0,4.0,7.0,9.0,10.0,12.0,7.5,-155.0,130.0,-1.0,8.5,0.69,0.5897086942533503
2022,Colorado,primary,12,6,3.6545,3.0,0.0,2.0,3.0,5.0,8.0,3.5,165.0,-200.0,1.0,4.5,0.4835,0.523633871077637
2022,Colorado State,primary,12,6,6.1315,6.0,2.0,4.0,6.0,8.0,10.0,5.5,-155.0,130.0,-1.0,6.5,0.591,0.5570035094153755
2022,Duke,primary,12,6,5.0445,5.0,1.0,3.0,5.0,7.0,9.0,3.0,-110.0,-110.0,0.0,2.5,0.7275,0.6032590959339001
2022,East Carolina,primary,12,7,6.823,7.0,3.0,5.0,7.0,9.0,11.0,6.5,110.0,-130.0,1.0,6.5,0.5625,0.5480643670068407
2022,Eastern Michigan,primary,12,6,6.2345,6.0,2.0,4.0,6.0,8.0,10.0,6.0,140.0,-165.0,1.0,6.5,0.4565,0.5152553648840661
2022,Florida,primary,12,7,6.8745,7.0,3.0,5.0,7.0,8.0,11.0,7.0,-125.0,105.0,-1.0,6.5,0.3955,0.4959250999066817
2022,Florida Atlantic,primary,12,6,6.523,7.0,3.0,5.0,7.0,8.0,11.0,6.0,-120.0,100.0,-1.0,6.5,0.5105,0.5319692740173652
2022,Florida International,primary,12,6,4.07,4.0,1.0,2.0,4.0,5.0,8.0,3.0,-115.0,-105.0,-1.0,2.5,0.5485,0.543712630621452
2022,Florida State,primary,12,7,7.067,7.0,3.0,5.0,7.0,9.0,11.0,6.5,-130.0,110.0,-1.0,6.5,0.6025,0.5606513411695889
2022,Fresno State,primary,13,6,8.203,8.0,4.0,6.0,8.0,10.0,12.0,8.5,-155.0,130.0,-1.0,8.5,0.488,0.5250248969447905
2022,Georgia,primary,13,6,10.332,11.0,7.0,9.0,11.0,12.0,13.0,11.0,-120.0,100.0,-1.0,10.5,0.33,0.4739722717158613
2022,Georgia Southern,primary,12,6,5.059,5.0,2.0,3.0,5.0,7.0,9.0,4.5,120.0,-145.0,1.0,4.5,0.5705,0.5505612701489683
2022,Georgia State,primary,12,6,6.336,6.0,2.0,4.0,6.0,8.0,11.0,7.5,125.0,-150.0,1.0,8.5,0.343,0.4784691189846277
2022,Georgia Tech,primary,12,5,4.925,5.0,2.0,3.0,5.0,6.0,9.0,3.5,110.0,-135.0,1.0,4.5,0.7065,0.595562912367915
2022,Hawai'i,primary,13,7,6.7305,7.0,3.0,5.0,7.0,9.0,11.0,4.5,130.0,-155.0,1.0,4.5,0.793,0.6296854866260241
2022,Houston,primary,12,6,7.186,7.0,3.0,5.0,7.0,9.0,11.0,9.5,140.0,-165.0,1.0,10.5,0.1955,0.4199623994538734
2022,Illinois,primary,12,7,5.6635,6.0,2.0,4.0,6.0,7.0,10.0,4.5,-135.0,110.0,-1.0,4.5,0.6605,0.5795900466835953
2022,Indiana,primary,12,7,4.1455,4.0,1.0,2.0,4.0,6.0,8.0,4.5,125.0,-150.0,1.0,4.5,0.3885,0.4936520656019914
2022,Iowa,primary,12,7,6.432,6.0,2.950000000000003,5.0,6.0,8.0,10.0,7.5,-110.0,-110.0,0.0,8.5,0.3455,0.479324759602567
2022,Iowa State,primary,12,7,8.029,8.0,4.0,6.0,8.0,10.0,11.0,6.5,-120.0,100.0,-1.0,6.5,0.7475,0.6108911027968513
2022,James Madison,primary,11,6,4.732,5.0,1.0,3.0,5.0,6.0,8.0,,,,,,,
2022,Kansas,primary,12,6,3.6645,3.0,1.0,2.0,3.0,5.0,8.0,2.5,-150.0,125.0,-1.0,2.5,0.675,0.5845129083382079
2022,Kansas State,primary,13,7,7.6,8.0,3.0,6.0,8.0,9.0,12.0,7.0,-145.0,120.0,-1.0,6.5,0.5225,0.5356716320875118
2022,Kent State,primary,12,5,6.004,6.0,2.0,4.0,6.0,8.0,10.0,5.5,100.0,-120.0,1.0,6.5,0.5855,0.5552681102943356
2022,Kentucky,primary,12,8,8.6755,9.0,5.0,7.0,9.0,10.0,12.0,7.5,-145.0,120.0,-1.0,8.5,0.722,0.6012143187579411
2022,LSU,primary,13,7,6.479,6.0,2.0,5.0,6.0,8.0,11.0,6.5,-145.0,120.0,-1.0,6.5,0.4875,0.5248703911116487
2022,Liberty,primary,12,6,7.6125,8.0,4.0,6.0,8.0,9.0,11.0,6.5,-165.0,140.0,-1.0,6.5,0.6885,0.5891839897897113
2022,Louisiana,primary,12,6,8.3,9.0,4.0,7.0,9.0,10.0,12.0,8.5,-120.0,100.0,-1.0,8.5,0.5025,0.5295013929144666
2022,Louisiana Tech,primary,12,5,5.671,6.0,2.0,4.0,6.0,7.0,10.0,4.5,-140.0,115.0,-1.0,4.5,0.668,0.5821249073652709
2022,Louisville,primary,12,6,6.017,6.0,2.0,4.0,6.0,8.0,10.0,6.5,105.0,-125.0,1.0,6.5,0.428,0.5063143660977271
2022,Marshall,primary,12,6,6.6475,7.0,3.0,5.0,7.0,8.0,10.0,7.5,-105.0,-115.0,1.0,8.5,0.3575,0.483393948235236
2022,Maryland,primary,12,7,5.723,6.0,2.0,4.0,6.0,8.0,10.0,6.0,-120.0,100.0,-1.0,6.5,0.388,0.4934891549738891
2022,Massachusetts,primary,12,5,4.127,4.0,1.0,2.0,4.0,6.0,8.0,2.5,110.0,-130.0,1.0,2.5,0.7455,0.6101130433664158
2022,Memphis,primary,12,7,6.1765,6.0,2.0,5.0,6.0,8.0,10.0,7.5,120.0,-145.0,1.0,8.5,0.295,0.4614066743138374
2022,Miami,primary,12,7,6.8085,7.0,3.0,5.0,7.0,9.0,11.0,8.5,-135.0,110.0,-1.0,8.5,0.26,0.4479933182651789
2022,Miami (OH),primary,12,5,6.919,7.0,3.0,5.0,7.0,9.0,11.0,6.5,-145.0,120.0,-1.0,6.5,0.5625,0.5480643670068407
2022,Michigan,primary,13,8,8.9865,9.0,4.0,7.0,9.0,11.0,13.0,9.5,-145.0,120.0,-1.0,10.5,0.4705,0.519607911165663
2022,Michigan State,primary,12,7,6.8,7.0,3.0,5.0,7.0,9.0,11.0,7.5,-140.0,115.0,-1.0,8.5,0.4125,0.5013902308185487
2022,Middle Tennessee,primary,12,5,6.182,6.0,2.0,4.0,6.0,8.0,10.0,5.5,-105.0,-115.0,1.0,6.5,0.594,0.5579525087481346
2022,Minnesota,primary,12,7,7.5145,8.0,3.0,6.0,8.0,9.0,11.0,7.5,-135.0,110.0,-1.0,8.5,0.522,0.5355173125260335
2022,Mississippi State,primary,12,7,6.928,7.0,3.0,5.0,7.0,9.0,10.049999999999956,6.5,-155.0,130.0,-1.0,6.5,0.581,0.5538522527810457
2022,Missouri,primary,12,7,5.771,6.0,2.0,4.0,6.0,7.0,10.0,5.5,115.0,-135.0,1.0,6.5,0.53,0.5379874332670258
2022,NC State,primary,12,7,7.308,7.0,3.0,6.0,7.0,9.0,11.0,8.5,-160.0,135.0,-1.0,8.5,0.3375,0.4765765583274079
2022,Navy,primary,12,5,5.8075,6.0,2.0,4.0,6.0,8.0,10.0,4.5,115.0,-140.0,1.0,4.5,0.6845,0.5877905025934074
2022,Nebraska,primary,12,7,6.8835,7.0,3.0,5.0,7.0,9.0,11.0,7.5,-115.0,-105.0,-1.0,8.5,0.4155,0.5023473262300289
2022,Nevada,primary,12,6,6.6535,7.0,3.0,5.0,7.0,9.0,11.0,4.5,135.0,-165.0,1.0,4.5,0.796,0.6310110220717089
2022,New Mexico,primary,12,6,4.6895,4.0,1.0,3.0,4.0,6.0,9.0,3.0,100.0,-120.0,1.0,2.5,0.652,0.5767448483949051
2022,New Mexico State,primary,12,6,5.2795,5.0,2.0,4.0,5.0,7.0,9.0,2.5,-120.0,100.0,-1.0,2.5,0.928,0.7122813107778074
2022,North Carolina,primary,13,6,7.7715,8.0,3.0,6.0,8.0,10.0,12.0,7.5,115.0,-135.0,1.0,8.5,0.5555,0.5458859512693264
2022,North Texas,primary,13,6,6.3985,6.0,2.0,5.0,6.0,8.0,11.0,6.5,105.0,-125.0,1.0,6.5,0.4695,0.5192976658947248
2022,Northern Illinois,primary,12,6,5.5815,6.0,2.0,4.0,6.0,7.0,9.0,7.0,110.0,-130.0,1.0,6.5,0.2045,0.4242109433704977
2022,Northwestern,primary,12,6,4.284,4.0,1.0,3.0,4.0,6.0,8.0,3.5,-140.0,115.0,-1.0,4.5,0.602,0.5604921573761046
2022,Notre Dame,primary,12,6,7.919,8.0,4.0,6.0,8.0,10.0,11.0,8.5,-150.0,125.0,-1.0,8.5,0.441,0.5104084838204247
2022,Ohio,primary,13,6,6.2385,6.0,2.0,4.0,6.0,8.0,10.049999999999956,5.5,-110.0,-110.0,0.0,6.5,0.605,0.5614481018750127
2022,Ohio State,primary,12,8,9.379,10.0,5.0,8.0,10.0,11.0,12.0,11.0,-140.0,115.0,-1.0,10.5,0.145,0.3931019164056954
2022,Oklahoma,primary,12,6,7.216,7.0,3.0,6.0,7.0,9.0,11.0,9.0,-135.0,110.0,-1.0,8.5,0.1925,0.4185161372692761
2022,Oklahoma State,primary,12,7,7.8725,8.0,4.0,6.0,8.0,10.0,11.0,8.5,105.0,-125.0,1.0,8.5,0.4245,0.5052068202103015
2022,Old Dominion,primary,12,6,5.4365,5.0,1.0,4.0,5.0,7.0,10.0,4.5,100.0,-120.0,1.0,4.5,0.6235,0.5673916510470471
2022,Ole Miss,primary,12,7,6.5205,6.0,3.0,5.0,6.0,8.0,11.0,7.5,-150.0,125.0,-1.0,8.5,0.347,0.4798367973341312
2022,Oregon,primary,12,6,7.447,8.0,3.950000000000003,6.0,8.0,9.0,11.0,8.5,-130.0,110.0,-1.0,8.5,0.3545,0.4823823342290872
2022,Oregon State,primary,12,6,6.783,7.0,3.0,5.0,7.0,9.0,11.0,6.5,105.0,-125.0,1.0,6.5,0.556,0.546041373845269
2022,Penn State,primary,12,7,6.7965,7.0,3.0,5.0,7.0,9.0,11.0,8.5,-105.0,-115.0,1.0,8.5,0.2635,0.4493804602478408
2022,Pittsburgh,primary,12,7,7.7795,8.0,4.0,6.0,8.0,10.0,11.0,8.5,105.0,-125.0,1.0,8.5,0.405,0.4989882050562626
2022,Purdue,primary,13,6,7.756,8.0,3.0,6.0,8.0,10.0,12.0,7.5,115.0,-140.0,1.0,8.5,0.557,0.5463522981467902
2022,Rice,primary,12,6,4.582,4.0,1.0,3.0,4.0,6.0,9.0,3.5,125.0,-155.0,1.0,4.5,0.638,0.5721169546906361
2022,Rutgers,primary,12,6,5.194,5.0,2.0,3.0,5.0,7.0,9.0,4.0,-115.0,-105.0,-1.0,4.5,0.5925,0.557477788858076
2022,SMU,primary,12,6,6.6155,7.0,2.0,5.0,7.0,8.0,11.0,6.5,-175.0,145.0,-1.0,6.5,0.5215,0.535362999770086
2022,San Diego State,primary,12,7,7.296,7.0,3.0,6.0,7.0,9.0,11.0,7.5,-130.0,110.0,-1.0,8.5,0.4845,0.5239430839244165
2022,San José State,primary,11,6,5.154,5.0,2.0,3.0,5.0,7.0,9.0,6.5,110.0,-135.0,1.0,6.5,0.275,0.4538624676549758
2022,South Alabama,primary,12,6,6.572,7.0,3.0,5.0,7.0,8.0,10.0,5.5,-125.0,105.0,-1.0,6.5,0.6585,0.578918022981373
2022,South Carolina,primary,12,7,4.9445,5.0,2.0,3.0,5.0,6.0,9.0,6.5,100.0,-120.0,1.0,6.5,0.243,0.4410877300174753
2022,South Florida,primary,12,5,4.3145,4.0,1.0,3.0,4.0,6.0,8.0,4.5,115.0,-140.0,1.0,4.5,0.426,0.505681776259978
2022,Southern Miss,primary,12,6,5.0735,5.0,2.0,3.0,5.0,7.0,9.0,4.5,-165.0,140.0,-1.0,4.5,0.5675,0.5496239486587502
2022,Stanford,primary,12,6,4.5615,4.0,1.0,3.0,4.0,6.0,9.0,4.5,105.0,-125.0,1.0,4.5,0.459,0.5160341617164279
2022,Syracuse,primary,12,7,6.3425,6.0,2.0,5.0,6.0,8.0,10.0,5.0,120.0,-145.0,1.0,4.5,0.623,0.5672298250680851
2022,TCU,primary,13,6,6.024,6.0,2.0,4.0,6.0,8.0,10.0,6.5,-145.0,120.0,-1.0,6.5,0.4185,0.5033024084750123
2022,Temple,primary,12,7,3.993,4.0,1.0,2.0,4.0,5.0,8.0,2.5,-150.0,125.0,-1.0,2.5,0.73,0.6041958496356719
2022,Tennessee,primary,12,7,6.845,7.0,3.0,5.0,7.0,8.0,11.0,8.0,-105.0,-115.0,1.0,8.5,0.2465,0.4425334174255466
2022,Texas,primary,12,7,5.7325,6.0,2.0,4.0,6.0,8.0,10.0,8.5,105.0,-125.0,1.0,8.5,0.149,0.3954607070047096
2022,Texas A&M,primary,12,7,7.2995,7.0,3.0,6.0,7.0,9.0,11.0,8.5,-165.0,135.0,-1.0,8.5,0.327,0.4729226034002158
2022,Texas State,primary,12,6,5.271,5.0,2.0,4.0,5.0,7.0,9.0,4.5,-110.0,-110.0,0.0,4.5,0.594,0.5579525087481346
2022,Texas Tech,primary,12,7,6.616,7.0,3.0,5.0,7.0,8.0,11.0,5.5,-135.0,110.0,-1.0,6.5,0.665,0.5811081082149776
2022,Toledo,primary,13,6,7.5185,8.0,3.950000000000003,6.0,8.0,9.0,11.0,8.0,-120.0,100.0,-1.0,8.5,0.374,0.4888956043498509
2022,Troy,primary,13,7,6.158,6.0,2.0,4.0,6.0,8.0,10.0,6.5,-105.0,-115.0,1.0,6.5,0.441,0.5104084838204247
2022,Tulane,primary,13,8,7.0475,7.0,3.0,5.0,7.0,9.0,11.0,6.0,-120.0,100.0,-1.0,6.5,0.582,0.5541665889996062
2022,Tulsa,primary,12,6,7.245,7.0,3.0,6.0,7.0,9.0,11.0,5.5,-140.0,115.0,-1.0,6.5,0.7615,0.6164398545416213
2022,UAB,primary,12,6,7.5495,8.0,3.0,6.0,8.0,9.0,11.0,8.5,-110.0,-110.0,0.0,8.5,0.379,0.490543486010648
2022,UCF,primary,13,7,7.6765,8.0,3.0,6.0,8.0,10.0,12.0,8.5,-155.0,130.0,-1.0,8.5,0.395,0.4957632065918745
2022,UCLA,primary,12,8,7.6775,8.0,4.0,6.0,8.0,9.0,11.0,8.5,100.0,-120.0,1.0,8.5,0.388,0.4934891549738891
2022,UConn,primary,12,6,4.1735,4.0,1.0,3.0,4.0,5.0,8.0,2.5,105.0,-125.0,1.0,2.5,0.779,0.6236552123915899
2022,UL Monroe,primary,12,5,4.379,4.0,1.0,3.0,4.0,6.0,8.0,2.5,-130.0,110.0,-1.0,2.5,0.7925,0.6294657596095609
2022,UNLV,primary,12,6,5.224,5.0,2.0,4.0,5.0,7.0,9.0,4.5,120.0,-145.0,1.0,4.5,0.5855,0.5552681102943356
2022,USC,primary,13,7,7.2075,7.0,3.0,5.0,7.0,9.0,12.0,9.5,100.0,-120.0,1.0,10.5,0.225,0.4334347254974632
2022,UTEP,primary,12,6,5.977,6.0,2.0,4.0,6.0,8.0,10.0,5.5,-145.0,115.0,-1.0,6.5,0.564,0.5485319112749218
2022,UTSA,primary,13,7,8.285,8.0,4.0,6.0,8.0,10.0,12.0,8.5,125.0,-150.0,1.0,8.5,0.4875,0.5248703911116487
2022,Utah,primary,13,6,8.2225,8.0,4.0,6.0,8.0,10.0,12.0,9.0,-135.0,110.0,-1.0,8.5,0.3325,0.4748434742327454
2022,Utah State,primary,12,6,6.763,7.0,3.0,5.0,7.0,8.0,10.0,7.0,115.0,-140.0,1.0,6.5,0.3895,0.4939776619493505
2022,Vanderbilt,primary,12,6,3.458,3.0,1.0,2.0,3.0,5.0,7.0,2.5,105.0,-125.0,1.0,2.5,0.6505,0.5762456416893547
2022,Virginia,primary,10,6,5.645,6.0,2.0,4.0,6.0,7.0,9.0,7.5,135.0,-160.0,1.0,8.5,0.212,0.4276546373674835
2022,Virginia Tech,primary,11,5,5.883,6.0,2.0,4.0,6.0,8.0,10.0,6.5,135.0,-160.0,1.0,6.5,0.4,0.4973790381569593
2022,Wake Forest,primary,12,7,6.6015,7.0,3.0,5.0,7.0,8.0,11.0,8.5,100.0,-130.0,1.0,8.5,0.2365,0.4383675502571604
2022,Washington,primary,12,7,6.2735,6.0,2.0,5.0,6.0,8.0,10.0,7.5,-125.0,105.0,-1.0,8.5,0.3075,0.4659790897140131
2022,Washington State,primary,12,7,6.184,6.0,2.0,4.0,6.0,8.0,10.0,5.5,105.0,-125.0,1.0,6.5,0.6065,0.5619268441127927
2022,West Virginia,primary,12,6,5.701,6.0,2.0,4.0,6.0,7.0,10.0,5.5,-120.0,100.0,-1.0,6.5,0.514,0.5330489345388123
2022,Western Kentucky,primary,13,6,8.1665,8.0,4.0,6.0,8.0,10.0,12.0,8.5,130.0,-155.0,1.0,8.5,0.475,0.5210029518092631
2022,Western Michigan,primary,12,6,7.4845,8.0,3.0,6.0,8.0,9.0,11.0,6.5,135.0,-165.0,1.0,6.5,0.66,0.5794218890630283
2022,Wisconsin,primary,12,7,8.0515,8.0,4.0,7.0,8.0,10.0,11.0,8.5,-140.0,120.0,-1.0,8.5,0.461,0.5166566786943368
2022,Wyoming,primary,12,6,5.482,5.0,2.0,4.0,5.0,7.0,9.049999999999956,5.0,115.0,-140.0,1.0,4.5,0.488,0.5250248969447905
2023,Air Force,val,12,5,7.7325,8.0,4.0,6.0,8.0,9.0,11.0,8.5,-135.0,115.0,-1.0,8.5,0.3875,0.4681221076292743
2023,Akron,val,12,5,5.493,5.0,2.0,4.0,5.0,7.0,9.0,4.0,-135.0,115.0,-1.0,4.5,0.6505,0.5688273445216655
2023,Alabama,val,13,7,8.5835,9.0,5.0,7.0,9.0,10.0,12.0,10.0,-155.0,130.0,-1.0,10.5,0.217,0.3923873066984909
2023,App State,val,13,6,7.198,7.0,3.0,5.0,7.0,9.0,11.0,7.0,-105.0,-115.0,1.0,6.5,0.4495,0.4920050554612353
2023,Arizona,val,12,6,5.7655,6.0,2.0,4.0,6.0,7.0,10.0,5.0,-130.0,110.0,-1.0,4.5,0.536,0.5245185469944089
2023,Arizona State,val,12,8,5.5185,5.0,2.0,4.0,5.0,7.0,9.0,4.5,-125.0,105.0,-1.0,4.5,0.66,0.572692122681407
2023,Arkansas,val,12,6,7.1225,7.0,4.0,6.0,7.0,9.0,11.0,6.5,-160.0,135.0,-1.0,6.5,0.6205,0.556869998396401
2023,Arkansas State,val,12,6,4.9925,5.0,2.0,3.0,5.0,6.0,9.0,4.5,-115.0,-105.0,-1.0,4.5,0.577,0.5400393921682176
2023,Army,val,12,6,5.9225,6.0,3.0,5.0,6.0,7.0,9.0,6.0,-125.0,105.0,-1.0,6.5,0.378,0.4643684152212822
2023,Auburn,val,12,7,6.9525,7.0,3.0,5.0,7.0,9.0,10.0,6.5,-135.0,115.0,-1.0,6.5,0.578,0.5404212317675281
2023,BYU,val,12,6,6.106,6.0,3.0,5.0,6.0,8.0,10.0,5.5,125.0,-150.0,1.0,6.5,0.5945,0.5467521983430573
2023,Ball State,val,12,6,5.6395,6.0,2.0,4.0,6.0,7.0,9.0,5.0,105.0,-125.0,1.0,4.5,0.5205,0.5186964544503151
2023,Baylor,val,12,8,6.81,7.0,3.0,5.0,7.0,8.0,10.0,7.0,-120.0,100.0,-1.0,6.5,0.378,0.4643684152212822
2023,Boise State,val,13,6,8.0095,8.0,4.0,6.0,8.0,10.0,12.0,8.5,110.0,-130.0,1.0,8.5,0.444,0.4899190327398529
2023,Boston College,val,12,7,5.1255,5.0,2.0,4.0,5.0,7.0,9.0,5.5,-150.0,125.0,-1.0,6.5,0.4215,0.4813296596124853
2023,Bowling Green,val,12,5,5.873,6.0,2.0,4.0,6.0,8.0,10.0,4.5,110.0,-130.0,1.0,4.5,0.711,0.5942885076839232
2023,Buffalo,val,12,6,5.4145,5.0,2.0,4.0,5.0,7.0,9.0,6.0,110.0,-130.0,1.0,6.5,0.3225,0.4416695461257088
2023,California,val,12,6,4.814,5.0,2.0,3.0,5.0,6.0,9.0,5.0,-110.0,-110.0,0.0,4.5,0.355,0.4551371874271708
2023,Central Michigan,val,12,5,5.559,6.0,2.0,4.0,6.0,7.0,9.0,5.5,115.0,-140.0,1.0,6.5,0.504,0.5125092310575987
2023,Charlotte,val,12,6,4.605,4.0,1.0,3.0,4.0,6.0,8.0,3.5,-110.0,-110.0,0.0,4.5,0.663,0.5739214787213548
2023,Cincinnati,val,12,7,6.5355,7.0,3.0,5.0,7.0,8.0,10.0,5.0,105.0,-125.0,1.0,4.5,0.666,0.5751553087707033
2023,Clemson,val,12,7,8.0015,8.0,4.0,7.0,8.0,10.0,11.0,10.0,-130.0,110.0,-1.0,10.5,0.1285,0.3376035365228716
2023,Coastal Carolina,val,12,6,6.5995,7.0,3.0,5.0,7.0,8.0,10.0,7.5,-110.0,-110.0,0.0,8.5,0.361,0.4575665813689298
2023,Colorado,val,12,6,2.9515,3.0,0.0,2.0,3.0,4.0,6.0,3.5,105.0,-125.0,1.0,4.5,0.344,0.4506401190706137
2023,Colorado State,val,12,6,5.8615,6.0,2.0,4.0,6.0,7.0,10.0,5.0,-110.0,-110.0,0.0,4.5,0.548,0.529038852692431
2023,Duke,val,12,7,5.9955,6.0,2.0,4.0,6.0,8.0,10.0,6.0,-130.0,110.0,-1.0,6.5,0.411,0.4772842748097275
2023,East Carolina,val,12,6,7.1395,7.0,3.0,6.0,7.0,9.0,11.0,5.5,110.0,-130.0,1.0,6.5,0.768,0.620825382117863
2023,Eastern Michigan,val,12,6,6.802,7.0,3.0,5.0,7.0,8.0,10.0,7.5,130.0,-155.0,1.0,8.5,0.3805,0.4653593134516705
2023,Florida,val,12,6,6.092,6.0,2.0,5.0,6.0,8.0,10.0,5.5,-140.0,115.0,-1.0,6.5,0.6045,0.5506209104638693
2023,Florida Atlantic,val,12,6,5.555,6.0,2.0,4.0,6.0,7.0,9.0,7.5,105.0,-125.0,1.0,8.5,0.2105,0.388933720315111
2023,Florida International,val,12,6,4.52,4.0,1.0,3.0,4.0,6.0,8.0,3.5,-110.0,-110.0,0.0,4.5,0.657,0.5714671220535464
2023,Florida State,val,13,6,8.4245,9.0,4.0,7.0,9.0,10.0,12.0,9.5,-145.0,120.0,-1.0,10.5,0.3475,0.4520773122755864
2023,Fresno State,val,12,6,7.3265,7.0,4.0,6.0,7.0,9.0,11.0,8.0,100.0,-120.0,1.0,8.5,0.3125,0.4374051213552611
2023,Georgia,val,13,7,10.109,10.0,7.0,9.0,10.0,12.0,13.0,11.5,115.0,-135.0,1.0,10.5,0.261,0.4142693250309365
2023,Georgia Southern,val,12,6,4.8275,5.0,2.0,3.0,5.0,6.0,8.0,6.5,120.0,-145.0,1.0,6.5,0.209,0.3881272909822386
2023,Georgia State,val,12,6,6.302,6.0,3.0,5.0,6.0,8.0,10.0,5.5,125.0,-150.0,1.0,6.5,0.621,0.5570665756456854
2023,Georgia Tech,val,12,6,4.9885,5.0,2.0,3.0,5.0,6.0,9.0,4.0,-135.0,115.0,-1.0,4.5,0.565,0.5354716180298265
2023,Hawai'i,val,13,7,5.2625,5.0,2.0,4.0,5.0,7.0,9.0,3.5,-135.0,115.0,-1.0,4.5,0.7715,0.622567525027597
2023,Houston,val,12,7,6.144,6.0,2.0,4.0,6.0,8.0,10.0,4.5,-135.0,115.0,-1.0,4.5,0.7345,0.6048540931064449
2023,Illinois,val,12,7,7.3695,8.0,3.0,6.0,8.0,9.0,11.0,6.5,-120.0,100.0,-1.0,6.5,0.6605,0.5728967097217551
2023,Indiana,val,12,6,5.045,5.0,2.0,4.0,5.0,6.0,9.0,3.5,-140.0,120.0,-1.0,4.5,0.7525,0.6132861905865793
2023,Iowa,val,13,7,7.213,7.0,3.0,5.0,7.0,9.0,11.0,8.5,105.0,-125.0,1.0,8.5,0.3195,0.440396787343334
2023,Iowa State,val,12,6,6.392,6.0,3.0,5.0,6.0,8.0,10.0,4.5,-110.0,-110.0,0.0,4.5,0.7795,0.6266092523441007
2023,Jacksonville State,val,12,6,5.8925,6.0,2.0,4.0,6.0,7.0,10.0,4.5,115.0,-135.0,1.0,4.5,0.716,0.5964987305923753
2023,James Madison,val,12,6,8.574,9.0,5.0,7.0,9.0,10.0,12.0,8.5,120.0,-145.0,1.0,8.5,0.543,0.5271536790311615
2023,Kansas,val,12,7,6.158,6.0,2.0,5.0,6.0,8.0,10.0,6.0,-145.0,120.0,-1.0,6.5,0.447,0.491057436295656
2023,Kansas State,val,12,7,7.303,7.0,3.0,6.0,7.0,9.0,11.0,8.0,-135.0,115.0,-1.0,8.5,0.316,0.4389048562542719
2023,Kent State,val,12,5,6.2745,6.0,3.0,5.0,6.0,8.0,10.0,2.5,120.0,-140.0,1.0,2.5,0.9595,0.7740390232083463
2023,Kentucky,val,12,7,6.311,6.0,3.0,5.0,6.0,8.0,10.0,7.0,-125.0,105.0,-1.0,6.5,0.309,0.4358973499165392
2023,LSU,val,12,7,7.713,8.0,4.0,6.0,8.0,9.0,11.0,9.5,-125.0,105.0,-1.0,10.5,0.2195,0.3936984783160828
2023,Liberty,val,13,8,8.811,9.0,5.0,7.0,9.0,11.0,12.0,8.5,-145.0,120.0,-1.0,8.5,0.5725,0.5383234715802028
2023,Louisiana,val,12,6,6.5885,7.0,3.0,5.0,7.0,8.0,10.0,7.5,120.0,-150.0,1.0,8.5,0.3405,0.4491967832893061
2023,Louisiana Tech,val,12,6,5.041,5.0,2.0,4.0,5.0,6.0,9.0,6.0,-115.0,-105.0,-1.0,6.5,0.246,0.4070721005217871
2023,Louisville,val,13,7,8.1645,8.0,4.0,7.0,8.0,10.0,12.0,8.0,-120.0,100.0,-1.0,8.5,0.459,0.4955980799567001
2023,Marshall,val,12,6,7.131,7.0,3.0,6.0,7.0,9.0,11.0,7.5,125.0,-150.0,1.0,8.5,0.446,0.4906781244596317
2023,Maryland,val,12,7,6.884,7.0,3.0,5.0,7.0,8.0,10.0,7.5,110.0,-130.0,1.0,8.5,0.3875,0.4681221076292743
2023,Massachusetts,val,12,6,3.809,4.0,1.0,2.0,4.0,5.0,7.0,2.5,110.0,-130.0,1.0,2.5,0.7235,0.5998511414643307
2023,Memphis,val,12,6,7.194,7.0,3.0,6.0,7.0,9.0,11.0,8.0,-115.0,-105.0,-1.0,8.5,0.2995,0.4317623990166918
2023,Miami,val,12,7,6.5905,7.0,3.0,5.0,7.0,8.0,10.0,7.5,110.0,-135.0,1.0,8.5,0.351,0.4535085489401098
2023,Miami (OH),val,13,5,6.3715,6.0,3.0,5.0,6.0,8.0,10.0,6.5,-175.0,145.0,-1.0,6.5,0.462,0.4967303656511861
2023,Michigan,val,13,7,9.6975,10.0,6.0,8.0,10.0,11.0,13.0,10.5,-145.0,120.0,-1.0,10.5,0.392,0.4698894882355207
2023,Michigan State,val,12,6,5.6305,6.0,2.0,4.0,6.0,7.0,9.0,5.0,-135.0,115.0,-1.0,4.5,0.5165,0.5171959497943365
2023,Middle Tennessee,val,12,6,5.948,6.0,2.0,4.0,6.0,7.0,9.0,6.5,-115.0,-105.0,-1.0,6.5,0.3955,0.4712596478176496
2023,Minnesota,val,12,7,6.639,7.0,3.0,5.0,7.0,8.0,10.0,7.0,110.0,-130.0,1.0,6.5,0.373,0.4623796865623655
2023,Mississippi State,val,12,8,7.5445,8.0,4.0,6.0,8.0,9.0,11.0,6.0,-120.0,100.0,-1.0,6.5,0.6865,0.583716055304056
2023,Missouri,val,12,7,6.58,7.0,3.0,5.0,7.0,8.0,10.0,6.0,-125.0,105.0,-1.0,6.5,0.5115,0.5153209788398617
2023,NC State,val,12,7,7.0905,7.0,3.0,5.0,7.0,9.0,11.0,6.5,-155.0,130.0,-1.0,6.5,0.6105,0.5529552657513237
2023,Navy,val,12,6,6.961,7.0,3.0,5.0,7.0,9.0,10.0,6.5,120.0,-145.0,1.0,6.5,0.5895,0.5448272707540454
2023,Nebraska,val,12,7,5.481,5.0,2.0,4.0,5.0,7.0,10.0,6.5,115.0,-135.0,1.0,6.5,0.3265,0.4433581384617946
2023,Nevada,val,12,6,5.6415,6.0,2.0,4.0,6.0,7.0,9.0,4.0,-145.0,120.0,-1.0,4.5,0.6705,0.5770147079706962
2023,New Mexico,val,12,6,5.2205,5.0,2.0,4.0,5.0,7.0,9.0,3.5,-125.0,105.0,-1.0,4.5,0.771,0.6223176997486843
2023,New Mexico State,val,14,6,6.202,6.0,3.0,4.0,6.0,8.0,10.0,6.5,125.0,-150.0,1.0,6.5,0.4345,0.4863041903059782
2023,North Carolina,val,12,7,6.859,7.0,3.0,5.0,7.0,8.0,10.0,8.0,100.0,-120.0,1.0,8.5,0.236,0.402131708805333
2023,North Texas,val,12,6,6.2565,6.0,3.0,5.0,6.0,8.0,10.0,6.0,100.0,-120.0,1.0,6.5,0.454,0.4937085077084734
2023,Northern Illinois,val,12,6,6.041,6.0,2.0,4.0,6.0,8.0,10.0,5.5,-160.0,135.0,-1.0,6.5,0.579,0.5408032681589632
2023,Northwestern,val,12,6,5.4345,5.0,2.0,4.0,5.0,7.0,9.0,3.0,-110.0,-110.0,0.0,2.5,0.804,0.6395669992095769
2023,Notre Dame,val,12,6,7.3045,7.0,4.0,6.0,7.0,9.0,11.0,8.5,-115.0,-105.0,-1.0,8.5,0.304,0.4337289741769582
2023,Ohio,val,12,6,7.086,7.0,3.0,5.75,7.0,9.0,11.0,7.5,-110.0,-110.0,0.0,8.5,0.4455,0.4904884105545926
2023,Ohio State,val,12,6,8.627,9.0,5.0,7.0,9.0,10.0,12.0,10.5,-110.0,-110.0,0.0,10.5,0.185,0.3746882636076949
2023,Oklahoma,val,12,6,6.8005,7.0,3.0,5.0,7.0,8.0,11.0,9.5,-105.0,-115.0,1.0,10.5,0.1385,0.344895554537164
2023,Oklahoma State,val,13,7,6.096,6.0,2.0,4.0,6.0,8.0,10.0,6.5,-110.0,-110.0,0.0,6.5,0.4165,0.4794065960687832
2023,Old Dominion,val,12,6,5.108,5.0,2.0,3.0,5.0,7.0,9.0,3.5,115.0,-135.0,1.0,4.5,0.7455,0.609968482785789
2023,Ole Miss,val,12,7,6.994,7.0,3.0,6.0,7.0,9.0,10.0,7.5,-120.0,100.0,-1.0,8.5,0.4145,0.478635710251101
2023,Oregon,val,13,7,8.601,9.0,5.0,7.0,9.0,10.0,12.0,9.5,110.0,-130.0,1.0,10.5,0.3635,0.4585742033634626
2023,Oregon State,val,12,6,7.1655,7.0,4.0,6.0,7.0,9.0,11.0,8.5,110.0,-130.0,1.0,8.5,0.2915,0.4282293300952171
2023,Penn State,val,12,7,8.082,8.0,4.0,7.0,8.0,10.0,11.0,9.5,-150.0,125.0,-1.0,10.5,0.2565,0.4121354619535872
2023,Pittsburgh,val,12,6,7.089,7.0,3.0,6.0,7.0,9.0,11.0,7.0,-130.0,110.0,-1.0,6.5,0.444,0.4899190327398529
2023,Purdue,val,12,7,5.945,6.0,2.0,4.0,6.0,8.0,10.0,4.5,-135.0,115.0,-1.0,4.5,0.721,0.598728585735507
2023,Rice,val,12,7,5.0355,5.0,2.0,3.0,5.0,6.0,9.0,4.5,-110.0,-110.0,0.0,4.5,0.5695,0.5371815761167589
2023,Rutgers,val,12,7,4.534,4.0,2.0,3.0,4.0,6.0,8.0,4.5,100.0,-120.0,1.0,4.5,0.4725,0.5006859251686969
2023,SMU,val,13,6,7.0995,7.0,3.0,6.0,7.0,9.0,11.0,8.5,-120.0,100.0,-1.0,8.5,0.288,0.4266680687075422
2023,Sam Houston,val,12,5,5.6495,6.0,2.0,4.0,6.0,7.0,9.0,3.5,-130.0,110.0,-1.0,4.5,0.8185,0.647717021074877
2023,San Diego State,val,12,7,6.085,6.0,2.0,4.0,6.0,8.0,10.0,7.0,-105.0,-115.0,1.0,6.5,0.2725,0.4196312209992931
2023,San José State,val,12,6,6.7825,7.0,3.0,5.0,7.0,8.0,10.0,5.5,-105.0,-115.0,1.0,6.5,0.715,0.5960551421613103
2023,South Alabama,val,12,6,7.1495,7.0,3.0,6.0,7.0,9.0,11.0,8.0,-125.0,105.0,-1.0,8.5,0.3035,0.43351118010699
2023,South Carolina,val,12,7,5.8765,6.0,2.0,4.0,6.0,7.0,9.0,6.0,-135.0,115.0,-1.0,6.5,0.3795,0.464963225601727
2023,South Florida,val,12,6,5.0315,5.0,2.0,4.0,5.0,6.0,9.0,4.5,100.0,-120.0,1.0,4.5,0.5665,0.5360412320997571
2023,Southern Miss,val,12,6,5.2355,5.0,2.0,4.0,5.0,7.0,9.0,5.0,-130.0,110.0,-1.0,4.5,0.457,0.4948426289372481
2023,Stanford,val,12,7,5.0515,5.0,2.0,3.0,5.0,6.0,9.0,2.5,-150.0,125.0,-1.0,2.5,0.886,0.6927873976321116
2023,Syracuse,val,12,6,6.958,7.0,3.0,5.0,7.0,9.0,10.0,6.0,100.0,-120.0,1.0,6.5,0.584,0.5427165043607673
2023,TCU,val,12,7,7.745,8.0,4.0,6.0,8.0,9.0,11.0,7.5,-135.0,110.0,-1.0,8.5,0.57,0.5373717822192575
2023,Temple,val,12,7,4.969,5.0,2.0,3.0,5.0,6.0,9.0,5.5,105.0,-125.0,1.0,6.5,0.379,0.4647650464018054
2023,Tennessee,val,12,7,8.6645,9.0,5.0,7.0,9.0,10.0,12.0,9.0,-105.0,-115.0,1.0,8.5,0.365,0.4591775099973421
2023,Texas,val,13,6,8.4785,9.0,4.0,7.0,9.0,10.0,12.0,9.5,-135.0,115.0,-1.0,10.5,0.37,0.4611818597577456
2023,Texas A&M,val,12,7,5.5385,5.0,2.0,4.0,5.0,7.0,9.0,8.0,-140.0,120.0,-1.0,8.5,0.088,0.3030030824115984
2023,Texas State,val,12,6,5.263,5.0,2.0,4.0,5.0,7.0,9.0,4.0,-110.0,-110.0,0.0,4.5,0.613,0.5539310315413217
2023,Texas Tech,val,12,6,6.1295,6.0,2.0,4.0,6.0,8.0,10.0,7.5,-105.0,-115.0,1.0,8.5,0.287,0.42622019486905
2023,Toledo,val,13,6,7.955,8.0,4.0,6.0,8.0,10.0,12.0,9.0,-105.0,-115.0,1.0,8.5,0.269,0.4180127451037202
2023,Troy,val,13,7,7.7455,8.0,4.0,6.0,8.0,9.0,11.049999999999956,8.0,-120.0,100.0,-1.0,8.5,0.389,0.4687119692759589
2023,Tulane,val,13,8,8.551,9.0,4.0,7.0,9.0,10.0,12.0,9.0,-110.0,-110.0,0.0,8.5,0.369,0.4607817970239966
2023,Tulsa,val,12,6,5.6515,6.0,2.0,4.0,6.0,7.0,9.0,4.5,-105.0,-115.0,1.0,4.5,0.6845,0.5828702690494162
2023,UAB,val,12,6,6.3745,6.0,3.0,5.0,6.0,8.0,10.0,4.5,-115.0,-105.0,-1.0,4.5,0.7945,0.6344309095650553
2023,UCF,val,12,6,6.5965,7.0,3.0,5.0,7.0,8.0,10.0,7.0,-105.0,-115.0,1.0,6.5,0.3575,0.4561513744204182
2023,UCLA,val,12,6,8.033,8.0,4.0,7.0,8.0,10.0,11.0,8.5,-115.0,-105.0,-1.0,8.5,0.442,0.4891592984648681
2023,UConn,val,12,6,5.802,6.0,2.950000000000003,4.0,6.0,7.0,9.0,5.0,100.0,-120.0,1.0,4.5,0.542,0.5267769539391688
2023,UL Monroe,val,12,6,5.7855,6.0,2.0,4.0,6.0,7.0,10.0,3.5,125.0,-150.0,1.0,4.5,0.839,0.6599908554173957
2023,UNLV,val,13,7,6.544,7.0,3.0,5.0,7.0,8.0,10.0,5.5,-150.0,125.0,-1.0,6.5,0.6485,0.5680189306759849
2023,USC,val,12,7,7.798,8.0,4.0,6.0,8.0,9.0,11.0,10.0,-110.0,-110.0,0.0,10.5,0.108,0.3212782784785826
2023,UTEP,val,12,6,6.2155,6.0,2.0,5.0,6.0,8.0,10.0,6.0,100.0,-120.0,1.0,6.5,0.453,0.4933302045577757
2023,UTSA,val,12,6,7.142,7.0,3.0,6.0,7.0,9.0,11.0,8.5,105.0,-125.0,1.0,8.5,0.2925,0.4286736330233985
2023,Utah,val,12,7,8.007,8.0,4.0,7.0,8.0,10.0,11.0,8.5,100.0,-120.0,1.0,8.5,0.442,0.4891592984648681
2023,Utah State,val,12,6,5.569,6.0,2.0,4.0,6.0,7.0,9.0,5.0,135.0,-160.0,1.0,4.5,0.506,0.5132589969833328
2023,Vanderbilt,val,12,6,4.294,4.0,1.0,3.0,4.0,6.0,8.0,4.0,-115.0,-105.0,-1.0,4.5,0.4205,0.4809455092727295
2023,Virginia,val,12,6,5.4585,5.0,2.0,4.0,5.0,7.0,9.0,3.0,-110.0,-110.0,0.0,2.5,0.8015,0.6382006676475299
2023,Virginia Tech,val,12,6,4.8,5.0,1.0,3.0,5.0,6.0,9.0,5.0,100.0,-120.0,1.0,4.5,0.374,0.4627781874303004
2023,Wake Forest,val,12,6,6.532,6.0,3.0,5.0,6.0,8.0,10.0,6.5,115.0,-140.0,1.0,6.5,0.4945,0.5089473774947861
2023,Washington,val,13,7,7.418,7.0,3.0,6.0,7.0,9.0,11.0,9.5,115.0,-140.0,1.0,10.5,0.227,0.3975777818703982
2023,Washington State,val,12,6,7.4165,8.0,4.0,6.0,8.0,9.0,11.0,6.0,-115.0,-105.0,-1.0,6.5,0.6565,0.5712633705268166
2023,West Virginia,val,12,6,5.311,5.0,2.0,4.0,5.0,7.0,9.0,4.5,-150.0,125.0,-1.0,4.5,0.62,0.5566735039150018
2023,Western Kentucky,val,12,6,7.8045,8.0,4.0,6.0,8.0,9.0,11.0,8.5,100.0,-120.0,1.0,8.5,0.4135,0.4782498994342066
2023,Western Michigan,val,12,5,4.8395,5.0,2.0,3.0,5.0,6.0,9.0,3.5,-105.0,-115.0,1.0,4.5,0.703,0.5907909548849086
2023,Wisconsin,val,12,7,7.1315,7.0,3.0,6.0,7.0,9.0,11.0,8.5,-155.0,130.0,-1.0,8.5,0.284,0.4248716740729921
2023,Wyoming,val,12,7,5.806,6.0,2.0,4.0,6.0,7.0,9.0,6.0,-120.0,100.0,-1.0,6.5,0.3775,0.4641699623448947
2024,Air Force,test,12,6,8.139,8.0,4.0,7.0,8.0,10.0,11.0,6.5,-130.0,110.0,-1.0,6.5,0.7675,0.5828273893539951
2024,Akron,test,12,5,4.878,5.0,2.0,3.0,5.0,6.0,8.0,3.5,105.0,-125.0,1.0,4.5,0.7215,0.5633813726743752
2024,Alabama,test,12,7,7.5435,8.0,4.0,6.0,8.0,9.0,11.0,9.5,100.0,-120.0,1.0,10.5,0.1885,0.3690653521346674
2024,App State,test,12,6,5.981,6.0,2.0,4.0,6.0,8.0,10.0,8.5,115.0,-135.0,1.0,8.5,0.1365,0.340181814940463
2024,Arizona,test,12,7,7.9775,8.0,4.0,7.0,8.0,9.0,11.0,7.5,-150.0,115.0,-1.0,8.5,0.607,0.5212965908301497
2024,Arizona State,test,13,6,5.2735,5.0,2.0,3.0,5.0,7.0,10.0,4.0,-120.0,100.0,-1.0,4.5,0.599,0.5185602899537672
2024,Arkansas,test,12,6,5.499,5.0,2.0,4.0,5.0,7.0,9.0,4.5,-120.0,100.0,-1.0,4.5,0.6585,0.5394250897482441
2024,Arkansas State,test,12,6,5.4845,5.0,2.0,4.0,5.0,7.0,9.0,6.5,135.0,-160.0,1.0,6.5,0.3135,0.4220209237398825
2024,Army,test,13,7,5.5875,5.0,2.0,4.0,5.0,7.0,9.0,5.5,-150.0,125.0,-1.0,6.5,0.496,0.4843515110865261
2024,Auburn,test,12,8,6.637,7.0,3.0,5.0,7.0,8.0,10.0,7.5,115.0,-135.0,1.0,8.5,0.348,0.4345475896137485
2024,BYU,test,12,6,5.1735,5.0,2.0,3.0,5.0,7.0,9.0,4.5,100.0,-120.0,1.0,4.5,0.5885,0.5149942845865197
2024,Ball State,test,12,5,5.662,6.0,2.0,4.0,6.0,7.0,9.0,3.5,-145.0,120.0,-1.0,4.5,0.832,0.6147798217514383
2024,Baylor,test,12,6,4.8915,5.0,2.0,3.0,5.0,6.0,9.0,5.5,-105.0,-115.0,1.0,6.5,0.3835,0.44692800781257
2024,Boise State,test,13,7,7.907,8.0,4.0,6.0,8.0,9.0,12.0,9.5,110.0,-135.0,1.0,10.5,0.2495,0.3968456526937982
2024,Boston College,test,12,7,5.365,5.0,2.0,4.0,5.0,7.0,9.0,4.5,-150.0,125.0,-1.0,4.5,0.6445,0.5343954179578998
2024,Bowling Green,test,12,6,6.2045,6.0,3.0,5.0,6.0,8.0,10.0,6.5,-125.0,105.0,-1.0,6.5,0.4435,0.4670926643557671
2024,Buffalo,test,12,6,5.807,6.0,2.0,4.0,6.0,7.0,9.0,5.0,-105.0,-115.0,1.0,4.5,0.5405,0.4989732113680292
2024,California,test,12,7,6.777,7.0,3.0,5.0,7.0,8.0,10.0,6.5,145.0,-175.0,1.0,6.5,0.557,0.5044381586965234
2024,Central Michigan,test,12,6,5.817,6.0,2.0,4.0,6.0,7.0,10.0,5.5,-140.0,115.0,-1.0,6.5,0.5415,0.4993034673801819
2024,Charlotte,test,12,6,5.432,5.0,2.0,4.0,5.0,7.0,9.0,3.5,-140.0,115.0,-1.0,4.5,0.787,0.5917867620184645
2024,Cincinnati,test,12,6,5.4095,5.0,2.0,4.0,5.0,7.0,9.0,5.5,-105.0,-115.0,1.0,6.5,0.4675,0.4750031978473772
2024,Clemson,test,13,7,8.1495,8.0,4.0,7.0,8.0,10.0,12.0,9.0,-120.0,100.0,-1.0,8.5,0.29,0.4131195465357117
2024,Coastal Carolina,test,12,6,5.8475,6.0,2.0,4.0,6.0,7.0,10.0,6.0,-105.0,-115.0,1.0,6.5,0.3845,0.4472708239164761
2024,Colorado,test,12,6,5.5035,5.0,2.0,4.0,5.0,7.0,9.0,5.5,-135.0,110.0,-1.0,6.5,0.4855,0.4809099962303286
2024,Colorado State,test,12,7,5.788,6.0,2.0,4.0,6.0,7.0,9.0,6.5,105.0,-125.0,1.0,6.5,0.368,0.4415756433428094
2024,Duke,test,12,6,6.147,6.0,2.0,4.0,6.0,8.0,10.0,5.5,150.0,-185.0,1.0,6.5,0.603,0.5199262350925318
2024,East Carolina,test,12,6,5.8095,6.0,2.0,4.0,6.0,7.0,10.0,6.5,-110.0,-110.0,0.0,6.5,0.374,0.4436564735856135
2024,Eastern Michigan,test,12,6,4.6795,5.0,1.0,3.0,5.0,6.0,8.0,4.5,-145.0,120.0,-1.0,4.5,0.503,0.4866458690215426
2024,Florida,test,12,7,6.259,6.0,3.0,5.0,6.0,8.0,10.0,4.5,-155.0,130.0,-1.0,4.5,0.7725,0.585077513119466
2024,Florida Atlantic,test,12,6,6.5205,7.0,3.0,5.0,7.0,8.0,10.0,6.5,110.0,-130.0,1.0,6.5,0.5065,0.4877933534848273
2024,Florida International,test,12,0,4.7395,5.0,2.0,3.0,5.0,6.0,8.0,4.5,135.0,-165.0,1.0,4.5,0.5175,0.4914023994131556
2024,Florida State,test,12,7,7.605,8.0,4.0,6.0,8.0,9.0,11.0,9.5,105.0,-125.0,1.0,10.5,0.21,0.3794250587828514
2024,Fresno State,test,12,6,6.2855,6.0,3.0,5.0,6.0,8.0,10.0,7.5,-155.0,130.0,-1.0,8.5,0.2965,0.4156161797201709
2024,Georgia,test,13,6,9.017,9.0,5.0,8.0,9.0,11.0,12.0,10.5,-135.0,115.0,-1.0,10.5,0.273,0.4064495630013038
2024,Georgia Southern,test,12,6,5.602,6.0,2.0,4.0,6.0,7.0,9.0,5.5,105.0,-125.0,1.0,6.5,0.5065,0.4877933534848273
2024,Georgia State,test,12,6,6.699,7.0,3.0,5.0,7.0,8.0,10.0,4.0,-105.0,-115.0,1.0,4.5,0.826,0.6114861973815375
2024,Georgia Tech,test,12,5,4.7595,5.0,2.0,3.0,5.0,6.0,8.0,5.0,-105.0,-115.0,1.0,4.5,0.3475,0.4343699157708284
2024,Hawai'i,test,12,7,6.1795,6.0,3.0,5.0,6.0,8.0,10.0,5.5,-120.0,100.0,-1.0,6.5,0.6055,0.5207821783536616
2024,Houston,test,12,6,5.412,5.0,2.0,4.0,5.0,7.0,9.0,3.5,-140.0,115.0,-1.0,4.5,0.785,0.5908441665846129
2024,Illinois,test,12,7,5.5785,6.0,2.0,4.0,6.0,7.0,9.0,5.5,110.0,-135.0,1.0,6.5,0.5085,0.4884492040219179
2024,Indiana,test,12,8,5.9175,6.0,2.0,4.0,6.0,7.0,10.0,5.5,-155.0,130.0,-1.0,6.5,0.5645,0.506935016030751
2024,Iowa,test,12,7,6.02,6.0,2.0,4.0,6.0,8.0,10.0,8.5,150.0,-185.0,1.0,8.5,0.146,0.3459738387993158
2024,Iowa State,test,13,7,7.4765,8.0,3.0,6.0,8.0,9.0,11.0,7.5,-165.0,135.0,-1.0,8.5,0.5125,0.4897613109097356
2024,Jacksonville State,test,13,7,7.984,8.0,4.0,6.0,8.0,10.0,12.0,7.5,120.0,-145.0,1.0,8.5,0.605,0.5206108496234051
2024,James Madison,test,12,6,8.6615,9.0,5.0,7.0,9.0,10.0,12.0,8.5,135.0,-160.0,1.0,8.5,0.5665,0.5076024037616025
2024,Kansas,test,12,0,7.8015,8.0,4.0,6.0,8.0,9.0,11.0,8.5,110.0,-135.0,1.0,8.5,0.41,0.4559248101727287
2024,Kansas State,test,12,6,7.5355,8.0,4.0,6.0,8.0,9.0,11.0,9.5,110.0,-135.0,1.0,10.5,0.206,0.3775513368348347
2024,Kennesaw State,test,12,6,5.3945,5.0,2.0,4.0,5.0,7.0,9.0,,,,,,,
2024,Kent State,test,12,5,3.9945,4.0,1.0,3.0,4.0,5.0,7.0,2.5,-155.0,130.0,-1.0,2.5,0.7615,0.5801668602397589
2024,Kentucky,test,12,8,6.985,7.0,4.0,6.0,7.0,9.0,10.0,6.5,-115.0,-105.0,-1.0,6.5,0.5795,0.511958334022794
2024,LSU,test,12,7,8.092,8.0,4.0,7.0,8.0,10.0,11.0,9.0,100.0,-120.0,1.0,8.5,0.2825,0.41020294995878
2024,Liberty,test,12,6,8.84,9.0,5.0,8.0,9.0,10.0,12.0,10.5,-150.0,125.0,-1.0,10.5,0.226,0.3867034599890347
2024,Louisiana,test,13,7,7.3745,7.0,3.0,6.0,7.0,9.0,11.0,7.5,-145.0,120.0,-1.0,8.5,0.4785,0.4786144958026744
2024,Louisiana Tech,test,12,6,5.3455,5.0,2.0,4.0,5.0,7.0,9.0,5.5,105.0,-125.0,1.0,6.5,0.4625,0.4733593225912234
2024,Louisville,test,12,6,7.515,8.0,4.0,6.0,8.0,9.0,11.0,8.0,-115.0,-105.0,-1.0,8.5,0.358,0.4380802273857087
2024,Marshall,test,13,6,7.0965,7.0,3.0,5.0,7.0,9.0,11.0,5.5,-120.0,100.0,-1.0,6.5,0.744,0.5726335672927627
2024,Maryland,test,12,7,7.091,7.0,4.0,6.0,7.0,9.0,10.0,6.5,125.0,-150.0,1.0,6.5,0.629,0.5289212299626995
2024,Massachusetts,test,12,6,5.2325,5.0,2.0,4.0,5.0,6.0,9.0,3.5,-125.0,105.0,-1.0,4.5,0.802,0.5990492045110657
2024,Memphis,test,12,7,6.3715,6.0,3.0,5.0,6.0,8.0,10.0,9.0,120.0,-145.0,1.0,8.5,0.086,0.3030799875096303
2024,Miami,test,12,6,7.828,8.0,4.0,6.0,8.0,9.0,11.0,9.5,115.0,-140.0,1.0,10.5,0.235,0.3906588268977324
2024,Miami (OH),test,13,6,7.2575,7.0,3.0,6.0,7.0,9.0,11.0,8.0,-105.0,-115.0,1.0,8.5,0.3235,0.4257117474267211
2024,Michigan,test,12,8,8.7475,9.0,5.0,7.0,9.0,10.0,12.0,9.0,120.0,-145.0,1.0,8.5,0.404,0.4539026115116615
2024,Michigan State,test,12,7,5.2445,5.0,2.0,4.0,5.0,7.0,9.0,5.0,105.0,-125.0,1.0,4.5,0.445,0.4675887876437757
2024,Middle Tennessee,test,12,6,6.197,6.0,3.0,5.0,6.0,8.0,10.0,4.5,-125.0,105.0,-1.0,4.5,0.761,0.5799470325988588
2024,Minnesota,test,12,7,5.9315,6.0,2.950000000000003,4.0,6.0,7.0,10.0,5.5,-105.0,-115.0,1.0,6.5,0.571,0.5091066033218029
2024,Mississippi State,test,12,7,5.373,5.0,2.0,4.0,5.0,7.0,9.0,4.5,125.0,-150.0,1.0,4.5,0.635,0.5310293295443317
2024,Missouri,test,12,7,8.2645,8.0,5.0,7.0,8.0,10.0,11.0,9.5,115.0,-140.0,1.0,10.5,0.295,0.4150425045634507
2024,NC State,test,12,7,7.2235,7.0,3.0,6.0,7.0,9.0,11.0,8.5,-150.0,125.0,-1.0,8.5,0.2995,0.4167592021228578
2024,Navy,test,12,5,5.9255,6.0,2.0,4.0,6.0,7.0,10.0,5.5,145.0,-175.0,1.0,6.5,0.566,0.5074354923791473
2024,Nebraska,test,12,7,6.4515,6.0,3.0,5.0,6.0,8.0,10.0,7.5,-150.0,125.0,-1.0,8.5,0.3305,0.4282647302714343
2024,Nevada,test,13,7,4.348,4.0,1.0,3.0,4.0,6.0,8.0,2.5,100.0,-120.0,1.0,2.5,0.7995,0.5978139826245513
2024,New Mexico,test,12,5,4.951,5.0,2.0,3.0,5.0,6.0,9.0,2.5,130.0,-155.0,1.0,2.5,0.8625,0.6329696941495376
2024,New Mexico State,test,12,6,7.2295,7.0,4.0,6.0,7.0,9.0,11.0,4.5,135.0,-160.0,1.0,4.5,0.887,0.6498861748737749
2024,North Carolina,test,12,7,6.923,7.0,3.0,5.0,7.0,9.0,11.0,7.5,-120.0,100.0,-1.0,8.5,0.4255,0.4611152477721364
2024,North Texas,test,12,6,6.012,6.0,2.0,4.0,6.0,8.0,10.0,5.5,-135.0,110.0,-1.0,6.5,0.5795,0.511958334022794
2024,Northern Illinois,test,12,6,6.549,7.0,3.0,5.0,7.0,8.0,10.0,6.5,-125.0,105.0,-1.0,6.5,0.5145,0.4904176048641728
2024,Northwestern,test,12,0,5.7725,6.0,2.0,4.0,6.0,7.0,9.0,4.5,-115.0,-105.0,-1.0,4.5,0.702,0.5556951274713455
2024,Notre Dame,test,12,6,8.1145,8.0,4.0,7.0,8.0,10.0,11.0,10.5,145.0,-175.0,1.0,10.5,0.1245,0.3324339948506179
2024,Ohio,test,13,6,7.9645,8.0,4.0,6.0,8.0,10.0,12.0,6.0,105.0,-125.0,1.0,6.5,0.7305,0.567028873886101
2024,Ohio State,test,12,8,8.3475,8.5,5.0,7.0,8.5,10.0,11.0,10.5,-175.0,145.0,-1.0,10.5,0.134,0.3386096724505192
2024,Oklahoma,test,12,7,7.578,8.0,4.0,6.0,8.0,9.0,11.0,7.5,-120.0,100.0,-1.0,8.5,0.5385,0.4983130226673627
2024,Oklahoma State,test,12,6,6.742,7.0,3.0,5.0,7.0,8.0,10.0,8.5,110.0,-135.0,1.0,8.5,0.2305,0.3886928348474978
2024,Old Dominion,test,12,6,5.8165,6.0,2.0,4.0,6.0,8.0,10.0,4.5,125.0,-150.0,1.0,4.5,0.6965,0.5535758973708325
2024,Ole Miss,test,12,7,7.1735,7.0,3.0,6.0,7.0,9.0,10.049999999999956,9.5,-125.0,105.0,-1.0,10.5,0.1605,0.3543194911310574
2024,Oregon,test,13,7,9.204,9.0,5.0,8.0,9.0,11.0,12.0,10.5,-105.0,-115.0,1.0,10.5,0.3015,0.4175180704565701
2024,Oregon State,test,12,7,8.0525,8.0,5.0,7.0,8.0,10.0,11.0,7.5,110.0,-130.0,1.0,8.5,0.621,0.5261303978736191
2024,Penn State,test,13,7,9.446,10.0,6.0,8.0,10.0,11.0,13.0,10.0,-120.0,100.0,-1.0,10.5,0.3395,0.4315128460258782
2024,Pittsburgh,test,12,7,5.911,6.0,3.0,4.0,6.0,7.0,10.0,5.5,120.0,-145.0,1.0,6.5,0.5705,0.5089392885819961
2024,Purdue,test,12,6,5.155,5.0,2.0,4.0,5.0,7.0,9.0,4.5,140.0,-165.0,1.0,4.5,0.587,0.5144870340594646
2024,Rice,test,12,6,6.3075,6.0,3.0,5.0,6.0,8.0,10.0,6.5,-135.0,110.0,-1.0,6.5,0.4665,0.474674560655798
2024,Rutgers,test,12,7,5.095,5.0,2.0,4.0,5.0,6.0,9.0,6.5,-105.0,-115.0,1.0,6.5,0.248,0.3962155687203629
2024,SMU,test,13,7,8.3445,8.0,4.0,7.0,8.0,10.0,12.0,8.5,120.0,-145.0,1.0,8.5,0.4965,0.4845153794602799
2024,Sam Houston,test,12,5,4.939,5.0,1.0,3.0,5.0,7.0,9.0,4.5,-130.0,110.0,-1.0,4.5,0.552,0.5027783294726694
2024,San Diego State,test,12,6,4.7335,5.0,1.0,3.0,5.0,6.0,9.0,5.5,110.0,-135.0,1.0,6.5,0.345,0.4334799971708114
2024,San José State,test,12,7,7.172,7.0,3.0,6.0,7.0,9.0,11.0,4.5,100.0,-120.0,1.0,4.5,0.8705,0.6382254219818179
2024,South Alabama,test,12,6,7.325,7.0,3.0,6.0,7.0,9.0,11.0,6.5,-150.0,125.0,-1.0,6.5,0.6625,0.5408785494329946
2024,South Carolina,test,12,7,5.424,5.0,2.0,4.0,5.0,7.0,9.0,5.5,-120.0,100.0,-1.0,6.5,0.4725,0.4766454691381632
2024,South Florida,test,12,5,5.963,6.0,2.0,4.0,6.0,7.0,10.0,7.5,125.0,-150.0,1.0,8.5,0.249,0.3966358687545653
2024,Southern Miss,test,12,6,4.3955,4.0,1.0,3.0,4.0,6.0,8.0,4.5,150.0,-185.0,1.0,4.5,0.447,0.468249870994485
2024,Stanford,test,12,6,4.7955,5.0,2.0,3.0,5.0,6.0,8.0,3.5,-165.0,140.0,-1.0,4.5,0.708,0.5580305144068917
2024,Syracuse,test,12,7,6.153,6.0,2.0,5.0,6.0,8.0,10.0,7.0,-115.0,-105.0,-1.0,6.5,0.2915,0.413698188567457
2024,TCU,test,12,6,6.647,7.0,3.0,5.0,7.0,8.0,10.0,7.0,-115.0,-105.0,-1.0,6.5,0.369,0.4419232726196737
2024,Temple,test,12,6,4.2005,4.0,1.0,3.0,4.0,6.0,8.0,2.5,140.0,-165.0,1.0,2.5,0.761,0.5799470325988588
2024,Tennessee,test,12,7,8.052,8.0,5.0,7.0,8.0,10.0,11.0,9.0,-110.0,-110.0,0.0,8.5,0.2525,0.3980992996073527
2024,Texas,test,13,7,9.0345,9.0,5.0,8.0,9.0,11.0,12.0,10.0,-105.0,-115.0,1.0,10.5,0.277,0.4080382822984595
2024,Texas A&M,test,12,7,7.023,7.0,3.0,5.0,7.0,9.0,11.0,8.5,-135.0,115.0,-1.0,8.5,0.2705,0.4054502317273509
2024,Texas State,test,12,7,6.215,6.0,3.0,5.0,6.0,8.0,10.0,8.5,-110.0,-110.0,0.0,8.5,0.168,0.3584310028468033
2024,Texas Tech,test,12,7,6.7325,7.0,3.0,5.0,7.0,8.0,10.0,7.5,-115.0,-105.0,-1.0,8.5,0.379,0.4453817327850302
2024,Toledo,test,12,6,7.6755,8.0,4.0,6.0,8.0,9.0,11.0,8.5,130.0,-155.0,1.0,8.5,0.3825,0.4465849042284668
2024,Troy,test,12,6,8.381,9.0,5.0,7.0,9.0,10.0,12.0,6.0,105.0,-125.0,1.0,6.5,0.818,0.6072161611722807
2024,Tulane,test,13,6,8.0985,8.0,4.0,6.0,8.0,10.0,12.0,7.5,-155.0,130.0,-1.0,8.5,0.61,0.5223273683905436
2024,Tulsa,test,12,6,5.843,6.0,2.0,4.0,6.0,8.0,10.0,4.5,-115.0,-105.0,-1.0,4.5,0.7065,0.5574443035240252
2024,UAB,test,12,6,6.3615,6.0,3.0,5.0,6.0,8.0,10.0,6.5,100.0,-120.0,1.0,6.5,0.4785,0.4786144958026744
2024,UCF,test,12,7,6.9865,7.0,3.0,5.0,7.0,8.0,11.0,7.5,-140.0,115.0,-1.0,8.5,0.4165,0.4581070075231848
2024,UCLA,test,12,6,6.182,6.0,2.0,5.0,6.0,8.0,10.0,4.5,-135.0,115.0,-1.0,4.5,0.752,0.5760374080458485
2024,UConn,test,12,7,5.7615,6.0,2.0,4.0,6.0,7.0,9.0,4.5,-145.0,120.0,-1.0,4.5,0.7,0.5549221677354718
2024,UL Monroe,test,12,6,4.3205,4.0,1.0,3.0,4.0,6.0,8.0,2.0,-125.0,105.0,-1.0,2.5,0.813,0.6046130424876619
2024,UNLV,test,13,6,6.5095,6.0,3.0,5.0,6.0,8.0,10.0,7.5,125.0,-150.0,1.0,8.5,0.337,0.430614307909602
2024,USC,test,12,6,6.399,6.0,2.0,5.0,6.0,8.0,10.0,7.5,-130.0,110.0,-1.0,8.5,0.3285,0.4275377659548912
2024,UTEP,test,12,5,4.9315,5.0,2.0,3.0,5.0,6.0,8.0,4.0,-130.0,105.0,-1.0,4.5,0.5525,0.5029441530715816
2024,UTSA,test,12,6,7.8595,8.0,4.0,6.0,8.0,9.0,11.0,8.5,120.0,-145.0,1.0,8.5,0.4145,0.457436462401345
2024,Utah,test,12,6,7.5065,8.0,4.0,6.0,8.0,9.0,11.0,10.0,135.0,-160.0,1.0,10.5,0.084,0.301301106362049
2024,Utah State,test,12,6,5.827,6.0,2.0,4.0,6.0,7.0,10.0,5.0,110.0,-130.0,1.0,4.5,0.5615,0.5059351942743006
2024,Vanderbilt,test,12,7,4.3565,4.0,1.0,3.0,4.0,6.0,8.0,2.5,-210.0,170.0,-1.0,2.5,0.804,0.6000449484653066
2024,Virginia,test,12,6,4.758,5.0,1.9500000000000028,3.0,5.0,6.0,9.0,4.5,105.0,-125.0,1.0,4.5,0.5205,0.4923876749505115
2024,Virginia Tech,test,12,6,7.427,8.0,3.0,6.0,8.0,9.0,11.0,8.5,-115.0,-105.0,-1.0,8.5,0.345,0.4334799971708114
2024,Wake Forest,test,12,7,5.7665,6.0,2.0,4.0,6.0,7.0,10.0,5.0,-110.0,-110.0,0.0,4.5,0.541,0.4991383256479559
2024,Washington,test,12,6,7.2595,7.0,4.0,6.0,7.0,9.0,11.0,6.5,110.0,-130.0,1.0,6.5,0.6375,0.5319116946404312
2024,Washington State,test,12,6,6.918,7.0,3.0,5.0,7.0,9.0,10.0,7.5,-105.0,-115.0,1.0,8.5,0.4095,0.4557565907765798
2024,West Virginia,test,12,7,6.338,6.0,3.0,5.0,6.0,8.0,10.0,6.5,-125.0,105.0,-1.0,6.5,0.4725,0.4766454691381632
2024,Western Kentucky,test,13,6,6.1925,6.0,2.0,4.0,6.0,8.0,10.0,7.5,-130.0,105.0,-1.0,8.5,0.3,0.4169491528333802
2024,Western Michigan,test,12,5,5.525,5.0,2.0,4.0,5.0,7.0,9.0,6.5,-125.0,105.0,-1.0,6.5,0.3245,0.4260779523616465
2024,Wisconsin,test,12,7,6.742,7.0,3.0,5.0,7.0,8.0,10.0,6.5,-150.0,125.0,-1.0,6.5,0.541,0.4991383256479559
2024,Wyoming,test,12,6,6.3705,6.0,3.0,5.0,6.0,8.0,10.0,6.5,105.0,-125.0,1.0,6.5,0.473,0.4768096195064727
2025,Air Force,test,12,6,5.7935,6.0,2.0,4.0,6.0,8.0,10.0,6.5,115.0,-135.0,1.0,6.5,0.392,0.4455566599595192
2025,Akron,test,12,6,6.396,6.0,3.0,5.0,6.0,8.0,10.0,4.5,135.0,-160.0,1.0,4.5,0.763,0.570830904215547
2025,Alabama,test,13,7,7.9105,8.0,3.0,6.0,8.0,10.0,12.0,9.5,-125.0,105.0,-1.0,10.5,0.3005,0.4143874516415027
2025,App State,test,12,6,6.2965,6.0,2.0,4.75,6.0,8.0,10.0,5.5,-155.0,130.0,-1.0,6.5,0.6195,0.5178966423327358
2025,Arizona,test,12,7,5.5605,5.0,2.0,4.0,5.0,7.0,10.0,5.5,105.0,-125.0,1.0,6.5,0.479,0.4731638244697012
2025,Arizona State,test,12,7,7.5415,8.0,3.0,6.0,8.0,9.0,11.0,8.5,-115.0,-105.0,-1.0,8.5,0.3745,0.4398325247018513
2025,Arkansas,test,12,6,6.5885,7.0,3.0,5.0,7.0,8.0,11.0,5.5,115.0,-140.0,1.0,6.5,0.661,0.5319863891435564
2025,Arkansas State,test,12,6,5.6805,6.0,2.0,4.0,6.0,7.0,10.0,5.5,135.0,-160.0,1.0,6.5,0.509,0.4825494183191156
2025,Army,test,12,5,7.4035,8.0,3.0,6.0,8.0,9.0,11.0,7.5,115.0,-140.0,1.0,8.5,0.5085,0.482392893937911
2025,Auburn,test,12,7,7.146,7.0,3.0,5.0,7.0,9.0,11.0,7.5,-160.0,135.0,-1.0,8.5,0.456,0.4659521295911372
2025,BYU,test,13,6,7.6265,8.0,3.0,6.0,8.0,10.0,12.0,6.5,-145.0,120.0,-1.0,6.5,0.6615,0.5321605246667721
2025,Ball State,test,12,5,4.7965,5.0,1.0,3.0,5.0,6.0,9.0,3.5,-115.0,-105.0,-1.0,4.5,0.6775,0.5377979286772198
2025,Baylor,test,12,7,6.665,7.0,2.0,5.0,7.0,9.0,11.0,7.5,-120.0,100.0,-1.0,8.5,0.389,0.4445812047029375
2025,Boise State,test,13,7,8.836,9.0,4.0,7.0,9.0,11.0,12.0,9.5,-210.0,175.0,-1.0,10.5,0.435,0.4593291583997377
2025,Boston College,test,12,7,6.0455,6.0,2.0,4.0,6.0,8.0,10.0,5.5,110.0,-135.0,1.0,6.5,0.573,0.5027602611566775
2025,Bowling Green,test,12,6,6.9835,7.0,3.0,5.0,7.0,9.0,11.0,5.5,105.0,-125.0,1.0,6.5,0.7215,0.5540773591110322
2025,Buffalo,test,12,7,5.924,6.0,2.0,4.0,6.0,8.0,10.0,7.5,118.0,-140.0,1.0,8.5,0.2665,0.4017083162813158
2025,California,test,12,6,6.8895,7.0,3.0,5.0,7.0,9.0,11.0,5.5,135.0,-160.0,1.0,6.5,0.6865,0.5410286337133265
2025,Central Michigan,test,12,5,5.558,6.0,2.0,4.0,6.0,7.0,10.0,5.5,120.0,-145.0,1.0,6.5,0.501,0.4800459231718872
2025,Charlotte,test,12,6,5.178,5.0,2.0,3.0,5.0,7.0,9.0,2.5,-175.0,145.0,-1.0,2.5,0.8675,0.6242578282985491
2025,Cincinnati,test,12,7,6.307,6.0,2.0,4.0,6.0,8.0,11.0,6.5,120.0,-145.0,1.0,6.5,0.4705,0.4705020574374925
2025,Clemson,test,12,7,6.7775,7.0,3.0,5.0,7.0,9.0,11.0,9.5,-250.0,200.0,-1.0,10.5,0.1455,0.3461904707274784
2025,Coastal Carolina,test,12,6,5.657,6.0,2.0,4.0,6.0,7.0,10.0,5.5,100.0,-120.0,1.0,6.5,0.5105,0.4830190469653847
2025,Colorado,test,12,7,7.0905,7.0,3.0,5.0,7.0,9.0,11.0,5.5,-140.0,120.0,-1.0,6.5,0.739,0.5609461994416108
2025,Colorado State,test,12,7,5.879,6.0,2.0,4.0,6.0,8.0,10.0,6.5,150.0,-185.0,1.0,6.5,0.4055,0.4499197027639899
2025,Delaware,test,12,6,5.42,5.0,2.0,4.0,5.0,7.0,10.0,4.5,-135.0,110.0,-1.0,4.5,0.609,0.5144288267637099
2025,Duke,test,13,6,6.22,6.0,2.0,4.0,6.0,8.0,11.0,6.5,-200.0,165.0,-1.0,6.5,0.4475,0.4632771256467691
2025,East Carolina,test,12,6,6.306,6.0,2.0,5.0,6.0,8.0,10.0,6.5,120.0,-145.0,1.0,6.5,0.462,0.4678366077089753
2025,Eastern Michigan,test,12,6,5.0975,5.0,1.9500000000000028,3.0,5.0,7.0,9.0,4.5,-115.0,-105.0,-1.0,4.5,0.5595,0.4984543550414858
2025,Florida,test,12,6,6.0975,6.0,2.0,4.0,6.0,8.0,10.0,7.5,105.0,-125.0,1.0,8.5,0.289,0.4101867903508314
2025,Florida Atlantic,test,12,6,5.26,5.0,2.0,3.0,5.0,7.0,9.0,4.5,100.0,-120.0,1.0,4.5,0.592,0.5088802369089289
2025,Florida International,test,12,6,5.796,6.0,2.0,4.0,6.0,7.0,10.0,5.5,110.0,-135.0,1.0,6.5,0.535,0.4907078456657395
2025,Florida State,test,12,7,5.494,5.0,2.0,4.0,5.0,7.0,10.0,7.5,200.0,-250.0,1.0,8.5,0.205,0.3761811766266236
2025,Fresno State,test,12,6,6.5325,7.0,2.0,5.0,7.0,8.0,11.0,6.5,-140.0,115.0,-1.0,6.5,0.51,0.4828624945494727
2025,Georgia,test,13,7,7.9945,8.0,3.0,6.0,8.0,10.0,12.0,9.5,-175.0,145.0,-1.0,10.5,0.307,0.4167264462805622
2025,Georgia Southern,test,12,6,6.4625,6.0,2.0,5.0,6.0,8.0,11.0,7.5,120.0,-145.0,1.0,8.5,0.3535,0.4328405696196596
2025,Georgia State,test,12,6,5.5405,5.0,2.0,4.0,5.0,7.0,10.0,3.5,-120.0,100.0,-1.0,4.5,0.7715,0.5744810711859305
2025,Georgia Tech,test,12,6,7.3265,7.0,3.0,6.0,7.0,9.0,11.0,7.5,-155.0,130.0,-1.0,8.5,0.4985,0.479263873553698
2025,Hawai'i,test,12,7,6.3405,6.0,2.0,4.0,6.0,8.0,11.0,5.5,-175.0,145.0,-1.0,6.5,0.619,0.5177307350102166
2025,Houston,test,12,6,6.077,6.0,2.0,4.0,6.0,8.0,10.0,6.5,110.0,-135.0,1.0,6.5,0.431,0.4580615927682547
2025,Illinois,test,12,7,6.1695,6.0,2.0,4.0,6.0,8.0,10.0,7.5,-190.0,155.0,-1.0,8.5,0.3145,0.4193958744089963
2025,Indiana,test,13,7,8.805,9.0,5.0,7.0,9.0,11.0,12.0,8.5,100.0,-120.0,1.0,8.5,0.573,0.5027602611566775
2025,Iowa,test,12,7,6.5015,7.0,2.0,5.0,7.0,8.0,11.0,7.5,115.0,-140.0,1.0,8.5,0.3595,0.4348535229046941
2025,Iowa State,test,12,6,6.183,6.0,2.0,4.0,6.0,8.0,10.0,7.5,115.0,-140.0,1.0,8.5,0.317,0.4202790098515631
2025,Jacksonville State,test,13,6,8.4285,9.0,4.0,7.0,9.0,10.0,12.0,5.5,115.0,-140.0,1.0,6.5,0.864,0.6220418990720622
2025,James Madison,test,13,7,7.4695,8.0,3.0,6.0,8.0,10.0,12.0,8.5,-120.0,100.0,-1.0,8.5,0.3685,0.4378496290017541
2025,Kansas,test,12,7,6.9045,7.0,3.0,5.0,7.0,9.0,11.0,6.5,-160.0,135.0,-1.0,6.5,0.5735,0.5029203612080742
2025,Kansas State,test,12,6,7.4825,8.0,3.0,6.0,8.0,9.0,11.0,8.5,-125.0,105.0,-1.0,8.5,0.3895,0.4447439387777395
2025,Kennesaw State,test,13,6,4.9865,5.0,1.0,3.0,5.0,7.0,9.0,3.5,-160.0,130.0,-1.0,4.5,0.6915,0.5428436649690452
2025,Kent State,test,12,5,3.28,3.0,1.0,2.0,3.0,4.0,7.0,1.5,-175.0,140.0,-1.0,2.5,0.802,0.5883620065795537
2025,Kentucky,test,12,7,5.6725,6.0,2.0,4.0,6.0,7.0,10.0,4.5,-110.0,-110.0,0.0,4.5,0.66,0.5316384694516677
2025,LSU,test,12,7,6.753,7.0,3.0,5.0,7.0,9.0,11.0,8.5,-160.0,135.0,-1.0,8.5,0.2575,0.3982078594110537
2025,Liberty,test,12,6,7.779,8.0,4.0,6.0,8.0,10.0,11.0,9.5,-125.0,105.0,-1.0,10.5,0.277,0.405710691156567
2025,Louisiana,test,12,6,7.0775,7.0,3.0,5.0,7.0,9.0,11.0,7.5,-115.0,-105.0,-1.0,8.5,0.451,0.4643794294253222
2025,Louisiana Tech,test,12,6,6.606,7.0,2.0,5.0,7.0,8.0,11.0,5.5,-185.0,150.0,-1.0,6.5,0.659,0.5312910148515435
2025,Louisville,test,12,8,7.446,8.0,3.0,6.0,8.0,9.0,11.0,8.5,-160.0,135.0,-1.0,8.5,0.3665,0.437186145048725
2025,Marshall,test,12,6,6.771,7.0,3.0,5.0,7.0,9.0,11.0,4.5,-145.0,120.0,-1.0,4.5,0.798,0.586463450746736
2025,Maryland,test,12,7,6.01,6.0,2.0,4.0,6.0,8.0,10.0,4.5,105.0,-125.0,1.0,4.5,0.692,0.5430259943588668
2025,Massachusetts,test,12,6,5.228,5.0,2.0,3.0,5.0,7.0,9.0,3.5,-125.0,105.0,-1.0,4.5,0.7375,0.560347073423558
2025,Memphis,test,12,6,7.56,8.0,3.0,6.0,8.0,9.0,11.0,8.5,115.0,-140.0,1.0,8.5,0.3875,0.4440926162882838
2025,Miami,test,12,8,8.214,9.0,4.0,7.0,9.0,10.0,12.0,9.5,110.0,-130.0,1.0,10.5,0.335,0.4265467858750349
2025,Miami (OH),test,13,6,7.2535,7.0,3.0,5.0,7.0,9.0,12.0,6.5,105.0,-125.0,1.0,6.5,0.602,0.5121348373563422
2025,Michigan,test,12,6,7.351,8.0,3.0,6.0,8.0,9.0,11.0,8.5,-175.0,145.0,-1.0,8.5,0.3645,0.4365213587923029
2025,Michigan State,test,12,6,5.787,6.0,2.0,4.0,6.0,7.0,10.0,5.5,-145.0,120.0,-1.0,6.5,0.5295,0.4889779853206482
2025,Middle Tennessee,test,12,6,5.3245,5.0,2.0,3.0,5.0,7.0,10.0,4.5,-185.0,150.0,-1.0,4.5,0.594,0.5095291512114121
2025,Minnesota,test,12,7,6.703,7.0,3.0,5.0,7.0,8.0,11.0,6.5,-200.0,165.0,-1.0,6.5,0.5405,0.4924406084545188
2025,Mississippi State,test,12,7,4.8355,5.0,1.0,3.0,5.0,6.25,9.0,3.5,-185.0,150.0,-1.0,4.5,0.671,0.5354920738084855
2025,Missouri,test,12,8,6.8235,7.0,3.0,5.0,7.0,9.0,11.0,7.5,115.0,-140.0,1.0,8.5,0.4125,0.452166501384042
2025,Missouri State,test,12,6,5.542,5.0,2.0,4.0,5.0,7.0,10.0,4.5,-115.0,-105.0,-1.0,4.5,0.647,0.5271563959466211
2025,NC State,test,12,7,5.8745,6.0,2.0,4.0,6.0,8.0,10.0,6.5,120.0,-145.0,1.0,6.5,0.3975,0.4473392563615445
2025,Navy,test,12,6,7.2255,7.0,3.0,5.75,7.0,9.0,11.0,8.5,-120.0,100.0,-1.0,8.5,0.329,0.4244744968821675
2025,Nebraska,test,12,7,6.775,7.0,3.0,5.0,7.0,9.0,11.0,7.5,-155.0,130.0,-1.0,8.5,0.3945,0.4463678320584818
2025,Nevada,test,12,6,6.294,6.0,2.0,5.0,6.0,8.0,10.0,3.5,-145.0,120.0,-1.0,4.5,0.8615,0.620485293393295
2025,New Mexico,test,12,6,5.8805,6.0,2.0,4.0,6.0,8.0,10.0,3.5,120.0,-145.0,1.0,4.5,0.8135,0.5939715105123222
2025,New Mexico State,test,12,6,5.4105,5.0,2.0,4.0,5.0,7.0,10.0,4.5,-150.0,125.0,-1.0,4.5,0.6235,0.5192268207535146
2025,North Carolina,test,12,6,6.838,7.0,3.0,5.0,7.0,9.0,11.0,7.5,135.0,-160.0,1.0,8.5,0.4155,0.4531264870739575
2025,North Texas,test,13,7,6.823,7.0,2.0,5.0,7.0,9.0,11.0,6.5,-175.0,145.0,-1.0,6.5,0.54,0.4922829543797672
2025,Northern Illinois,test,12,6,7.4295,8.0,3.0,6.0,8.0,9.0,11.0,6.5,135.0,-160.0,1.0,6.5,0.664,0.5330329795190123
2025,Northwestern,test,12,5,5.32,5.0,2.0,4.0,5.0,7.0,9.0,3.5,-200.0,165.0,-1.0,4.5,0.7605,0.569773164443985
2025,Notre Dame,test,12,7,7.702,8.0,3.0,6.0,8.0,10.0,11.0,10.5,115.0,-140.0,1.0,10.5,0.136,0.3406389241007907
2025,Ohio,test,12,6,8.013,8.0,4.0,6.0,8.0,10.0,11.0,7.5,120.0,-145.0,1.0,8.5,0.612,0.5154162325359173
2025,Ohio State,test,13,7,8.983,9.0,5.0,7.0,9.0,11.0,13.0,10.5,120.0,-145.0,1.0,10.5,0.3165,0.4201026423828922
2025,Oklahoma,test,12,7,6.93,7.0,3.0,5.0,7.0,9.0,11.0,7.5,110.0,-135.0,1.0,8.5,0.414,0.4526467054229615
2025,Oklahoma State,test,12,7,4.8365,5.0,2.0,3.0,5.0,6.0,9.0,5.5,140.0,-170.0,1.0,6.5,0.3695,0.4381808907217556
2025,Old Dominion,test,12,6,6.0285,6.0,2.0,4.0,6.0,8.0,10.0,5.5,-200.0,165.0,-1.0,6.5,0.5755,0.5035612398191218
2025,Ole Miss,test,12,8,8.07,8.0,4.0,6.0,8.0,10.0,12.0,8.5,-115.0,-105.0,-1.0,8.5,0.4695,0.4701886934521312
2025,Oregon,test,12,7,8.157,8.0,4.0,7.0,8.0,10.0,12.0,10.5,180.0,-220.0,1.0,10.5,0.1695,0.3591486979331112
2025,Oregon State,test,12,7,5.6935,6.0,2.0,4.0,6.0,8.0,10.0,6.5,-165.0,140.0,-1.0,6.5,0.3755,0.4401619386932648
2025,Penn State,test,12,7,8.6445,9.0,5.0,7.0,9.0,10.0,12.0,10.5,-105.0,-115.0,1.0,10.5,0.23,0.3870518087313896
2025,Pittsburgh,test,12,7,6.6115,7.0,2.0,5.0,7.0,8.0,11.0,6.5,105.0,-125.0,1.0,6.5,0.519,0.4856821862999669
2025,Purdue,test,12,7,4.6255,4.0,1.0,3.0,4.0,6.0,9.0,3.5,175.0,-220.0,1.0,4.5,0.647,0.5271563959466211
2025,Rice,test,12,7,6.477,7.0,2.0,5.0,7.0,8.0,11.0,3.5,-160.0,135.0,-1.0,4.5,0.8525,0.6150501733902699
2025,Rutgers,test,12,7,5.2325,5.0,1.0,3.0,5.0,7.0,9.0,5.5,-145.0,120.0,-1.0,6.5,0.438,0.4602784102910381
2025,SMU,test,12,6,7.834,8.0,3.0,6.0,8.0,10.0,12.0,8.5,-125.0,105.0,-1.0,8.5,0.427,0.4567917151775697
2025,Sam Houston,test,12,0,5.548,6.0,1.0,4.0,6.0,8.0,10.0,4.5,-115.0,-105.0,-1.0,4.5,0.6315,0.5219033951726842
2025,San Diego State,test,12,6,4.704,4.0,1.0,3.0,4.0,6.0,9.0,4.5,-165.0,140.0,-1.0,4.5,0.49,0.4766052784477364
2025,San José State,test,12,6,6.508,7.0,2.0,5.0,7.0,8.0,11.0,7.5,-105.0,-115.0,1.0,8.5,0.358,0.4343514907391453
2025,South Alabama,test,12,6,6.965,7.0,3.0,5.0,7.0,9.0,11.0,6.5,110.0,-130.0,1.0,6.5,0.573,0.5027602611566775
2025,South Carolina,test,12,7,7.7285,8.0,3.0,6.0,8.0,10.0,11.0,7.5,140.0,-165.0,1.0,8.5,0.562,0.4992494345976417
2025,South Florida,test,12,6,5.8835,6.0,2.0,4.0,6.0,8.0,10.0,6.5,-120.0,100.0,-1.0,6.5,0.412,0.4520063379778922
2025,Southern Miss,test,12,7,4.2025,4.0,1.0,2.0,4.0,6.0,8.0,5.5,-125.0,105.0,-1.0,6.5,0.264,0.4007426830910949
2025,Stanford,test,12,6,4.896,5.0,1.0,3.0,5.0,7.0,9.0,3.5,150.0,-185.0,1.0,4.5,0.665,0.5333828004705935
2025,Syracuse,test,12,6,5.9845,6.0,2.0,4.0,6.0,8.0,10.0,5.5,160.0,-190.0,1.0,6.5,0.5605,0.4987722686621971
2025,TCU,test,12,6,6.3185,6.0,2.0,4.0,6.0,8.0,11.0,6.5,-190.0,155.0,-1.0,6.5,0.462,0.4678366077089753
2025,Temple,test,12,6,4.088,4.0,1.0,2.0,4.0,5.0,8.0,3.5,100.0,-120.0,1.0,4.5,0.5345,0.4905504715408656
2025,Tennessee,test,12,7,8.162,8.0,4.0,7.0,8.0,10.0,12.0,8.5,130.0,-155.0,1.0,8.5,0.4685,0.4698752762202638
2025,Texas,test,12,6,8.423,9.0,4.0,7.0,9.0,10.0,12.0,9.5,-190.0,155.0,-1.0,10.5,0.361,0.4353547702058202
2025,Texas A&M,test,12,7,6.759,7.0,3.0,5.0,7.0,9.0,11.0,7.5,-175.0,145.0,-1.0,8.5,0.4025,0.4489536877688456
2025,Texas State,test,12,6,7.6715,8.0,4.0,6.0,8.0,9.0,11.0,7.5,135.0,-160.0,1.0,8.5,0.5525,0.4962331538689732
2025,Texas Tech,test,13,7,7.9045,8.0,3.950000000000003,6.0,8.0,10.0,12.0,8.5,-145.0,120.0,-1.0,8.5,0.433,0.4586956546857454
2025,Toledo,test,12,6,6.7345,7.0,3.0,5.0,7.0,9.0,11.0,8.5,-160.0,130.0,-1.0,8.5,0.2525,0.3962332244902843
2025,Troy,test,13,6,7.171,7.0,3.0,5.0,7.0,9.0,12.0,5.5,-115.0,-105.0,-1.0,6.5,0.7215,0.5540773591110322
2025,Tulane,test,13,7,8.5645,9.0,4.0,7.0,9.0,11.0,12.0,8.5,125.0,-150.0,1.0,8.5,0.5465,0.4943346647731438
2025,Tulsa,test,12,6,4.518,4.0,1.0,3.0,4.0,6.0,9.0,3.5,-125.0,105.0,-1.0,4.5,0.6175,0.5172334901887201
2025,UAB,test,12,6,5.18,5.0,1.0,3.0,5.0,7.0,9.0,4.5,125.0,-150.0,1.0,4.5,0.5855,0.5067777680589348
2025,UCF,test,12,7,7.6965,8.0,3.0,6.0,8.0,10.0,11.0,5.5,105.0,-125.0,1.0,6.5,0.8005,0.5876470102385791
2025,UCLA,test,12,6,5.904,6.0,2.0,4.0,6.0,8.0,10.0,5.5,130.0,-155.0,1.0,6.5,0.5625,0.4994085699525679
2025,UConn,test,12,6,6.9955,7.0,3.0,5.0,7.0,9.0,11.0,7.5,-105.0,-115.0,1.0,8.5,0.4325,0.4585371923078408
2025,UL Monroe,test,12,5,4.8895,5.0,1.0,3.0,5.0,6.0,9.0,4.5,110.0,-130.0,1.0,4.5,0.5325,0.4899212090503223
2025,UNLV,test,13,6,8.135,8.0,4.0,6.0,8.0,10.0,12.0,8.5,115.0,-135.0,1.0,8.5,0.4665,0.4692482728429474
2025,USC,test,12,7,7.084,7.0,3.0,5.0,7.0,9.0,11.0,7.5,-185.0,150.0,-1.0,8.5,0.4655,0.468934682103425
2025,UTEP,test,12,6,5.467,5.0,2.0,4.0,5.0,7.0,10.0,5.5,110.0,-135.0,1.0,6.5,0.4785,0.4730073267527701
2025,UTSA,test,12,6,6.3565,6.0,2.0,5.0,6.0,8.0,10.0,7.5,105.0,-125.0,1.0,8.5,0.33,0.4248210116142763
2025,Utah,test,12,6,5.4085,5.0,2.0,3.0,5.0,7.0,10.0,8.5,115.0,-140.0,1.0,8.5,0.13,0.336986017812966
2025,Utah State,test,12,6,5.9145,6.0,2.0,4.0,6.0,8.0,10.0,4.5,125.0,-150.0,1.0,4.5,0.6955,0.5443066142718235
2025,Vanderbilt,test,12,7,5.821,6.0,2.0,4.0,6.0,8.0,10.0,5.5,-115.0,-105.0,-1.0,6.5,0.5365,0.4911801131171508
2025,Virginia,test,13,7,6.998,7.0,2.0,5.0,7.0,9.0,11.0,6.5,130.0,-155.0,1.0,6.5,0.5615,0.4990903394715618
2025,Virginia Tech,test,12,7,6.9085,7.0,3.0,5.0,7.0,9.0,11.0,6.5,120.0,-145.0,1.0,6.5,0.558,0.4979777739250697
2025,Wake Forest,test,12,7,5.69,6.0,2.0,4.0,6.0,7.0,10.0,4.5,105.0,-125.0,1.0,4.5,0.647,0.5271563959466211
2025,Washington,test,12,7,7.089,7.0,3.0,5.0,7.0,9.0,11.0,7.5,-105.0,-115.0,1.0,8.5,0.4585,0.4667376694652738
2025,Washington State,test,12,6,6.731,7.0,3.0,5.0,7.0,9.0,11.0,5.5,140.0,-165.0,1.0,6.5,0.6835,0.5399466557512411
2025,West Virginia,test,12,6,5.8715,6.0,2.0,4.0,6.0,8.0,10.0,5.5,115.0,-140.0,1.0,6.5,0.546,0.4941766645636841
2025,Western Kentucky,test,12,6,6.137,6.0,2.0,4.0,6.0,8.0,10.0,7.5,-120.0,100.0,-1.0,8.5,0.3165,0.4201026423828922
2025,Western Michigan,test,13,6,6.4825,6.0,2.0,4.0,6.0,8.0,11.0,4.5,-155.0,130.0,-1.0,4.5,0.747,0.5641768767877418
2025,Wisconsin,test,12,7,5.1305,5.0,1.0,3.0,5.0,7.0,10.0,5.5,125.0,-150.0,1.0,6.5,0.428,0.4571094100090981
2025,Wyoming,test,12,6,5.1965,5.0,1.0,3.0,5.0,7.0,10.0,5.5,145.0,-175.0,1.0,6.5,0.431,0.4580615927682547
2026,Air Force,secondary,12,7,6.4545,6.0,2.0,4.0,6.0,8.0,11.0,,,,,,,
2026,Akron,secondary,12,6,5.5845,6.0,2.0,4.0,6.0,7.0,10.0,,,,,,,
2026,Alabama,secondary,12,7,6.6105,7.0,3.0,5.0,7.0,8.0,11.0,,,,,,,
2026,App State,secondary,12,6,6.454,6.0,2.0,5.0,6.0,8.0,11.0,,,,,,,
2026,Arizona,secondary,12,7,6.51,7.0,2.0,5.0,7.0,8.0,11.0,,,,,,,
2026,Arizona State,secondary,12,6,6.8055,7.0,3.0,5.0,7.0,9.0,11.0,,,,,,,
2026,Arkansas,secondary,12,7,7.2175,7.0,3.0,6.0,7.0,9.0,11.0,,,,,,,
2026,Arkansas State,secondary,12,6,6.7405,7.0,3.0,5.0,7.0,9.0,11.0,,,,,,,
2026,Army,secondary,12,6,5.1255,5.0,1.0,3.0,5.0,7.0,10.0,,,,,,,
2026,Auburn,secondary,12,6,6.6055,7.0,2.0,5.0,7.0,9.0,11.0,,,,,,,
2026,BYU,secondary,12,7,6.782,7.0,2.0,5.0,7.0,9.0,11.0,,,,,,,
2026,Ball State,secondary,12,5,5.1745,5.0,2.0,3.0,5.0,7.0,9.0,,,,,,,
2026,Baylor,secondary,12,6,6.0465,6.0,2.0,4.0,6.0,8.0,10.0,,,,,,,
2026,Boise State,secondary,11,6,5.785,6.0,2.0,4.0,6.0,8.0,10.0,,,,,,,
2026,Boston College,secondary,12,6,4.972,5.0,1.0,3.0,5.0,7.0,9.0,,,,,,,
2026,Bowling Green,secondary,12,6,6.172,6.0,2.0,4.0,6.0,8.0,11.0,,,,,,,
2026,Buffalo,secondary,12,6,6.9985,7.0,3.0,5.0,7.0,9.0,11.0,,,,,,,
2026,California,secondary,12,7,6.3015,6.0,2.0,4.0,6.0,8.0,11.0,,,,,,,
2026,Central Michigan,secondary,12,6,6.0145,6.0,2.0,4.0,6.0,8.0,10.0,,,,,,,
2026,Charlotte,secondary,12,6,5.8175,6.0,2.0,4.0,6.0,8.0,10.0,,,,,,,
2026,Cincinnati,secondary,12,7,7.663,8.0,3.0,6.0,8.0,10.0,11.0,,,,,,,
2026,Clemson,secondary,12,7,6.216,6.0,2.0,4.0,6.0,8.0,10.0,,,,,,,
2026,Coastal Carolina,secondary,12,6,5.2185,5.0,2.0,3.0,5.0,7.0,10.0,,,,,,,
2026,Colorado,secondary,12,6,5.754,6.0,2.0,4.0,6.0,8.0,10.0,,,,,,,
2026,Colorado State,secondary,11,6,5.589,6.0,2.0,4.0,6.0,7.0,10.0,,,,,,,
2026,Delaware,secondary,12,6,6.6785,7.0,2.950000000000003,5.0,7.0,8.0,11.0,,,,,,,
2026,Duke,secondary,12,6,6.6685,7.0,3.0,5.0,7.0,8.0,11.0,,,,,,,
2026,East Carolina,secondary,12,6,6.5775,7.0,3.0,5.0,7.0,8.0,11.0,,,,,,,
2026,Eastern Michigan,secondary,12,5,5.926,6.0,2.0,4.0,6.0,8.0,10.0,,,,,,,
2026,Florida,secondary,12,6,6.2785,6.0,2.0,4.0,6.0,8.0,11.0,,,,,,,
2026,Florida Atlantic,secondary,12,6,6.4835,6.0,2.0,5.0,6.0,8.0,11.0,,,,,,,
2026,Florida International,secondary,12,6,5.5985,5.0,2.0,4.0,5.0,7.0,10.0,,,,,,,
2026,Florida State,secondary,12,7,7.216,7.0,3.0,6.0,7.0,9.0,11.0,,,,,,,
2026,Fresno State,secondary,11,5,5.2435,5.0,1.0,3.0,5.0,7.0,9.0,,,,,,,
2026,Georgia,secondary,12,7,6.527,6.0,2.0,5.0,6.0,8.0,11.0,,,,,,,
2026,Georgia Southern,secondary,12,6,5.5245,5.0,2.0,4.0,5.0,7.0,10.0,,,,,,,
2026,Georgia State,secondary,12,6,6.5385,7.0,2.0,5.0,7.0,8.0,11.0,,,,,,,
2026,Georgia Tech,secondary,12,7,7.9375,8.0,4.0,6.0,8.0,10.0,12.0,,,,,,,
2026,Hawai'i,secondary,12,6,6.43,6.5,2.0,4.0,6.5,8.0,11.0,,,,,,,
2026,Houston,secondary,12,6,6.539,7.0,3.0,5.0,7.0,8.0,11.0,,,,,,,
2026,Illinois,secondary,12,7,6.8215,7.0,3.0,5.0,7.0,9.0,11.0,,,,,,,
2026,Indiana,secondary,12,8,7.9085,8.0,4.0,6.0,8.0,10.0,11.0,,,,,,,
2026,Iowa,secondary,12,7,6.4725,6.0,2.0,5.0,6.0,8.0,11.0,,,,,,,
2026,Iowa State,secondary,12,7,5.999,6.0,2.0,4.0,6.0,8.0,10.0,,,,,,,
2026,Jacksonville State,secondary,12,6,6.83,7.0,3.0,5.0,7.0,9.0,11.0,,,,,,,
2026,James Madison,secondary,12,6,7.825,8.0,4.0,6.0,8.0,10.0,11.0,,,,,,,
2026,Kansas,secondary,12,6,6.556,7.0,2.0,5.0,7.0,8.0,11.0,,,,,,,
2026,Kansas State,secondary,12,7,5.7625,6.0,2.0,4.0,6.0,8.0,10.0,,,,,,,
2026,Kennesaw State,secondary,12,6,5.9,6.0,2.0,4.0,6.0,8.0,10.0,,,,,,,
2026,Kent State,secondary,12,5,5.268,5.0,2.0,3.0,5.0,7.0,10.0,,,,,,,
2026,Kentucky,secondary,12,7,6.4285,6.0,2.0,5.0,6.0,8.0,10.0,,,,,,,
2026,LSU,secondary,12,7,6.8105,7.0,3.0,5.0,7.0,9.0,11.0,,,,,,,
2026,Liberty,secondary,12,6,6.3685,6.0,2.0,5.0,6.0,8.0,10.0,,,,,,,
2026,Louisiana,secondary,12,6,5.994,6.0,2.0,4.0,6.0,8.0,10.0,,,,,,,
2026,Louisiana Tech,secondary,12,6,6.2715,6.0,2.0,4.0,6.0,8.0,10.0,,,,,,,
2026,Louisville,secondary,12,6,6.5195,7.0,2.0,5.0,7.0,8.0,11.0,,,,,,,
2026,Marshall,secondary,12,6,6.3865,6.0,2.0,5.0,6.0,8.0,10.0,,,,,,,
2026,Maryland,secondary,12,7,5.8555,6.0,2.0,4.0,6.0,8.0,10.0,,,,,,,
2026,Massachusetts,secondary,12,6,4.947,5.0,2.0,3.0,5.0,6.0,9.0,,,,,,,
2026,Memphis,secondary,12,6,6.84,7.0,3.0,5.0,7.0,9.0,11.0,,,,,,,
2026,Miami,secondary,12,7,7.7795,8.0,3.0,6.0,8.0,10.0,11.0,,,,,,,
2026,Miami (OH),secondary,12,6,6.479,7.0,2.0,5.0,7.0,8.0,11.0,,,,,,,
2026,Michigan,secondary,12,8,7.1955,7.0,3.0,5.0,7.0,9.0,11.0,,,,,,,
2026,Michigan State,secondary,12,7,5.404,5.0,1.0,3.0,5.0,7.0,10.0,,,,,,,
2026,Middle Tennessee,secondary,12,6,7.0085,7.0,3.0,5.0,7.0,9.0,11.0,,,,,,,
2026,Minnesota,secondary,12,7,6.852,7.0,3.0,5.0,7.0,9.0,11.0,,,,,,,
2026,Mississippi State,secondary,12,7,5.973,6.0,2.0,4.0,6.0,8.0,10.0,,,,,,,
2026,Missouri,secondary,12,7,7.2685,7.0,3.0,6.0,7.0,9.0,11.0,,,,,,,
2026,Missouri State,secondary,12,6,6.805,7.0,3.0,5.0,7.0,9.0,11.0,,,,,,,
2026,NC State,secondary,12,7,6.7245,7.0,3.0,5.0,7.0,9.0,11.0,,,,,,,
2026,Navy,secondary,12,5,7.0955,7.0,3.0,5.0,7.0,9.0,11.0,,,,,,,
2026,Nebraska,secondary,12,7,6.065,6.0,2.0,4.0,6.0,8.0,10.0,,,,,,,
2026,Nevada,secondary,12,6,6.611,7.0,2.0,5.0,7.0,8.0,11.0,,,,,,,
2026,New Mexico,secondary,12,6,7.02,7.0,3.0,5.0,7.0,9.0,11.0,,,,,,,
2026,New Mexico State,secondary,12,6,5.3085,5.0,2.0,3.0,5.0,7.0,10.0,,,,,,,
2026,North Carolina,secondary,12,6,5.93,6.0,2.0,4.0,6.0,8.0,10.0,,,,,,,
2026,North Dakota State,secondary,12,6,6.029,6.0,2.0,4.0,6.0,8.0,10.0,,,,,,,
2026,North Texas,secondary,12,6,6.0545,6.0,2.0,4.0,6.0,8.0,10.0,,,,,,,
2026,Northern Illinois,secondary,12,5,5.2925,5.0,2.0,3.0,5.0,7.0,9.0,,,,,,,
2026,Northwestern,secondary,12,7,6.4235,6.0,2.0,5.0,6.0,8.0,11.0,,,,,,,
2026,Notre Dame,secondary,12,6,6.1655,6.0,2.0,4.0,6.0,8.0,11.0,,,,,,,
2026,Ohio,secondary,12,6,7.1505,7.0,3.0,5.0,7.0,9.0,11.0,,,,,,,
2026,Ohio State,secondary,12,7,7.7095,8.0,3.0,6.0,8.0,10.0,11.0,,,,,,,
2026,Oklahoma,secondary,12,6,6.8935,7.0,2.0,5.0,7.0,9.0,11.0,,,,,,,
2026,Oklahoma State,secondary,12,6,6.005,6.0,2.0,4.0,6.0,8.0,10.0,,,,,,,
2026,Old Dominion,secondary,12,6,6.2875,6.0,2.0,4.0,6.0,8.0,11.0,,,,,,,
2026,Ole Miss,secondary,12,7,6.3505,6.0,2.0,5.0,6.0,8.0,11.0,,,,,,,
2026,Oregon,secondary,12,7,8.0535,8.0,4.0,6.0,8.0,10.0,12.0,,,,,,,
2026,Oregon State,secondary,11,6,5.598,6.0,2.0,4.0,6.0,7.0,10.0,,,,,,,
2026,Penn State,secondary,12,7,6.2935,6.0,2.0,4.0,6.0,8.0,11.0,,,,,,,
2026,Pittsburgh,secondary,12,7,6.9685,7.0,3.0,5.0,7.0,9.0,11.0,,,,,,,
2026,Purdue,secondary,12,7,6.0205,6.0,2.0,4.0,6.0,8.0,10.0,,,,,,,
2026,Rice,secondary,12,6,7.118,7.0,3.0,5.0,7.0,9.0,11.0,,,,,,,
2026,Rutgers,secondary,12,7,5.188,5.0,2.0,3.0,5.0,7.0,9.0,,,,,,,
2026,SMU,secondary,12,7,5.757,6.0,2.0,4.0,6.0,7.0,10.0,,,,,,,
2026,Sacramento State,secondary,12,6,6.0605,6.0,2.0,4.0,6.0,8.0,10.0,,,,,,,
2026,Sam Houston,secondary,12,6,5.9275,6.0,2.0,4.0,6.0,8.0,10.0,,,,,,,
2026,San Diego State,secondary,11,6,5.727,6.0,2.0,4.0,6.0,7.0,10.0,,,,,,,
2026,San José State,secondary,13,7,6.6235,7.0,2.0,5.0,7.0,9.0,11.0,,,,,,,
2026,South Alabama,secondary,12,6,6.381,6.0,2.0,5.0,6.0,8.0,10.0,,,,,,,
2026,South Carolina,secondary,12,7,6.255,6.0,2.0,4.0,6.0,8.0,10.0,,,,,,,
2026,South Florida,secondary,12,7,7.0455,7.0,3.0,5.0,7.0,9.0,11.0,,,,,,,
2026,Southern Miss,secondary,12,6,6.4565,6.0,2.0,5.0,6.0,8.0,10.049999999999955,,,,,,,
2026,Stanford,secondary,12,6,4.992,5.0,1.0,3.0,5.0,7.0,9.0,,,,,,,
2026,Syracuse,secondary,12,6,6.3135,6.0,2.0,4.0,6.0,8.0,11.0,,,,,,,
2026,TCU,secondary,12,7,6.951,7.0,3.0,5.0,7.0,9.0,11.0,,,,,,,
2026,Temple,secondary,12,7,5.6505,6.0,2.0,4.0,6.0,7.0,10.0,,,,,,,
2026,Tennessee,secondary,12,7,5.959,6.0,2.0,4.0,6.0,8.0,10.0,,,,,,,
2026,Texas,secondary,12,7,5.759,6.0,1.0,4.0,6.0,8.0,10.0,,,,,,,
2026,Texas A&M,secondary,12,7,6.866,7.0,3.0,5.0,7.0,9.0,11.0,,,,,,,
2026,Texas State,secondary,11,7,6.721,7.0,3.0,5.0,7.0,8.0,10.0,,,,,,,
2026,Texas Tech,secondary,12,7,6.131,6.0,2.0,4.0,6.0,8.0,10.0,,,,,,,
2026,Toledo,secondary,12,7,8.3155,9.0,4.0,7.0,9.0,10.0,12.0,,,,,,,
2026,Troy,secondary,12,6,5.6145,5.0,2.0,4.0,5.0,7.0,10.0,,,,,,,
2026,Tulane,secondary,12,6,6.194,6.0,2.0,4.0,6.0,8.0,11.0,,,,,,,
2026,Tulsa,secondary,12,6,6.2785,6.0,2.0,4.0,6.0,8.0,10.0,,,,,,,
2026,UAB,secondary,12,6,6.0785,6.0,2.0,4.0,6.0,8.0,10.0,,,,,,,
2026,UCF,secondary,12,7,6.872,7.0,3.0,5.0,7.0,9.0,11.0,,,,,,,
2026,UCLA,secondary,12,7,6.483,7.0,2.0,5.0,7.0,8.0,11.0,,,,,,,
2026,UConn,secondary,12,7,6.309,6.0,2.0,4.0,6.0,8.0,10.0,,,,,,,
2026,UL Monroe,secondary,12,6,6.644,7.0,3.0,5.0,7.0,9.0,11.0,,,,,,,
2026,UNLV,secondary,12,6,7.0225,7.0,3.0,5.0,7.0,9.0,11.0,,,,,,,
2026,USC,secondary,12,7,6.7215,7.0,2.0,5.0,7.0,9.0,11.0,,,,,,,
2026,UTEP,secondary,12,6,5.52,5.0,2.0,4.0,5.0,7.0,10.0,,,,,,,
2026,UTSA,secondary,12,6,6.224,6.0,2.0,4.0,6.0,8.0,10.0,,,,,,,
2026,Utah,secondary,12,7,6.406,6.0,2.0,4.0,6.0,8.0,11.0,,,,,,,
2026,Utah State,secondary,11,5,5.6125,6.0,2.0,4.0,6.0,7.0,10.0,,,,,,,
2026,Vanderbilt,secondary,12,7,6.893,7.0,3.0,5.0,7.0,9.0,11.0,,,,,,,
2026,Virginia,secondary,12,7,6.751,7.0,2.0,5.0,7.0,9.0,11.0,,,,,,,
2026,Virginia Tech,secondary,12,6,7.1045,7.0,3.0,5.0,7.0,9.0,11.0,,,,,,,
2026,Wake Forest,secondary,12,6,6.5485,7.0,2.0,5.0,7.0,8.0,11.0,,,,,,,
2026,Washington,secondary,12,7,7.119,7.0,3.0,5.0,7.0,9.0,11.0,,,,,,,
2026,Washington State,secondary,11,5,5.8925,6.0,2.0,4.0,6.0,8.0,10.0,,,,,,,
2026,West Virginia,secondary,12,7,6.5675,7.0,3.0,5.0,7.0,8.0,11.0,,,,,,,
2026,Western Kentucky,secondary,12,5,5.7975,6.0,2.0,4.0,6.0,8.0,10.0,,,,,,,
2026,Western Michigan,secondary,12,6,5.971,6.0,2.0,4.0,6.0,8.0,10.0,,,,,,,
2026,Wisconsin,secondary,12,6,6.913,7.0,3.0,5.0,7.0,9.0,11.0,,,,,,,
2026,Wyoming,secondary,12,6,5.941,6.0,2.0,4.0,6.0,8.0,10.0,,,,,,,
