season,team,week,group,composite_z,score,grade
2014,Air Force,15,DL/EDGE,0.3781241097380104,70.7,B-
2014,Air Force,15,OL,-0.7751801130872894,53.4,D
2014,Air Force,15,QB,1.0499989262082918,80.7,A-
2014,Air Force,15,RB,-0.8366655442702529,52.5,D-
2014,Air Force,15,Secondary,-0.36406701447259343,59.5,D+
2014,Air Force,15,WR/TE,1.1658244259046164,82.5,A-
2014,Akron,15,DL/EDGE,0.33919397245981037,70.1,B-
2014,Akron,15,OL,0.3532097825110998,70.3,B-
2014,Akron,15,QB,-1.124032573437233,48.1,F
2014,Akron,15,RB,-0.13849092289271359,62.9,C-
2014,Akron,15,Secondary,0.6119624877466333,74.2,B
2014,Akron,15,WR/TE,-1.335160531259963,45.0,F
2014,Alabama,15,DL/EDGE,0.5715348786601437,73.6,B
2014,Alabama,15,OL,0.5313254580309847,73.0,B-
2014,Alabama,15,QB,1.4708827337587895,87.1,A
2014,Alabama,15,RB,-0.1769923672802381,62.3,C-
2014,Alabama,15,Secondary,0.3656176021737863,70.5,B-
2014,Alabama,15,WR/TE,1.550192632820584,88.3,A
2014,App State,15,DL/EDGE,-0.011559350221288789,64.8,C
2014,App State,15,OL,0.432514561814763,71.5,B-
2014,App State,15,QB,0.5564011127403726,73.3,B
2014,App State,15,RB,0.6185889706566632,74.3,B
2014,App State,15,Secondary,0.5574748284421939,73.4,B
2014,App State,15,WR/TE,0.26685867844501365,69.0,C+
2014,Arizona,15,DL/EDGE,0.23971673968326015,68.6,C+
2014,Arizona,15,OL,0.36360110121826583,70.5,B-
2014,Arizona,15,QB,-0.10489533593399433,63.4,C
2014,Arizona,15,RB,0.6511352358697711,74.8,B
2014,Arizona,15,Secondary,-0.38349443240161596,59.2,D+
2014,Arizona,15,WR/TE,0.37231951403710023,70.6,B-
2014,Arizona State,15,DL/EDGE,1.0070138500343235,80.1,A-
2014,Arizona State,15,OL,-0.36486308627201874,59.5,D+
2014,Arizona State,15,QB,-0.0887366228291851,63.7,C
2014,Arizona State,15,RB,0.16771622916057227,67.5,C+
2014,Arizona State,15,Secondary,-0.0200892294156477,64.7,C
2014,Arizona State,15,WR/TE,0.2237214049626746,68.4,C+
2014,Arkansas,15,DL/EDGE,0.4827515418248249,72.2,B-
2014,Arkansas,15,OL,0.6118181613540585,74.2,B
2014,Arkansas,15,QB,-0.07237615221870228,63.9,C
2014,Arkansas,15,RB,0.7050667244423978,75.6,B
2014,Arkansas,15,Secondary,-0.4749191617138157,57.9,D+
2014,Arkansas,15,WR/TE,-0.4922851843554009,57.6,D+
2014,Arkansas State,15,DL/EDGE,0.4365942809431469,71.5,B-
2014,Arkansas State,15,OL,0.021992199173375138,65.3,C
2014,Arkansas State,15,QB,0.12690610531957164,66.9,C
2014,Arkansas State,15,RB,0.32766654140182505,69.9,C+
2014,Arkansas State,15,Secondary,0.39806604186729266,71.0,B-
2014,Arkansas State,15,WR/TE,0.21857012639510293,68.3,C+
2014,Army,15,DL/EDGE,-1.1838051103632157,47.2,F
2014,Army,15,OL,-1.1216632999898741,48.2,F
2014,Army,15,QB,-0.4846861751900883,57.7,D+
2014,Army,15,RB,0.1565609094490517,67.3,C+
2014,Army,15,Secondary,-0.12107631279779581,63.2,C
2014,Army,15,WR/TE,-0.5828475523820916,56.3,D
2014,Auburn,15,DL/EDGE,0.04808760342967221,65.7,C
2014,Auburn,15,OL,0.33246764927065997,70.0,C+
2014,Auburn,15,QB,1.3910125963956872,85.9,A
2014,Auburn,15,RB,0.5526608128068173,73.3,B
2014,Auburn,15,Secondary,0.3640105066143485,70.5,B-
2014,Auburn,15,WR/TE,1.0506371393707494,80.8,A-
2014,BYU,15,DL/EDGE,-0.26386018397533517,61.0,C-
2014,BYU,15,OL,0.07189246436067655,66.1,C
2014,BYU,15,QB,0.31915278983612116,69.8,C+
2014,BYU,15,RB,-0.49317136888142427,57.6,D+
2014,BYU,15,Secondary,0.30680210270434743,69.6,C+
2014,BYU,15,WR/TE,0.5687670860431815,73.5,B
2014,Ball State,15,DL/EDGE,-0.942818222850091,50.9,D-
2014,Ball State,15,OL,-0.051046214361597106,64.2,C
2014,Ball State,15,QB,-0.2077046896960942,61.9,C-
2014,Ball State,15,RB,-0.44902498666600454,58.3,D+
2014,Ball State,15,Secondary,-0.08348896259867922,63.7,C
2014,Ball State,15,WR/TE,-0.7192491188601231,54.2,D
2014,Baylor,15,DL/EDGE,0.9922590035741614,79.9,B+
2014,Baylor,15,OL,0.5801853876590156,73.7,B
2014,Baylor,15,QB,1.0148660144850488,80.2,A-
2014,Baylor,15,RB,-0.12072778569661119,63.2,C
2014,Baylor,15,Secondary,-0.6953929595947871,54.6,D
2014,Baylor,15,WR/TE,1.4138723057595937,86.2,A
2014,Boise State,15,DL/EDGE,0.4325676837580034,71.5,B-
2014,Boise State,15,OL,-0.16272962886444883,62.6,C-
2014,Boise State,15,QB,0.7621713752090563,76.4,B
2014,Boise State,15,RB,0.4376162112268598,71.6,B-
2014,Boise State,15,Secondary,0.7091185133300605,75.6,B
2014,Boise State,15,WR/TE,0.9707725380720542,79.6,B+
2014,Boston College,15,DL/EDGE,0.9918125910490441,79.9,B+
2014,Boston College,15,OL,-0.787059303718352,53.2,D
2014,Boston College,15,QB,-0.5321191900877501,57.0,D+
2014,Boston College,15,RB,0.6950929639949943,75.4,B
2014,Boston College,15,Secondary,-0.4170321996631395,58.7,D+
2014,Boston College,15,WR/TE,-0.6554778819086535,55.2,D
2014,Bowling Green,15,DL/EDGE,-0.10810649133540887,63.4,C
2014,Bowling Green,15,OL,0.0916972504409477,66.4,C
2014,Bowling Green,15,QB,-0.1799043658952857,62.3,C-
2014,Bowling Green,15,RB,0.28180672660330963,69.2,C+
2014,Bowling Green,15,Secondary,0.1386083012037121,67.1,C+
2014,Bowling Green,15,WR/TE,-0.14477680386845265,62.8,C-
2014,Buffalo,15,DL/EDGE,0.620690149582525,74.3,B
2014,Buffalo,15,OL,0.0059138213280292284,65.1,C
2014,Buffalo,15,QB,0.560383374930242,73.4,B
2014,Buffalo,15,RB,0.2377990406124977,68.6,C+
2014,Buffalo,15,Secondary,-1.287589052684156,45.7,F
2014,Buffalo,15,WR/TE,0.9564773349754965,79.3,B+
2014,California,15,DL/EDGE,-0.8631666135808922,52.1,D-
2014,California,15,OL,0.5123851828619503,72.7,B-
2014,California,15,QB,0.48368218496545284,72.3,B-
2014,California,15,RB,-0.44032845776915464,58.4,D+
2014,California,15,Secondary,-0.9748425101138997,50.4,D-
2014,California,15,WR/TE,0.9627371759656296,79.4,B+
2014,Central Michigan,15,DL/EDGE,-0.10878206515920849,63.4,C
2014,Central Michigan,15,OL,-0.2384994496314211,61.4,C-
2014,Central Michigan,15,QB,0.2923419984429425,69.4,C+
2014,Central Michigan,15,RB,-0.6097134404170874,55.9,D
2014,Central Michigan,15,Secondary,0.5095111488423907,72.6,B-
2014,Central Michigan,15,WR/TE,0.1181373656311387,66.8,C
2014,Cincinnati,15,DL/EDGE,-0.5737361319003644,56.4,D
2014,Cincinnati,15,OL,0.8881533096999994,78.3,B+
2014,Cincinnati,15,QB,0.6277699932337302,74.4,B
2014,Cincinnati,15,RB,0.0373035391882514,65.6,C
2014,Cincinnati,15,Secondary,-1.3374697276517329,44.9,F
2014,Cincinnati,15,WR/TE,0.7025788197827316,75.5,B
2014,Clemson,15,DL/EDGE,2.1518271021490363,97.3,A+
2014,Clemson,15,OL,-0.6398433958299343,55.4,D
2014,Clemson,15,QB,0.5147268923935888,72.7,B-
2014,Clemson,15,RB,-0.9799432707943122,50.3,D-
2014,Clemson,15,Secondary,1.2557508113234652,83.8,A-
2014,Clemson,15,WR/TE,0.23559408954619404,68.5,C+
2014,Colorado,15,DL/EDGE,-0.9610421727452869,50.6,D-
2014,Colorado,15,OL,0.10884305883275269,66.6,C
2014,Colorado,15,QB,-0.052899070796224995,64.2,C
2014,Colorado,15,RB,-0.26657168233615924,61.0,C-
2014,Colorado,15,Secondary,-0.8115165058203647,52.8,D-
2014,Colorado,15,WR/TE,-0.32805665457803096,60.1,C-
2014,Colorado State,15,DL/EDGE,-0.8286000134352949,52.6,D-
2014,Colorado State,15,OL,0.40884437802338797,71.1,B-
2014,Colorado State,15,QB,1.5927227374113553,88.9,A
2014,Colorado State,15,RB,0.6812317473371698,75.2,B
2014,Colorado State,15,Secondary,-0.04865697109881271,64.3,C
2014,Colorado State,15,WR/TE,1.3805718464548877,85.7,A
2014,Duke,15,DL/EDGE,-0.06935227809334177,64.0,C
2014,Duke,15,OL,1.1894760773898851,82.8,A-
2014,Duke,15,QB,-0.3736358030905897,59.4,D+
2014,Duke,15,RB,0.4026144695549369,71.0,B-
2014,Duke,15,Secondary,0.8587132943381046,77.9,B+
2014,Duke,15,WR/TE,-1.1263558546611332,48.1,F
2014,East Carolina,15,DL/EDGE,-0.3318500240065229,60.0,C-
2014,East Carolina,15,OL,0.9021193861804961,78.5,B+
2014,East Carolina,15,QB,0.6419119840782298,74.6,B
2014,East Carolina,15,RB,0.6340028163707008,74.5,B
2014,East Carolina,15,Secondary,0.4337293090924416,71.5,B-
2014,East Carolina,15,WR/TE,-0.06217469918216545,64.1,C
2014,Eastern Michigan,15,DL/EDGE,-0.515356089633241,57.3,D+
2014,Eastern Michigan,15,OL,-0.9594411753965886,50.6,D-
2014,Eastern Michigan,15,QB,-1.2769346289509387,45.8,F
2014,Eastern Michigan,15,RB,-0.8009395269657238,53.0,D-
2014,Eastern Michigan,15,Secondary,-1.519674640618011,42.2,F
2014,Eastern Michigan,15,WR/TE,-0.7494308388928647,53.8,D
2014,Florida,15,DL/EDGE,0.4118625682580793,71.2,B-
2014,Florida,15,OL,-0.3793367352296272,59.3,D+
2014,Florida,15,QB,-0.652653223296498,55.2,D
2014,Florida,15,RB,-0.41485319934311726,58.8,D+
2014,Florida,15,Secondary,0.9558813782744212,79.3,B+
2014,Florida,15,WR/TE,-0.22803055977822442,61.6,C-
2014,Florida Atlantic,15,DL/EDGE,-1.658757681503583,40.1,F
2014,Florida Atlantic,15,OL,0.24435449796169642,68.7,C+
2014,Florida Atlantic,15,QB,-0.2341345174993406,61.5,C-
2014,Florida Atlantic,15,RB,-0.9988426275472784,50.0,D-
2014,Florida Atlantic,15,Secondary,-0.4580370219175333,58.1,D+
2014,Florida Atlantic,15,WR/TE,-0.2613980948033227,61.1,C-
2014,Florida International,15,DL/EDGE,0.14774747304455382,67.2,C+
2014,Florida International,15,OL,-1.2631963150688774,46.1,F
2014,Florida International,15,QB,-1.2449817780119168,46.3,F
2014,Florida International,15,RB,-1.1210751772635716,48.2,F
2014,Florida International,15,Secondary,-0.3817262536518508,59.3,D+
2014,Florida International,15,WR/TE,-0.4479227108165591,58.3,D+
2014,Florida State,15,DL/EDGE,-0.0605664191948978,64.1,C
2014,Florida State,15,OL,0.28555650398184984,69.3,C+
2014,Florida State,15,QB,0.7762236281683152,76.6,B
2014,Florida State,15,RB,0.03159434373055814,65.5,C
2014,Florida State,15,Secondary,0.20872550802280168,68.1,C+
2014,Florida State,15,WR/TE,0.7249382172344138,75.9,B
2014,Fresno State,15,DL/EDGE,0.08954460158257371,66.3,C
2014,Fresno State,15,OL,0.12358562941571391,66.9,C
2014,Fresno State,15,QB,-0.7177483146602421,54.2,D
2014,Fresno State,15,RB,0.4628413670347891,71.9,B-
2014,Fresno State,15,Secondary,-1.4158715112263536,43.8,F
2014,Fresno State,15,WR/TE,-0.3223086251953504,60.2,C-
2014,Georgia,15,DL/EDGE,-0.13218039172330218,63.0,C
2014,Georgia,15,OL,0.7471786288992954,76.2,B
2014,Georgia,15,QB,0.9164199919184453,78.7,B+
2014,Georgia,15,RB,1.1747132002790417,82.6,A-
2014,Georgia,15,Secondary,1.0258302633230099,80.4,A-
2014,Georgia,15,WR/TE,0.01010499820219296,65.2,C
2014,Georgia Southern,15,DL/EDGE,-0.43339885913814336,58.5,D+
2014,Georgia Southern,15,OL,1.6449828230065118,89.7,A
2014,Georgia Southern,15,QB,0.7544942993689205,76.3,B
2014,Georgia Southern,15,RB,1.6504748159844467,89.8,A
2014,Georgia Southern,15,Secondary,0.4484429476189808,71.7,B-
2014,Georgia Southern,15,WR/TE,0.47787401214325187,72.2,B-
2014,Georgia State,15,DL/EDGE,-1.2458925201753415,46.3,F
2014,Georgia State,15,OL,-0.5842700580024639,56.2,D
2014,Georgia State,15,QB,0.3268149322021492,69.9,C+
2014,Georgia State,15,RB,-1.840298968329711,37.4,F
2014,Georgia State,15,Secondary,-0.6116103933550769,55.8,D
2014,Georgia State,15,WR/TE,0.39704423237923675,71.0,B-
2014,Georgia Tech,15,DL/EDGE,-0.7676822303561068,53.5,D
2014,Georgia Tech,15,OL,0.4642890993329044,72.0,B-
2014,Georgia Tech,15,QB,0.973347380928878,79.6,B+
2014,Georgia Tech,15,RB,0.6762836862014796,75.1,B
2014,Georgia Tech,15,Secondary,0.011992126101840176,65.2,C
2014,Georgia Tech,15,WR/TE,1.547418155858801,88.2,A
2014,Hawai'i,15,DL/EDGE,-0.060565978919274135,64.1,C
2014,Hawai'i,15,OL,-0.5517228449984632,56.7,D
2014,Hawai'i,15,QB,-1.3273626214827952,45.1,F
2014,Hawai'i,15,RB,-0.6105960918877489,55.8,D
2014,Hawai'i,15,Secondary,-0.9384878175043169,50.9,D-
2014,Hawai'i,15,WR/TE,-1.3411477493912207,44.9,F
2014,Houston,15,DL/EDGE,0.02008863248702525,65.3,C
2014,Houston,15,OL,0.05956165909419006,65.9,C
2014,Houston,15,QB,-0.32570436659630375,60.1,C-
2014,Houston,15,RB,0.4782084461489338,72.2,B-
2014,Houston,15,Secondary,0.978686188014565,79.7,B+
2014,Houston,15,WR/TE,0.1661875181793847,67.5,C+
2014,Idaho,15,DL/EDGE,0.6323729621719959,74.5,B
2014,Idaho,15,OL,0.030301710121846015,65.5,C
2014,Idaho,15,QB,-0.5177898116923393,57.2,D+
2014,Idaho,15,RB,-0.9557727332924715,50.7,D-
2014,Idaho,15,Secondary,-2.2934654399593213,30.6,F
2014,Idaho,15,WR/TE,-0.06694244849775058,64.0,C
2014,Illinois,15,DL/EDGE,-0.03979823562193191,64.4,C
2014,Illinois,15,OL,-0.39295608860811604,59.1,D+
2014,Illinois,15,QB,-0.08197346612921341,63.8,C
2014,Illinois,15,RB,-0.27067359114765355,60.9,C-
2014,Illinois,15,Secondary,-0.935432151419693,51.0,D-
2014,Illinois,15,WR/TE,-0.4697714352422836,58.0,D+
2014,Indiana,15,DL/EDGE,-0.5558075674391929,56.7,D
2014,Indiana,15,OL,0.6562380236863069,74.8,B
2014,Indiana,15,QB,-1.1669326373513975,47.5,F
2014,Indiana,15,RB,1.4243241159118452,86.4,A
2014,Indiana,15,Secondary,0.8778655292723939,78.2,B+
2014,Indiana,15,WR/TE,-0.944434618571184,50.8,D-
2014,Iowa,15,DL/EDGE,0.3385434262232065,70.1,B-
2014,Iowa,15,OL,-0.22734239271322704,61.6,C-
2014,Iowa,15,QB,0.27591727925980825,69.1,C+
2014,Iowa,15,RB,-0.6536966498881236,55.2,D
2014,Iowa,15,Secondary,0.3336422718037627,70.0,B-
2014,Iowa,15,WR/TE,0.08095886995014892,66.2,C
2014,Iowa State,15,DL/EDGE,-1.0818587617776858,48.8,F
2014,Iowa State,15,OL,0.22994425978486796,68.4,C+
2014,Iowa State,15,QB,-0.5989054586948401,56.0,D
2014,Iowa State,15,RB,-0.37996553956331786,59.3,D+
2014,Iowa State,15,Secondary,-0.3106392169593953,60.3,C-
2014,Iowa State,15,WR/TE,-0.9005828044394193,51.5,D-
2014,Kansas,15,DL/EDGE,-0.7448864697063426,53.8,D
2014,Kansas,15,OL,-0.41604561490372344,58.8,D+
2014,Kansas,15,QB,-0.3994437074000975,59.0,D+
2014,Kansas,15,RB,-0.27041267192258267,60.9,C-
2014,Kansas,15,Secondary,-0.29944742648072514,60.5,C-
2014,Kansas,15,WR/TE,-0.33443881194356206,60.0,D+
2014,Kansas State,15,DL/EDGE,-0.3009012828961761,60.5,C-
2014,Kansas State,15,OL,-0.647891447112747,55.3,D
2014,Kansas State,15,QB,1.3772399810302989,85.7,A
2014,Kansas State,15,RB,-0.3846139797549773,59.2,D+
2014,Kansas State,15,Secondary,0.2694996825670402,69.0,C+
2014,Kansas State,15,WR/TE,1.1661115597829206,82.5,A-
2014,Kent State,15,DL/EDGE,-0.5743779481991884,56.4,D
2014,Kent State,15,OL,-0.19460374861109425,62.1,C-
2014,Kent State,15,QB,-1.1242227554238071,48.1,F
2014,Kent State,15,RB,-0.24701303510268546,61.3,C-
2014,Kent State,15,Secondary,-0.4311552922083879,58.5,D+
2014,Kent State,15,WR/TE,-1.6935270225936874,39.6,F
2014,Kentucky,15,DL/EDGE,-0.4001330251831774,59.0,D+
2014,Kentucky,15,OL,-0.11765388833240567,63.2,C
2014,Kentucky,15,QB,-0.3483997330033724,59.8,D+
2014,Kentucky,15,RB,0.4661605825007565,72.0,B-
2014,Kentucky,15,Secondary,0.5706269718726913,73.6,B
2014,Kentucky,15,WR/TE,-0.09572990238737086,63.6,C
2014,LSU,15,DL/EDGE,-0.41845990305304226,58.7,D+
2014,LSU,15,OL,-0.17466474613292896,62.4,C-
2014,LSU,15,QB,-0.49017697866432086,57.6,D+
2014,LSU,15,RB,-0.43993013440079143,58.4,D+
2014,LSU,15,Secondary,0.9024193045057598,78.5,B+
2014,LSU,15,WR/TE,0.6694230676234553,75.0,B
2014,Louisiana,15,DL/EDGE,0.1232733336753363,66.8,C
2014,Louisiana,15,OL,0.8050757808025895,77.1,B+
2014,Louisiana,15,QB,-0.16291866346202954,62.6,C-
2014,Louisiana,15,RB,0.803066042628343,77.0,B+
2014,Louisiana,15,Secondary,-0.7947595717628988,53.1,D
2014,Louisiana,15,WR/TE,-0.4736747813787886,57.9,D+
2014,Louisiana Tech,15,DL/EDGE,0.7457790275035188,76.2,B
2014,Louisiana Tech,15,OL,-0.036791220259866614,64.4,C
2014,Louisiana Tech,15,QB,0.25855570277915285,68.9,C+
2014,Louisiana Tech,15,RB,0.36414954412794354,70.5,B-
2014,Louisiana Tech,15,Secondary,1.1662455779123926,82.5,A-
2014,Louisiana Tech,15,WR/TE,0.5363038466667429,73.0,B
2014,Louisville,15,DL/EDGE,0.6186506508868449,74.3,B
2014,Louisville,15,OL,-0.8780578520226052,51.8,D-
2014,Louisville,15,QB,0.08598955911253653,66.3,C
2014,Louisville,15,RB,-0.481736503811699,57.8,D+
2014,Louisville,15,Secondary,1.1829490979265138,82.7,A-
2014,Louisville,15,WR/TE,0.255641574151019,68.8,C+
2014,Marshall,15,DL/EDGE,0.24680572300839987,68.7,C+
2014,Marshall,15,OL,2.0999692780612187,96.5,A+
2014,Marshall,15,QB,0.9565891513488521,79.3,B+
2014,Marshall,15,RB,1.6079913690584062,89.1,A
2014,Marshall,15,Secondary,1.3103774596536921,84.7,A-
2014,Marshall,15,WR/TE,0.9237829801325841,78.9,B+
2014,Maryland,15,DL/EDGE,0.16868001762723223,67.5,C+
2014,Maryland,15,OL,-0.2313390318163841,61.5,C-
2014,Maryland,15,QB,-0.4346510836667425,58.5,D+
2014,Maryland,15,RB,-0.049947586027061036,64.3,C
2014,Maryland,15,Secondary,0.17102780023275752,67.6,C+
2014,Maryland,15,WR/TE,-0.14295302267364302,62.9,C-
2014,Massachusetts,15,DL/EDGE,-0.09064769076437436,63.6,C
2014,Massachusetts,15,OL,-0.16981073642271968,62.5,C-
2014,Massachusetts,15,QB,0.16054547825870957,67.4,C+
2014,Massachusetts,15,RB,-0.9045492248842304,51.4,D-
2014,Massachusetts,15,Secondary,0.29120702812746324,69.4,C+
2014,Massachusetts,15,WR/TE,0.20553828162626364,68.1,C+
2014,Memphis,15,DL/EDGE,0.7933401979709311,76.9,B
2014,Memphis,15,OL,-0.7239845463111434,54.1,D
2014,Memphis,15,QB,0.35023365612212076,70.3,B-
2014,Memphis,15,RB,-0.6184376213539191,55.7,D
2014,Memphis,15,Secondary,1.0293028653489569,80.4,A-
2014,Memphis,15,WR/TE,-0.5663529153142002,56.5,D
2014,Miami,15,DL/EDGE,-0.30221424256387464,60.5,C-
2014,Miami,15,OL,1.0378528467908952,80.6,A-
2014,Miami,15,QB,0.39847131706517647,71.0,B-
2014,Miami,15,RB,0.7685075351330162,76.5,B
2014,Miami,15,Secondary,0.725301229009904,75.9,B
2014,Miami,15,WR/TE,0.45733354902446455,71.9,B-
2014,Miami (OH),15,DL/EDGE,-0.469835686925796,58.0,D+
2014,Miami (OH),15,OL,-0.04188209977858204,64.4,C
2014,Miami (OH),15,QB,-0.5636018652908787,56.5,D
2014,Miami (OH),15,RB,-0.18899344794270967,62.2,C-
2014,Miami (OH),15,Secondary,-0.14574067821116352,62.8,C-
2014,Miami (OH),15,WR/TE,-0.21510570610637245,61.8,C-
2014,Michigan,15,DL/EDGE,1.0643256014455305,81.0,A-
2014,Michigan,15,OL,0.170238730616225,67.6,C+
2014,Michigan,15,QB,-0.8870667390296153,51.7,D-
2014,Michigan,15,RB,0.24624877408879164,68.7,C+
2014,Michigan,15,Secondary,-0.27875015884705945,60.8,C-
2014,Michigan,15,WR/TE,-1.1938386751634502,47.1,F
2014,Michigan State,15,DL/EDGE,-0.04664821272481761,64.3,C
2014,Michigan State,15,OL,0.308683489489213,69.6,C+
2014,Michigan State,15,QB,0.9498231473900066,79.2,B+
2014,Michigan State,15,RB,0.4870343618663119,72.3,B-
2014,Michigan State,15,Secondary,1.1527743042222243,82.3,A-
2014,Michigan State,15,WR/TE,0.8557815046601118,77.8,B+
2014,Middle Tennessee,15,DL/EDGE,-0.5742485884944475,56.4,D
2014,Middle Tennessee,15,OL,0.026714090303879636,65.4,C
2014,Middle Tennessee,15,QB,0.7109401114310361,75.7,B
2014,Middle Tennessee,15,RB,0.05098467708351698,65.8,C
2014,Middle Tennessee,15,Secondary,-0.505805275769002,57.4,D+
2014,Middle Tennessee,15,WR/TE,0.08615591495193563,66.3,C
2014,Minnesota,15,DL/EDGE,-0.3342639980895449,60.0,D+
2014,Minnesota,15,OL,-0.3247475997216715,60.1,C-
2014,Minnesota,15,QB,-0.48314545760953764,57.8,D+
2014,Minnesota,15,RB,0.04213185669701465,65.6,C
2014,Minnesota,15,Secondary,0.2015571858148817,68.0,C+
2014,Minnesota,15,WR/TE,-0.49993125358340706,57.5,D+
2014,Mississippi State,15,DL/EDGE,0.1329282638267653,67.0,C
2014,Mississippi State,15,OL,0.7652962553921205,76.5,B
2014,Mississippi State,15,QB,1.0088434001375028,80.1,A-
2014,Mississippi State,15,RB,0.6135845052989465,74.2,B
2014,Mississippi State,15,Secondary,0.7600882411541717,76.4,B
2014,Mississippi State,15,WR/TE,0.7622528105953958,76.4,B
2014,Missouri,15,DL/EDGE,0.8545901303193422,77.8,B+
2014,Missouri,15,OL,-0.22920759339511595,61.6,C-
2014,Missouri,15,QB,-0.3913821179282681,59.1,D+
2014,Missouri,15,RB,0.2482066625317752,68.7,C+
2014,Missouri,15,Secondary,0.8434614848435735,77.7,B+
2014,Missouri,15,WR/TE,-0.2449549093761919,61.3,C-
2014,NC State,15,DL/EDGE,0.691999245701836,75.4,B
2014,NC State,15,OL,0.8409163740731627,77.6,B+
2014,NC State,15,QB,-0.46208153302219457,58.1,D+
2014,NC State,15,RB,1.1176634703882242,81.8,A-
2014,NC State,15,Secondary,-0.284178988780324,60.7,C-
2014,NC State,15,WR/TE,-0.33409666165525026,60.0,D+
2014,Navy,15,DL/EDGE,-1.3846678102819097,44.2,F
2014,Navy,15,OL,-0.008807261427432489,64.9,C
2014,Navy,15,QB,0.18119967945146787,67.7,C+
2014,Navy,15,RB,0.6947537282523047,75.4,B
2014,Navy,15,Secondary,-0.03550866017587504,64.5,C
2014,Navy,15,WR/TE,0.5839120273093855,73.8,B
2014,Nebraska,15,DL/EDGE,-0.01976310371832038,64.7,C
2014,Nebraska,15,OL,0.640743270366945,74.6,B
2014,Nebraska,15,QB,0.1474981231517989,67.2,C+
2014,Nebraska,15,RB,0.151995015471259,67.3,C+
2014,Nebraska,15,Secondary,1.1855570227902243,82.8,A-
2014,Nebraska,15,WR/TE,0.20780618650334515,68.1,C+
2014,Nevada,15,DL/EDGE,-0.5663212187972634,56.5,D
2014,Nevada,15,OL,0.2610642819934578,68.9,C+
2014,Nevada,15,QB,-0.10239739194736776,63.5,C
2014,Nevada,15,RB,0.31171086757382604,69.7,C+
2014,Nevada,15,Secondary,0.48701373270336407,72.3,B-
2014,Nevada,15,WR/TE,-0.5228978643982835,57.2,D+
2014,New Mexico,15,DL/EDGE,-0.34381006146335963,59.8,D+
2014,New Mexico,15,OL,0.2389037286743399,68.6,C+
2014,New Mexico,15,QB,-0.540322766855124,56.9,D
2014,New Mexico,15,RB,1.176684586171462,82.7,A-
2014,New Mexico,15,Secondary,-1.089894914391613,48.7,F
2014,New Mexico,15,WR/TE,-0.15268435844238948,62.7,C-
2014,New Mexico State,15,DL/EDGE,-1.7412344934074806,38.9,F
2014,New Mexico State,15,OL,0.15510412056886252,67.3,C+
2014,New Mexico State,15,QB,-0.3153740669565478,60.3,C-
2014,New Mexico State,15,RB,0.2317033509007025,68.5,C+
2014,New Mexico State,15,Secondary,0.3368712631380232,70.1,B-
2014,New Mexico State,15,WR/TE,0.05933421174907587,65.9,C
2014,North Carolina,15,DL/EDGE,-0.05512599531758984,64.2,C
2014,North Carolina,15,OL,-0.09074710385725424,63.6,C
2014,North Carolina,15,QB,0.03663452313676839,65.5,C
2014,North Carolina,15,RB,-0.38660185736782365,59.2,D+
2014,North Carolina,15,Secondary,-1.105409140287841,48.4,F
2014,North Carolina,15,WR/TE,0.5616105897616773,73.4,B
2014,North Texas,15,DL/EDGE,-0.32449467164294343,60.1,C-
2014,North Texas,15,OL,-0.19133116283984153,62.1,C-
2014,North Texas,15,QB,-0.8448435741926694,52.3,D-
2014,North Texas,15,RB,-0.22793522212471984,61.6,C-
2014,North Texas,15,Secondary,-0.07485543383885858,63.9,C
2014,North Texas,15,WR/TE,-1.1056010860153074,48.4,F
2014,Northern Illinois,15,DL/EDGE,-0.2373632485699966,61.4,C-
2014,Northern Illinois,15,OL,0.1976953555687616,68.0,C+
2014,Northern Illinois,15,QB,0.044353458510893284,65.7,C
2014,Northern Illinois,15,RB,0.3067523212351866,69.6,C+
2014,Northern Illinois,15,Secondary,0.07433765882378489,66.1,C
2014,Northern Illinois,15,WR/TE,-0.10848436634009062,63.4,C
2014,Northwestern,15,DL/EDGE,-0.19475770237873744,62.1,C-
2014,Northwestern,15,OL,-0.4149039194014467,58.8,D+
2014,Northwestern,15,QB,-0.6953472555474947,54.6,D
2014,Northwestern,15,RB,-0.5410674657406611,56.9,D
2014,Northwestern,15,Secondary,0.428984778063445,71.4,B-
2014,Northwestern,15,WR/TE,-0.9920303442176511,50.1,D-
2014,Notre Dame,15,DL/EDGE,0.4068084875276826,71.1,B-
2014,Notre Dame,15,OL,0.06710694937840248,66.0,C
2014,Notre Dame,15,QB,0.3768741737096816,70.7,B-
2014,Notre Dame,15,RB,-0.37132948940455085,59.4,D+
2014,Notre Dame,15,Secondary,0.059482582817679604,65.9,C
2014,Notre Dame,15,WR/TE,0.7011581569718714,75.5,B
2014,Ohio,15,DL/EDGE,-0.4615529915282802,58.1,D+
2014,Ohio,15,OL,0.12409469965752642,66.9,C
2014,Ohio,15,QB,-0.733473911024825,54.0,D
2014,Ohio,15,RB,-0.30070311227784896,60.5,C-
2014,Ohio,15,Secondary,-0.2864463437998667,60.7,C-
2014,Ohio,15,WR/TE,-0.5177539081158462,57.2,D+
2014,Ohio State,15,DL/EDGE,0.5229549928657654,72.8,B-
2014,Ohio State,15,OL,0.6605610946189675,74.9,B
2014,Ohio State,15,QB,1.3052741441068576,84.6,A-
2014,Ohio State,15,RB,1.2418481557213927,83.6,A-
2014,Ohio State,15,Secondary,1.0294571209951304,80.4,A-
2014,Ohio State,15,WR/TE,1.4501698275206243,86.8,A
2014,Oklahoma,15,DL/EDGE,0.10362831402836234,66.6,C
2014,Oklahoma,15,OL,1.110089331291192,81.7,A-
2014,Oklahoma,15,QB,-0.2969119410177515,60.5,C-
2014,Oklahoma,15,RB,1.1651265781109614,82.5,A-
2014,Oklahoma,15,Secondary,0.08824358328081487,66.3,C
2014,Oklahoma,15,WR/TE,0.13214129823877255,67.0,C
2014,Oklahoma State,15,DL/EDGE,0.37118540166847275,70.6,B-
2014,Oklahoma State,15,OL,-0.9240256714046463,51.1,D-
2014,Oklahoma State,15,QB,-0.16907484457903227,62.5,C-
2014,Oklahoma State,15,RB,-0.49924811146700315,57.5,D+
2014,Oklahoma State,15,Secondary,-0.6958975021198625,54.6,D
2014,Oklahoma State,15,WR/TE,0.26497649857466987,69.0,C+
2014,Old Dominion,15,DL/EDGE,-0.6176369294163403,55.7,D
2014,Old Dominion,15,OL,1.1066794189838483,81.6,A-
2014,Old Dominion,15,QB,0.35683603352617377,70.4,B-
2014,Old Dominion,15,RB,1.002290830724358,80.0,A-
2014,Old Dominion,15,Secondary,-1.4483378656967543,43.3,F
2014,Old Dominion,15,WR/TE,0.17379745399945168,67.6,C+
2014,Ole Miss,15,DL/EDGE,0.9206585931785447,78.8,B+
2014,Ole Miss,15,OL,0.27550938230542427,69.1,C+
2014,Ole Miss,15,QB,0.2133433994286536,68.2,C+
2014,Ole Miss,15,RB,0.6422532603745965,74.6,B
2014,Ole Miss,15,Secondary,1.2798303945481109,84.2,A-
2014,Ole Miss,15,WR/TE,0.6737226573266321,75.1,B
2014,Oregon,15,DL/EDGE,0.04175697310969158,65.6,C
2014,Oregon,15,OL,0.7133002844312537,75.7,B
2014,Oregon,15,QB,2.3046854631698683,99.6,A+
2014,Oregon,15,RB,0.8877827403830528,78.3,B+
2014,Oregon,15,Secondary,0.1926148124888772,67.9,C+
2014,Oregon,15,WR/TE,1.8127285815118355,92.2,A+
2014,Oregon State,15,DL/EDGE,-0.512281979729969,57.3,D+
2014,Oregon State,15,OL,0.0732768744610008,66.1,C
2014,Oregon State,15,QB,0.12187787569957563,66.8,C
2014,Oregon State,15,RB,0.4528220240504895,71.8,B-
2014,Oregon State,15,Secondary,-0.25221489541207853,61.2,C-
2014,Oregon State,15,WR/TE,-0.34894243847785383,59.8,D+
2014,Penn State,15,DL/EDGE,1.3166686343762226,84.8,A-
2014,Penn State,15,OL,-1.1152795394365769,48.3,F
2014,Penn State,15,QB,-0.8982139641932834,51.5,D-
2014,Penn State,15,RB,-0.05959350321199157,64.1,C
2014,Penn State,15,Secondary,1.3272056774851961,84.9,A-
2014,Penn State,15,WR/TE,-0.46455062575726835,58.0,D+
2014,Pittsburgh,15,DL/EDGE,-1.0979148360625601,48.5,F
2014,Pittsburgh,15,OL,-0.13316486417193707,63.0,C
2014,Pittsburgh,15,QB,0.6302126955017241,74.5,B
2014,Pittsburgh,15,RB,0.4751046960479371,72.1,B-
2014,Pittsburgh,15,Secondary,-0.02571161796797908,64.6,C
2014,Pittsburgh,15,WR/TE,0.1152838720690755,66.7,C
2014,Purdue,15,DL/EDGE,0.028475230075924313,65.4,C
2014,Purdue,15,OL,0.5248592210188794,72.9,B-
2014,Purdue,15,QB,-1.1538633735120172,47.7,F
2014,Purdue,15,RB,0.7062679629058556,75.6,B
2014,Purdue,15,Secondary,0.15186011192317403,67.3,C+
2014,Purdue,15,WR/TE,-0.8084092864951037,52.9,D-
2014,Rice,15,DL/EDGE,-0.047207776655662365,64.3,C
2014,Rice,15,OL,-0.9259754063210572,51.1,D-
2014,Rice,15,QB,0.6783069500076097,75.2,B
2014,Rice,15,RB,-0.6166828177786797,55.7,D
2014,Rice,15,Secondary,-0.7045101518572284,54.4,D
2014,Rice,15,WR/TE,1.0960283722255468,81.4,A-
2014,Rutgers,15,DL/EDGE,-0.4882574701795449,57.7,D+
2014,Rutgers,15,OL,-0.5455768986827101,56.8,D
2014,Rutgers,15,QB,0.5585916052666672,73.4,B
2014,Rutgers,15,RB,-0.6337758701205756,55.5,D
2014,Rutgers,15,Secondary,-1.2107495316580152,46.8,F
2014,Rutgers,15,WR/TE,0.8907064894532428,78.4,B+
2014,SMU,15,DL/EDGE,-1.0591042031538724,49.1,F
2014,SMU,15,OL,-0.48738067873415025,57.7,D+
2014,SMU,15,QB,-1.5201240336975281,42.2,F
2014,SMU,15,RB,-0.9066477205677865,51.4,D-
2014,SMU,15,Secondary,-1.146361240738422,47.8,F
2014,SMU,15,WR/TE,-1.5441390765184577,41.8,F
2014,San Diego State,15,DL/EDGE,0.16041539455278075,67.4,C+
2014,San Diego State,15,OL,0.5404995795769814,73.1,B
2014,San Diego State,15,QB,-0.26651501636986197,61.0,C-
2014,San Diego State,15,RB,1.02392080947877,80.4,A-
2014,San Diego State,15,Secondary,0.04135614644043487,65.6,C
2014,San Diego State,15,WR/TE,-0.4909728515933986,57.6,D+
2014,San José State,15,DL/EDGE,-0.5150139597925685,57.3,D+
2014,San José State,15,OL,-0.43471431213189415,58.5,D+
2014,San José State,15,QB,0.23175977237755713,68.5,C+
2014,San José State,15,RB,-0.31015969001153776,60.3,C-
2014,San José State,15,Secondary,1.1681795370185768,82.5,A-
2014,San José State,15,WR/TE,0.3642966067059483,70.5,B-
2014,South Alabama,15,DL/EDGE,-0.5089835404807543,57.4,D+
2014,South Alabama,15,OL,-0.3570581104849138,59.6,D+
2014,South Alabama,15,QB,-0.9803837568825623,50.3,D-
2014,South Alabama,15,RB,-0.046819401970839225,64.3,C
2014,South Alabama,15,Secondary,-0.5761494328519079,56.4,D
2014,South Alabama,15,WR/TE,-0.8369214523849816,52.4,D-
2014,South Carolina,15,DL/EDGE,-1.2445971522550145,46.3,F
2014,South Carolina,15,OL,0.43346305074277314,71.5,B-
2014,South Carolina,15,QB,0.4389323647096628,71.6,B-
2014,South Carolina,15,RB,0.08222611428838843,66.2,C
2014,South Carolina,15,Secondary,-0.05649031777289461,64.2,C
2014,South Carolina,15,WR/TE,0.6392160269366832,74.6,B
2014,South Florida,15,DL/EDGE,0.06947841354619944,66.0,C
2014,South Florida,15,OL,-0.705592600578222,54.4,D
2014,South Florida,15,QB,-0.7137201064341853,54.3,D
2014,South Florida,15,RB,-0.3660251696350223,59.5,D+
2014,South Florida,15,Secondary,-0.7063956585598264,54.4,D
2014,South Florida,15,WR/TE,-0.1552688125804776,62.7,C-
2014,Southern Miss,15,DL/EDGE,-0.6253158844738185,55.6,D
2014,Southern Miss,15,OL,-0.3749878500506615,59.4,D+
2014,Southern Miss,15,QB,-0.2281008044067117,61.6,C-
2014,Southern Miss,15,RB,-0.7815554770797957,53.3,D
2014,Southern Miss,15,Secondary,-0.7524576442555327,53.7,D
2014,Southern Miss,15,WR/TE,-0.8588683075109583,52.1,D-
2014,Stanford,15,DL/EDGE,0.4671409674193438,72.0,B-
2014,Stanford,15,OL,0.43669670813871375,71.6,B-
2014,Stanford,15,QB,0.30628203184111635,69.6,C+
2014,Stanford,15,RB,-0.4074744100293601,58.9,D+
2014,Stanford,15,Secondary,1.1762969127326561,82.6,A-
2014,Stanford,15,WR/TE,-0.6800519528914095,54.8,D
2014,Syracuse,15,DL/EDGE,1.1638396449252604,82.5,A-
2014,Syracuse,15,OL,-0.3806653500119168,59.3,D+
2014,Syracuse,15,QB,-0.9478071467514503,50.8,D-
2014,Syracuse,15,RB,0.2737828395194587,69.1,C+
2014,Syracuse,15,Secondary,-0.32099871229516924,60.2,C-
2014,Syracuse,15,WR/TE,-1.5107809992143393,42.3,F
2014,TCU,15,DL/EDGE,1.1288360936246429,81.9,A-
2014,TCU,15,OL,0.8547396276356587,77.8,B+
2014,TCU,15,QB,0.6442761558623733,74.7,B
2014,TCU,15,RB,0.4540224948001509,71.8,B-
2014,TCU,15,Secondary,0.7591403309430171,76.4,B
2014,TCU,15,WR/TE,0.8983193984772719,78.5,B+
2014,Temple,15,DL/EDGE,0.6792712501569831,75.2,B
2014,Temple,15,OL,0.04112436637002331,65.6,C
2014,Temple,15,QB,-1.448445978327273,43.3,F
2014,Temple,15,RB,-0.33358326390439197,60.0,D+
2014,Temple,15,Secondary,0.7762311822745004,76.6,B
2014,Temple,15,WR/TE,-1.0248245573112709,49.6,F
2014,Tennessee,15,DL/EDGE,0.9725376427013437,79.6,B+
2014,Tennessee,15,OL,-0.7216401320956245,54.2,D
2014,Tennessee,15,QB,-0.34316774541816747,59.9,D+
2014,Tennessee,15,RB,-0.67680873175544,54.8,D
2014,Tennessee,15,Secondary,0.20196488237426646,68.0,C+
2014,Tennessee,15,WR/TE,-0.8844125772051915,51.7,D-
2014,Texas,15,DL/EDGE,0.49554906219759287,72.4,B-
2014,Texas,15,OL,-0.3826689059857856,59.3,D+
2014,Texas,15,QB,-0.43556701457040753,58.5,D+
2014,Texas,15,RB,-1.017113092748445,49.7,F
2014,Texas,15,Secondary,1.4301016563534934,86.5,A
2014,Texas,15,WR/TE,-0.519406769285506,57.2,D+
2014,Texas A&M,15,DL/EDGE,-0.14142673328111277,62.9,C-
2014,Texas A&M,15,OL,0.4452539250242302,71.7,B-
2014,Texas A&M,15,QB,0.21537315737512694,68.2,C+
2014,Texas A&M,15,RB,0.18649734224451553,67.8,C+
2014,Texas A&M,15,Secondary,-0.26415882279258557,61.0,C-
2014,Texas A&M,15,WR/TE,0.575211374891252,73.6,B
2014,Texas State,15,DL/EDGE,-0.5405248094623887,56.9,D
2014,Texas State,15,OL,0.08840026616014829,66.3,C
2014,Texas State,15,QB,0.2820743371651161,69.2,C+
2014,Texas State,15,RB,1.1331853307564341,82.0,A-
2014,Texas State,15,Secondary,-0.12816633539373878,63.1,C
2014,Texas State,15,WR/TE,-0.214214641124893,61.8,C-
2014,Texas Tech,15,DL/EDGE,-0.7129535948318237,54.3,D
2014,Texas Tech,15,OL,0.9369519683662013,79.1,B+
2014,Texas Tech,15,QB,0.34544156270352333,70.2,B-
2014,Texas Tech,15,RB,0.5048143925684043,72.6,B-
2014,Texas Tech,15,Secondary,-1.1789301524862519,47.3,F
2014,Texas Tech,15,WR/TE,0.5184227462585143,72.8,B-
2014,Toledo,15,DL/EDGE,0.0022619687052798654,65.0,C
2014,Toledo,15,OL,0.9747640784145869,79.6,B+
2014,Toledo,15,QB,0.5078169753405247,72.6,B-
2014,Toledo,15,RB,1.33311874706569,85.0,A-
2014,Toledo,15,Secondary,-0.3044985893407522,60.4,C-
2014,Toledo,15,WR/TE,0.9034390988910473,78.6,B+
2014,Troy,15,DL/EDGE,-1.0669711403526398,49.0,F
2014,Troy,15,OL,-0.269173416283894,61.0,C-
2014,Troy,15,QB,0.5081896303137292,72.6,B-
2014,Troy,15,RB,-0.4329195600391579,58.5,D+
2014,Troy,15,Secondary,-0.5610595539557246,56.6,D
2014,Troy,15,WR/TE,-0.6862677867547416,54.7,D
2014,Tulane,15,DL/EDGE,0.30462514308058936,69.6,C+
2014,Tulane,15,OL,-0.17687959599625508,62.3,C-
2014,Tulane,15,QB,-1.1525552057738522,47.7,F
2014,Tulane,15,RB,0.5378911945566377,73.1,B
2014,Tulane,15,Secondary,-0.17121974411111363,62.4,C-
2014,Tulane,15,WR/TE,-1.0308696253672112,49.5,F
2014,Tulsa,15,DL/EDGE,-0.24154133543750045,61.4,C-
2014,Tulsa,15,OL,0.2268703691541488,68.4,C+
2014,Tulsa,15,QB,-0.6417952265863786,55.4,D
2014,Tulsa,15,RB,-0.8768424595418941,51.8,D-
2014,Tulsa,15,Secondary,-1.9753868939113486,35.4,F
2014,Tulsa,15,WR/TE,-0.0542966957993542,64.2,C
2014,UAB,15,DL/EDGE,0.45512882810211713,71.8,B-
2014,UAB,15,OL,-0.9438655610939817,50.8,D-
2014,UAB,15,QB,0.1366481999701877,67.0,C+
2014,UAB,15,RB,-0.459072978836431,58.1,D+
2014,UAB,15,Secondary,-0.21067382810122123,61.8,C-
2014,UAB,15,WR/TE,0.8818002641629337,78.2,B+
2014,UCF,15,DL/EDGE,0.6401373254326497,74.6,B
2014,UCF,15,OL,-0.9174744359453932,51.2,D-
2014,UCF,15,QB,0.09595500772591893,66.4,C
2014,UCF,15,RB,-1.4641899442545776,43.0,F
2014,UCF,15,Secondary,1.4647598905111365,87.0,A
2014,UCF,15,WR/TE,0.4191857127224353,71.3,B-
2014,UCLA,15,DL/EDGE,-0.29716757773473856,60.5,C-
2014,UCLA,15,OL,-0.4804927570948824,57.8,D+
2014,UCLA,15,QB,0.38236743230860015,70.7,B-
2014,UCLA,15,RB,0.545183374244704,73.2,B
2014,UCLA,15,Secondary,0.6724409074829834,75.1,B
2014,UCLA,15,WR/TE,0.6976603578038517,75.5,B
2014,UConn,15,DL/EDGE,0.07531044626089914,66.1,C
2014,UConn,15,OL,-0.9322298279802759,51.0,D-
2014,UConn,15,QB,-0.6389321607353419,55.4,D
2014,UConn,15,RB,-0.9078558201567621,51.4,D-
2014,UConn,15,Secondary,0.4682753424002744,72.0,B-
2014,UConn,15,WR/TE,-0.27398510398216824,60.9,C-
2014,UL Monroe,15,DL/EDGE,1.1281002630948913,81.9,A-
2014,UL Monroe,15,OL,-0.7322804918555236,54.0,D
2014,UL Monroe,15,QB,-0.6338679027975247,55.5,D
2014,UL Monroe,15,RB,-1.7395489168821159,38.9,F
2014,UL Monroe,15,Secondary,0.3012613881225563,69.5,C+
2014,UL Monroe,15,WR/TE,-0.8868055334543018,51.7,D-
2014,UNLV,15,DL/EDGE,-0.13060264005332373,63.0,C
2014,UNLV,15,OL,0.0987009622232739,66.5,C
2014,UNLV,15,QB,-0.7850374381868377,53.2,D
2014,UNLV,15,RB,0.11121037382986365,66.7,C
2014,UNLV,15,Secondary,-0.7938125020096797,53.1,D
2014,UNLV,15,WR/TE,-0.20146096777119857,62.0,C-
2014,USC,15,DL/EDGE,-0.2128351246615421,61.8,C-
2014,USC,15,OL,-0.5763190462291268,56.4,D
2014,USC,15,QB,1.431732907162011,86.5,A
2014,USC,15,RB,-0.4069936823746549,58.9,D+
2014,USC,15,Secondary,0.5656118736556847,73.5,B
2014,USC,15,WR/TE,1.1634965140111813,82.5,A-
2014,UTEP,15,DL/EDGE,-0.5654758634334842,56.5,D
2014,UTEP,15,OL,0.3574388955561774,70.4,B-
2014,UTEP,15,QB,-0.057848488276430465,64.1,C
2014,UTEP,15,RB,0.21391839494030584,68.2,C+
2014,UTEP,15,Secondary,-0.19627752195894385,62.1,C-
2014,UTEP,15,WR/TE,-0.11496351984334816,63.3,C
2014,UTSA,15,DL/EDGE,0.43030710988604437,71.5,B-
2014,UTSA,15,OL,-0.8125067624875514,52.8,D-
2014,UTSA,15,QB,-0.9800885674978318,50.3,D-
2014,UTSA,15,RB,-0.30174668630097423,60.5,C-
2014,UTSA,15,Secondary,-0.7030162963248335,54.5,D
2014,UTSA,15,WR/TE,-1.54923463886062,41.8,F
2014,Utah,15,DL/EDGE,1.0965765977565716,81.4,A-
2014,Utah,15,OL,-0.7615332773460488,53.6,D
2014,Utah,15,QB,-0.2764058050016862,60.9,C-
2014,Utah,15,RB,-0.15309818611756718,62.7,C-
2014,Utah,15,Secondary,-0.08471293895369265,63.7,C
2014,Utah,15,WR/TE,-0.4872323145167709,57.7,D+
2014,Utah State,15,DL/EDGE,1.2716296700285619,84.1,A-
2014,Utah State,15,OL,-0.36705428769649884,59.5,D+
2014,Utah State,15,QB,0.00822285966353168,65.1,C
2014,Utah State,15,RB,0.37908450662728715,70.7,B-
2014,Utah State,15,Secondary,0.8202860205843301,77.3,B+
2014,Utah State,15,WR/TE,-0.09220377270723928,63.6,C
2014,Vanderbilt,15,DL/EDGE,-0.16334667750621837,62.5,C-
2014,Vanderbilt,15,OL,-0.30480595758450163,60.4,C-
2014,Vanderbilt,15,QB,-1.1750059910827442,47.4,F
2014,Vanderbilt,15,RB,-1.342211161859218,44.9,F
2014,Vanderbilt,15,Secondary,-0.4116597308581276,58.8,D+
2014,Vanderbilt,15,WR/TE,-1.1938609202791537,47.1,F
2014,Virginia,15,DL/EDGE,0.6671969615367912,75.0,B
2014,Virginia,15,OL,0.053391794794943576,65.8,C
2014,Virginia,15,QB,-0.33588198421897997,60.0,D+
2014,Virginia,15,RB,-1.0295616588796173,49.6,F
2014,Virginia,15,Secondary,-0.018360966182355613,64.7,C
2014,Virginia,15,WR/TE,-0.7784819989235202,53.3,D
2014,Virginia Tech,15,DL/EDGE,1.6482122228450424,89.7,A
2014,Virginia Tech,15,OL,-0.5453630814744864,56.8,D
2014,Virginia Tech,15,QB,-0.49509808194363225,57.6,D+
2014,Virginia Tech,15,RB,-1.04245541108119,49.4,F
2014,Virginia Tech,15,Secondary,0.5083266515478891,72.6,B-
2014,Virginia Tech,15,WR/TE,-1.108936849749548,48.4,F
2014,Wake Forest,15,DL/EDGE,0.8958205919649612,78.4,B+
2014,Wake Forest,15,OL,-2.8987489683325864,21.5,F
2014,Wake Forest,15,QB,-1.1420990347756959,47.9,F
2014,Wake Forest,15,RB,-1.855491934244562,37.2,F
2014,Wake Forest,15,Secondary,-0.03926754412352082,64.4,C
2014,Wake Forest,15,WR/TE,-1.8728674607320754,36.9,F
2014,Washington,15,DL/EDGE,-0.13126039070673307,63.0,C
2014,Washington,15,OL,-0.2804240869126725,60.8,C-
2014,Washington,15,QB,0.36682286124565444,70.5,B-
2014,Washington,15,RB,-0.12192555935839458,63.2,C
2014,Washington,15,Secondary,0.006067375140894595,65.1,C
2014,Washington,15,WR/TE,0.3817523819490958,70.7,B-
2014,Washington State,15,DL/EDGE,0.25546439668990495,68.8,C+
2014,Washington State,15,OL,0.20521444923763887,68.1,C+
2014,Washington State,15,QB,0.41676148551422826,71.3,B-
2014,Washington State,15,RB,-1.3600534271041664,44.6,F
2014,Washington State,15,Secondary,-1.2035224035586654,46.9,F
2014,Washington State,15,WR/TE,0.6467505295015081,74.7,B
2014,West Virginia,15,DL/EDGE,0.03405286999662025,65.5,C
2014,West Virginia,15,OL,0.2850433511418495,69.3,C+
2014,West Virginia,15,QB,0.791952517785751,76.9,B
2014,West Virginia,15,RB,-0.5036184993490439,57.4,D+
2014,West Virginia,15,Secondary,0.5111752180453487,72.7,B-
2014,West Virginia,15,WR/TE,0.5224202632885432,72.8,B-
2014,Western Kentucky,15,DL/EDGE,-0.38397303076387873,59.2,D+
2014,Western Kentucky,15,OL,1.1475597373058148,82.2,A-
2014,Western Kentucky,15,QB,1.0535945428680982,80.8,A-
2014,Western Kentucky,15,RB,0.7874308273941099,76.8,B
2014,Western Kentucky,15,Secondary,-1.2302425289958132,46.5,F
2014,Western Kentucky,15,WR/TE,0.9426105427872642,79.1,B+
2014,Western Michigan,15,DL/EDGE,-0.14978942868766762,62.8,C-
2014,Western Michigan,15,OL,0.40115078385655173,71.0,B-
2014,Western Michigan,15,QB,1.8721289207928804,93.1,A+
2014,Western Michigan,15,RB,0.2219126247700484,68.3,C+
2014,Western Michigan,15,Secondary,-0.04417404174446494,64.3,C
2014,Western Michigan,15,WR/TE,1.3256770222127745,84.9,A-
2014,Wisconsin,15,DL/EDGE,0.9301278260021753,79.0,B+
2014,Wisconsin,15,OL,0.7541155651784764,76.3,B
2014,Wisconsin,15,QB,-0.393627076430903,59.1,D+
2014,Wisconsin,15,RB,1.4956849012199678,87.4,A
2014,Wisconsin,15,Secondary,0.11261846220102921,66.7,C
2014,Wisconsin,15,WR/TE,-0.3752939107387438,59.4,D+
2014,Wyoming,15,DL/EDGE,-0.618428861988249,55.7,D
2014,Wyoming,15,OL,-0.49804485463887266,57.5,D+
2014,Wyoming,15,QB,-0.22230158928977006,61.7,C-
2014,Wyoming,15,RB,0.5926757494120316,73.9,B
2014,Wyoming,15,Secondary,-0.9208755730087955,51.2,D-
2014,Wyoming,15,WR/TE,0.33681656307621766,70.1,B-
2015,Air Force,15,DL/EDGE,0.656132976025639,74.8,B
2015,Air Force,15,OL,0.7582623810892969,76.4,B
2015,Air Force,15,QB,1.1193475975858065,81.8,A-
2015,Air Force,15,RB,0.033342382728883735,65.5,C
2015,Air Force,15,Secondary,-0.374931188764411,59.4,D+
2015,Air Force,15,WR/TE,1.578634993843283,88.7,A
2015,Akron,15,DL/EDGE,0.07329901018844953,66.1,C
2015,Akron,15,OL,-0.14205676360817923,62.9,C-
2015,Akron,15,QB,-0.2558828083025785,61.2,C-
2015,Akron,15,RB,-0.9269122432620283,51.1,D-
2015,Akron,15,Secondary,0.5439712006169818,73.2,B
2015,Akron,15,WR/TE,-0.13711287810146763,62.9,C-
2015,Alabama,15,DL/EDGE,1.021760921537299,80.3,A-
2015,Alabama,15,OL,0.18748893187877716,67.8,C+
2015,Alabama,15,QB,0.061716080940117865,65.9,C
2015,Alabama,15,RB,0.5339025670712818,73.0,B
2015,Alabama,15,Secondary,0.5871802714765554,73.8,B
2015,Alabama,15,WR/TE,0.09541094339337591,66.4,C
2015,App State,15,DL/EDGE,1.0821110308048625,81.2,A-
2015,App State,15,OL,0.6160214941858051,74.2,B
2015,App State,15,QB,0.8805654906743645,78.2,B+
2015,App State,15,RB,0.501507774858272,72.5,B-
2015,App State,15,Secondary,0.6425156625637184,74.6,B
2015,App State,15,WR/TE,0.23449787861847776,68.5,C+
2015,Arizona,15,DL/EDGE,-0.22623291324808006,61.6,C-
2015,Arizona,15,OL,0.9342583773589956,79.0,B+
2015,Arizona,15,QB,0.14466080851137378,67.2,C+
2015,Arizona,15,RB,1.072543402450192,81.1,A-
2015,Arizona,15,Secondary,-0.8412180822916397,52.4,D-
2015,Arizona,15,WR/TE,0.7203207231934133,75.8,B
2015,Arizona State,15,DL/EDGE,0.8910860418828097,78.4,B+
2015,Arizona State,15,OL,-0.1102580474181101,63.3,C
2015,Arizona State,15,QB,0.0019829172438548355,65.0,C
2015,Arizona State,15,RB,-0.04117517034082438,64.4,C
2015,Arizona State,15,Secondary,-0.9332746556752679,51.0,D-
2015,Arizona State,15,WR/TE,0.6654054136792108,75.0,B
2015,Arkansas,15,DL/EDGE,-0.10890607602279778,63.4,C
2015,Arkansas,15,OL,0.5158141358778696,72.7,B-
2015,Arkansas,15,QB,1.2056549818161342,83.1,A-
2015,Arkansas,15,RB,0.6465281517576048,74.7,B
2015,Arkansas,15,Secondary,-0.912152011446199,51.3,D-
2015,Arkansas,15,WR/TE,0.7952892137837388,76.9,B
2015,Arkansas State,15,DL/EDGE,0.14848292408826388,67.2,C+
2015,Arkansas State,15,OL,-0.2431568379180492,61.4,C-
2015,Arkansas State,15,QB,-0.011336126667567933,64.8,C
2015,Arkansas State,15,RB,0.5455395566211418,73.2,B
2015,Arkansas State,15,Secondary,0.906112971944191,78.6,B+
2015,Arkansas State,15,WR/TE,0.21705472884947674,68.3,C+
2015,Army,15,DL/EDGE,-0.35561591676797527,59.7,D+
2015,Army,15,OL,-0.7468967967437139,53.8,D
2015,Army,15,QB,0.9690183510016165,79.5,B+
2015,Army,15,RB,-0.20397274813540928,61.9,C-
2015,Army,15,Secondary,-1.085217932661695,48.7,F
2015,Army,15,WR/TE,1.3461184720158235,85.2,A
2015,Auburn,15,DL/EDGE,-1.0874399876437073,48.7,F
2015,Auburn,15,OL,-0.06066059787305578,64.1,C
2015,Auburn,15,QB,0.2718626694032822,69.1,C+
2015,Auburn,15,RB,-0.11049469544083773,63.3,C
2015,Auburn,15,Secondary,0.1516154504080232,67.3,C+
2015,Auburn,15,WR/TE,0.3114698923247661,69.7,C+
2015,BYU,15,DL/EDGE,0.9410285124626732,79.1,B+
2015,BYU,15,OL,0.22070748265346166,68.3,C+
2015,BYU,15,QB,0.5170547664667406,72.8,B-
2015,BYU,15,RB,0.004076680907102767,65.1,C
2015,BYU,15,Secondary,0.5293290022083822,72.9,B-
2015,BYU,15,WR/TE,0.5415278892766086,73.1,B
2015,Ball State,15,DL/EDGE,-0.77510443389055,53.4,D
2015,Ball State,15,OL,0.6468521952501236,74.7,B
2015,Ball State,15,QB,-0.5602042719371336,56.6,D
2015,Ball State,15,RB,-0.8247362699593075,52.6,D-
2015,Ball State,15,Secondary,-1.4412989088405133,43.4,F
2015,Ball State,15,WR/TE,-1.2520046191432341,46.2,F
2015,Baylor,15,DL/EDGE,0.7368522840251468,76.1,B
2015,Baylor,15,OL,0.47762273853249465,72.2,B-
2015,Baylor,15,QB,1.0291543940826446,80.4,A-
2015,Baylor,15,RB,0.6640215281163211,75.0,B
2015,Baylor,15,Secondary,0.07103179148236922,66.1,C
2015,Baylor,15,WR/TE,1.541762370336854,88.1,A
2015,Boise State,15,DL/EDGE,0.3059515879691667,69.6,C+
2015,Boise State,15,OL,-0.22963380149082913,61.6,C-
2015,Boise State,15,QB,0.13925450727044528,67.1,C+
2015,Boise State,15,RB,0.4888727218380396,72.3,B-
2015,Boise State,15,Secondary,0.2639187099893201,69.0,C+
2015,Boise State,15,WR/TE,0.48040915411565666,72.2,B-
2015,Boston College,15,DL/EDGE,2.5231475896893367,100.0,A+
2015,Boston College,15,OL,-1.5624462739611686,41.6,F
2015,Boston College,15,QB,-1.504764718927072,42.4,F
2015,Boston College,15,RB,-0.2914644709463306,60.6,C-
2015,Boston College,15,Secondary,0.8148225783751093,77.2,B+
2015,Boston College,15,WR/TE,-1.3554248531571371,44.7,F
2015,Bowling Green,15,DL/EDGE,0.006018324443358397,65.1,C
2015,Bowling Green,15,OL,0.6860316719236332,75.3,B
2015,Bowling Green,15,QB,1.6470771974671126,89.7,A
2015,Bowling Green,15,RB,1.0152137560306422,80.2,A-
2015,Bowling Green,15,Secondary,0.3281443926051839,69.9,C+
2015,Bowling Green,15,WR/TE,1.58558206065557,88.8,A
2015,Buffalo,15,DL/EDGE,-0.18514112505307773,62.2,C-
2015,Buffalo,15,OL,0.1456246094556441,67.2,C+
2015,Buffalo,15,QB,-0.19806561011052548,62.0,C-
2015,Buffalo,15,RB,-0.8804801921377912,51.8,D-
2015,Buffalo,15,Secondary,0.18170274640208608,67.7,C+
2015,Buffalo,15,WR/TE,-0.1860194197796071,62.2,C-
2015,California,15,DL/EDGE,-0.013885084180466023,64.8,C
2015,California,15,OL,0.7439307641211422,76.2,B
2015,California,15,QB,0.6041800101027491,74.1,B
2015,California,15,RB,0.32016734320834117,69.8,C+
2015,California,15,Secondary,-0.09732452196018819,63.5,C
2015,California,15,WR/TE,0.9362688234046717,79.0,B+
2015,Central Michigan,15,DL/EDGE,-0.374042901547963,59.4,D+
2015,Central Michigan,15,OL,-0.8701578374173786,51.9,D-
2015,Central Michigan,15,QB,0.6735401889566102,75.1,B
2015,Central Michigan,15,RB,-1.474825023427491,42.9,F
2015,Central Michigan,15,Secondary,0.4627558309374729,71.9,B-
2015,Central Michigan,15,WR/TE,0.618727552285792,74.3,B
2015,Charlotte,15,DL/EDGE,-0.14395820476714422,62.8,C-
2015,Charlotte,15,OL,-1.2670982983114847,46.0,F
2015,Charlotte,15,QB,-1.4301863570945097,43.5,F
2015,Charlotte,15,RB,-1.594962283344532,41.1,F
2015,Charlotte,15,Secondary,0.006938576978465894,65.1,C
2015,Charlotte,15,WR/TE,-1.1586150268730315,47.6,F
2015,Cincinnati,15,DL/EDGE,-1.3030827710576154,45.5,F
2015,Cincinnati,15,OL,0.5417419857631471,73.1,B
2015,Cincinnati,15,QB,0.7349469326374038,76.0,B
2015,Cincinnati,15,RB,0.2843558366272485,69.3,C+
2015,Cincinnati,15,Secondary,0.17145058560079626,67.6,C+
2015,Cincinnati,15,WR/TE,1.4109063823943453,86.2,A
2015,Clemson,15,DL/EDGE,1.4994156175211395,87.5,A
2015,Clemson,15,OL,0.8010809340268759,77.0,B+
2015,Clemson,15,QB,1.098639009286368,81.5,A-
2015,Clemson,15,RB,-0.05651091940362951,64.2,C
2015,Clemson,15,Secondary,0.9770105655994453,79.7,B+
2015,Clemson,15,WR/TE,0.5325340752529897,73.0,B-
2015,Colorado,15,DL/EDGE,-0.9835342057184411,50.2,D-
2015,Colorado,15,OL,-0.5354003572168243,57.0,D
2015,Colorado,15,QB,0.013148452278021298,65.2,C
2015,Colorado,15,RB,-0.5121347934185154,57.3,D+
2015,Colorado,15,Secondary,0.2813986367623173,69.2,C+
2015,Colorado,15,WR/TE,-0.27678361943309404,60.8,C-
2015,Colorado State,15,DL/EDGE,0.46295874002820303,71.9,B-
2015,Colorado State,15,OL,0.41614754626006845,71.2,B-
2015,Colorado State,15,QB,0.14280129905492311,67.1,C+
2015,Colorado State,15,RB,-0.7315986236404942,54.0,D
2015,Colorado State,15,Secondary,0.03391464351127268,65.5,C
2015,Colorado State,15,WR/TE,0.18342597388900753,67.8,C+
2015,Duke,15,DL/EDGE,0.41113151257997144,71.2,B-
2015,Duke,15,OL,0.5275715020816963,72.9,B-
2015,Duke,15,QB,-0.07348057825410517,63.9,C
2015,Duke,15,RB,-0.4396416606771232,58.4,D+
2015,Duke,15,Secondary,-0.4590105354672799,58.1,D+
2015,Duke,15,WR/TE,0.280257750802497,69.2,C+
2015,East Carolina,15,DL/EDGE,-0.21022197044967408,61.8,C-
2015,East Carolina,15,OL,-0.5782707380585538,56.3,D
2015,East Carolina,15,QB,0.25418368932106805,68.8,C+
2015,East Carolina,15,RB,-0.7302571918696696,54.0,D
2015,East Carolina,15,Secondary,-0.2443124372720685,61.3,C-
2015,East Carolina,15,WR/TE,-0.12554889482769435,63.1,C
2015,Eastern Michigan,15,DL/EDGE,-0.7549590725833942,53.7,D
2015,Eastern Michigan,15,OL,-0.05293911520542985,64.2,C
2015,Eastern Michigan,15,QB,-0.3041897405237283,60.4,C-
2015,Eastern Michigan,15,RB,0.18896896637648508,67.8,C+
2015,Eastern Michigan,15,Secondary,-1.2992933575026029,45.5,F
2015,Eastern Michigan,15,WR/TE,-0.6467994327698622,55.3,D
2015,Florida,15,DL/EDGE,0.923324706123675,78.8,B+
2015,Florida,15,OL,-0.7607974981573586,53.6,D
2015,Florida,15,QB,-0.22438271931344717,61.6,C-
2015,Florida,15,RB,-0.6662045501698453,55.0,D
2015,Florida,15,Secondary,1.1631000963053864,82.4,A-
2015,Florida,15,WR/TE,-0.04988923817254379,64.3,C
2015,Florida Atlantic,15,DL/EDGE,0.08464334220809723,66.3,C
2015,Florida Atlantic,15,OL,-0.30029298388490705,60.5,C-
2015,Florida Atlantic,15,QB,-0.8418198694889419,52.4,D-
2015,Florida Atlantic,15,RB,-0.831651874873489,52.5,D-
2015,Florida Atlantic,15,Secondary,-0.42520090561784774,58.6,D+
2015,Florida Atlantic,15,WR/TE,0.12596045178379311,66.9,C
2015,Florida International,15,DL/EDGE,-0.24595432940744563,61.3,C-
2015,Florida International,15,OL,0.18254101607360912,67.7,C+
2015,Florida International,15,QB,0.1280240388370896,66.9,C
2015,Florida International,15,RB,-1.079397969934395,48.8,F
2015,Florida International,15,Secondary,0.16033859932430675,67.4,C+
2015,Florida International,15,WR/TE,0.13482187830868736,67.0,C+
2015,Florida State,15,DL/EDGE,-0.18638014929451974,62.2,C-
2015,Florida State,15,OL,1.0147069886142268,80.2,A-
2015,Florida State,15,QB,0.8536613447386653,77.8,B+
2015,Florida State,15,RB,1.7219765423213391,90.8,A+
2015,Florida State,15,Secondary,0.8053084194025855,77.1,B+
2015,Florida State,15,WR/TE,0.2837131344822731,69.3,C+
2015,Fresno State,15,DL/EDGE,-0.007793523616972303,64.9,C
2015,Fresno State,15,OL,-0.8986531399560138,51.5,D-
2015,Fresno State,15,QB,-0.9191886511842227,51.2,D-
2015,Fresno State,15,RB,-0.2519498704809344,61.2,C-
2015,Fresno State,15,Secondary,-0.6210537204306348,55.7,D
2015,Fresno State,15,WR/TE,-0.5486417728042489,56.8,D
2015,Georgia,15,DL/EDGE,0.06217019820652864,65.9,C
2015,Georgia,15,OL,0.6806335757511968,75.2,B
2015,Georgia,15,QB,0.07481044883545974,66.1,C
2015,Georgia,15,RB,0.6029072248341866,74.0,B
2015,Georgia,15,Secondary,1.0377305124669016,80.6,A-
2015,Georgia,15,WR/TE,-1.0249657078450478,49.6,F
2015,Georgia Southern,15,DL/EDGE,-0.2391774817372425,61.4,C-
2015,Georgia Southern,15,OL,0.6749332340648739,75.1,B
2015,Georgia Southern,15,QB,-1.2083188627637853,46.9,F
2015,Georgia Southern,15,RB,1.1210543148348315,81.8,A-
2015,Georgia Southern,15,Secondary,0.7065185514019034,75.6,B
2015,Georgia Southern,15,WR/TE,-0.8978056901455631,51.5,D-
2015,Georgia State,15,DL/EDGE,-0.6384401993798049,55.4,D
2015,Georgia State,15,OL,-0.9629218680976618,50.6,D-
2015,Georgia State,15,QB,1.0585442958208258,80.9,A-
2015,Georgia State,15,RB,-1.9784416015482833,35.3,F
2015,Georgia State,15,Secondary,0.42504268216406,71.4,B-
2015,Georgia State,15,WR/TE,0.8905825839706515,78.4,B+
2015,Georgia Tech,15,DL/EDGE,-1.0280406453992266,49.6,F
2015,Georgia Tech,15,OL,0.07978615961737451,66.2,C
2015,Georgia Tech,15,QB,-0.9303255289534679,51.0,D-
2015,Georgia Tech,15,RB,-0.18277532946464753,62.3,C-
2015,Georgia Tech,15,Secondary,0.0737890890062854,66.1,C
2015,Georgia Tech,15,WR/TE,-0.42324417161352723,58.7,D+
2015,Hawai'i,15,DL/EDGE,0.3040075000977165,69.6,C+
2015,Hawai'i,15,OL,0.4170873553233687,71.3,B-
2015,Hawai'i,15,QB,-1.0721488452194614,48.9,F
2015,Hawai'i,15,RB,0.10588224986943634,66.6,C
2015,Hawai'i,15,Secondary,-1.1505808021513229,47.7,F
2015,Hawai'i,15,WR/TE,-0.7305860074270853,54.0,D
2015,Houston,15,DL/EDGE,0.3829293736847461,70.7,B-
2015,Houston,15,OL,0.1624656647268624,67.4,C+
2015,Houston,15,QB,0.9834068019843196,79.8,B+
2015,Houston,15,RB,-0.12481477836074395,63.1,C
2015,Houston,15,Secondary,-0.197369557220042,62.0,C-
2015,Houston,15,WR/TE,0.5332475187590392,73.0,B-
2015,Idaho,15,DL/EDGE,-0.9750311850673417,50.4,D-
2015,Idaho,15,OL,0.12480131651768234,66.9,C
2015,Idaho,15,QB,0.013363465286382659,65.2,C
2015,Idaho,15,RB,-0.3461739414619902,59.8,D+
2015,Idaho,15,Secondary,-0.3547432698795379,59.7,D+
2015,Idaho,15,WR/TE,-0.11965305455395593,63.2,C
2015,Illinois,15,DL/EDGE,0.34113638889540876,70.1,B-
2015,Illinois,15,OL,0.14258688503978448,67.1,C+
2015,Illinois,15,QB,-0.7872953784369046,53.2,D
2015,Illinois,15,RB,-0.27669409562655584,60.8,C-
2015,Illinois,15,Secondary,1.1120148951555453,81.7,A-
2015,Illinois,15,WR/TE,-1.3512365749253876,44.7,F
2015,Indiana,15,DL/EDGE,-0.813480334198866,52.8,D-
2015,Indiana,15,OL,-0.06278606442618284,64.1,C
2015,Indiana,15,QB,0.36649478096750987,70.5,B-
2015,Indiana,15,RB,0.22830249678460618,68.4,C+
2015,Indiana,15,Secondary,-0.750724434858554,53.7,D
2015,Indiana,15,WR/TE,0.3301461047853063,70.0,C+
2015,Iowa,15,DL/EDGE,-0.706130053039473,54.4,D
2015,Iowa,15,OL,-0.12064551831107828,63.2,C
2015,Iowa,15,QB,0.658920377733407,74.9,B
2015,Iowa,15,RB,0.06957671677556412,66.0,C
2015,Iowa,15,Secondary,1.0776680040397422,81.2,A-
2015,Iowa,15,WR/TE,0.7014246804496731,75.5,B
2015,Iowa State,15,DL/EDGE,0.1351232743346027,67.0,C+
2015,Iowa State,15,OL,0.3244583352913412,69.9,C+
2015,Iowa State,15,QB,-0.43766810910933973,58.4,D+
2015,Iowa State,15,RB,0.036088412423764316,65.5,C
2015,Iowa State,15,Secondary,-1.0449311886572337,49.3,F
2015,Iowa State,15,WR/TE,-0.2096562373594817,61.9,C-
2015,Kansas,15,DL/EDGE,-0.9163250944565556,51.3,D-
2015,Kansas,15,OL,-0.5741209064042437,56.4,D
2015,Kansas,15,QB,-0.7580882446112166,53.6,D
2015,Kansas,15,RB,-1.4577759573176103,43.1,F
2015,Kansas,15,Secondary,-0.8403668212851413,52.4,D-
2015,Kansas,15,WR/TE,-1.3105639034293435,45.3,F
2015,Kansas State,15,DL/EDGE,-0.07876985761890377,63.8,C
2015,Kansas State,15,OL,-0.6431445166594487,55.4,D
2015,Kansas State,15,QB,-0.9624687441074286,50.6,D-
2015,Kansas State,15,RB,-1.0182081615064775,49.7,F
2015,Kansas State,15,Secondary,-0.8578559296781181,52.1,D-
2015,Kansas State,15,WR/TE,-0.11577452029375858,63.3,C
2015,Kent State,15,DL/EDGE,0.8334941691236948,77.5,B+
2015,Kent State,15,OL,-1.4496495146013226,43.3,F
2015,Kent State,15,QB,-1.3188379534212629,45.2,F
2015,Kent State,15,RB,-1.0881904564660478,48.7,F
2015,Kent State,15,Secondary,0.1465432716393579,67.2,C+
2015,Kent State,15,WR/TE,-1.8518057887873092,37.2,F
2015,Kentucky,15,DL/EDGE,-0.8691123430835601,52.0,D-
2015,Kentucky,15,OL,0.18514662929033085,67.8,C+
2015,Kentucky,15,QB,-0.4139365264039794,58.8,D+
2015,Kentucky,15,RB,0.576228201608461,73.6,B
2015,Kentucky,15,Secondary,0.011686773718937534,65.2,C
2015,Kentucky,15,WR/TE,-1.0124832774424233,49.8,F
2015,LSU,15,DL/EDGE,-0.33635379314978936,60.0,D+
2015,LSU,15,OL,0.5999849261037662,74.0,B
2015,LSU,15,QB,0.40402906787043846,71.1,B-
2015,LSU,15,RB,1.5976672892736157,89.0,A
2015,LSU,15,Secondary,0.6290170569493624,74.4,B
2015,LSU,15,WR/TE,-0.10454018766215312,63.4,C
2015,Louisiana,15,DL/EDGE,0.09883070247951073,66.5,C
2015,Louisiana,15,OL,0.688896099411491,75.3,B
2015,Louisiana,15,QB,-0.7364219036232202,54.0,D
2015,Louisiana,15,RB,0.697655329302146,75.5,B
2015,Louisiana,15,Secondary,-1.3158162081448628,45.3,F
2015,Louisiana,15,WR/TE,-0.6868829116672672,54.7,D
2015,Louisiana Tech,15,DL/EDGE,0.2841176532718139,69.3,C+
2015,Louisiana Tech,15,OL,0.6923008540855167,75.4,B
2015,Louisiana Tech,15,QB,0.9257366260851295,78.9,B+
2015,Louisiana Tech,15,RB,-0.09720897481417747,63.5,C
2015,Louisiana Tech,15,Secondary,0.1356620257935556,67.0,C+
2015,Louisiana Tech,15,WR/TE,0.41430153689276733,71.2,B-
2015,Louisville,15,DL/EDGE,0.8453214760050278,77.7,B+
2015,Louisville,15,OL,-0.3518435633769416,59.7,D+
2015,Louisville,15,QB,-0.18196522943526855,62.3,C-
2015,Louisville,15,RB,0.3605722229607404,70.4,B-
2015,Louisville,15,Secondary,-0.1304214564570463,63.0,C
2015,Louisville,15,WR/TE,-0.31589827878527466,60.3,C-
2015,Marshall,15,DL/EDGE,-0.07464954805135807,63.9,C
2015,Marshall,15,OL,0.1110269855648779,66.7,C
2015,Marshall,15,QB,-0.5453969522106904,56.8,D
2015,Marshall,15,RB,0.13062172514993842,67.0,C
2015,Marshall,15,Secondary,1.4382961746223282,86.6,A
2015,Marshall,15,WR/TE,-0.5776575061550946,56.3,D
2015,Maryland,15,DL/EDGE,1.2359327554032378,83.5,A-
2015,Maryland,15,OL,0.5629151087288037,73.4,B
2015,Maryland,15,QB,-1.673184225502193,39.9,F
2015,Maryland,15,RB,0.9926717426874228,79.9,B+
2015,Maryland,15,Secondary,-0.4910495990414692,57.6,D+
2015,Maryland,15,WR/TE,-1.124774858758022,48.1,F
2015,Massachusetts,15,DL/EDGE,-0.28079071633962965,60.8,C-
2015,Massachusetts,15,OL,0.17793030411915237,67.7,C+
2015,Massachusetts,15,QB,-0.5248652396974169,57.1,D+
2015,Massachusetts,15,RB,0.324541345473381,69.9,C+
2015,Massachusetts,15,Secondary,-0.17678547192848634,62.3,C-
2015,Massachusetts,15,WR/TE,-0.8640870953719471,52.0,D-
2015,Memphis,15,DL/EDGE,-0.05863237272621355,64.1,C
2015,Memphis,15,OL,-0.34372602180320183,59.8,D+
2015,Memphis,15,QB,1.2333498573074142,83.5,A-
2015,Memphis,15,RB,-0.8322199487815627,52.5,D-
2015,Memphis,15,Secondary,-0.4748171114471172,57.9,D+
2015,Memphis,15,WR/TE,1.2083000766541523,83.1,A-
2015,Miami,15,DL/EDGE,-1.0166031317080195,49.8,F
2015,Miami,15,OL,-0.18854905088065746,62.2,C-
2015,Miami,15,QB,0.40421441436313843,71.1,B-
2015,Miami,15,RB,-1.1365570541897672,48.0,F
2015,Miami,15,Secondary,1.1709804608348913,82.6,A-
2015,Miami,15,WR/TE,-0.03141160014890501,64.5,C
2015,Miami (OH),15,DL/EDGE,0.6045335955606483,74.1,B
2015,Miami (OH),15,OL,-0.7499265896378039,53.8,D
2015,Miami (OH),15,QB,-1.025796340169539,49.6,F
2015,Miami (OH),15,RB,-0.6795126872768333,54.8,D
2015,Miami (OH),15,Secondary,0.14868742587755032,67.2,C+
2015,Miami (OH),15,WR/TE,-0.3311382632922205,60.0,C-
2015,Michigan,15,DL/EDGE,0.4686978236488049,72.0,B-
2015,Michigan,15,OL,0.059240156584019044,65.9,C
2015,Michigan,15,QB,0.1445317247792,67.2,C+
2015,Michigan,15,RB,0.008097322752623981,65.1,C
2015,Michigan,15,Secondary,1.3572578021704271,85.4,A
2015,Michigan,15,WR/TE,-0.05060265187573315,64.2,C
2015,Michigan State,15,DL/EDGE,-0.03380857422746461,64.5,C
2015,Michigan State,15,OL,-0.23642472181954904,61.5,C-
2015,Michigan State,15,QB,0.316557880671925,69.7,C+
2015,Michigan State,15,RB,-0.611779520568391,55.8,D
2015,Michigan State,15,Secondary,-0.001245634828333689,65.0,C
2015,Michigan State,15,WR/TE,0.5184455339742832,72.8,B-
2015,Middle Tennessee,15,DL/EDGE,-0.28506341137984426,60.7,C-
2015,Middle Tennessee,15,OL,0.22148680823788136,68.3,C+
2015,Middle Tennessee,15,QB,0.7805933925743893,76.7,B
2015,Middle Tennessee,15,RB,-1.4308858757159169,43.5,F
2015,Middle Tennessee,15,Secondary,0.7559896765240075,76.3,B
2015,Middle Tennessee,15,WR/TE,0.5651379993189288,73.5,B
2015,Minnesota,15,DL/EDGE,0.042927638193452786,65.6,C
2015,Minnesota,15,OL,0.5652968004182506,73.5,B
2015,Minnesota,15,QB,-0.3505669044714974,59.7,D+
2015,Minnesota,15,RB,-0.5158876304947664,57.3,D+
2015,Minnesota,15,Secondary,0.7047487988178168,75.6,B
2015,Minnesota,15,WR/TE,-0.8384038301462866,52.4,D-
2015,Mississippi State,15,DL/EDGE,0.3172729923845779,69.8,C+
2015,Mississippi State,15,OL,0.274182783206947,69.1,C+
2015,Mississippi State,15,QB,0.8646168015126933,78.0,B+
2015,Mississippi State,15,RB,-0.5178225292827738,57.2,D+
2015,Mississippi State,15,Secondary,0.4133853396467692,71.2,B-
2015,Mississippi State,15,WR/TE,0.044882420378410004,65.7,C
2015,Missouri,15,DL/EDGE,1.4588249536004168,86.9,A
2015,Missouri,15,OL,-0.8019547060692171,53.0,D-
2015,Missouri,15,QB,-1.2821767452162511,45.8,F
2015,Missouri,15,RB,-0.3141457653881443,60.3,C-
2015,Missouri,15,Secondary,0.5379394823077742,73.1,B
2015,Missouri,15,WR/TE,-0.9348882877764277,51.0,D-
2015,NC State,15,DL/EDGE,0.5069635148277957,72.6,B-
2015,NC State,15,OL,0.06941604861448833,66.0,C
2015,NC State,15,QB,-0.27852909871495823,60.8,C-
2015,NC State,15,RB,0.9182153508373911,78.8,B+
2015,NC State,15,Secondary,0.6573321996465562,74.9,B
2015,NC State,15,WR/TE,0.06455769634655817,66.0,C
2015,Navy,15,DL/EDGE,-0.5036971153154683,57.4,D+
2015,Navy,15,OL,-0.30439901932707364,60.4,C-
2015,Navy,15,QB,1.1646124983584527,82.5,A-
2015,Navy,15,RB,0.7583282074439746,76.4,B
2015,Navy,15,Secondary,-0.5422155869463738,56.9,D
2015,Navy,15,WR/TE,1.6236288210672827,89.4,A
2015,Nebraska,15,DL/EDGE,-0.10618278765721062,63.4,C
2015,Nebraska,15,OL,0.2203542936242422,68.3,C+
2015,Nebraska,15,QB,-0.06063258074394774,64.1,C
2015,Nebraska,15,RB,0.1071823826353113,66.6,C
2015,Nebraska,15,Secondary,-0.5031984078444776,57.5,D+
2015,Nebraska,15,WR/TE,-0.28711069145669993,60.7,C-
2015,Nevada,15,DL/EDGE,-0.3377071831085325,59.9,D+
2015,Nevada,15,OL,0.03319473832229017,65.5,C
2015,Nevada,15,QB,-0.21542169140157408,61.8,C-
2015,Nevada,15,RB,0.6881866940369973,75.3,B
2015,Nevada,15,Secondary,0.5300688249947696,73.0,B-
2015,Nevada,15,WR/TE,-0.33740619523104065,59.9,D+
2015,New Mexico,15,DL/EDGE,0.39262414955476554,70.9,B-
2015,New Mexico,15,OL,-0.2942328882103358,60.6,C-
2015,New Mexico,15,QB,-0.08421028026111384,63.7,C
2015,New Mexico,15,RB,0.4494925185689667,71.7,B-
2015,New Mexico,15,Secondary,-1.0353336880957147,49.5,F
2015,New Mexico,15,WR/TE,0.3411181456829575,70.1,B-
2015,New Mexico State,15,DL/EDGE,-0.9209699824421911,51.2,D-
2015,New Mexico State,15,OL,0.19764460136886708,68.0,C+
2015,New Mexico State,15,QB,-0.21729397594124064,61.7,C-
2015,New Mexico State,15,RB,0.8502282914053363,77.8,B+
2015,New Mexico State,15,Secondary,-0.6238328533113306,55.6,D
2015,New Mexico State,15,WR/TE,-0.20749490977758717,61.9,C-
2015,North Carolina,15,DL/EDGE,-0.799908182523677,53.0,D
2015,North Carolina,15,OL,1.4121628509205626,86.2,A
2015,North Carolina,15,QB,1.056033999425799,80.8,A-
2015,North Carolina,15,RB,0.8973765489622839,78.5,B+
2015,North Carolina,15,Secondary,1.1795134669650644,82.7,A-
2015,North Carolina,15,WR/TE,1.5008280051044272,87.5,A
2015,North Texas,15,DL/EDGE,-0.7670280362810327,53.5,D
2015,North Texas,15,OL,0.18265614829291754,67.7,C+
2015,North Texas,15,QB,-1.342188911052213,44.9,F
2015,North Texas,15,RB,-0.7091251841592392,54.4,D
2015,North Texas,15,Secondary,-1.2403601101724415,46.4,F
2015,North Texas,15,WR/TE,-0.5278430144950919,57.1,D+
2015,Northern Illinois,15,DL/EDGE,-0.04598200873809655,64.3,C
2015,Northern Illinois,15,OL,-0.24351030726411016,61.3,C-
2015,Northern Illinois,15,QB,0.01920385311387894,65.3,C
2015,Northern Illinois,15,RB,0.12224390344400557,66.8,C
2015,Northern Illinois,15,Secondary,0.6910788054943562,75.4,B
2015,Northern Illinois,15,WR/TE,-0.094624062044286,63.6,C
2015,Northwestern,15,DL/EDGE,0.4057636608327928,71.1,B-
2015,Northwestern,15,OL,-0.9683755683148334,50.5,D-
2015,Northwestern,15,QB,-1.0654897283485643,49.0,F
2015,Northwestern,15,RB,-0.558531833681103,56.6,D
2015,Northwestern,15,Secondary,1.1222045891214256,81.8,A-
2015,Northwestern,15,WR/TE,-0.8416823744294382,52.4,D-
2015,Notre Dame,15,DL/EDGE,-0.4487144197181082,58.3,D+
2015,Notre Dame,15,OL,0.5109227867682069,72.7,B-
2015,Notre Dame,15,QB,0.8086780054114618,77.1,B+
2015,Notre Dame,15,RB,1.4660649834056316,87.0,A
2015,Notre Dame,15,Secondary,-0.03878626036364228,64.4,C
2015,Notre Dame,15,WR/TE,0.7551072181190481,76.3,B
2015,Ohio,15,DL/EDGE,-1.2389323089338264,46.4,F
2015,Ohio,15,OL,0.2045925769697625,68.1,C+
2015,Ohio,15,QB,0.09737899745912504,66.5,C
2015,Ohio,15,RB,-0.018134096578022396,64.7,C
2015,Ohio,15,Secondary,0.409406330172321,71.1,B-
2015,Ohio,15,WR/TE,-0.025480944606024028,64.6,C
2015,Ohio State,15,DL/EDGE,0.7034028764457844,75.6,B
2015,Ohio State,15,OL,0.776695847721967,76.7,B
2015,Ohio State,15,QB,0.21032644994228994,68.2,C+
2015,Ohio State,15,RB,0.9885642346191668,79.8,B+
2015,Ohio State,15,Secondary,1.0077669550733004,80.1,A-
2015,Ohio State,15,WR/TE,-0.4288640380157503,58.6,D+
2015,Oklahoma,15,DL/EDGE,0.6651549153056615,75.0,B
2015,Oklahoma,15,OL,-0.025229115674448743,64.6,C
2015,Oklahoma,15,QB,0.8889799718007029,78.3,B+
2015,Oklahoma,15,RB,0.5634162542185487,73.5,B
2015,Oklahoma,15,Secondary,0.8930509790871263,78.4,B+
2015,Oklahoma,15,WR/TE,1.0200164270145529,80.3,A-
2015,Oklahoma State,15,DL/EDGE,0.9097867976821522,78.6,B+
2015,Oklahoma State,15,OL,-0.3117398760852855,60.3,C-
2015,Oklahoma State,15,QB,1.0162832253364826,80.2,A-
2015,Oklahoma State,15,RB,-0.375119492835707,59.4,D+
2015,Oklahoma State,15,Secondary,0.06923009974909605,66.0,C
2015,Oklahoma State,15,WR/TE,1.068262136582188,81.0,A-
2015,Old Dominion,15,DL/EDGE,-0.5736263746180421,56.4,D
2015,Old Dominion,15,OL,0.34864226348317423,70.2,B-
2015,Old Dominion,15,QB,-0.6058952074519449,55.9,D
2015,Old Dominion,15,RB,0.35923584939595227,70.4,B-
2015,Old Dominion,15,Secondary,0.09066421555010114,66.4,C
2015,Old Dominion,15,WR/TE,-0.6683977170225623,55.0,D
2015,Ole Miss,15,DL/EDGE,0.14914547287419436,67.2,C+
2015,Ole Miss,15,OL,0.8413504660455239,77.6,B+
2015,Ole Miss,15,QB,0.730291506624831,76.0,B
2015,Ole Miss,15,RB,0.8470378491092485,77.7,B+
2015,Ole Miss,15,Secondary,0.36207886203160705,70.4,B-
2015,Ole Miss,15,WR/TE,0.5625953630402555,73.4,B
2015,Oregon,15,DL/EDGE,-0.45788233373258014,58.1,D+
2015,Oregon,15,OL,0.575542529714608,73.6,B
2015,Oregon,15,QB,0.9647439006586497,79.5,B+
2015,Oregon,15,RB,1.8666179210876248,93.0,A+
2015,Oregon,15,Secondary,-0.06052946194825733,64.1,C
2015,Oregon,15,WR/TE,0.0450417389755612,65.7,C
2015,Oregon State,15,DL/EDGE,-1.0040514643185925,49.9,F
2015,Oregon State,15,OL,0.21741984450394097,68.3,C+
2015,Oregon State,15,QB,-1.1431533761661632,47.9,F
2015,Oregon State,15,RB,0.4205023631333382,71.3,B-
2015,Oregon State,15,Secondary,-0.8710077955333183,51.9,D-
2015,Oregon State,15,WR/TE,-0.8586301625685133,52.1,D-
2015,Penn State,15,DL/EDGE,1.2296072508121763,83.4,A-
2015,Penn State,15,OL,-0.7860124511742794,53.2,D
2015,Penn State,15,QB,-0.6835823181426964,54.7,D
2015,Penn State,15,RB,0.27979820428369007,69.2,C+
2015,Penn State,15,Secondary,0.8325736401088137,77.5,B+
2015,Penn State,15,WR/TE,-1.1131549504979157,48.3,F
2015,Pittsburgh,15,DL/EDGE,0.17660360852814738,67.6,C+
2015,Pittsburgh,15,OL,0.25414302899736924,68.8,C+
2015,Pittsburgh,15,QB,0.015886949700433785,65.2,C
2015,Pittsburgh,15,RB,0.17292435689778238,67.6,C+
2015,Pittsburgh,15,Secondary,0.09480609977516942,66.4,C
2015,Pittsburgh,15,WR/TE,-0.42192896826506954,58.7,D+
2015,Purdue,15,DL/EDGE,-0.34426735792481994,59.8,D+
2015,Purdue,15,OL,0.38238307594918014,70.7,B-
2015,Purdue,15,QB,-0.8711657763802544,51.9,D-
2015,Purdue,15,RB,-0.4309844364795237,58.5,D+
2015,Purdue,15,Secondary,-0.03555381112269805,64.5,C
2015,Purdue,15,WR/TE,-0.4841396343315445,57.7,D+
2015,Rice,15,DL/EDGE,-0.4986174056911414,57.5,D+
2015,Rice,15,OL,-0.3405846681539345,59.9,D+
2015,Rice,15,QB,-0.291137123650304,60.6,C-
2015,Rice,15,RB,-0.3520804239886245,59.7,D+
2015,Rice,15,Secondary,-2.6423900612445475,25.4,F
2015,Rice,15,WR/TE,-0.06367968177528438,64.0,C
2015,Rutgers,15,DL/EDGE,-0.21471804648135792,61.8,C-
2015,Rutgers,15,OL,0.08466030587257274,66.3,C
2015,Rutgers,15,QB,-0.1991413864482925,62.0,C-
2015,Rutgers,15,RB,0.0581848936660951,65.9,C
2015,Rutgers,15,Secondary,-0.8671558355100789,52.0,D-
2015,Rutgers,15,WR/TE,-0.5221355778750121,57.2,D+
2015,SMU,15,DL/EDGE,-0.8771610819738576,51.8,D-
2015,SMU,15,OL,-0.7389889652100203,53.9,D
2015,SMU,15,QB,-0.2026112103036118,62.0,C-
2015,SMU,15,RB,-0.5465926109153632,56.8,D
2015,SMU,15,Secondary,-1.2159388699505576,46.8,F
2015,SMU,15,WR/TE,-0.41677448747122775,58.7,D+
2015,San Diego State,15,DL/EDGE,0.7727716866219974,76.6,B
2015,San Diego State,15,OL,-0.25991824452192436,61.1,C-
2015,San Diego State,15,QB,0.20280132862785652,68.0,C+
2015,San Diego State,15,RB,0.21788161881503626,68.3,C+
2015,San Diego State,15,Secondary,0.9450321474555831,79.2,B+
2015,San Diego State,15,WR/TE,-0.22974103599910653,61.6,C-
2015,San José State,15,DL/EDGE,-0.3865410822292278,59.2,D+
2015,San José State,15,OL,0.012919603111049643,65.2,C
2015,San José State,15,QB,0.5786652969365434,73.7,B
2015,San José State,15,RB,0.4616097567280019,71.9,B-
2015,San José State,15,Secondary,0.3138202576727502,69.7,C+
2015,San José State,15,WR/TE,-0.28026027089989786,60.8,C-
2015,South Alabama,15,DL/EDGE,-0.9487653602178553,50.8,D-
2015,South Alabama,15,OL,-0.813349772204206,52.8,D-
2015,South Alabama,15,QB,-0.6363531011737676,55.5,D
2015,South Alabama,15,RB,0.31760298372808404,69.8,C+
2015,South Alabama,15,Secondary,-0.022673625866543954,64.7,C
2015,South Alabama,15,WR/TE,-0.2333685850017244,61.5,C-
2015,South Carolina,15,DL/EDGE,-0.4168075895560243,58.7,D+
2015,South Carolina,15,OL,-0.035928419628191544,64.5,C
2015,South Carolina,15,QB,-0.17903689864098682,62.3,C-
2015,South Carolina,15,RB,0.037695774669062765,65.6,C
2015,South Carolina,15,Secondary,-0.21319409606057674,61.8,C-
2015,South Carolina,15,WR/TE,-0.07158278554520581,63.9,C
2015,South Florida,15,DL/EDGE,0.7477296172499813,76.2,B
2015,South Florida,15,OL,0.05024335122580434,65.8,C
2015,South Florida,15,QB,0.09566155237111404,66.4,C
2015,South Florida,15,RB,0.3651766308975387,70.5,B-
2015,South Florida,15,Secondary,0.3542762568531786,70.3,B-
2015,South Florida,15,WR/TE,0.23141542279811492,68.5,C+
2015,Southern Miss,15,DL/EDGE,0.3317563439912625,70.0,C+
2015,Southern Miss,15,OL,1.0378944280610005,80.6,A-
2015,Southern Miss,15,QB,1.2035689788469408,83.1,A-
2015,Southern Miss,15,RB,0.7137299458165687,75.7,B
2015,Southern Miss,15,Secondary,0.5175669283833547,72.8,B-
2015,Southern Miss,15,WR/TE,0.67227887246066,75.1,B
2015,Stanford,15,DL/EDGE,-0.3299873517274221,60.1,C-
2015,Stanford,15,OL,0.4202775118726578,71.3,B-
2015,Stanford,15,QB,1.3372747925628685,85.1,A
2015,Stanford,15,RB,0.3974594043841907,71.0,B-
2015,Stanford,15,Secondary,-0.07234067653782793,63.9,C
2015,Stanford,15,WR/TE,1.6973821696475484,90.5,A+
2015,Syracuse,15,DL/EDGE,-0.07597085681791221,63.9,C
2015,Syracuse,15,OL,-0.5759056937690645,56.4,D
2015,Syracuse,15,QB,-0.6828348258950682,54.8,D
2015,Syracuse,15,RB,-0.1265409936603363,63.1,C
2015,Syracuse,15,Secondary,-0.5142938480535896,57.3,D+
2015,Syracuse,15,WR/TE,-0.14819292487314425,62.8,C-
2015,TCU,15,DL/EDGE,-0.2113326499046993,61.8,C-
2015,TCU,15,OL,0.4854951613742838,72.3,B-
2015,TCU,15,QB,0.7525337648311228,76.3,B
2015,TCU,15,RB,0.5763516489917768,73.6,B
2015,TCU,15,Secondary,0.2679827969806023,69.0,C+
2015,TCU,15,WR/TE,1.1686979407575417,82.5,A-
2015,Temple,15,DL/EDGE,0.5739430218976483,73.6,B
2015,Temple,15,OL,-0.5174034947993202,57.2,D+
2015,Temple,15,QB,0.09784882068471223,66.5,C
2015,Temple,15,RB,0.03437175904477191,65.5,C
2015,Temple,15,Secondary,0.9520393962452001,79.3,B+
2015,Temple,15,WR/TE,0.11117875027114274,66.7,C
2015,Tennessee,15,DL/EDGE,-0.3412280818671934,59.9,D+
2015,Tennessee,15,OL,-0.024544657084413335,64.6,C
2015,Tennessee,15,QB,0.1550680277554657,67.3,C+
2015,Tennessee,15,RB,-0.07014442767062548,63.9,C
2015,Tennessee,15,Secondary,0.593301923322998,73.9,B
2015,Tennessee,15,WR/TE,0.1679075211138094,67.5,C+
2015,Texas,15,DL/EDGE,0.6177187028232048,74.3,B
2015,Texas,15,OL,-0.5338413312133479,57.0,D
2015,Texas,15,QB,-0.5384207697904946,56.9,D
2015,Texas,15,RB,1.089624751100016,81.3,A-
2015,Texas,15,Secondary,0.1156799608082928,66.7,C
2015,Texas,15,WR/TE,0.08167729119843084,66.2,C
2015,Texas A&M,15,DL/EDGE,0.5684161129738087,73.5,B
2015,Texas A&M,15,OL,0.5111757268168533,72.7,B-
2015,Texas A&M,15,QB,-0.33948597872433095,59.9,D+
2015,Texas A&M,15,RB,-0.2770499934592572,60.8,C-
2015,Texas A&M,15,Secondary,0.6966228984930404,75.4,B
2015,Texas A&M,15,WR/TE,0.6552602878438777,74.8,B
2015,Texas State,15,DL/EDGE,-0.646976158634937,55.3,D
2015,Texas State,15,OL,0.02265507097436681,65.3,C
2015,Texas State,15,QB,-0.3233249088275024,60.2,C-
2015,Texas State,15,RB,-0.16068790887312417,62.6,C-
2015,Texas State,15,Secondary,-1.9821263742498756,35.3,F
2015,Texas State,15,WR/TE,-0.6967008926649275,54.5,D
2015,Texas Tech,15,DL/EDGE,-1.027523034468549,49.6,F
2015,Texas Tech,15,OL,1.615713586969477,89.2,A
2015,Texas Tech,15,QB,0.8108850938549159,77.2,B+
2015,Texas Tech,15,RB,1.1903158690841906,82.9,A-
2015,Texas Tech,15,Secondary,-0.7577753125023278,53.6,D
2015,Texas Tech,15,WR/TE,0.7391801186449829,76.1,B
2015,Toledo,15,DL/EDGE,0.49395756130419466,72.4,B-
2015,Toledo,15,OL,0.7408611454491865,76.1,B
2015,Toledo,15,QB,0.27944251740447984,69.2,C+
2015,Toledo,15,RB,0.7871080875021503,76.8,B
2015,Toledo,15,Secondary,0.3505835976898778,70.3,B-
2015,Toledo,15,WR/TE,0.659363166107722,74.9,B
2015,Troy,15,DL/EDGE,0.7238667058552001,75.9,B
2015,Troy,15,OL,-0.4972017824660662,57.5,D+
2015,Troy,15,QB,-0.19956343794193387,62.0,C-
2015,Troy,15,RB,-0.13285030809047302,63.0,C
2015,Troy,15,Secondary,-0.19603340949603404,62.1,C-
2015,Troy,15,WR/TE,-0.18510788764320307,62.2,C-
2015,Tulane,15,DL/EDGE,0.8587914171725894,77.9,B+
2015,Tulane,15,OL,-0.19682472910138268,62.0,C-
2015,Tulane,15,QB,-0.49869333976441427,57.5,D+
2015,Tulane,15,RB,0.007452513569001215,65.1,C
2015,Tulane,15,Secondary,-0.6674985808665812,55.0,D
2015,Tulane,15,WR/TE,-0.11863432432628346,63.2,C
2015,Tulsa,15,DL/EDGE,-0.08102591786146626,63.8,C
2015,Tulsa,15,OL,-0.08151113117572789,63.8,C
2015,Tulsa,15,QB,1.1137186892365185,81.7,A-
2015,Tulsa,15,RB,-0.5580287778568865,56.6,D
2015,Tulsa,15,Secondary,-0.6772419792117172,54.8,D
2015,Tulsa,15,WR/TE,0.9936467206041334,79.9,B+
2015,UCF,15,DL/EDGE,-0.26617702473705446,61.0,C-
2015,UCF,15,OL,-0.6551977815461385,55.2,D
2015,UCF,15,QB,-1.5632106030724724,41.6,F
2015,UCF,15,RB,-1.6199078333716759,40.7,F
2015,UCF,15,Secondary,-1.740202905077674,38.9,F
2015,UCF,15,WR/TE,-1.9367862479038704,35.9,F
2015,UCLA,15,DL/EDGE,-0.591865745591929,56.1,D
2015,UCLA,15,OL,0.40787490669995474,71.1,B-
2015,UCLA,15,QB,0.3914637083950093,70.9,B-
2015,UCLA,15,RB,0.6412500671233732,74.6,B
2015,UCLA,15,Secondary,1.13242861724893,82.0,A-
2015,UCLA,15,WR/TE,0.1444214244120599,67.2,C+
2015,UConn,15,DL/EDGE,-0.07942123043569504,63.8,C
2015,UConn,15,OL,-1.4444995247931196,43.3,F
2015,UConn,15,QB,-0.10423511157998426,63.4,C
2015,UConn,15,RB,-0.365009405341907,59.5,D+
2015,UConn,15,Secondary,1.0122507925316981,80.2,A-
2015,UConn,15,WR/TE,-0.33218333915920195,60.0,C-
2015,UL Monroe,15,DL/EDGE,0.9912065855718121,79.9,B+
2015,UL Monroe,15,OL,-0.5256170629074484,57.1,D+
2015,UL Monroe,15,QB,-1.148739913827078,47.8,F
2015,UL Monroe,15,RB,-0.30069880386474523,60.5,C-
2015,UL Monroe,15,Secondary,-1.6384489778920388,40.4,F
2015,UL Monroe,15,WR/TE,-0.839643084508328,52.4,D-
2015,UNLV,15,DL/EDGE,-1.6746890126592227,39.9,F
2015,UNLV,15,OL,-0.11428446302996925,63.3,C
2015,UNLV,15,QB,-0.5873191532733364,56.2,D
2015,UNLV,15,RB,0.16218164323925746,67.4,C+
2015,UNLV,15,Secondary,0.4066759903932476,71.1,B-
2015,UNLV,15,WR/TE,0.08127813885125451,66.2,C
2015,USC,15,DL/EDGE,0.17900126088140364,67.7,C+
2015,USC,15,OL,-0.14081069483997755,62.9,C-
2015,USC,15,QB,0.8683316348103942,78.0,B+
2015,USC,15,RB,0.5706516720101531,73.6,B
2015,USC,15,Secondary,-0.16734438052679648,62.5,C-
2015,USC,15,WR/TE,0.643224406228506,74.6,B
2015,UTEP,15,DL/EDGE,-0.7384344948059759,53.9,D
2015,UTEP,15,OL,-0.41928668646763606,58.7,D+
2015,UTEP,15,QB,-0.2993217282494499,60.5,C-
2015,UTEP,15,RB,-0.36722552404299896,59.5,D+
2015,UTEP,15,Secondary,-1.3696758301004381,44.5,F
2015,UTEP,15,WR/TE,-0.34764718948430495,59.8,D+
2015,UTSA,15,DL/EDGE,-0.6232062520139051,55.7,D
2015,UTSA,15,OL,-0.9278539717479731,51.1,D-
2015,UTSA,15,QB,-0.51760942689473,57.2,D+
2015,UTSA,15,RB,0.15987736040004763,67.4,C+
2015,UTSA,15,Secondary,-0.42726432337036346,58.6,D+
2015,UTSA,15,WR/TE,-0.7169790755508979,54.2,D
2015,Utah,15,DL/EDGE,0.45909083819235197,71.9,B-
2015,Utah,15,OL,-0.40532058533028387,58.9,D+
2015,Utah,15,QB,-0.07828850778160379,63.8,C
2015,Utah,15,RB,-0.5969897755062541,56.0,D
2015,Utah,15,Secondary,0.3296930325198541,69.9,C+
2015,Utah,15,WR/TE,-0.3169876277061702,60.2,C-
2015,Utah State,15,DL/EDGE,0.8069219014440345,77.1,B+
2015,Utah State,15,OL,0.10196164573718422,66.5,C
2015,Utah State,15,QB,-0.14047803174393864,62.9,C-
2015,Utah State,15,RB,-0.30365310306183046,60.4,C-
2015,Utah State,15,Secondary,-0.22396029795566028,61.6,C-
2015,Utah State,15,WR/TE,-0.599975986841686,56.0,D
2015,Vanderbilt,15,DL/EDGE,0.36814874676023013,70.5,B-
2015,Vanderbilt,15,OL,-0.4849540416468281,57.7,D+
2015,Vanderbilt,15,QB,-1.06218498337619,49.1,F
2015,Vanderbilt,15,RB,-0.3629175180048827,59.6,D+
2015,Vanderbilt,15,Secondary,-0.18673244727147492,62.2,C-
2015,Vanderbilt,15,WR/TE,-1.6027143599238303,41.0,F
2015,Virginia,15,DL/EDGE,0.019191366146614708,65.3,C
2015,Virginia,15,OL,-0.10418150520995251,63.4,C
2015,Virginia,15,QB,-0.07021416815532812,63.9,C
2015,Virginia,15,RB,-0.15294330371465578,62.7,C-
2015,Virginia,15,Secondary,-0.8168830721360555,52.7,D-
2015,Virginia,15,WR/TE,0.2421638450061224,68.6,C+
2015,Virginia Tech,15,DL/EDGE,0.05338735552906257,65.8,C
2015,Virginia Tech,15,OL,-0.6497529787035412,55.3,D
2015,Virginia Tech,15,QB,-0.36377844375026236,59.5,D+
2015,Virginia Tech,15,RB,-0.6660468252368414,55.0,D
2015,Virginia Tech,15,Secondary,0.36614636350548996,70.5,B-
2015,Virginia Tech,15,WR/TE,-0.14878052622892113,62.8,C-
2015,Wake Forest,15,DL/EDGE,0.16200246529282206,67.4,C+
2015,Wake Forest,15,OL,-0.7478213975558949,53.8,D
2015,Wake Forest,15,QB,-0.7697790319503939,53.5,D
2015,Wake Forest,15,RB,-0.6030750659650901,56.0,D
2015,Wake Forest,15,Secondary,-0.9594190156154864,50.6,D-
2015,Wake Forest,15,WR/TE,-0.25848850660327954,61.1,C-
2015,Washington,15,DL/EDGE,0.4797149678433782,72.2,B-
2015,Washington,15,OL,-0.39823778497587065,59.0,D+
2015,Washington,15,QB,0.18542899079240532,67.8,C+
2015,Washington,15,RB,0.17049830674651534,67.6,C+
2015,Washington,15,Secondary,0.3906010928076336,70.9,B-
2015,Washington,15,WR/TE,0.31375475589042773,69.7,C+
2015,Washington State,15,DL/EDGE,0.40271319163340913,71.0,B-
2015,Washington State,15,OL,1.096948295818831,81.5,A-
2015,Washington State,15,QB,0.3801291996777147,70.7,B-
2015,Washington State,15,RB,-0.4637610675052971,58.0,D+
2015,Washington State,15,Secondary,0.46901882518167204,72.0,B-
2015,Washington State,15,WR/TE,0.010021039530245461,65.2,C
2015,West Virginia,15,DL/EDGE,0.25640917892571663,68.8,C+
2015,West Virginia,15,OL,-0.20359751601236153,61.9,C-
2015,West Virginia,15,QB,-0.20755946136525738,61.9,C-
2015,West Virginia,15,RB,0.07963817550934707,66.2,C
2015,West Virginia,15,Secondary,1.0227123918643388,80.3,A-
2015,West Virginia,15,WR/TE,-0.0397306209586116,64.4,C
2015,Western Kentucky,15,DL/EDGE,-0.18946810401658648,62.2,C-
2015,Western Kentucky,15,OL,0.6602694656691173,74.9,B
2015,Western Kentucky,15,QB,1.4926922503403497,87.4,A
2015,Western Kentucky,15,RB,-0.4407644514031662,58.4,D+
2015,Western Kentucky,15,Secondary,-0.34622383644195137,59.8,D+
2015,Western Kentucky,15,WR/TE,1.2568742038828902,83.9,A-
2015,Western Michigan,15,DL/EDGE,-0.7088602959173871,54.4,D
2015,Western Michigan,15,OL,0.6909734193421828,75.4,B
2015,Western Michigan,15,QB,1.0214462189991997,80.3,A-
2015,Western Michigan,15,RB,0.6753469065015768,75.1,B
2015,Western Michigan,15,Secondary,-0.39116441389444384,59.1,D+
2015,Western Michigan,15,WR/TE,0.848411385873095,77.7,B+
2015,Wisconsin,15,DL/EDGE,0.2559444291289099,68.8,C+
2015,Wisconsin,15,OL,-0.3774661910825572,59.3,D+
2015,Wisconsin,15,QB,-0.3015110504581723,60.5,C-
2015,Wisconsin,15,RB,-0.5604834599820775,56.6,D
2015,Wisconsin,15,Secondary,1.3205429401074253,84.8,A-
2015,Wisconsin,15,WR/TE,-0.827607135909398,52.6,D-
2015,Wyoming,15,DL/EDGE,-0.6540135808366961,55.2,D
2015,Wyoming,15,OL,-0.33581303298611975,60.0,D+
2015,Wyoming,15,QB,-0.2536661610280266,61.2,C-
2015,Wyoming,15,RB,0.03450199632145244,65.5,C
2015,Wyoming,15,Secondary,-0.894474144787537,51.6,D-
2015,Wyoming,15,WR/TE,0.3494987531902553,70.2,B-
2016,Air Force,15,DL/EDGE,0.7355804937672146,76.0,B
2016,Air Force,15,OL,-0.5393464686028145,56.9,D
2016,Air Force,15,QB,0.41123142083720715,71.2,B-
2016,Air Force,15,RB,-0.6064748784833791,55.9,D
2016,Air Force,15,Secondary,-0.9257592031511243,51.1,D-
2016,Air Force,15,WR/TE,1.7862804769834049,91.8,A+
2016,Akron,15,DL/EDGE,-0.3299729513654878,60.1,C-
2016,Akron,15,OL,-0.09505857904642542,63.6,C
2016,Akron,15,QB,-0.13256123075159637,63.0,C
2016,Akron,15,RB,-0.29816300664772927,60.5,C-
2016,Akron,15,Secondary,-0.24133323171854765,61.4,C-
2016,Akron,15,WR/TE,0.5260155305835578,72.9,B-
2016,Alabama,15,DL/EDGE,0.9776366263638945,79.7,B+
2016,Alabama,15,OL,0.542755538932349,73.1,B
2016,Alabama,15,QB,0.5410830435986947,73.1,B
2016,Alabama,15,RB,0.9909089659424931,79.9,B+
2016,Alabama,15,Secondary,1.2901392324179954,84.4,A-
2016,Alabama,15,WR/TE,0.31756766820097965,69.8,C+
2016,App State,15,DL/EDGE,-0.42861812286902,58.6,D+
2016,App State,15,OL,0.5281148199903681,72.9,B-
2016,App State,15,QB,0.20044146564143533,68.0,C+
2016,App State,15,RB,0.5158788273312612,72.7,B-
2016,App State,15,Secondary,1.4303464325086648,86.5,A
2016,App State,15,WR/TE,-0.7316400469443248,54.0,D
2016,Arizona,15,DL/EDGE,-1.0970546511987238,48.5,F
2016,Arizona,15,OL,0.45203577798674066,71.8,B-
2016,Arizona,15,QB,-0.5078113366988145,57.4,D+
2016,Arizona,15,RB,0.8873244858884204,78.3,B+
2016,Arizona,15,Secondary,-0.7685066618328819,53.5,D
2016,Arizona,15,WR/TE,-0.17823949109804837,62.3,C-
2016,Arizona State,15,DL/EDGE,-0.4220638255497954,58.7,D+
2016,Arizona State,15,OL,-0.7380084940654301,53.9,D
2016,Arizona State,15,QB,-0.17316637944727492,62.4,C-
2016,Arizona State,15,RB,-0.24017488235321427,61.4,C-
2016,Arizona State,15,Secondary,-1.334059736714668,45.0,F
2016,Arizona State,15,WR/TE,-0.2240572876967456,61.6,C-
2016,Arkansas,15,DL/EDGE,-1.1994032656626745,47.0,F
2016,Arkansas,15,OL,-0.46200545517253166,58.1,D+
2016,Arkansas,15,QB,0.2202670034466815,68.3,C+
2016,Arkansas,15,RB,0.004410382565572371,65.1,C
2016,Arkansas,15,Secondary,-0.7385886433113767,53.9,D
2016,Arkansas,15,WR/TE,0.4273838679199315,71.4,B-
2016,Arkansas State,15,DL/EDGE,1.5167065287565482,87.8,A
2016,Arkansas State,15,OL,-0.5916542464284041,56.1,D
2016,Arkansas State,15,QB,-0.182909040567508,62.3,C-
2016,Arkansas State,15,RB,-0.7946604921134922,53.1,D
2016,Arkansas State,15,Secondary,0.32639185643933144,69.9,C+
2016,Arkansas State,15,WR/TE,0.10670382049856314,66.6,C
2016,Army,15,DL/EDGE,-0.007498981841810443,64.9,C
2016,Army,15,OL,-0.07804670966642857,63.8,C
2016,Army,15,QB,-0.6873687724533832,54.7,D
2016,Army,15,RB,-0.2002421462231039,62.0,C-
2016,Army,15,Secondary,0.9081006575063886,78.6,B+
2016,Army,15,WR/TE,-0.002976554083544747,65.0,C
2016,Auburn,15,DL/EDGE,0.2611572796357103,68.9,C+
2016,Auburn,15,OL,0.260385258459671,68.9,C+
2016,Auburn,15,QB,0.25056867664928884,68.8,C+
2016,Auburn,15,RB,0.948813069477444,79.2,B+
2016,Auburn,15,Secondary,0.9161489366888194,78.7,B+
2016,Auburn,15,WR/TE,-0.35343392840822874,59.7,D+
2016,BYU,15,DL/EDGE,0.21930878084141675,68.3,C+
2016,BYU,15,OL,0.406900063872216,71.1,B-
2016,BYU,15,QB,-0.6521481486489223,55.2,D
2016,BYU,15,RB,0.16284942693989457,67.4,C+
2016,BYU,15,Secondary,-0.5368611213935953,56.9,D
2016,BYU,15,WR/TE,-0.15045365463889737,62.7,C-
2016,Ball State,15,DL/EDGE,-0.08688767830562291,63.7,C
2016,Ball State,15,OL,0.6754079859728697,75.1,B
2016,Ball State,15,QB,-0.45851062904063916,58.1,D+
2016,Ball State,15,RB,0.28205908925982787,69.2,C+
2016,Ball State,15,Secondary,-0.7659030731794589,53.5,D
2016,Ball State,15,WR/TE,-0.6136121755089959,55.8,D
2016,Baylor,15,DL/EDGE,0.9139043310023945,78.7,B+
2016,Baylor,15,OL,0.6865445526501303,75.3,B
2016,Baylor,15,QB,-0.29373409256147637,60.6,C-
2016,Baylor,15,RB,-0.07150426533079378,63.9,C
2016,Baylor,15,Secondary,-0.6707596555307969,54.9,D
2016,Baylor,15,WR/TE,0.5474394967525704,73.2,B
2016,Boise State,15,DL/EDGE,0.0851743811850848,66.3,C
2016,Boise State,15,OL,0.28385046759623833,69.3,C+
2016,Boise State,15,QB,1.5046378082034688,87.6,A
2016,Boise State,15,RB,0.26853598879095886,69.0,C+
2016,Boise State,15,Secondary,0.7527493996209428,76.3,B
2016,Boise State,15,WR/TE,1.338450901028028,85.1,A
2016,Boston College,15,DL/EDGE,0.9923739251501164,79.9,B+
2016,Boston College,15,OL,-1.5171770552803263,42.2,F
2016,Boston College,15,QB,-1.1419984743505636,47.9,F
2016,Boston College,15,RB,-0.7794534910952491,53.3,D
2016,Boston College,15,Secondary,0.11315667782722777,66.7,C
2016,Boston College,15,WR/TE,-1.2561740555039678,46.2,F
2016,Bowling Green,15,DL/EDGE,-0.20525699256453353,61.9,C-
2016,Bowling Green,15,OL,0.20326233963794654,68.0,C+
2016,Bowling Green,15,QB,-1.315069038268937,45.3,F
2016,Bowling Green,15,RB,0.20489906952114303,68.1,C+
2016,Bowling Green,15,Secondary,-0.949106135991791,50.8,D-
2016,Bowling Green,15,WR/TE,-0.9045039574106888,51.4,D-
2016,Buffalo,15,DL/EDGE,-0.2527079033274998,61.2,C-
2016,Buffalo,15,OL,0.1351000347737608,67.0,C+
2016,Buffalo,15,QB,-0.9104788600597034,51.3,D-
2016,Buffalo,15,RB,-0.5218936887452176,57.2,D+
2016,Buffalo,15,Secondary,-0.31494659039641115,60.3,C-
2016,Buffalo,15,WR/TE,-0.6145670283372621,55.8,D
2016,California,15,DL/EDGE,-1.411860410875176,43.8,F
2016,California,15,OL,0.9118381056191781,78.7,B+
2016,California,15,QB,0.056652815791876476,65.8,C
2016,California,15,RB,-0.28379726882160905,60.7,C-
2016,California,15,Secondary,0.12424589966394621,66.9,C
2016,California,15,WR/TE,-0.24144779534803135,61.4,C-
2016,Central Michigan,15,DL/EDGE,-0.2399038770144367,61.4,C-
2016,Central Michigan,15,OL,-0.17330594475967412,62.4,C-
2016,Central Michigan,15,QB,0.26072150334491445,68.9,C+
2016,Central Michigan,15,RB,-0.46656707895043215,58.0,D+
2016,Central Michigan,15,Secondary,0.31029678156334267,69.7,C+
2016,Central Michigan,15,WR/TE,0.5342804912551415,73.0,B
2016,Charlotte,15,DL/EDGE,-0.8112383319792202,52.8,D-
2016,Charlotte,15,OL,-0.27359790255652894,60.9,C-
2016,Charlotte,15,QB,-0.915503500762318,51.3,D-
2016,Charlotte,15,RB,-0.0950220753573793,63.6,C
2016,Charlotte,15,Secondary,0.15489606178923726,67.3,C+
2016,Charlotte,15,WR/TE,-0.8658716288938315,52.0,D-
2016,Cincinnati,15,DL/EDGE,0.22824030277445032,68.4,C+
2016,Cincinnati,15,OL,0.08215190469430494,66.2,C
2016,Cincinnati,15,QB,-0.403390760655166,58.9,D+
2016,Cincinnati,15,RB,-0.25762275723397354,61.1,C-
2016,Cincinnati,15,Secondary,0.46042328916602104,71.9,B-
2016,Cincinnati,15,WR/TE,-0.08262920768679677,63.8,C
2016,Clemson,15,DL/EDGE,1.3030935240608843,84.5,A-
2016,Clemson,15,OL,0.5330886029834256,73.0,B-
2016,Clemson,15,QB,1.0346400205837822,80.5,A-
2016,Clemson,15,RB,-0.548114330797549,56.8,D
2016,Clemson,15,Secondary,1.4901300206409298,87.4,A
2016,Clemson,15,WR/TE,0.36655067676555436,70.5,B-
2016,Colorado,15,DL/EDGE,-0.36459002908380267,59.5,D+
2016,Colorado,15,OL,-0.5220430640183561,57.2,D+
2016,Colorado,15,QB,0.10495540497926108,66.6,C
2016,Colorado,15,RB,-0.3980698894901107,59.0,D+
2016,Colorado,15,Secondary,1.4278985776436812,86.4,A
2016,Colorado,15,WR/TE,0.06702668948895776,66.0,C
2016,Colorado State,15,DL/EDGE,0.5273718007215493,72.9,B-
2016,Colorado State,15,OL,0.34748350463580674,70.2,B-
2016,Colorado State,15,QB,0.4859304868780075,72.3,B-
2016,Colorado State,15,RB,0.4526726763137442,71.8,B-
2016,Colorado State,15,Secondary,-0.9627583514857786,50.6,D-
2016,Colorado State,15,WR/TE,-0.07330917004670945,63.9,C
2016,Duke,15,DL/EDGE,0.8882985901838139,78.3,B+
2016,Duke,15,OL,0.24997100578659842,68.7,C+
2016,Duke,15,QB,0.05060434443678068,65.8,C
2016,Duke,15,RB,-1.1076286842770968,48.4,F
2016,Duke,15,Secondary,-1.7190171189438483,39.2,F
2016,Duke,15,WR/TE,-0.45911807920083303,58.1,D+
2016,East Carolina,15,DL/EDGE,-0.6803906076433418,54.8,D
2016,East Carolina,15,OL,-0.058609817061944146,64.1,C
2016,East Carolina,15,QB,0.607896813928481,74.1,B
2016,East Carolina,15,RB,-0.03431947777873663,64.5,C
2016,East Carolina,15,Secondary,-0.8916517515461643,51.6,D-
2016,East Carolina,15,WR/TE,0.023250980838691277,65.3,C
2016,Eastern Michigan,15,DL/EDGE,-0.6170764394886126,55.7,D
2016,Eastern Michigan,15,OL,0.4060554494680948,71.1,B-
2016,Eastern Michigan,15,QB,0.00764352420173323,65.1,C
2016,Eastern Michigan,15,RB,-0.6151119761431896,55.8,D
2016,Eastern Michigan,15,Secondary,-0.10491934428161945,63.4,C
2016,Eastern Michigan,15,WR/TE,0.2310487064534295,68.5,C+
2016,Florida,15,DL/EDGE,0.36078723968706405,70.4,B-
2016,Florida,15,OL,-0.09648917170453702,63.6,C
2016,Florida,15,QB,-0.502208891391521,57.5,D+
2016,Florida,15,RB,-0.5715327064951942,56.4,D
2016,Florida,15,Secondary,0.9222113526991318,78.8,B+
2016,Florida,15,WR/TE,0.5254705260826219,72.9,B-
2016,Florida Atlantic,15,DL/EDGE,-0.47697922813369276,57.8,D+
2016,Florida Atlantic,15,OL,0.2778795536181762,69.2,C+
2016,Florida Atlantic,15,QB,-0.39907719191773094,59.0,D+
2016,Florida Atlantic,15,RB,0.04342841040356488,65.7,C
2016,Florida Atlantic,15,Secondary,-1.531959017333137,42.0,F
2016,Florida Atlantic,15,WR/TE,-0.006260337891011103,64.9,C
2016,Florida International,15,DL/EDGE,-1.0009343628672709,50.0,F
2016,Florida International,15,OL,0.20149327080280685,68.0,C+
2016,Florida International,15,QB,-0.5083552877370336,57.4,D+
2016,Florida International,15,RB,-0.4337545764000284,58.5,D+
2016,Florida International,15,Secondary,-0.11138208737494305,63.3,C
2016,Florida International,15,WR/TE,-0.8100182223205259,52.8,D-
2016,Florida State,15,DL/EDGE,0.650304333103166,74.8,B
2016,Florida State,15,OL,0.14278044530183215,67.1,C+
2016,Florida State,15,QB,0.4943925615363441,72.4,B-
2016,Florida State,15,RB,0.6752554909001979,75.1,B
2016,Florida State,15,Secondary,-0.463361494578962,58.0,D+
2016,Florida State,15,WR/TE,0.0728049459006708,66.1,C
2016,Fresno State,15,DL/EDGE,-0.23618656252367715,61.5,C-
2016,Fresno State,15,OL,-1.2552280190517155,46.2,F
2016,Fresno State,15,QB,-0.7026666900454341,54.5,D
2016,Fresno State,15,RB,-1.378418058676035,44.3,F
2016,Fresno State,15,Secondary,-0.2600731651663222,61.1,C-
2016,Fresno State,15,WR/TE,-0.14428656402202816,62.8,C-
2016,Georgia,15,DL/EDGE,-0.10546071181445826,63.4,C
2016,Georgia,15,OL,-0.3140135790438423,60.3,C-
2016,Georgia,15,QB,-0.3133828331349593,60.3,C-
2016,Georgia,15,RB,-0.29000443422790584,60.6,C-
2016,Georgia,15,Secondary,0.7151402243291185,75.7,B
2016,Georgia,15,WR/TE,-0.5856541521257987,56.2,D
2016,Georgia Southern,15,DL/EDGE,-0.3454745486034614,59.8,D+
2016,Georgia Southern,15,OL,-0.9787503176826586,50.3,D-
2016,Georgia Southern,15,QB,0.15997353710666445,67.4,C+
2016,Georgia Southern,15,RB,-0.2762163424035353,60.9,C-
2016,Georgia Southern,15,Secondary,-0.032025284265640906,64.5,C
2016,Georgia Southern,15,WR/TE,-0.2290746250611358,61.6,C-
2016,Georgia State,15,DL/EDGE,-0.5642411381552415,56.5,D
2016,Georgia State,15,OL,-0.19281670310605495,62.1,C-
2016,Georgia State,15,QB,-0.07437500858349878,63.9,C
2016,Georgia State,15,RB,-1.638013417055311,40.4,F
2016,Georgia State,15,Secondary,1.2903034687787058,84.4,A-
2016,Georgia State,15,WR/TE,-0.04960430122000713,64.3,C
2016,Georgia Tech,15,DL/EDGE,-0.7966956113103698,53.0,D
2016,Georgia Tech,15,OL,-0.2974057101038241,60.5,C-
2016,Georgia Tech,15,QB,1.3855020311057227,85.8,A
2016,Georgia Tech,15,RB,0.3713707512192166,70.6,B-
2016,Georgia Tech,15,Secondary,-0.1047424266640713,63.4,C
2016,Georgia Tech,15,WR/TE,1.7066363371950772,90.6,A+
2016,Hawai'i,15,DL/EDGE,0.2006188442402318,68.0,C+
2016,Hawai'i,15,OL,0.4781403383919033,72.2,B-
2016,Hawai'i,15,QB,-0.2666447986039715,61.0,C-
2016,Hawai'i,15,RB,-0.2145533976004748,61.8,C-
2016,Hawai'i,15,Secondary,-0.6558634609471456,55.2,D
2016,Hawai'i,15,WR/TE,-0.6844750607192451,54.7,D
2016,Houston,15,DL/EDGE,0.6816282595146523,75.2,B
2016,Houston,15,OL,-0.9470776928185489,50.8,D-
2016,Houston,15,QB,0.6584547214835341,74.9,B
2016,Houston,15,RB,-1.1107893260451505,48.3,F
2016,Houston,15,Secondary,0.1492816633012344,67.2,C+
2016,Houston,15,WR/TE,-0.26087682264523687,61.1,C-
2016,Idaho,15,DL/EDGE,-0.7853984545277316,53.2,D
2016,Idaho,15,OL,-0.2731128812536265,60.9,C-
2016,Idaho,15,QB,-0.3827929863715906,59.3,D+
2016,Idaho,15,RB,-0.684062979346447,54.7,D
2016,Idaho,15,Secondary,-0.21914911123757122,61.7,C-
2016,Idaho,15,WR/TE,-0.3767790061109978,59.3,D+
2016,Illinois,15,DL/EDGE,1.2408339933417776,83.6,A-
2016,Illinois,15,OL,0.5943040433650073,73.9,B
2016,Illinois,15,QB,-1.0753766016249486,48.9,F
2016,Illinois,15,RB,0.1339245665316593,67.0,C+
2016,Illinois,15,Secondary,-0.180866221298243,62.3,C-
2016,Illinois,15,WR/TE,-1.1769334669744795,47.3,F
2016,Indiana,15,DL/EDGE,0.741177813127109,76.1,B
2016,Indiana,15,OL,-0.5781839574346526,56.3,D
2016,Indiana,15,QB,0.19797115060707318,68.0,C+
2016,Indiana,15,RB,-0.6609974963525127,55.1,D
2016,Indiana,15,Secondary,0.5442713113530605,73.2,B
2016,Indiana,15,WR/TE,0.3805187698051842,70.7,B-
2016,Iowa,15,DL/EDGE,-0.37872622791435023,59.3,D+
2016,Iowa,15,OL,-0.16150254533414896,62.6,C-
2016,Iowa,15,QB,-0.6323867139763449,55.5,D
2016,Iowa,15,RB,0.4607382346208004,71.9,B-
2016,Iowa,15,Secondary,0.6447569566392308,74.7,B
2016,Iowa,15,WR/TE,-0.4829414207108761,57.8,D+
2016,Iowa State,15,DL/EDGE,-0.13142059203932965,63.0,C
2016,Iowa State,15,OL,0.07946063091484057,66.2,C
2016,Iowa State,15,QB,0.1945990060780931,67.9,C+
2016,Iowa State,15,RB,-0.8096591930980963,52.9,D-
2016,Iowa State,15,Secondary,-0.0707332833023671,63.9,C
2016,Iowa State,15,WR/TE,-0.027154065895575216,64.6,C
2016,Kansas,15,DL/EDGE,0.5566080829892552,73.3,B
2016,Kansas,15,OL,-0.11454146220734229,63.3,C
2016,Kansas,15,QB,-0.6931090258731215,54.6,D
2016,Kansas,15,RB,-0.9226973882771474,51.2,D-
2016,Kansas,15,Secondary,0.21504808285376678,68.2,C+
2016,Kansas,15,WR/TE,-0.01740215585298191,64.7,C
2016,Kansas State,15,DL/EDGE,-0.15557716731752166,62.7,C-
2016,Kansas State,15,OL,-0.18309915084290884,62.3,C-
2016,Kansas State,15,QB,-0.09684333731242822,63.5,C
2016,Kansas State,15,RB,0.14646888721146745,67.2,C+
2016,Kansas State,15,Secondary,-0.10978355805533492,63.4,C
2016,Kansas State,15,WR/TE,0.1865070759549351,67.8,C+
2016,Kent State,15,DL/EDGE,0.08370701163649297,66.3,C
2016,Kent State,15,OL,-0.4324219810716493,58.5,D+
2016,Kent State,15,QB,-0.8940681204861682,51.6,D-
2016,Kent State,15,RB,0.7347504034190729,76.0,B
2016,Kent State,15,Secondary,0.27374127165116735,69.1,C+
2016,Kent State,15,WR/TE,-1.0876591095317194,48.7,F
2016,Kentucky,15,DL/EDGE,-0.721820141893302,54.2,D
2016,Kentucky,15,OL,0.2517411970576275,68.8,C+
2016,Kentucky,15,QB,0.012120897558843519,65.2,C
2016,Kentucky,15,RB,0.3715061166595105,70.6,B-
2016,Kentucky,15,Secondary,-0.39845401326128244,59.0,D+
2016,Kentucky,15,WR/TE,0.2976293064545892,69.5,C+
2016,LSU,15,DL/EDGE,0.3844173411796669,70.8,B-
2016,LSU,15,OL,1.0644024385634723,81.0,A-
2016,LSU,15,QB,0.22296534235569493,68.3,C+
2016,LSU,15,RB,1.662879218706575,89.9,A
2016,LSU,15,Secondary,0.25706446619405765,68.9,C+
2016,LSU,15,WR/TE,0.43694307747667854,71.6,B-
2016,Louisiana,15,DL/EDGE,-0.0209448261977353,64.7,C
2016,Louisiana,15,OL,-0.9702623957368846,50.4,D-
2016,Louisiana,15,QB,-0.44113152189819416,58.4,D+
2016,Louisiana,15,RB,-0.07874455489736232,63.8,C
2016,Louisiana,15,Secondary,0.15018878999873922,67.3,C+
2016,Louisiana,15,WR/TE,-0.3444652570446141,59.8,D+
2016,Louisiana Tech,15,DL/EDGE,0.27489623335367774,69.1,C+
2016,Louisiana Tech,15,OL,1.4481209231086283,86.7,A
2016,Louisiana Tech,15,QB,1.1998542680216437,83.0,A-
2016,Louisiana Tech,15,RB,0.7985401074223342,77.0,B
2016,Louisiana Tech,15,Secondary,-0.3587694218431972,59.6,D+
2016,Louisiana Tech,15,WR/TE,1.5456248404562332,88.2,A
2016,Louisville,15,DL/EDGE,0.844513817493888,77.7,B+
2016,Louisville,15,OL,1.2450825985287723,83.7,A-
2016,Louisville,15,QB,0.5422532335570732,73.1,B
2016,Louisville,15,RB,1.4462793470141924,86.7,A
2016,Louisville,15,Secondary,0.8472086704461282,77.7,B+
2016,Louisville,15,WR/TE,0.7875654839647868,76.8,B
2016,Marshall,15,DL/EDGE,-0.048421858472293605,64.3,C
2016,Marshall,15,OL,-0.4291897922737704,58.6,D+
2016,Marshall,15,QB,-0.8215349199286214,52.7,D-
2016,Marshall,15,RB,-1.0499683690427777,49.3,F
2016,Marshall,15,Secondary,-1.2106110755892137,46.8,F
2016,Marshall,15,WR/TE,-0.503582092864822,57.4,D+
2016,Maryland,15,DL/EDGE,0.39183561739911477,70.9,B-
2016,Maryland,15,OL,-0.9418052938016197,50.9,D-
2016,Maryland,15,QB,-0.4421745752444446,58.4,D+
2016,Maryland,15,RB,0.7886503465220257,76.8,B
2016,Maryland,15,Secondary,-0.06727646744968155,64.0,C
2016,Maryland,15,WR/TE,0.13818654700672572,67.1,C+
2016,Massachusetts,15,DL/EDGE,0.1977447816407665,68.0,C+
2016,Massachusetts,15,OL,-0.5120123010196721,57.3,D+
2016,Massachusetts,15,QB,-0.2712101285584552,60.9,C-
2016,Massachusetts,15,RB,-0.07149340151028645,63.9,C
2016,Massachusetts,15,Secondary,-0.5489034704651518,56.8,D
2016,Massachusetts,15,WR/TE,-0.37197283084555094,59.4,D+
2016,Memphis,15,DL/EDGE,-0.9115473622713626,51.3,D-
2016,Memphis,15,OL,-0.28755724665464916,60.7,C-
2016,Memphis,15,QB,0.7002704195822392,75.5,B
2016,Memphis,15,RB,-0.0901428679155202,63.6,C
2016,Memphis,15,Secondary,1.1641026302419553,82.5,A-
2016,Memphis,15,WR/TE,0.7513726789822758,76.3,B
2016,Miami,15,DL/EDGE,0.919492316437458,78.8,B+
2016,Miami,15,OL,-0.016553087941974964,64.8,C
2016,Miami,15,QB,0.5320102675782294,73.0,B-
2016,Miami,15,RB,0.6158584136779978,74.2,B
2016,Miami,15,Secondary,0.19683044525628304,68.0,C+
2016,Miami,15,WR/TE,0.3066770399704829,69.6,C+
2016,Miami (OH),15,DL/EDGE,-0.1542548224197098,62.7,C-
2016,Miami (OH),15,OL,-0.8102894258796439,52.8,D-
2016,Miami (OH),15,QB,0.32875155497825487,69.9,C+
2016,Miami (OH),15,RB,-0.21835956820950575,61.7,C-
2016,Miami (OH),15,Secondary,0.7465844899917725,76.2,B
2016,Miami (OH),15,WR/TE,0.37023846143899536,70.6,B-
2016,Michigan,15,DL/EDGE,2.551404481581973,100.0,A+
2016,Michigan,15,OL,-0.11653726815182744,63.3,C
2016,Michigan,15,QB,0.560009884939241,73.4,B
2016,Michigan,15,RB,0.16108431549641894,67.4,C+
2016,Michigan,15,Secondary,1.4180248533929147,86.3,A
2016,Michigan,15,WR/TE,-0.23497143589394706,61.5,C-
2016,Michigan State,15,DL/EDGE,0.13331578393256555,67.0,C
2016,Michigan State,15,OL,-0.4290791705476035,58.6,D+
2016,Michigan State,15,QB,-0.13399507443585196,63.0,C-
2016,Michigan State,15,RB,-0.18421843759309625,62.2,C-
2016,Michigan State,15,Secondary,-0.12753839529920064,63.1,C
2016,Michigan State,15,WR/TE,0.3106429572887442,69.7,C+
2016,Middle Tennessee,15,DL/EDGE,-0.8332829304523266,52.5,D-
2016,Middle Tennessee,15,OL,1.508009833896218,87.6,A
2016,Middle Tennessee,15,QB,0.4020562638783771,71.0,B-
2016,Middle Tennessee,15,RB,1.1704662470689322,82.6,A-
2016,Middle Tennessee,15,Secondary,0.7057676149916826,75.6,B
2016,Middle Tennessee,15,WR/TE,0.3111415110571722,69.7,C+
2016,Minnesota,15,DL/EDGE,1.036913995418086,80.6,A-
2016,Minnesota,15,OL,-0.44282078041510464,58.4,D+
2016,Minnesota,15,QB,-0.4236433713774689,58.6,D+
2016,Minnesota,15,RB,0.027992908976835262,65.4,C
2016,Minnesota,15,Secondary,-0.40979802489154143,58.9,D+
2016,Minnesota,15,WR/TE,-0.6136731906948528,55.8,D
2016,Mississippi State,15,DL/EDGE,-0.2912683912410211,60.6,C-
2016,Mississippi State,15,OL,0.529372632933833,72.9,B-
2016,Mississippi State,15,QB,-0.22459699839421926,61.6,C-
2016,Mississippi State,15,RB,0.9482233034838117,79.2,B+
2016,Mississippi State,15,Secondary,-0.22606271821677218,61.6,C-
2016,Mississippi State,15,WR/TE,-0.23855589383553658,61.4,C-
2016,Missouri,15,DL/EDGE,-0.33249097022991714,60.0,C-
2016,Missouri,15,OL,0.7587841674483696,76.4,B
2016,Missouri,15,QB,0.13847673278367081,67.1,C+
2016,Missouri,15,RB,-0.1982767871883584,62.0,C-
2016,Missouri,15,Secondary,0.29137836160003633,69.4,C+
2016,Missouri,15,WR/TE,0.5799803743036615,73.7,B
2016,NC State,15,DL/EDGE,0.8255483221739928,77.4,B+
2016,NC State,15,OL,-0.09323033226186485,63.6,C
2016,NC State,15,QB,0.4449332719474113,71.7,B-
2016,NC State,15,RB,-0.8463871153390667,52.3,D-
2016,NC State,15,Secondary,0.035334110386167475,65.5,C
2016,NC State,15,WR/TE,0.4103183447639137,71.2,B-
2016,Navy,15,DL/EDGE,-0.8159108619220021,52.8,D-
2016,Navy,15,OL,-0.39913024942056285,59.0,D+
2016,Navy,15,QB,2.0577975656688516,95.9,A+
2016,Navy,15,RB,0.6635228011131911,75.0,B
2016,Navy,15,Secondary,-1.2644271108093441,46.0,F
2016,Navy,15,WR/TE,1.4150409281080178,86.2,A
2016,Nebraska,15,DL/EDGE,-0.15924680391741367,62.6,C-
2016,Nebraska,15,OL,-0.5017167430836499,57.5,D+
2016,Nebraska,15,QB,-0.29202872317637224,60.6,C-
2016,Nebraska,15,RB,-0.49405565522634975,57.6,D+
2016,Nebraska,15,Secondary,0.4871423537412634,72.3,B-
2016,Nebraska,15,WR/TE,-0.09137997316876097,63.6,C
2016,Nevada,15,DL/EDGE,-0.9439331794577761,50.8,D-
2016,Nevada,15,OL,-0.19743046009777473,62.0,C-
2016,Nevada,15,QB,0.2704923173076105,69.1,C+
2016,Nevada,15,RB,-0.23106799649267595,61.5,C-
2016,Nevada,15,Secondary,-0.6498805360980384,55.3,D
2016,Nevada,15,WR/TE,-0.15182145193242336,62.7,C-
2016,New Mexico,15,DL/EDGE,0.23386803321706334,68.5,C+
2016,New Mexico,15,OL,0.6568361125153758,74.9,B
2016,New Mexico,15,QB,0.01166968649171081,65.2,C
2016,New Mexico,15,RB,1.2616877055770568,83.9,A-
2016,New Mexico,15,Secondary,-1.3433543999602107,44.8,F
2016,New Mexico,15,WR/TE,-0.10629044277913985,63.4,C
2016,New Mexico State,15,DL/EDGE,-0.41945639700799586,58.7,D+
2016,New Mexico State,15,OL,0.14704905446261934,67.2,C+
2016,New Mexico State,15,QB,-0.9664901515369081,50.5,D-
2016,New Mexico State,15,RB,-0.04088190127290661,64.4,C
2016,New Mexico State,15,Secondary,-0.49213131846492814,57.6,D+
2016,New Mexico State,15,WR/TE,-1.3088514024005522,45.4,F
2016,North Carolina,15,DL/EDGE,0.019045248607974796,65.3,C
2016,North Carolina,15,OL,0.6081183317146196,74.1,B
2016,North Carolina,15,QB,1.1918042471200558,82.9,A-
2016,North Carolina,15,RB,-0.19067781191989555,62.1,C-
2016,North Carolina,15,Secondary,-0.7590309504356353,53.6,D
2016,North Carolina,15,WR/TE,0.6619719924942549,74.9,B
2016,North Texas,15,DL/EDGE,0.11781703364781818,66.8,C
2016,North Texas,15,OL,-0.19976295261563157,62.0,C-
2016,North Texas,15,QB,-0.8159257936291036,52.8,D-
2016,North Texas,15,RB,0.4862050634308576,72.3,B-
2016,North Texas,15,Secondary,-0.04571651649567025,64.3,C
2016,North Texas,15,WR/TE,-0.7131934819160588,54.3,D
2016,Northern Illinois,15,DL/EDGE,-0.5039926149242266,57.4,D+
2016,Northern Illinois,15,OL,0.556172817963769,73.3,B
2016,Northern Illinois,15,QB,-0.15861872269983412,62.6,C-
2016,Northern Illinois,15,RB,0.5460164168271575,73.2,B
2016,Northern Illinois,15,Secondary,0.06220924496461196,65.9,C
2016,Northern Illinois,15,WR/TE,-0.1714480781377759,62.4,C-
2016,Northwestern,15,DL/EDGE,0.12339018140900088,66.9,C
2016,Northwestern,15,OL,-0.9300745262065371,51.0,D-
2016,Northwestern,15,QB,-0.19467401881477095,62.1,C-
2016,Northwestern,15,RB,-0.352482423847168,59.7,D+
2016,Northwestern,15,Secondary,0.40734181269094544,71.1,B-
2016,Northwestern,15,WR/TE,-0.8259425076250582,52.6,D-
2016,Notre Dame,15,DL/EDGE,0.06157293173131967,65.9,C
2016,Notre Dame,15,OL,0.3281931648754539,69.9,C+
2016,Notre Dame,15,QB,0.12547161289274392,66.9,C
2016,Notre Dame,15,RB,0.11663198713067813,66.7,C
2016,Notre Dame,15,Secondary,-0.4275861058199675,58.6,D+
2016,Notre Dame,15,WR/TE,0.32628412649563926,69.9,C+
2016,Ohio,15,DL/EDGE,1.1368863448536743,82.1,A-
2016,Ohio,15,OL,-0.2715382192176873,60.9,C-
2016,Ohio,15,QB,-0.12786164506989917,63.1,C
2016,Ohio,15,RB,-0.5134259690576216,57.3,D+
2016,Ohio,15,Secondary,-0.19901580959369078,62.0,C-
2016,Ohio,15,WR/TE,-0.20049565370420566,62.0,C-
2016,Ohio State,15,DL/EDGE,0.6913383827724663,75.4,B
2016,Ohio State,15,OL,0.44514473713356784,71.7,B-
2016,Ohio State,15,QB,0.11221071238302294,66.7,C
2016,Ohio State,15,RB,0.8332014765424423,77.5,B+
2016,Ohio State,15,Secondary,1.7412424461615872,91.1,A+
2016,Ohio State,15,WR/TE,0.28575838832955425,69.3,C+
2016,Oklahoma,15,DL/EDGE,-0.778504732472214,53.3,D
2016,Oklahoma,15,OL,0.3695324457796896,70.5,B-
2016,Oklahoma,15,QB,1.8576292866700157,92.9,A+
2016,Oklahoma,15,RB,0.7419562953090171,76.1,B
2016,Oklahoma,15,Secondary,-0.6588722873926869,55.1,D
2016,Oklahoma,15,WR/TE,2.1179872017791235,96.8,A+
2016,Oklahoma State,15,DL/EDGE,0.10072629064847216,66.5,C
2016,Oklahoma State,15,OL,0.11163855009539939,66.7,C
2016,Oklahoma State,15,QB,1.0742595633925192,81.1,A-
2016,Oklahoma State,15,RB,0.08713385940757445,66.3,C
2016,Oklahoma State,15,Secondary,-0.08266611519356926,63.8,C
2016,Oklahoma State,15,WR/TE,1.2060018747258139,83.1,A-
2016,Old Dominion,15,DL/EDGE,-0.2692765380685201,61.0,C-
2016,Old Dominion,15,OL,0.5621115534011762,73.4,B
2016,Old Dominion,15,QB,0.2729067482547223,69.1,C+
2016,Old Dominion,15,RB,0.5661782111022664,73.5,B
2016,Old Dominion,15,Secondary,0.2677567030707462,69.0,C+
2016,Old Dominion,15,WR/TE,0.2984572982236857,69.5,C+
2016,Ole Miss,15,DL/EDGE,-0.594318174690612,56.1,D
2016,Ole Miss,15,OL,0.5346583908797604,73.0,B
2016,Ole Miss,15,QB,0.2786289325364775,69.2,C+
2016,Ole Miss,15,RB,-0.25574734211652517,61.2,C-
2016,Ole Miss,15,Secondary,0.4488732553336276,71.7,B-
2016,Ole Miss,15,WR/TE,-0.1576648444087452,62.6,C-
2016,Oregon,15,DL/EDGE,-0.5956790784410437,56.1,D
2016,Oregon,15,OL,0.4543516554400185,71.8,B-
2016,Oregon,15,QB,0.74026834400936,76.1,B
2016,Oregon,15,RB,0.9575838109503654,79.4,B+
2016,Oregon,15,Secondary,-0.1530779784909241,62.7,C-
2016,Oregon,15,WR/TE,0.27760347833270294,69.2,C+
2016,Oregon State,15,DL/EDGE,-0.9916006922377936,50.1,D-
2016,Oregon State,15,OL,0.7951351748365312,76.9,B
2016,Oregon State,15,QB,-0.9213625397592932,51.2,D-
2016,Oregon State,15,RB,1.0140626100063461,80.2,A-
2016,Oregon State,15,Secondary,0.5344829532928735,73.0,B
2016,Oregon State,15,WR/TE,-0.6414981820267204,55.4,D
2016,Penn State,15,DL/EDGE,1.0768569077864234,81.2,A-
2016,Penn State,15,OL,-0.700958618267701,54.5,D
2016,Penn State,15,QB,0.7622336670091506,76.4,B
2016,Penn State,15,RB,0.07736516641279559,66.2,C
2016,Penn State,15,Secondary,0.5939233238843802,73.9,B
2016,Penn State,15,WR/TE,0.6796969323092898,75.2,B
2016,Pittsburgh,15,DL/EDGE,0.013786443635658091,65.2,C
2016,Pittsburgh,15,OL,-0.029933976925442418,64.6,C
2016,Pittsburgh,15,QB,1.06647367290006,81.0,A-
2016,Pittsburgh,15,RB,0.4584629406666238,71.9,B-
2016,Pittsburgh,15,Secondary,-0.7411383744646718,53.9,D
2016,Pittsburgh,15,WR/TE,0.9687513628860092,79.5,B+
2016,Purdue,15,DL/EDGE,0.06217508669784233,65.9,C
2016,Purdue,15,OL,-0.091207150128301,63.6,C
2016,Purdue,15,QB,-0.5338730813656101,57.0,D
2016,Purdue,15,RB,-1.1341806372376766,48.0,F
2016,Purdue,15,Secondary,-0.3917913161018723,59.1,D+
2016,Purdue,15,WR/TE,0.22494115843318233,68.4,C+
2016,Rice,15,DL/EDGE,-0.3311871052756329,60.0,C-
2016,Rice,15,OL,-0.010724637929352854,64.8,C
2016,Rice,15,QB,-0.6996507263539709,54.5,D
2016,Rice,15,RB,-0.9123336427359814,51.3,D-
2016,Rice,15,Secondary,-1.6797223486869681,39.8,F
2016,Rice,15,WR/TE,-0.9024761795509166,51.5,D-
2016,Rutgers,15,DL/EDGE,0.01352831969797147,65.2,C
2016,Rutgers,15,OL,-1.237953480588465,46.4,F
2016,Rutgers,15,QB,-1.8420308512668,37.4,F
2016,Rutgers,15,RB,-0.6275489275415314,55.6,D
2016,Rutgers,15,Secondary,-0.06679981884338744,64.0,C
2016,Rutgers,15,WR/TE,-1.1959847055126898,47.1,F
2016,SMU,15,DL/EDGE,-0.16350720087218973,62.5,C-
2016,SMU,15,OL,-0.18822666964504506,62.2,C-
2016,SMU,15,QB,-0.20105890748529845,62.0,C-
2016,SMU,15,RB,-0.1755176052025467,62.4,C-
2016,SMU,15,Secondary,0.7385689803377316,76.1,B
2016,SMU,15,WR/TE,0.384018098816057,70.8,B-
2016,San Diego State,15,DL/EDGE,-0.02346983572430894,64.6,C
2016,San Diego State,15,OL,-0.020130186194738386,64.7,C
2016,San Diego State,15,QB,0.010006109533477924,65.2,C
2016,San Diego State,15,RB,1.0591451021846734,80.9,A-
2016,San Diego State,15,Secondary,0.6926970800686783,75.4,B
2016,San Diego State,15,WR/TE,-0.8162137179738014,52.8,D-
2016,San José State,15,DL/EDGE,0.08979167021386669,66.3,C
2016,San José State,15,OL,-1.0048920558634822,49.9,F
2016,San José State,15,QB,-0.23975043531663684,61.4,C-
2016,San José State,15,RB,0.6382433307180312,74.6,B
2016,San José State,15,Secondary,-0.5389142583407348,56.9,D
2016,San José State,15,WR/TE,-0.3143715093664969,60.3,C-
2016,South Alabama,15,DL/EDGE,0.23017164240784324,68.5,C+
2016,South Alabama,15,OL,-0.17137793444218968,62.4,C-
2016,South Alabama,15,QB,-0.31847169660221397,60.2,C-
2016,South Alabama,15,RB,-0.31437165316645993,60.3,C-
2016,South Alabama,15,Secondary,0.4826828609254624,72.2,B-
2016,South Alabama,15,WR/TE,0.0963347437007722,66.4,C
2016,South Carolina,15,DL/EDGE,-0.5200931298952431,57.2,D+
2016,South Carolina,15,OL,-0.8026096906627069,53.0,D-
2016,South Carolina,15,QB,-0.2006584410176112,62.0,C-
2016,South Carolina,15,RB,-0.08943660919792665,63.7,C
2016,South Carolina,15,Secondary,0.5803293107408418,73.7,B
2016,South Carolina,15,WR/TE,-1.3227314049921735,45.2,F
2016,South Florida,15,DL/EDGE,-0.4272859806888539,58.6,D+
2016,South Florida,15,OL,1.130563331518681,82.0,A-
2016,South Florida,15,QB,0.35490996626603466,70.3,B-
2016,South Florida,15,RB,1.7202561708889996,90.8,A+
2016,South Florida,15,Secondary,0.16515219960744182,67.5,C+
2016,South Florida,15,WR/TE,0.8799795939765764,78.2,B+
2016,Southern Miss,15,DL/EDGE,0.5353145719396002,73.0,B
2016,Southern Miss,15,OL,-0.3931975218280342,59.1,D+
2016,Southern Miss,15,QB,0.29155383153445047,69.4,C+
2016,Southern Miss,15,RB,-0.13944213452743676,62.9,C-
2016,Southern Miss,15,Secondary,0.29330632261077494,69.4,C+
2016,Southern Miss,15,WR/TE,0.7900204944415222,76.9,B
2016,Stanford,15,DL/EDGE,-0.19864507919325852,62.0,C-
2016,Stanford,15,OL,0.3924582749218548,70.9,B-
2016,Stanford,15,QB,-0.27285214861307405,60.9,C-
2016,Stanford,15,RB,1.0961118825133715,81.4,A-
2016,Stanford,15,Secondary,0.28153873877769753,69.2,C+
2016,Stanford,15,WR/TE,-0.5817485248737151,56.3,D
2016,Syracuse,15,DL/EDGE,-0.5677454872310284,56.5,D
2016,Syracuse,15,OL,-0.6851621899902183,54.7,D
2016,Syracuse,15,QB,0.37556390142446205,70.6,B-
2016,Syracuse,15,RB,-1.2323100707421721,46.5,F
2016,Syracuse,15,Secondary,-1.4432466237692165,43.4,F
2016,Syracuse,15,WR/TE,0.23951960572656875,68.6,C+
2016,TCU,15,DL/EDGE,0.3695214224866995,70.5,B-
2016,TCU,15,OL,0.6356596451926744,74.5,B
2016,TCU,15,QB,-0.08324198260334867,63.8,C
2016,TCU,15,RB,0.7090695015101196,75.6,B
2016,TCU,15,Secondary,-0.44086600434429996,58.4,D+
2016,TCU,15,WR/TE,-0.04828672176674115,64.3,C
2016,Temple,15,DL/EDGE,1.1776848022205033,82.7,A-
2016,Temple,15,OL,-0.38938093512930844,59.2,D+
2016,Temple,15,QB,0.40462584165727317,71.1,B-
2016,Temple,15,RB,0.2568896045740037,68.9,C+
2016,Temple,15,Secondary,0.6651045603478031,75.0,B
2016,Temple,15,WR/TE,0.1992380280072512,68.0,C+
2016,Tennessee,15,DL/EDGE,0.46899244485877345,72.0,B-
2016,Tennessee,15,OL,0.7419211762932343,76.1,B
2016,Tennessee,15,QB,0.24385476396260325,68.7,C+
2016,Tennessee,15,RB,0.25413096824915105,68.8,C+
2016,Tennessee,15,Secondary,0.24177072237558436,68.6,C+
2016,Tennessee,15,WR/TE,0.126783913763926,66.9,C
2016,Texas,15,DL/EDGE,0.662176016941301,74.9,B
2016,Texas,15,OL,0.30851992557423,69.6,C+
2016,Texas,15,QB,-0.2845515206453794,60.7,C-
2016,Texas,15,RB,0.15457741709509343,67.3,C+
2016,Texas,15,Secondary,-0.38730753318118594,59.2,D+
2016,Texas,15,WR/TE,0.10224484016870336,66.5,C
2016,Texas A&M,15,DL/EDGE,0.4341250472946267,71.5,B-
2016,Texas A&M,15,OL,1.1169497658310477,81.8,A-
2016,Texas A&M,15,QB,-0.23679886563633584,61.4,C-
2016,Texas A&M,15,RB,1.0980594427367658,81.5,A-
2016,Texas A&M,15,Secondary,0.11845079042651231,66.8,C
2016,Texas A&M,15,WR/TE,0.44812551102619724,71.7,B-
2016,Texas State,15,DL/EDGE,-0.7032673211249887,54.5,D
2016,Texas State,15,OL,-1.3072380170567217,45.4,F
2016,Texas State,15,QB,-0.8533946889141956,52.2,D-
2016,Texas State,15,RB,-1.3731865950956728,44.4,F
2016,Texas State,15,Secondary,-0.5009016118422547,57.5,D+
2016,Texas State,15,WR/TE,-0.9858325916297328,50.2,D-
2016,Texas Tech,15,DL/EDGE,-1.2003354874406327,47.0,F
2016,Texas Tech,15,OL,0.17865317813432088,67.7,C+
2016,Texas Tech,15,QB,1.3015520149863966,84.5,A-
2016,Texas Tech,15,RB,-1.277736676252839,45.8,F
2016,Texas Tech,15,Secondary,-1.1616677837633647,47.6,F
2016,Texas Tech,15,WR/TE,1.0605731693848757,80.9,A-
2016,Toledo,15,DL/EDGE,-0.3333407544489564,60.0,D+
2016,Toledo,15,OL,0.5141424168746977,72.7,B-
2016,Toledo,15,QB,1.8461075931986297,92.7,A+
2016,Toledo,15,RB,0.024000118753800537,65.4,C
2016,Toledo,15,Secondary,0.1184249384892254,66.8,C
2016,Toledo,15,WR/TE,2.1445455614075057,97.2,A+
2016,Troy,15,DL/EDGE,0.7556493457134097,76.3,B
2016,Troy,15,OL,0.23122670126518793,68.5,C+
2016,Troy,15,QB,-0.0519238745213676,64.2,C
2016,Troy,15,RB,-0.3154759027810249,60.3,C-
2016,Troy,15,Secondary,0.6922342851902801,75.4,B
2016,Troy,15,WR/TE,-0.2885615128693284,60.7,C-
2016,Tulane,15,DL/EDGE,1.1622127399828623,82.4,A-
2016,Tulane,15,OL,-0.5707041285275309,56.4,D
2016,Tulane,15,QB,-1.6341306528991704,40.5,F
2016,Tulane,15,RB,0.2767093798981897,69.2,C+
2016,Tulane,15,Secondary,-0.22183025390732525,61.7,C-
2016,Tulane,15,WR/TE,-2.131646585391867,33.0,F
2016,Tulsa,15,DL/EDGE,-0.361968881974469,59.6,D+
2016,Tulsa,15,OL,0.3574850882044781,70.4,B-
2016,Tulsa,15,QB,-0.09531367388987114,63.6,C
2016,Tulsa,15,RB,-0.06361464041593419,64.0,C
2016,Tulsa,15,Secondary,-0.19842664800900806,62.0,C-
2016,Tulsa,15,WR/TE,0.26944403866641675,69.0,C+
2016,UCF,15,DL/EDGE,0.6943330975475793,75.4,B
2016,UCF,15,OL,-0.7755972486306137,53.4,D
2016,UCF,15,QB,-0.4970223137254196,57.5,D+
2016,UCF,15,RB,-0.22375119805319738,61.6,C-
2016,UCF,15,Secondary,1.2378451598650468,83.6,A-
2016,UCF,15,WR/TE,-0.8087878529284963,52.9,D-
2016,UCLA,15,DL/EDGE,-0.447376272435707,58.3,D+
2016,UCLA,15,OL,-0.45640750148793535,58.2,D+
2016,UCLA,15,QB,-0.18082497805123066,62.3,C-
2016,UCLA,15,RB,-1.773660963295508,38.4,F
2016,UCLA,15,Secondary,1.691822443013786,90.4,A+
2016,UCLA,15,WR/TE,-0.11920360384779119,63.2,C
2016,UConn,15,DL/EDGE,-0.4583209125331598,58.1,D+
2016,UConn,15,OL,-1.1323816972785083,48.0,F
2016,UConn,15,QB,-0.5989506406160122,56.0,D
2016,UConn,15,RB,-0.5873321718007543,56.2,D
2016,UConn,15,Secondary,-0.5757371354148235,56.4,D
2016,UConn,15,WR/TE,-0.7300358206385383,54.0,D
2016,UL Monroe,15,DL/EDGE,-0.46928935413546596,58.0,D+
2016,UL Monroe,15,OL,0.10268914087756376,66.5,C
2016,UL Monroe,15,QB,-0.7486165646187911,53.8,D
2016,UL Monroe,15,RB,-0.7455453124455704,53.8,D
2016,UL Monroe,15,Secondary,-0.7628946289444796,53.6,D
2016,UL Monroe,15,WR/TE,-0.4281339181351718,58.6,D+
2016,UNLV,15,DL/EDGE,-0.6040192768972692,55.9,D
2016,UNLV,15,OL,0.6609672398097783,74.9,B
2016,UNLV,15,QB,-0.8581770300974516,52.1,D-
2016,UNLV,15,RB,1.1335103685926002,82.0,A-
2016,UNLV,15,Secondary,-0.8852076848721465,51.7,D-
2016,UNLV,15,WR/TE,-0.6892747177463737,54.7,D
2016,USC,15,DL/EDGE,-0.40476405231030776,58.9,D+
2016,USC,15,OL,0.48900066583690216,72.3,B-
2016,USC,15,QB,0.43540563082742945,71.5,B-
2016,USC,15,RB,0.4642973026152164,72.0,B-
2016,USC,15,Secondary,0.37840760117249,70.7,B-
2016,USC,15,WR/TE,0.07099103006173657,66.1,C
2016,UTEP,15,DL/EDGE,-1.2951132591817145,45.6,F
2016,UTEP,15,OL,0.48021422481482773,72.2,B-
2016,UTEP,15,QB,-0.6759831792313856,54.9,D
2016,UTEP,15,RB,0.5473389146376179,73.2,B
2016,UTEP,15,Secondary,-0.05174754066371394,64.2,C
2016,UTEP,15,WR/TE,-1.189970205020832,47.2,F
2016,UTSA,15,DL/EDGE,-0.24632430652057855,61.3,C-
2016,UTSA,15,OL,-0.9712590848101733,50.4,D-
2016,UTSA,15,QB,0.01035020011329102,65.2,C
2016,UTSA,15,RB,0.19659761481057234,67.9,C+
2016,UTSA,15,Secondary,-0.2926754186278592,60.6,C-
2016,UTSA,15,WR/TE,0.26284304592172036,68.9,C+
2016,Utah,15,DL/EDGE,0.47013973121593067,72.1,B-
2016,Utah,15,OL,0.15437851499412553,67.3,C+
2016,Utah,15,QB,-0.40925864152262303,58.9,D+
2016,Utah,15,RB,-0.23443981190261248,61.5,C-
2016,Utah,15,Secondary,0.21934683331217605,68.3,C+
2016,Utah,15,WR/TE,-0.4648277199823281,58.0,D+
2016,Utah State,15,DL/EDGE,0.28591740703266044,69.3,C+
2016,Utah State,15,OL,0.5775183385914487,73.7,B
2016,Utah State,15,QB,-0.2821789342710188,60.8,C-
2016,Utah State,15,RB,0.8134620570015787,77.2,B+
2016,Utah State,15,Secondary,0.1714522764168038,67.6,C+
2016,Utah State,15,WR/TE,-0.5341552407715582,57.0,D
2016,Vanderbilt,15,DL/EDGE,-0.21823529428521143,61.7,C-
2016,Vanderbilt,15,OL,-0.1841058015587653,62.2,C-
2016,Vanderbilt,15,QB,-0.5797680045506826,56.3,D
2016,Vanderbilt,15,RB,-0.3015450455548151,60.5,C-
2016,Vanderbilt,15,Secondary,-0.46101168859609876,58.1,D+
2016,Vanderbilt,15,WR/TE,-0.3332029080640862,60.0,C-
2016,Virginia,15,DL/EDGE,-0.060888905003150015,64.1,C
2016,Virginia,15,OL,-0.15602751503312215,62.7,C-
2016,Virginia,15,QB,-0.9179344812545515,51.2,D-
2016,Virginia,15,RB,-1.109852063926665,48.4,F
2016,Virginia,15,Secondary,-1.6044119478504666,40.9,F
2016,Virginia,15,WR/TE,-0.4750964454982567,57.9,D+
2016,Virginia Tech,15,DL/EDGE,0.7346839256949422,76.0,B
2016,Virginia Tech,15,OL,-0.7255486699134385,54.1,D
2016,Virginia Tech,15,QB,0.6490438328122602,74.7,B
2016,Virginia Tech,15,RB,-0.7588597130376366,53.6,D
2016,Virginia Tech,15,Secondary,0.6430711030924541,74.6,B
2016,Virginia Tech,15,WR/TE,-0.004232211895671675,64.9,C
2016,Wake Forest,15,DL/EDGE,0.4808505644221958,72.2,B-
2016,Wake Forest,15,OL,-0.9006803604478731,51.5,D-
2016,Wake Forest,15,QB,-1.2667905255452383,46.0,F
2016,Wake Forest,15,RB,-0.5808430491154745,56.3,D
2016,Wake Forest,15,Secondary,0.02210929328408199,65.3,C
2016,Wake Forest,15,WR/TE,-1.1228969451993622,48.2,F
2016,Washington,15,DL/EDGE,0.0928808620860625,66.4,C
2016,Washington,15,OL,0.3668222512462489,70.5,B-
2016,Washington,15,QB,0.9038889257954869,78.6,B+
2016,Washington,15,RB,0.7765748340895902,76.6,B
2016,Washington,15,Secondary,1.4937110302494878,87.4,A
2016,Washington,15,WR/TE,1.0182953366608554,80.3,A-
2016,Washington State,15,DL/EDGE,-0.04685593442755848,64.3,C
2016,Washington State,15,OL,1.1925948917055575,82.9,A-
2016,Washington State,15,QB,0.7920044538466333,76.9,B
2016,Washington State,15,RB,0.06751110044168075,66.0,C
2016,Washington State,15,Secondary,-0.30772528693780654,60.4,C-
2016,Washington State,15,WR/TE,0.17087074430637733,67.6,C+
2016,West Virginia,15,DL/EDGE,-0.9414955848493219,50.9,D-
2016,West Virginia,15,OL,0.3565159940286229,70.3,B-
2016,West Virginia,15,QB,0.5606604991888949,73.4,B
2016,West Virginia,15,RB,0.2610704161558761,68.9,C+
2016,West Virginia,15,Secondary,-0.14051555586245995,62.9,C-
2016,West Virginia,15,WR/TE,0.3747816757775296,70.6,B-
2016,Western Kentucky,15,DL/EDGE,0.13273832010838482,67.0,C
2016,Western Kentucky,15,OL,1.3657063069939677,85.5,A
2016,Western Kentucky,15,QB,1.1518791668719257,82.3,A-
2016,Western Kentucky,15,RB,0.8824541331293217,78.2,B+
2016,Western Kentucky,15,Secondary,-0.05821180154645453,64.1,C
2016,Western Kentucky,15,WR/TE,1.579832922896627,88.7,A
2016,Western Michigan,15,DL/EDGE,-0.4326257067762442,58.5,D+
2016,Western Michigan,15,OL,0.3552371607311427,70.3,B-
2016,Western Michigan,15,QB,1.4030563641914189,86.0,A
2016,Western Michigan,15,RB,-0.023366656762482202,64.6,C
2016,Western Michigan,15,Secondary,0.8668617521769534,78.0,B+
2016,Western Michigan,15,WR/TE,1.3168012210105111,84.8,A-
2016,Wisconsin,15,DL/EDGE,0.23005086209731893,68.5,C+
2016,Wisconsin,15,OL,-0.8936079539573155,51.6,D-
2016,Wisconsin,15,QB,0.23745343008184455,68.6,C+
2016,Wisconsin,15,RB,0.0010391027192931945,65.0,C
2016,Wisconsin,15,Secondary,1.066178183017662,81.0,A-
2016,Wisconsin,15,WR/TE,-0.3271718569046559,60.1,C-
2016,Wyoming,15,DL/EDGE,-0.4090963381448702,58.9,D+
2016,Wyoming,15,OL,-0.34088352959193785,59.9,D+
2016,Wyoming,15,QB,0.40876041591526513,71.1,B-
2016,Wyoming,15,RB,-0.39702517091615114,59.0,D+
2016,Wyoming,15,Secondary,-0.6761674361775978,54.9,D
2016,Wyoming,15,WR/TE,-0.20619291098267395,61.9,C-
2017,Air Force,15,DL/EDGE,-1.3150260629767685,45.3,F
2017,Air Force,15,OL,-1.0370985377119943,49.4,F
2017,Air Force,15,QB,0.42535110072747206,71.4,B-
2017,Air Force,15,RB,-0.6170827198188638,55.7,D
2017,Air Force,15,Secondary,-0.7355157355817237,54.0,D
2017,Air Force,15,WR/TE,0.8573440305765629,77.9,B+
2017,Akron,15,DL/EDGE,-0.4889100283135547,57.7,D+
2017,Akron,15,OL,-0.613444141388398,55.8,D
2017,Akron,15,QB,-0.3926337190482776,59.1,D+
2017,Akron,15,RB,-0.9469296297654928,50.8,D-
2017,Akron,15,Secondary,1.0177918898763048,80.3,A-
2017,Akron,15,WR/TE,-0.2899353600435727,60.7,C-
2017,Alabama,15,DL/EDGE,0.6002803756486712,74.0,B
2017,Alabama,15,OL,1.134729730256216,82.0,A-
2017,Alabama,15,QB,1.2065060649057677,83.1,A-
2017,Alabama,15,RB,1.254361476319525,83.8,A-
2017,Alabama,15,Secondary,1.3598995436502304,85.4,A
2017,Alabama,15,WR/TE,0.8635242328649178,78.0,B+
2017,App State,15,DL/EDGE,0.49502648822652134,72.4,B-
2017,App State,15,OL,0.49349966310733673,72.4,B-
2017,App State,15,QB,0.4274540817409002,71.4,B-
2017,App State,15,RB,0.05853316084993701,65.9,C
2017,App State,15,Secondary,0.27586552969565015,69.1,C+
2017,App State,15,WR/TE,0.6829077918990814,75.2,B
2017,Arizona,15,DL/EDGE,-0.22677466494331,61.6,C-
2017,Arizona,15,OL,1.6295558403586565,89.4,A
2017,Arizona,15,QB,0.3571652446727957,70.4,B-
2017,Arizona,15,RB,1.790038769046814,91.9,A+
2017,Arizona,15,Secondary,0.38178244811360684,70.7,B-
2017,Arizona,15,WR/TE,0.1216232882491636,66.8,C
2017,Arizona State,15,DL/EDGE,-0.4264166975876196,58.6,D+
2017,Arizona State,15,OL,-0.22727202911322075,61.6,C-
2017,Arizona State,15,QB,0.7733854548744278,76.6,B
2017,Arizona State,15,RB,-0.013344141223543493,64.8,C
2017,Arizona State,15,Secondary,-0.09374640820163704,63.6,C
2017,Arizona State,15,WR/TE,0.33766939379331706,70.1,B-
2017,Arkansas,15,DL/EDGE,-0.8498198081010504,52.3,D-
2017,Arkansas,15,OL,-0.2758943481863016,60.9,C-
2017,Arkansas,15,QB,-0.27235975624871084,60.9,C-
2017,Arkansas,15,RB,0.6145416416279296,74.2,B
2017,Arkansas,15,Secondary,-1.3467371080808936,44.8,F
2017,Arkansas,15,WR/TE,-0.163644939333581,62.5,C-
2017,Arkansas State,15,DL/EDGE,1.0505589311972534,80.8,A-
2017,Arkansas State,15,OL,0.27365416206470605,69.1,C+
2017,Arkansas State,15,QB,0.3158105026470693,69.7,C+
2017,Arkansas State,15,RB,0.3174028873526425,69.8,C+
2017,Arkansas State,15,Secondary,-0.260898580358854,61.1,C-
2017,Arkansas State,15,WR/TE,0.5196299522410448,72.8,B-
2017,Army,15,DL/EDGE,-0.9665075814812163,50.5,D-
2017,Army,15,OL,1.1887463650357484,82.8,A-
2017,Army,15,QB,-0.7395447406809652,53.9,D
2017,Army,15,RB,0.9821668908528731,79.7,B+
2017,Army,15,Secondary,-0.35317939003138527,59.7,D+
2017,Army,15,WR/TE,-0.986457173450606,50.2,D-
2017,Auburn,15,DL/EDGE,0.3107392995831899,69.7,C+
2017,Auburn,15,OL,0.18050183957462135,67.7,C+
2017,Auburn,15,QB,1.2382982351620977,83.6,A-
2017,Auburn,15,RB,-0.009672749841905859,64.9,C
2017,Auburn,15,Secondary,0.6660807897715978,75.0,B
2017,Auburn,15,WR/TE,0.7443536565572806,76.2,B
2017,BYU,15,DL/EDGE,-0.07170656672869208,63.9,C
2017,BYU,15,OL,0.6325917279361314,74.5,B
2017,BYU,15,QB,-0.8215866803149476,52.7,D-
2017,BYU,15,RB,0.029673562818330477,65.4,C
2017,BYU,15,Secondary,-0.20233684036121186,62.0,C-
2017,BYU,15,WR/TE,-1.396590048602936,44.1,F
2017,Ball State,15,DL/EDGE,-0.42778920572928736,58.6,D+
2017,Ball State,15,OL,0.07767643772962168,66.2,C
2017,Ball State,15,QB,-1.1781486658246114,47.3,F
2017,Ball State,15,RB,-0.24037134988695352,61.4,C-
2017,Ball State,15,Secondary,-1.6615913473139234,40.1,F
2017,Ball State,15,WR/TE,-1.6634800773483556,40.0,F
2017,Baylor,15,DL/EDGE,0.3229543705141277,69.8,C+
2017,Baylor,15,OL,-0.5842079653694863,56.2,D
2017,Baylor,15,QB,-0.23125822562077725,61.5,C-
2017,Baylor,15,RB,-0.39260731705313034,59.1,D+
2017,Baylor,15,Secondary,-0.6305082098459263,55.5,D
2017,Baylor,15,WR/TE,-0.0009842536368271926,65.0,C
2017,Boise State,15,DL/EDGE,-0.19525740604806754,62.1,C-
2017,Boise State,15,OL,-0.535586061044982,57.0,D
2017,Boise State,15,QB,0.7158917698358144,75.7,B
2017,Boise State,15,RB,-0.08239301375103442,63.8,C
2017,Boise State,15,Secondary,0.6025142001655569,74.0,B
2017,Boise State,15,WR/TE,0.9103004595121015,78.7,B+
2017,Boston College,15,DL/EDGE,-0.8830740269081049,51.8,D-
2017,Boston College,15,OL,-0.05195907326763652,64.2,C
2017,Boston College,15,QB,-0.8964877867326639,51.6,D-
2017,Boston College,15,RB,0.030760008302615292,65.5,C
2017,Boston College,15,Secondary,1.5017572870947415,87.5,A
2017,Boston College,15,WR/TE,-0.6410317759505556,55.4,D
2017,Bowling Green,15,DL/EDGE,-1.1456382811945836,47.8,F
2017,Bowling Green,15,OL,0.0033421251579226763,65.1,C
2017,Bowling Green,15,QB,-0.09032795066634147,63.6,C
2017,Bowling Green,15,RB,-0.007732112699809002,64.9,C
2017,Bowling Green,15,Secondary,-0.32991855523227465,60.1,C-
2017,Bowling Green,15,WR/TE,-0.27410134092020555,60.9,C-
2017,Buffalo,15,DL/EDGE,-0.28605456428247783,60.7,C-
2017,Buffalo,15,OL,0.09055919808999008,66.4,C
2017,Buffalo,15,QB,0.7488895166055856,76.2,B
2017,Buffalo,15,RB,-0.4214095085682459,58.7,D+
2017,Buffalo,15,Secondary,0.1529885039515815,67.3,C+
2017,Buffalo,15,WR/TE,0.41775566889683285,71.3,B-
2017,California,15,DL/EDGE,0.02517769783505934,65.4,C
2017,California,15,OL,-0.21029477779223768,61.8,C-
2017,California,15,QB,-0.3307087712678614,60.0,C-
2017,California,15,RB,-0.04468899166649898,64.3,C
2017,California,15,Secondary,0.04114753924314479,65.6,C
2017,California,15,WR/TE,-0.25581967987828136,61.2,C-
2017,Central Michigan,15,DL/EDGE,0.11148105518812722,66.7,C
2017,Central Michigan,15,OL,-0.05294982267745797,64.2,C
2017,Central Michigan,15,QB,-0.44581309569745786,58.3,D+
2017,Central Michigan,15,RB,-0.15506983305945418,62.7,C-
2017,Central Michigan,15,Secondary,1.4635594098992362,87.0,A
2017,Central Michigan,15,WR/TE,-0.3555729282423031,59.7,D+
2017,Charlotte,15,DL/EDGE,-0.8733823539335419,51.9,D-
2017,Charlotte,15,OL,-0.3138945095967475,60.3,C-
2017,Charlotte,15,QB,-1.8848090130422697,36.7,F
2017,Charlotte,15,RB,0.6048711187323471,74.1,B
2017,Charlotte,15,Secondary,-0.6110168731122272,55.8,D
2017,Charlotte,15,WR/TE,-1.5098903186168555,42.4,F
2017,Cincinnati,15,DL/EDGE,-0.4460077389310676,58.3,D+
2017,Cincinnati,15,OL,0.7311732203353556,76.0,B
2017,Cincinnati,15,QB,-0.5431248579402889,56.9,D
2017,Cincinnati,15,RB,0.19049856496322687,67.9,C+
2017,Cincinnati,15,Secondary,-0.8929484932482658,51.6,D-
2017,Cincinnati,15,WR/TE,-0.5210374242767971,57.2,D+
2017,Clemson,15,DL/EDGE,1.2208922831017623,83.3,A-
2017,Clemson,15,OL,0.7267636779681781,75.9,B
2017,Clemson,15,QB,0.7467210218655561,76.2,B
2017,Clemson,15,RB,0.7410992989223337,76.1,B
2017,Clemson,15,Secondary,1.2375349636977944,83.6,A-
2017,Clemson,15,WR/TE,0.4010682393384185,71.0,B-
2017,Coastal Carolina,15,DL/EDGE,-0.24422905454716584,61.3,C-
2017,Coastal Carolina,15,OL,-0.45410183159398065,58.2,D+
2017,Coastal Carolina,15,QB,-0.2937644355271541,60.6,C-
2017,Coastal Carolina,15,RB,-0.12770977286095486,63.1,C
2017,Coastal Carolina,15,Secondary,-1.164938891096914,47.5,F
2017,Coastal Carolina,15,WR/TE,0.3847838407224763,70.8,B-
2017,Colorado,15,DL/EDGE,-1.1024839096605596,48.5,F
2017,Colorado,15,OL,-0.5814794442370178,56.3,D
2017,Colorado,15,QB,0.13226730874981674,67.0,C
2017,Colorado,15,RB,-0.05535573815968686,64.2,C
2017,Colorado,15,Secondary,0.34357157777060227,70.2,B-
2017,Colorado,15,WR/TE,0.3480719988322545,70.2,B-
2017,Colorado State,15,DL/EDGE,-0.5402275442903078,56.9,D
2017,Colorado State,15,OL,0.9084566524048047,78.6,B+
2017,Colorado State,15,QB,0.9365170052388988,79.0,B+
2017,Colorado State,15,RB,0.42745055398633797,71.4,B-
2017,Colorado State,15,Secondary,-0.6030890681901139,56.0,D
2017,Colorado State,15,WR/TE,0.9424634072741543,79.1,B+
2017,Duke,15,DL/EDGE,0.6600701940757483,74.9,B
2017,Duke,15,OL,-0.22405693978598173,61.6,C-
2017,Duke,15,QB,-0.8511781578383429,52.2,D-
2017,Duke,15,RB,-0.15490253905129125,62.7,C-
2017,Duke,15,Secondary,0.6052157786708082,74.1,B
2017,Duke,15,WR/TE,-1.1392618295586237,47.9,F
2017,East Carolina,15,DL/EDGE,-1.6677094762923095,40.0,F
2017,East Carolina,15,OL,-0.45434178322457286,58.2,D+
2017,East Carolina,15,QB,-0.24108228585192035,61.4,C-
2017,East Carolina,15,RB,-1.1224037612824582,48.2,F
2017,East Carolina,15,Secondary,-2.5689140660634635,26.5,F
2017,East Carolina,15,WR/TE,0.5705195307696328,73.6,B
2017,Eastern Michigan,15,DL/EDGE,0.24702033523787187,68.7,C+
2017,Eastern Michigan,15,OL,-0.06863054379513767,64.0,C
2017,Eastern Michigan,15,QB,-0.4087345514424196,58.9,D+
2017,Eastern Michigan,15,RB,-0.5892946620550559,56.2,D
2017,Eastern Michigan,15,Secondary,0.44607735243358715,71.7,B-
2017,Eastern Michigan,15,WR/TE,-0.25616992782141856,61.2,C-
2017,Florida,15,DL/EDGE,0.7204704772785357,75.8,B
2017,Florida,15,OL,-0.029577755312521214,64.6,C
2017,Florida,15,QB,-0.8043251343336809,52.9,D-
2017,Florida,15,RB,0.5449560949177895,73.2,B
2017,Florida,15,Secondary,0.20309089464757552,68.0,C+
2017,Florida,15,WR/TE,-1.0012732249123895,50.0,F
2017,Florida Atlantic,15,DL/EDGE,-0.5041815331217899,57.4,D+
2017,Florida Atlantic,15,OL,0.6964055425245239,75.4,B
2017,Florida Atlantic,15,QB,0.6445501345334632,74.7,B
2017,Florida Atlantic,15,RB,1.2846932335458148,84.3,A-
2017,Florida Atlantic,15,Secondary,0.5882321962503783,73.8,B
2017,Florida Atlantic,15,WR/TE,0.9805080183631462,79.7,B+
2017,Florida International,15,DL/EDGE,-0.5802678761962997,56.3,D
2017,Florida International,15,OL,0.2631579550987766,68.9,C+
2017,Florida International,15,QB,0.7636226280515227,76.5,B
2017,Florida International,15,RB,-0.4086620375788202,58.9,D+
2017,Florida International,15,Secondary,-0.6266506451615611,55.6,D
2017,Florida International,15,WR/TE,0.4759264259676541,72.1,B-
2017,Florida State,15,DL/EDGE,0.3323560654071496,70.0,C+
2017,Florida State,15,OL,-0.48798939886695875,57.7,D+
2017,Florida State,15,QB,-0.6819456349884124,54.8,D
2017,Florida State,15,RB,0.1715137781037916,67.6,C+
2017,Florida State,15,Secondary,0.6291115843886317,74.4,B
2017,Florida State,15,WR/TE,-0.647491577342752,55.3,D
2017,Fresno State,15,DL/EDGE,0.25173550631118397,68.8,C+
2017,Fresno State,15,OL,0.5245811743284124,72.9,B-
2017,Fresno State,15,QB,0.15122516300522085,67.3,C+
2017,Fresno State,15,RB,-0.48041403308296904,57.8,D+
2017,Fresno State,15,Secondary,0.5496551730251802,73.2,B
2017,Fresno State,15,WR/TE,0.2068431596162263,68.1,C+
2017,Georgia,15,DL/EDGE,-0.23476060672368684,61.5,C-
2017,Georgia,15,OL,0.2547636416677667,68.8,C+
2017,Georgia,15,QB,1.424078243277328,86.4,A
2017,Georgia,15,RB,1.0218746132651568,80.3,A-
2017,Georgia,15,Secondary,1.1203404104873307,81.8,A-
2017,Georgia,15,WR/TE,1.1368571928663858,82.1,A-
2017,Georgia Southern,15,DL/EDGE,-0.27816059183920017,60.8,C-
2017,Georgia Southern,15,OL,-1.5360805614298962,42.0,F
2017,Georgia Southern,15,QB,-0.8060987979067686,52.9,D-
2017,Georgia Southern,15,RB,-0.3821966370228152,59.3,D+
2017,Georgia Southern,15,Secondary,-0.6966757280827224,54.5,D
2017,Georgia Southern,15,WR/TE,-0.8019559933886349,53.0,D-
2017,Georgia State,15,DL/EDGE,-0.3612492462507136,59.6,D+
2017,Georgia State,15,OL,-0.6485968236371684,55.3,D
2017,Georgia State,15,QB,0.34683829369328384,70.2,B-
2017,Georgia State,15,RB,-1.828246062112888,37.6,F
2017,Georgia State,15,Secondary,-0.6254122454925576,55.6,D
2017,Georgia State,15,WR/TE,0.22104811938634156,68.3,C+
2017,Georgia Tech,15,DL/EDGE,-0.9697783858928153,50.5,D-
2017,Georgia Tech,15,OL,-0.8243228574948086,52.6,D-
2017,Georgia Tech,15,QB,-1.037064211161817,49.4,F
2017,Georgia Tech,15,RB,0.33826212227691976,70.1,B-
2017,Georgia Tech,15,Secondary,0.5397702073572,73.1,B
2017,Georgia Tech,15,WR/TE,0.6308739574559167,74.5,B
2017,Hawai'i,15,DL/EDGE,-0.43630245689808905,58.5,D+
2017,Hawai'i,15,OL,0.7327738701707172,76.0,B
2017,Hawai'i,15,QB,-0.03153685732672368,64.5,C
2017,Hawai'i,15,RB,0.6220975407434838,74.3,B
2017,Hawai'i,15,Secondary,-1.4882226731758919,42.7,F
2017,Hawai'i,15,WR/TE,-0.013177290758224075,64.8,C
2017,Houston,15,DL/EDGE,0.30973780772218135,69.6,C+
2017,Houston,15,OL,0.5708212405081668,73.6,B
2017,Houston,15,QB,0.6725376499338073,75.1,B
2017,Houston,15,RB,-0.48240950171036856,57.8,D+
2017,Houston,15,Secondary,0.5585217511966808,73.4,B
2017,Houston,15,WR/TE,0.43783925248713784,71.6,B-
2017,Idaho,15,DL/EDGE,0.6730196967732688,75.1,B
2017,Idaho,15,OL,-0.917031288382213,51.2,D-
2017,Idaho,15,QB,-0.41878737635293756,58.7,D+
2017,Idaho,15,RB,-0.3612898850642503,59.6,D+
2017,Idaho,15,Secondary,0.05861401247963006,65.9,C
2017,Idaho,15,WR/TE,-0.5144244767846711,57.3,D+
2017,Illinois,15,DL/EDGE,-0.22319113460633005,61.7,C-
2017,Illinois,15,OL,-0.750295323030979,53.7,D
2017,Illinois,15,QB,-1.082524571878746,48.8,F
2017,Illinois,15,RB,-0.2445778194287649,61.3,C-
2017,Illinois,15,Secondary,0.15525553876550635,67.3,C+
2017,Illinois,15,WR/TE,-0.5305661250376417,57.0,D+
2017,Indiana,15,DL/EDGE,1.2238747396661949,83.4,A-
2017,Indiana,15,OL,-0.06641101185867643,64.0,C
2017,Indiana,15,QB,-0.1834966934437963,62.2,C-
2017,Indiana,15,RB,-0.6752750422540285,54.9,D
2017,Indiana,15,Secondary,0.4088085619533501,71.1,B-
2017,Indiana,15,WR/TE,-0.506782423733463,57.4,D+
2017,Iowa,15,DL/EDGE,-0.2673583677456234,61.0,C-
2017,Iowa,15,OL,-0.2480940015758638,61.3,C-
2017,Iowa,15,QB,-0.3528886543835502,59.7,D+
2017,Iowa,15,RB,-0.8144767122082867,52.8,D-
2017,Iowa,15,Secondary,1.3210015310257457,84.8,A-
2017,Iowa,15,WR/TE,-0.4620767324459727,58.1,D+
2017,Iowa State,15,DL/EDGE,0.2007511990308324,68.0,C+
2017,Iowa State,15,OL,0.3552319188806644,70.3,B-
2017,Iowa State,15,QB,0.25709602113915875,68.9,C+
2017,Iowa State,15,RB,-0.28666619659234793,60.7,C-
2017,Iowa State,15,Secondary,-0.04776096362879761,64.3,C
2017,Iowa State,15,WR/TE,-0.011350191093904798,64.8,C
2017,Kansas,15,DL/EDGE,0.4332782741571985,71.5,B-
2017,Kansas,15,OL,-0.535937053507949,57.0,D
2017,Kansas,15,QB,-1.0183587378824357,49.7,F
2017,Kansas,15,RB,-0.5592708791365528,56.6,D
2017,Kansas,15,Secondary,-1.494651194430556,42.6,F
2017,Kansas,15,WR/TE,-0.8986765849110465,51.5,D-
2017,Kansas State,15,DL/EDGE,-0.7492963142652946,53.8,D
2017,Kansas State,15,OL,-0.8646847172510711,52.0,D-
2017,Kansas State,15,QB,0.22132136543650113,68.3,C+
2017,Kansas State,15,RB,0.3943302760433343,70.9,B-
2017,Kansas State,15,Secondary,-0.40005902493078616,59.0,D+
2017,Kansas State,15,WR/TE,0.5021622523701821,72.5,B-
2017,Kent State,15,DL/EDGE,0.43415661469330374,71.5,B-
2017,Kent State,15,OL,-2.225853747773745,31.6,F
2017,Kent State,15,QB,-1.5514353845419064,41.7,F
2017,Kent State,15,RB,-0.9813824698444757,50.3,D-
2017,Kent State,15,Secondary,0.036507948562350574,65.5,C
2017,Kent State,15,WR/TE,-0.6053922663805951,55.9,D
2017,Kentucky,15,DL/EDGE,-0.8584871218195168,52.1,D-
2017,Kentucky,15,OL,-0.1178794880103135,63.2,C
2017,Kentucky,15,QB,-0.07237360072293991,63.9,C
2017,Kentucky,15,RB,-0.017071351626663053,64.7,C
2017,Kentucky,15,Secondary,0.05069049019232342,65.8,C
2017,Kentucky,15,WR/TE,-0.25260069146852365,61.2,C-
2017,LSU,15,DL/EDGE,0.4302780084605995,71.5,B-
2017,LSU,15,OL,-0.13519940829838045,63.0,C-
2017,LSU,15,QB,0.5730195038315404,73.6,B
2017,LSU,15,RB,0.529897765461792,72.9,B-
2017,LSU,15,Secondary,0.11235881047720721,66.7,C
2017,LSU,15,WR/TE,1.0642488107397072,81.0,A-
2017,Louisiana,15,DL/EDGE,-0.6090985848366856,55.9,D
2017,Louisiana,15,OL,-0.016291302018366816,64.8,C
2017,Louisiana,15,QB,-0.4102126213767482,58.8,D+
2017,Louisiana,15,RB,0.7751396470305512,76.6,B
2017,Louisiana,15,Secondary,-0.9422506335526042,50.9,D-
2017,Louisiana,15,WR/TE,-0.9960435737454092,50.1,D-
2017,Louisiana Tech,15,DL/EDGE,-0.8019832270787306,53.0,D-
2017,Louisiana Tech,15,OL,0.38040389194818225,70.7,B-
2017,Louisiana Tech,15,QB,-0.14932690815293662,62.8,C-
2017,Louisiana Tech,15,RB,-0.026622608633469547,64.6,C
2017,Louisiana Tech,15,Secondary,0.8094902124435223,77.1,B+
2017,Louisiana Tech,15,WR/TE,0.3881676404581826,70.8,B-
2017,Louisville,15,DL/EDGE,0.12763153105644245,66.9,C
2017,Louisville,15,OL,1.7431534407713771,91.1,A+
2017,Louisville,15,QB,0.8776318411688411,78.2,B+
2017,Louisville,15,RB,1.3994292835910727,86.0,A
2017,Louisville,15,Secondary,-0.11323182011741667,63.3,C
2017,Louisville,15,WR/TE,0.883181854972336,78.2,B+
2017,Marshall,15,DL/EDGE,0.6720701576207544,75.1,B
2017,Marshall,15,OL,-0.32315339984904873,60.2,C-
2017,Marshall,15,QB,0.3195792686114294,69.8,C+
2017,Marshall,15,RB,-1.0720710380438796,48.9,F
2017,Marshall,15,Secondary,0.25299989623985714,68.8,C+
2017,Marshall,15,WR/TE,0.08656340362465206,66.3,C
2017,Maryland,15,DL/EDGE,-0.5555247224841441,56.7,D
2017,Maryland,15,OL,-0.13742382231623435,62.9,C-
2017,Maryland,15,QB,-0.7434391798774804,53.8,D
2017,Maryland,15,RB,0.5506552667985132,73.3,B
2017,Maryland,15,Secondary,0.20030532051641817,68.0,C+
2017,Maryland,15,WR/TE,-1.506585147388361,42.4,F
2017,Massachusetts,15,DL/EDGE,0.14515907938153932,67.2,C+
2017,Massachusetts,15,OL,-0.21745316078769167,61.7,C-
2017,Massachusetts,15,QB,0.39402547113372116,70.9,B-
2017,Massachusetts,15,RB,0.362882293394095,70.4,B-
2017,Massachusetts,15,Secondary,0.3509819660583294,70.3,B-
2017,Massachusetts,15,WR/TE,-0.028853696480803714,64.6,C
2017,Memphis,15,DL/EDGE,-0.11635129816826122,63.3,C
2017,Memphis,15,OL,0.6971647601445462,75.5,B
2017,Memphis,15,QB,0.9775886076084845,79.7,B+
2017,Memphis,15,RB,1.261647095476475,83.9,A-
2017,Memphis,15,Secondary,-0.06031148715270616,64.1,C
2017,Memphis,15,WR/TE,1.3833943562094269,85.8,A
2017,Miami,15,DL/EDGE,1.304529739276509,84.6,A-
2017,Miami,15,OL,0.33170263331562333,70.0,C+
2017,Miami,15,QB,-0.34536453016302054,59.8,D+
2017,Miami,15,RB,0.8889353299853777,78.3,B+
2017,Miami,15,Secondary,0.825903525177931,77.4,B+
2017,Miami,15,WR/TE,-0.25698754472358376,61.1,C-
2017,Miami (OH),15,DL/EDGE,-0.5675827373069146,56.5,D
2017,Miami (OH),15,OL,0.09259262422508693,66.4,C
2017,Miami (OH),15,QB,-0.19434488267513708,62.1,C-
2017,Miami (OH),15,RB,-1.0078433354985878,49.9,F
2017,Miami (OH),15,Secondary,0.2009555687821999,68.0,C+
2017,Miami (OH),15,WR/TE,-0.598185221486804,56.0,D
2017,Michigan,15,DL/EDGE,1.7175525615578915,90.8,A+
2017,Michigan,15,OL,-0.39265038539243224,59.1,D+
2017,Michigan,15,QB,-0.6518730931002117,55.2,D
2017,Michigan,15,RB,0.28953176263268127,69.3,C+
2017,Michigan,15,Secondary,0.7162637958222623,75.7,B
2017,Michigan,15,WR/TE,-1.1703037468916673,47.4,F
2017,Michigan State,15,DL/EDGE,-0.17138350697305116,62.4,C-
2017,Michigan State,15,OL,-0.23695100745694028,61.4,C-
2017,Michigan State,15,QB,-0.18041296791839023,62.3,C-
2017,Michigan State,15,RB,-0.9429397161038936,50.9,D-
2017,Michigan State,15,Secondary,0.8962189915655695,78.4,B+
2017,Michigan State,15,WR/TE,-0.6089553529858194,55.9,D
2017,Middle Tennessee,15,DL/EDGE,0.48454159867352176,72.3,B-
2017,Middle Tennessee,15,OL,0.32043208555462677,69.8,C+
2017,Middle Tennessee,15,QB,-0.24751996028721537,61.3,C-
2017,Middle Tennessee,15,RB,-0.4465293544518006,58.3,D+
2017,Middle Tennessee,15,Secondary,-0.42798617101825215,58.6,D+
2017,Middle Tennessee,15,WR/TE,-0.531152431373733,57.0,D+
2017,Minnesota,15,DL/EDGE,-0.36083425535337854,59.6,D+
2017,Minnesota,15,OL,-0.42803409583283947,58.6,D+
2017,Minnesota,15,QB,-1.07733908405002,48.8,F
2017,Minnesota,15,RB,-0.13511076948345335,63.0,C-
2017,Minnesota,15,Secondary,0.701542668224835,75.5,B
2017,Minnesota,15,WR/TE,-0.7123914780874774,54.3,D
2017,Mississippi State,15,DL/EDGE,0.8547933034226209,77.8,B+
2017,Mississippi State,15,OL,0.46717616992039435,72.0,B-
2017,Mississippi State,15,QB,-0.6442701905633248,55.3,D
2017,Mississippi State,15,RB,0.09907844781819472,66.5,C
2017,Mississippi State,15,Secondary,-0.6046372389290868,55.9,D
2017,Mississippi State,15,WR/TE,-0.6018224691986754,56.0,D
2017,Missouri,15,DL/EDGE,0.6504311852441056,74.8,B
2017,Missouri,15,OL,1.2274895381101603,83.4,A-
2017,Missouri,15,QB,1.3040011317815559,84.6,A-
2017,Missouri,15,RB,0.47590930909330414,72.1,B-
2017,Missouri,15,Secondary,-0.7522037359886659,53.7,D
2017,Missouri,15,WR/TE,1.2111711588780827,83.2,A-
2017,NC State,15,DL/EDGE,0.46029312334185146,71.9,B-
2017,NC State,15,OL,0.03405457924727551,65.5,C
2017,NC State,15,QB,0.36364477972174225,70.5,B-
2017,NC State,15,RB,0.3102489112259844,69.7,C+
2017,NC State,15,Secondary,0.3360616222095182,70.0,B-
2017,NC State,15,WR/TE,0.21323790091509404,68.2,C+
2017,Navy,15,DL/EDGE,-0.2030742832222522,62.0,C-
2017,Navy,15,OL,0.014141079021710905,65.2,C
2017,Navy,15,QB,-0.2056809114022028,61.9,C-
2017,Navy,15,RB,0.7014718221361603,75.5,B
2017,Navy,15,Secondary,-1.860362294470531,37.1,F
2017,Navy,15,WR/TE,1.0651883732313627,81.0,A-
2017,Nebraska,15,DL/EDGE,-1.3944914039172769,44.1,F
2017,Nebraska,15,OL,0.11714876841451288,66.8,C
2017,Nebraska,15,QB,-0.1415622152184183,62.9,C-
2017,Nebraska,15,RB,-0.9032997015028226,51.5,D-
2017,Nebraska,15,Secondary,0.0293674278385619,65.4,C
2017,Nebraska,15,WR/TE,0.11359156286747418,66.7,C
2017,Nevada,15,DL/EDGE,0.6279494593163252,74.4,B
2017,Nevada,15,OL,0.6772538265258684,75.2,B
2017,Nevada,15,QB,0.14795561671032056,67.2,C+
2017,Nevada,15,RB,0.01676624046584624,65.3,C
2017,Nevada,15,Secondary,-1.3101782202954722,45.3,F
2017,Nevada,15,WR/TE,0.22028975635351222,68.3,C+
2017,New Mexico,15,DL/EDGE,-0.6525918190989018,55.2,D
2017,New Mexico,15,OL,0.6672025374331931,75.0,B
2017,New Mexico,15,QB,-1.3154205676172843,45.3,F
2017,New Mexico,15,RB,-0.05624943684813605,64.2,C
2017,New Mexico,15,Secondary,-0.2324471525288691,61.5,C-
2017,New Mexico,15,WR/TE,-0.8811450494661623,51.8,D-
2017,New Mexico State,15,DL/EDGE,0.7805419797411631,76.7,B
2017,New Mexico State,15,OL,0.16805074856547692,67.5,C+
2017,New Mexico State,15,QB,0.11666120740903452,66.7,C
2017,New Mexico State,15,RB,-0.48025635609746486,57.8,D+
2017,New Mexico State,15,Secondary,0.8345088978159994,77.5,B+
2017,New Mexico State,15,WR/TE,0.4098341168231511,71.1,B-
2017,North Carolina,15,DL/EDGE,0.13335584781167878,67.0,C+
2017,North Carolina,15,OL,-0.12241418246979627,63.2,C
2017,North Carolina,15,QB,-1.046272558255565,49.3,F
2017,North Carolina,15,RB,-0.09473619589200757,63.6,C
2017,North Carolina,15,Secondary,-0.3827634395430865,59.3,D+
2017,North Carolina,15,WR/TE,-1.2160157304277472,46.8,F
2017,North Texas,15,DL/EDGE,-0.5188667672643696,57.2,D+
2017,North Texas,15,OL,0.19426853126442262,67.9,C+
2017,North Texas,15,QB,0.453824269186459,71.8,B-
2017,North Texas,15,RB,0.18611021798850666,67.8,C+
2017,North Texas,15,Secondary,-0.6934558224374238,54.6,D
2017,North Texas,15,WR/TE,0.6746204550311418,75.1,B
2017,Northern Illinois,15,DL/EDGE,1.671310839733144,90.1,A+
2017,Northern Illinois,15,OL,-0.10558879646702114,63.4,C
2017,Northern Illinois,15,QB,-0.634058535011822,55.5,D
2017,Northern Illinois,15,RB,-0.4557318793112124,58.2,D+
2017,Northern Illinois,15,Secondary,0.6000123760146269,74.0,B
2017,Northern Illinois,15,WR/TE,-0.11724081963828525,63.2,C
2017,Northwestern,15,DL/EDGE,0.676897550486058,75.2,B
2017,Northwestern,15,OL,-0.26662053167959715,61.0,C-
2017,Northwestern,15,QB,-0.3827969644759611,59.3,D+
2017,Northwestern,15,RB,-0.05864795443722341,64.1,C
2017,Northwestern,15,Secondary,0.4690467875681192,72.0,B-
2017,Northwestern,15,WR/TE,-0.7941524087935252,53.1,D
2017,Notre Dame,15,DL/EDGE,0.32344810465834695,69.9,C+
2017,Notre Dame,15,OL,0.8665172471668998,78.0,B+
2017,Notre Dame,15,QB,-0.5055144001786114,57.4,D+
2017,Notre Dame,15,RB,2.00850782341917,95.1,A+
2017,Notre Dame,15,Secondary,0.8979949996681917,78.5,B+
2017,Notre Dame,15,WR/TE,0.0956564485004601,66.4,C
2017,Ohio,15,DL/EDGE,0.3951601145088121,70.9,B-
2017,Ohio,15,OL,0.24283738535942628,68.6,C+
2017,Ohio,15,QB,-0.15876354203077245,62.6,C-
2017,Ohio,15,RB,0.7983014972152738,77.0,B
2017,Ohio,15,Secondary,0.2130948630694823,68.2,C+
2017,Ohio,15,WR/TE,-0.32099436466558323,60.2,C-
2017,Ohio State,15,DL/EDGE,0.9886296862726669,79.8,B+
2017,Ohio State,15,OL,1.2707788805202793,84.1,A-
2017,Ohio State,15,QB,0.8368436816522116,77.6,B+
2017,Ohio State,15,RB,1.0022690262630738,80.0,A-
2017,Ohio State,15,Secondary,0.6922262024947461,75.4,B
2017,Ohio State,15,WR/TE,1.1191946261781622,81.8,A-
2017,Oklahoma,15,DL/EDGE,-0.3097521082340364,60.4,C-
2017,Oklahoma,15,OL,0.7061945477454609,75.6,B
2017,Oklahoma,15,QB,2.2950964099984086,99.4,A+
2017,Oklahoma,15,RB,1.2156821698637956,83.2,A-
2017,Oklahoma,15,Secondary,-0.36605970598966764,59.5,D+
2017,Oklahoma,15,WR/TE,2.4098157280780157,100.0,A+
2017,Oklahoma State,15,DL/EDGE,0.6316996384639082,74.5,B
2017,Oklahoma State,15,OL,0.365547333402538,70.5,B-
2017,Oklahoma State,15,QB,1.4548518586547479,86.8,A
2017,Oklahoma State,15,RB,0.040589665062823854,65.6,C
2017,Oklahoma State,15,Secondary,0.03108521952144164,65.5,C
2017,Oklahoma State,15,WR/TE,1.6804147172144028,90.2,A+
2017,Old Dominion,15,DL/EDGE,0.48860018988127163,72.3,B-
2017,Old Dominion,15,OL,-0.3464857847512103,59.8,D+
2017,Old Dominion,15,QB,-1.062347696209083,49.1,F
2017,Old Dominion,15,RB,0.05123815849390134,65.8,C
2017,Old Dominion,15,Secondary,0.09349140944400974,66.4,C
2017,Old Dominion,15,WR/TE,-0.8836731385010451,51.7,D-
2017,Ole Miss,15,DL/EDGE,0.17465908287024778,67.6,C+
2017,Ole Miss,15,OL,0.5150672914097372,72.7,B-
2017,Ole Miss,15,QB,0.6566595999538832,74.8,B
2017,Ole Miss,15,RB,0.42833555440355325,71.4,B-
2017,Ole Miss,15,Secondary,-0.16939019797786395,62.5,C-
2017,Ole Miss,15,WR/TE,0.7462083873233737,76.2,B
2017,Oregon,15,DL/EDGE,0.38732472612700214,70.8,B-
2017,Oregon,15,OL,-0.059948626282138484,64.1,C
2017,Oregon,15,QB,0.7520118367364111,76.3,B
2017,Oregon,15,RB,0.3232966676807134,69.8,C+
2017,Oregon,15,Secondary,0.48513393420894,72.3,B-
2017,Oregon,15,WR/TE,-0.23287165379131924,61.5,C-
2017,Oregon State,15,DL/EDGE,-0.9926818569234538,50.1,D-
2017,Oregon State,15,OL,0.05029688907819141,65.8,C
2017,Oregon State,15,QB,-0.5687708332519439,56.5,D
2017,Oregon State,15,RB,-0.8110707431292979,52.8,D-
2017,Oregon State,15,Secondary,-1.324930356163697,45.1,F
2017,Oregon State,15,WR/TE,-0.9683551894130332,50.5,D-
2017,Penn State,15,DL/EDGE,0.5738842318449362,73.6,B
2017,Penn State,15,OL,-0.49335747369582245,57.6,D+
2017,Penn State,15,QB,1.0065747879790117,80.1,A-
2017,Penn State,15,RB,0.890829196525821,78.4,B+
2017,Penn State,15,Secondary,0.7476047452665778,76.2,B
2017,Penn State,15,WR/TE,0.9700664769467298,79.6,B+
2017,Pittsburgh,15,DL/EDGE,-0.7205442727148117,54.2,D
2017,Pittsburgh,15,OL,-0.5866074685673843,56.2,D
2017,Pittsburgh,15,QB,-0.15151408156272908,62.7,C-
2017,Pittsburgh,15,RB,0.1427059950872337,67.1,C+
2017,Pittsburgh,15,Secondary,-0.4593569778689332,58.1,D+
2017,Pittsburgh,15,WR/TE,-0.16376705463569738,62.5,C-
2017,Purdue,15,DL/EDGE,0.54653047087682,73.2,B
2017,Purdue,15,OL,0.604315064582561,74.1,B
2017,Purdue,15,QB,-0.6914466014817121,54.6,D
2017,Purdue,15,RB,-0.29478648864276047,60.6,C-
2017,Purdue,15,Secondary,0.5550812162237319,73.3,B
2017,Purdue,15,WR/TE,-1.3265699531220017,45.1,F
2017,Rice,15,DL/EDGE,-0.19877499680089555,62.0,C-
2017,Rice,15,OL,-0.35592673372133643,59.7,D+
2017,Rice,15,QB,-0.7924989926619448,53.1,D
2017,Rice,15,RB,-0.289523304448228,60.7,C-
2017,Rice,15,Secondary,-1.202904413809837,47.0,F
2017,Rice,15,WR/TE,-0.2569201520358745,61.1,C-
2017,Rutgers,15,DL/EDGE,-0.9135275614061719,51.3,D-
2017,Rutgers,15,OL,-0.6209823725344927,55.7,D
2017,Rutgers,15,QB,-1.285065155242374,45.7,F
2017,Rutgers,15,RB,-0.2512703743532694,61.2,C-
2017,Rutgers,15,Secondary,-0.13911844729970232,62.9,C-
2017,Rutgers,15,WR/TE,-1.8787088663433438,36.8,F
2017,SMU,15,DL/EDGE,0.1461645337735754,67.2,C+
2017,SMU,15,OL,0.5668032916294234,73.5,B
2017,SMU,15,QB,0.6351758823125637,74.5,B
2017,SMU,15,RB,0.7033899906466956,75.6,B
2017,SMU,15,Secondary,-0.9855515591187327,50.2,D-
2017,SMU,15,WR/TE,0.9072032174683917,78.6,B+
2017,San Diego State,15,DL/EDGE,-0.20374023715106132,61.9,C-
2017,San Diego State,15,OL,-0.49139439966823834,57.6,D+
2017,San Diego State,15,QB,0.3305687721153491,70.0,C+
2017,San Diego State,15,RB,1.2297089010153621,83.4,A-
2017,San Diego State,15,Secondary,0.191389235865813,67.9,C+
2017,San Diego State,15,WR/TE,0.813797148717121,77.2,B+
2017,San José State,15,DL/EDGE,-0.7509039092738674,53.7,D
2017,San José State,15,OL,-0.5173371526485264,57.2,D+
2017,San José State,15,QB,-0.9128967760178219,51.3,D-
2017,San José State,15,RB,-1.0512302683768113,49.2,F
2017,San José State,15,Secondary,-0.44190450421221456,58.4,D+
2017,San José State,15,WR/TE,-1.203680017335551,46.9,F
2017,South Alabama,15,DL/EDGE,-0.8932363709069492,51.6,D-
2017,South Alabama,15,OL,-1.0494543125230158,49.3,F
2017,South Alabama,15,QB,-0.6350776180011664,55.5,D
2017,South Alabama,15,RB,-1.0788386401774903,48.8,F
2017,South Alabama,15,Secondary,-0.6606630544140623,55.1,D
2017,South Alabama,15,WR/TE,-0.3090011003359411,60.4,C-
2017,South Carolina,15,DL/EDGE,-0.26330617150128943,61.1,C-
2017,South Carolina,15,OL,-0.06257327109693611,64.1,C
2017,South Carolina,15,QB,-0.2080764449617582,61.9,C-
2017,South Carolina,15,RB,-0.5519912810717842,56.7,D
2017,South Carolina,15,Secondary,0.10145357861394384,66.5,C
2017,South Carolina,15,WR/TE,-0.28007359804487525,60.8,C-
2017,South Florida,15,DL/EDGE,1.2961851115918832,84.4,A-
2017,South Florida,15,OL,-0.6410737062164755,55.4,D
2017,South Florida,15,QB,0.4775099521060977,72.2,B-
2017,South Florida,15,RB,0.3387342262164216,70.1,B-
2017,South Florida,15,Secondary,0.5620425968948204,73.4,B
2017,South Florida,15,WR/TE,1.1033733673123505,81.6,A-
2017,Southern Miss,15,DL/EDGE,0.8891680919845906,78.3,B+
2017,Southern Miss,15,OL,0.17418031335930284,67.6,C+
2017,Southern Miss,15,QB,0.06019635900607903,65.9,C
2017,Southern Miss,15,RB,0.3970421946054796,71.0,B-
2017,Southern Miss,15,Secondary,0.44463002810995966,71.7,B-
2017,Southern Miss,15,WR/TE,0.19619477388464912,67.9,C+
2017,Stanford,15,DL/EDGE,-0.24259170996771,61.4,C-
2017,Stanford,15,OL,0.8142211911021233,77.2,B+
2017,Stanford,15,QB,0.41279864886801687,71.2,B-
2017,Stanford,15,RB,1.4803365983467571,87.2,A
2017,Stanford,15,Secondary,-0.3629901156844702,59.6,D+
2017,Stanford,15,WR/TE,-0.4309623394785695,58.5,D+
2017,Syracuse,15,DL/EDGE,-0.515447536337378,57.3,D+
2017,Syracuse,15,OL,0.1197696958267691,66.8,C
2017,Syracuse,15,QB,-0.3275655863105283,60.1,C-
2017,Syracuse,15,RB,-0.166466221983265,62.5,C-
2017,Syracuse,15,Secondary,-0.8247720123855146,52.6,D-
2017,Syracuse,15,WR/TE,-0.566080415847066,56.5,D
2017,TCU,15,DL/EDGE,0.8987668551411305,78.5,B+
2017,TCU,15,OL,-0.20010176403613006,62.0,C-
2017,TCU,15,QB,1.0661038945643129,81.0,A-
2017,TCU,15,RB,-0.5098653957163786,57.4,D+
2017,TCU,15,Secondary,-0.15150727625956836,62.7,C-
2017,TCU,15,WR/TE,0.45336895403223343,71.8,B-
2017,Temple,15,DL/EDGE,0.664209013430984,75.0,B
2017,Temple,15,OL,-0.2480455731705953,61.3,C-
2017,Temple,15,QB,0.21586532375849105,68.2,C+
2017,Temple,15,RB,-0.7360440908834068,54.0,D
2017,Temple,15,Secondary,0.07244662198527559,66.1,C
2017,Temple,15,WR/TE,0.025987093109046892,65.4,C
2017,Tennessee,15,DL/EDGE,-0.2398992541769847,61.4,C-
2017,Tennessee,15,OL,-0.6810665045432225,54.8,D
2017,Tennessee,15,QB,-0.6058982453628655,55.9,D
2017,Tennessee,15,RB,-0.7935206932171991,53.1,D
2017,Tennessee,15,Secondary,-0.07741513090936401,63.8,C
2017,Tennessee,15,WR/TE,-0.8596210282621638,52.1,D-
2017,Texas,15,DL/EDGE,0.7328889837107846,76.0,B
2017,Texas,15,OL,-0.2485232259181468,61.3,C-
2017,Texas,15,QB,-0.23839468495938093,61.4,C-
2017,Texas,15,RB,-0.7111439888914892,54.3,D
2017,Texas,15,Secondary,0.5587223432366707,73.4,B
2017,Texas,15,WR/TE,0.21972429277269667,68.3,C+
2017,Texas A&M,15,DL/EDGE,0.787525128916867,76.8,B
2017,Texas A&M,15,OL,-0.4157074254927442,58.8,D+
2017,Texas A&M,15,QB,-0.14989231847323284,62.8,C-
2017,Texas A&M,15,RB,0.09714662267763771,66.5,C
2017,Texas A&M,15,Secondary,0.09441946811102,66.4,C
2017,Texas A&M,15,WR/TE,0.1024663434620435,66.5,C
2017,Texas State,15,DL/EDGE,-0.3458434171776365,59.8,D+
2017,Texas State,15,OL,-1.176861805650471,47.3,F
2017,Texas State,15,QB,-0.5947542692719454,56.1,D
2017,Texas State,15,RB,-0.38183242416572394,59.3,D+
2017,Texas State,15,Secondary,-1.6854360715437025,39.7,F
2017,Texas State,15,WR/TE,-0.49456460625442467,57.6,D+
2017,Texas Tech,15,DL/EDGE,-1.029572639753591,49.6,F
2017,Texas Tech,15,OL,-0.11097474667139495,63.3,C
2017,Texas Tech,15,QB,0.6949563867547616,75.4,B
2017,Texas Tech,15,RB,-0.01749710569385559,64.7,C
2017,Texas Tech,15,Secondary,0.4322436496733813,71.5,B-
2017,Texas Tech,15,WR/TE,0.6086978942245531,74.1,B
2017,Toledo,15,DL/EDGE,-0.46701804076839737,58.0,D+
2017,Toledo,15,OL,0.8606688467565682,77.9,B+
2017,Toledo,15,QB,1.2895977143458608,84.3,A-
2017,Toledo,15,RB,0.7827557043526975,76.7,B
2017,Toledo,15,Secondary,0.7791437666894381,76.7,B
2017,Toledo,15,WR/TE,1.4461220864930109,86.7,A
2017,Troy,15,DL/EDGE,1.5934402694516476,88.9,A
2017,Troy,15,OL,0.5782039340623019,73.7,B
2017,Troy,15,QB,0.4097829526726578,71.1,B-
2017,Troy,15,RB,0.11625592497844703,66.7,C
2017,Troy,15,Secondary,0.6516861204942263,74.8,B
2017,Troy,15,WR/TE,-0.36411098067512887,59.5,D+
2017,Tulane,15,DL/EDGE,-1.0220947079821774,49.7,F
2017,Tulane,15,OL,-0.42082767997509307,58.7,D+
2017,Tulane,15,QB,0.34198091248246365,70.1,B-
2017,Tulane,15,RB,0.515247670681255,72.7,B-
2017,Tulane,15,Secondary,-0.7109864317196636,54.3,D
2017,Tulane,15,WR/TE,0.41170901609158783,71.2,B-
2017,Tulsa,15,DL/EDGE,-1.3334820240821372,45.0,F
2017,Tulsa,15,OL,0.22125970540523154,68.3,C+
2017,Tulsa,15,QB,-0.4154989029294801,58.8,D+
2017,Tulsa,15,RB,0.5606179789368717,73.4,B
2017,Tulsa,15,Secondary,-1.5983521984170888,41.0,F
2017,Tulsa,15,WR/TE,0.03259673473802416,65.5,C
2017,UAB,15,DL/EDGE,0.1924212347723137,67.9,C+
2017,UAB,15,OL,-0.03343891183722256,64.5,C
2017,UAB,15,QB,0.2209775383441619,68.3,C+
2017,UAB,15,RB,-0.2798383006140956,60.8,C-
2017,UAB,15,Secondary,0.6554538693744306,74.8,B
2017,UAB,15,WR/TE,0.19426932878401107,67.9,C+
2017,UCF,15,DL/EDGE,-0.38480306800502007,59.2,D+
2017,UCF,15,OL,0.11411211146180245,66.7,C
2017,UCF,15,QB,2.1176522614644737,96.8,A+
2017,UCF,15,RB,0.9089853592082745,78.6,B+
2017,UCF,15,Secondary,-0.1339507583167318,63.0,C-
2017,UCF,15,WR/TE,1.7100296044517456,90.7,A+
2017,UCLA,15,DL/EDGE,-0.19816492817309,62.0,C-
2017,UCLA,15,OL,0.0860655926300013,66.3,C
2017,UCLA,15,QB,0.49359225551622904,72.4,B-
2017,UCLA,15,RB,-0.6607151299653469,55.1,D
2017,UCLA,15,Secondary,0.12353997732107866,66.9,C
2017,UCLA,15,WR/TE,0.32542904287066854,69.9,C+
2017,UConn,15,DL/EDGE,-0.9510014067510347,50.7,D-
2017,UConn,15,OL,-0.5449553002934794,56.8,D
2017,UConn,15,QB,0.09210654203931201,66.4,C
2017,UConn,15,RB,-0.4534648997781785,58.2,D+
2017,UConn,15,Secondary,-1.3236669468933704,45.1,F
2017,UConn,15,WR/TE,0.42832203545254066,71.4,B-
2017,UL Monroe,15,DL/EDGE,-0.6411764476478572,55.4,D
2017,UL Monroe,15,OL,0.38690584045946885,70.8,B-
2017,UL Monroe,15,QB,0.9085802181239246,78.6,B+
2017,UL Monroe,15,RB,0.009307271519474504,65.1,C
2017,UL Monroe,15,Secondary,-1.3608524282068557,44.6,F
2017,UL Monroe,15,WR/TE,0.8437933958930782,77.7,B+
2017,UNLV,15,DL/EDGE,-0.7935222865216092,53.1,D
2017,UNLV,15,OL,0.46130511942677155,71.9,B-
2017,UNLV,15,QB,-0.1893031867994195,62.2,C-
2017,UNLV,15,RB,1.0193446164029356,80.3,A-
2017,UNLV,15,Secondary,-0.3138515268855249,60.3,C-
2017,UNLV,15,WR/TE,0.6757998827369468,75.1,B
2017,USC,15,DL/EDGE,-0.073133902104532,63.9,C
2017,USC,15,OL,0.5053807429715955,72.6,B-
2017,USC,15,QB,0.7035669557086804,75.6,B
2017,USC,15,RB,0.7392063942655414,76.1,B
2017,USC,15,Secondary,0.2977815491069419,69.5,C+
2017,USC,15,WR/TE,0.08567209380585238,66.3,C
2017,UTEP,15,DL/EDGE,-0.854833620884448,52.2,D-
2017,UTEP,15,OL,-0.36537097169786936,59.5,D+
2017,UTEP,15,QB,-1.6519691924852349,40.2,F
2017,UTEP,15,RB,-1.3400179977026099,44.9,F
2017,UTEP,15,Secondary,-0.5257103468718224,57.1,D+
2017,UTEP,15,WR/TE,-1.1573947300501974,47.6,F
2017,UTSA,15,DL/EDGE,0.9081373629696653,78.6,B+
2017,UTSA,15,OL,-0.6291670972687039,55.6,D
2017,UTSA,15,QB,-0.03264791284629593,64.5,C
2017,UTSA,15,RB,0.03789347791866832,65.6,C
2017,UTSA,15,Secondary,0.3651473989755753,70.5,B-
2017,UTSA,15,WR/TE,-0.7595070806212685,53.6,D
2017,Utah,15,DL/EDGE,-0.3619149716279536,59.6,D+
2017,Utah,15,OL,-0.4789281633346246,57.8,D+
2017,Utah,15,QB,0.023782457639270616,65.4,C
2017,Utah,15,RB,-0.6867387236292946,54.7,D
2017,Utah,15,Secondary,0.5817854461524136,73.7,B
2017,Utah,15,WR/TE,0.13208910270452706,67.0,C
2017,Utah State,15,DL/EDGE,0.23513404191030166,68.5,C+
2017,Utah State,15,OL,0.23684163509226203,68.6,C+
2017,Utah State,15,QB,-0.3507702831201689,59.7,D+
2017,Utah State,15,RB,0.07415098708632675,66.1,C
2017,Utah State,15,Secondary,0.6495818949288749,74.7,B
2017,Utah State,15,WR/TE,-0.1975268126046759,62.0,C-
2017,Vanderbilt,15,DL/EDGE,0.5018628110228832,72.5,B-
2017,Vanderbilt,15,OL,0.406493834380947,71.1,B-
2017,Vanderbilt,15,QB,0.08158217257369468,66.2,C
2017,Vanderbilt,15,RB,-0.6534262016367753,55.2,D
2017,Vanderbilt,15,Secondary,-0.4568960324914187,58.1,D+
2017,Vanderbilt,15,WR/TE,0.10717550105665907,66.6,C
2017,Virginia,15,DL/EDGE,-0.1166768375997112,63.2,C
2017,Virginia,15,OL,-0.21096904550193013,61.8,C-
2017,Virginia,15,QB,-0.4022830750448502,59.0,D+
2017,Virginia,15,RB,-0.7228520496787909,54.2,D
2017,Virginia,15,Secondary,0.6828684072897119,75.2,B
2017,Virginia,15,WR/TE,-0.1380584577501261,62.9,C-
2017,Virginia Tech,15,DL/EDGE,1.31970981894838,84.8,A-
2017,Virginia Tech,15,OL,-0.43896204233844494,58.4,D+
2017,Virginia Tech,15,QB,0.2830066642070484,69.2,C+
2017,Virginia Tech,15,RB,-0.8840664730268757,51.7,D-
2017,Virginia Tech,15,Secondary,0.31989023465302147,69.8,C+
2017,Virginia Tech,15,WR/TE,0.08996362662467733,66.3,C
2017,Wake Forest,15,DL/EDGE,0.2561573262442644,68.8,C+
2017,Wake Forest,15,OL,0.04556348294167861,65.7,C
2017,Wake Forest,15,QB,0.7982929582623416,77.0,B
2017,Wake Forest,15,RB,0.3356203211170214,70.0,B-
2017,Wake Forest,15,Secondary,0.46386993298996954,72.0,B-
2017,Wake Forest,15,WR/TE,0.028251118628848777,65.4,C
2017,Washington,15,DL/EDGE,0.9720929541999258,79.6,B+
2017,Washington,15,OL,0.5090488562511967,72.6,B-
2017,Washington,15,QB,1.020652566113304,80.3,A-
2017,Washington,15,RB,0.3952641041605671,70.9,B-
2017,Washington,15,Secondary,0.8945172751742797,78.4,B+
2017,Washington,15,WR/TE,0.7008612314784815,75.5,B
2017,Washington State,15,DL/EDGE,1.1597296258221403,82.4,A-
2017,Washington State,15,OL,0.5405850348781565,73.1,B
2017,Washington State,15,QB,-0.02388260252824373,64.6,C
2017,Washington State,15,RB,-1.0015875435850126,50.0,F
2017,Washington State,15,Secondary,1.0518992404852467,80.8,A-
2017,Washington State,15,WR/TE,-0.5084212846942966,57.4,D+
2017,West Virginia,15,DL/EDGE,-0.18963565764375978,62.2,C-
2017,West Virginia,15,OL,0.7695860943523767,76.5,B
2017,West Virginia,15,QB,0.4626526573467169,71.9,B-
2017,West Virginia,15,RB,-0.6075491403946082,55.9,D
2017,West Virginia,15,Secondary,-0.3062238996596531,60.4,C-
2017,West Virginia,15,WR/TE,0.3362831704008178,70.0,B-
2017,Western Kentucky,15,DL/EDGE,-0.660393688735423,55.1,D
2017,Western Kentucky,15,OL,-0.7918702426082258,53.1,D
2017,Western Kentucky,15,QB,0.4023695543347285,71.0,B-
2017,Western Kentucky,15,RB,-2.163695645149295,32.5,F
2017,Western Kentucky,15,Secondary,0.15413546344474519,67.3,C+
2017,Western Kentucky,15,WR/TE,0.8200279993974808,77.3,B+
2017,Western Michigan,15,DL/EDGE,0.0979008567386637,66.5,C
2017,Western Michigan,15,OL,-0.11880388345980036,63.2,C
2017,Western Michigan,15,QB,-0.6334172385284103,55.5,D
2017,Western Michigan,15,RB,0.16903354753369793,67.5,C+
2017,Western Michigan,15,Secondary,0.2694324478349364,69.0,C+
2017,Western Michigan,15,WR/TE,-0.3793328667236351,59.3,D+
2017,Wisconsin,15,DL/EDGE,0.6360804660108639,74.5,B
2017,Wisconsin,15,OL,-0.11294774176392813,63.3,C
2017,Wisconsin,15,QB,0.6386018320246346,74.6,B
2017,Wisconsin,15,RB,0.22859635086735922,68.4,C+
2017,Wisconsin,15,Secondary,1.1414804469057411,82.1,A-
2017,Wisconsin,15,WR/TE,0.34498939401010037,70.2,B-
2017,Wyoming,15,DL/EDGE,1.081076734948737,81.2,A-
2017,Wyoming,15,OL,-0.8473618031605644,52.3,D-
2017,Wyoming,15,QB,-0.5969069518450303,56.0,D
2017,Wyoming,15,RB,-1.0252450416992036,49.6,F
2017,Wyoming,15,Secondary,0.8904118854253887,78.4,B+
2017,Wyoming,15,WR/TE,-1.173342077175042,47.4,F
2018,Air Force,15,DL/EDGE,0.16348586595315054,67.5,C+
2018,Air Force,15,OL,-0.41026001022448455,58.8,D+
2018,Air Force,15,QB,0.9452797491717512,79.2,B+
2018,Air Force,15,RB,-0.900153943690643,51.5,D-
2018,Air Force,15,Secondary,-1.0759751980526475,48.9,F
2018,Air Force,15,WR/TE,0.8079941791615775,77.1,B+
2018,Akron,15,DL/EDGE,0.08841866137414064,66.3,C
2018,Akron,15,OL,-0.7626701928456898,53.6,D
2018,Akron,15,QB,-1.162918881225709,47.6,F
2018,Akron,15,RB,-1.5414718792195394,41.9,F
2018,Akron,15,Secondary,0.5122311393604424,72.7,B-
2018,Akron,15,WR/TE,-1.353658867638588,44.7,F
2018,Alabama,15,DL/EDGE,0.9611279941464884,79.4,B+
2018,Alabama,15,OL,1.0396246713751398,80.6,A-
2018,Alabama,15,QB,2.540684758014955,100.0,A+
2018,Alabama,15,RB,0.47167975810178564,72.1,B-
2018,Alabama,15,Secondary,0.932763771897628,79.0,B+
2018,Alabama,15,WR/TE,2.6806344733593566,100.0,A+
2018,App State,15,DL/EDGE,0.18062446178849706,67.7,C+
2018,App State,15,OL,0.749651579348722,76.2,B
2018,App State,15,QB,-0.3482112720060227,59.8,D+
2018,App State,15,RB,1.2017010124209064,83.0,A-
2018,App State,15,Secondary,1.450023079331671,86.8,A
2018,App State,15,WR/TE,0.640929417647482,74.6,B
2018,Arizona,15,DL/EDGE,-0.05477372551057183,64.2,C
2018,Arizona,15,OL,0.9005653058360175,78.5,B+
2018,Arizona,15,QB,0.37395258073239873,70.6,B-
2018,Arizona,15,RB,0.4108099525535011,71.2,B-
2018,Arizona,15,Secondary,-0.5619442415330208,56.6,D
2018,Arizona,15,WR/TE,0.37800288480430333,70.7,B-
2018,Arizona State,15,DL/EDGE,0.5745737266284372,73.6,B
2018,Arizona State,15,OL,-0.1495427010776118,62.8,C-
2018,Arizona State,15,QB,0.6655586589950688,75.0,B
2018,Arizona State,15,RB,-0.1513987189173316,62.7,C-
2018,Arizona State,15,Secondary,-0.3214686388099997,60.2,C-
2018,Arizona State,15,WR/TE,0.3014949812824176,69.5,C+
2018,Arkansas,15,DL/EDGE,0.026049502348342225,65.4,C
2018,Arkansas,15,OL,-0.4978063190387195,57.5,D+
2018,Arkansas,15,QB,-1.089484450690792,48.7,F
2018,Arkansas,15,RB,-0.022634148076683763,64.7,C
2018,Arkansas,15,Secondary,-0.3877115457551752,59.2,D+
2018,Arkansas,15,WR/TE,-1.0929688035848646,48.6,F
2018,Arkansas State,15,DL/EDGE,0.5402179813573172,73.1,B
2018,Arkansas State,15,OL,0.663337576193933,75.0,B
2018,Arkansas State,15,QB,0.523281130764179,72.8,B-
2018,Arkansas State,15,RB,-0.02049551879506463,64.7,C
2018,Arkansas State,15,Secondary,-0.05888465651963965,64.1,C
2018,Arkansas State,15,WR/TE,0.4571225969813764,71.9,B-
2018,Army,15,DL/EDGE,-0.5101711159222895,57.3,D+
2018,Army,15,OL,0.10698607666704248,66.6,C
2018,Army,15,QB,1.5205636834570975,87.8,A
2018,Army,15,RB,-0.5491700033774143,56.8,D
2018,Army,15,Secondary,-0.25521343961529136,61.2,C-
2018,Army,15,WR/TE,1.457162462579753,86.9,A
2018,Auburn,15,DL/EDGE,0.6030275839949956,74.0,B
2018,Auburn,15,OL,0.10845219579744533,66.6,C
2018,Auburn,15,QB,0.045280828467016615,65.7,C
2018,Auburn,15,RB,-0.6977358238410886,54.5,D
2018,Auburn,15,Secondary,0.3313269446779884,70.0,C+
2018,Auburn,15,WR/TE,-0.11252052082100103,63.3,C
2018,BYU,15,DL/EDGE,-0.5017075581468974,57.5,D+
2018,BYU,15,OL,-0.5399942963698813,56.9,D
2018,BYU,15,QB,-0.22939101126779537,61.6,C-
2018,BYU,15,RB,-0.7382093164880198,53.9,D
2018,BYU,15,Secondary,0.6915533992578182,75.4,B
2018,BYU,15,WR/TE,-0.8717413137387104,51.9,D-
2018,Ball State,15,DL/EDGE,-0.5461900010976809,56.8,D
2018,Ball State,15,OL,0.4193700807926625,71.3,B-
2018,Ball State,15,QB,-0.39069062242863073,59.1,D+
2018,Ball State,15,RB,-0.023757996231869832,64.6,C
2018,Ball State,15,Secondary,0.07101184638413766,66.1,C
2018,Ball State,15,WR/TE,-0.662743605105401,55.1,D
2018,Baylor,15,DL/EDGE,-0.5727434130101775,56.4,D
2018,Baylor,15,OL,-0.3080081975381338,60.4,C-
2018,Baylor,15,QB,-0.016686093410458153,64.7,C
2018,Baylor,15,RB,0.3100253498326335,69.7,C+
2018,Baylor,15,Secondary,-0.7208338938090323,54.2,D
2018,Baylor,15,WR/TE,-0.37813138329186774,59.3,D+
2018,Boise State,15,DL/EDGE,0.46014849737083674,71.9,B-
2018,Boise State,15,OL,-0.190798682956178,62.1,C-
2018,Boise State,15,QB,0.8058991915437496,77.1,B+
2018,Boise State,15,RB,0.3970178655618572,71.0,B-
2018,Boise State,15,Secondary,-0.4180625570630489,58.7,D+
2018,Boise State,15,WR/TE,0.8230085863766837,77.3,B+
2018,Boston College,15,DL/EDGE,0.5402215281325048,73.1,B
2018,Boston College,15,OL,-0.9913372094208619,50.1,D-
2018,Boston College,15,QB,-0.039483877521469646,64.4,C
2018,Boston College,15,RB,-0.2507722437034205,61.2,C-
2018,Boston College,15,Secondary,0.7563700146654331,76.3,B
2018,Boston College,15,WR/TE,-0.152600605647191,62.7,C-
2018,Bowling Green,15,DL/EDGE,-1.0847021670600243,48.7,F
2018,Bowling Green,15,OL,-0.34948719332107603,59.8,D+
2018,Bowling Green,15,QB,-0.03841992645662344,64.4,C
2018,Bowling Green,15,RB,-0.5829802348882529,56.3,D
2018,Bowling Green,15,Secondary,-0.4907516832657183,57.6,D+
2018,Bowling Green,15,WR/TE,-0.09584691617452132,63.6,C
2018,Buffalo,15,DL/EDGE,0.3201760082433355,69.8,C+
2018,Buffalo,15,OL,0.2990387202508687,69.5,C+
2018,Buffalo,15,QB,0.29892995941466144,69.5,C+
2018,Buffalo,15,RB,0.0832319861702698,66.2,C
2018,Buffalo,15,Secondary,0.7966982487936736,77.0,B
2018,Buffalo,15,WR/TE,0.1814061168664689,67.7,C+
2018,California,15,DL/EDGE,0.31274361376221566,69.7,C+
2018,California,15,OL,-0.246234087134209,61.3,C-
2018,California,15,QB,-0.87877327228948,51.8,D-
2018,California,15,RB,-0.4426255503366125,58.4,D+
2018,California,15,Secondary,1.3315273910525691,85.0,A-
2018,California,15,WR/TE,-1.3384621448819887,44.9,F
2018,Central Michigan,15,DL/EDGE,0.6366704169902252,74.6,B
2018,Central Michigan,15,OL,-1.0093369349226737,49.9,F
2018,Central Michigan,15,QB,-2.1355433379540094,33.0,F
2018,Central Michigan,15,RB,-1.1622766233993125,47.6,F
2018,Central Michigan,15,Secondary,0.8472812282692733,77.7,B+
2018,Central Michigan,15,WR/TE,-2.6281744583345525,25.6,F
2018,Charlotte,15,DL/EDGE,-0.09986048565030758,63.5,C
2018,Charlotte,15,OL,-1.2962946112606422,45.6,F
2018,Charlotte,15,QB,-0.1019629298013405,63.5,C
2018,Charlotte,15,RB,-0.7144212826341595,54.3,D
2018,Charlotte,15,Secondary,-0.7058030945974804,54.4,D
2018,Charlotte,15,WR/TE,-0.09999120905171326,63.5,C
2018,Cincinnati,15,DL/EDGE,0.47416673087016403,72.1,B-
2018,Cincinnati,15,OL,0.45674613124835395,71.9,B-
2018,Cincinnati,15,QB,0.4973554045466474,72.5,B-
2018,Cincinnati,15,RB,0.4382644304510629,71.6,B-
2018,Cincinnati,15,Secondary,0.5486384427512824,73.2,B
2018,Cincinnati,15,WR/TE,0.5627159826386493,73.4,B
2018,Clemson,15,DL/EDGE,2.12856107291847,96.9,A+
2018,Clemson,15,OL,2.062074254339339,95.9,A+
2018,Clemson,15,QB,0.8427942585015712,77.6,B+
2018,Clemson,15,RB,1.5074981867439012,87.6,A
2018,Clemson,15,Secondary,0.4784539450851781,72.2,B-
2018,Clemson,15,WR/TE,0.18158746518924423,67.7,C+
2018,Coastal Carolina,15,DL/EDGE,-1.0587036639718845,49.1,F
2018,Coastal Carolina,15,OL,-0.3743439772222126,59.4,D+
2018,Coastal Carolina,15,QB,0.054417889929964214,65.8,C
2018,Coastal Carolina,15,RB,0.331902313089158,70.0,C+
2018,Coastal Carolina,15,Secondary,-1.2007514126283154,47.0,F
2018,Coastal Carolina,15,WR/TE,0.6238250240467578,74.4,B
2018,Colorado,15,DL/EDGE,0.5279994723210916,72.9,B-
2018,Colorado,15,OL,-0.9443094307126163,50.8,D-
2018,Colorado,15,QB,0.09031136860102235,66.4,C
2018,Colorado,15,RB,-0.1759328923825899,62.4,C-
2018,Colorado,15,Secondary,0.2861530560985625,69.3,C+
2018,Colorado,15,WR/TE,0.2809443477830983,69.2,C+
2018,Colorado State,15,DL/EDGE,-0.6579338456384304,55.1,D
2018,Colorado State,15,OL,-0.2485331591495641,61.3,C-
2018,Colorado State,15,QB,-0.20697723672934387,61.9,C-
2018,Colorado State,15,RB,-0.7915199939047192,53.1,D
2018,Colorado State,15,Secondary,-1.769674566296469,38.5,F
2018,Colorado State,15,WR/TE,-0.10139294576189838,63.5,C
2018,Duke,15,DL/EDGE,-0.3141836915649352,60.3,C-
2018,Duke,15,OL,0.32066472295726595,69.8,C+
2018,Duke,15,QB,-0.36370083886966675,59.5,D+
2018,Duke,15,RB,0.0471460595410937,65.7,C
2018,Duke,15,Secondary,0.29552674621899294,69.4,C+
2018,Duke,15,WR/TE,-0.3618447289050707,59.6,D+
2018,East Carolina,15,DL/EDGE,1.0469832281397728,80.7,A-
2018,East Carolina,15,OL,-0.35955344917013954,59.6,D+
2018,East Carolina,15,QB,-0.9392578259260186,50.9,D-
2018,East Carolina,15,RB,-0.9368422560272925,50.9,D-
2018,East Carolina,15,Secondary,-0.981840227867963,50.3,D-
2018,East Carolina,15,WR/TE,-0.451847347419411,58.2,D+
2018,Eastern Michigan,15,DL/EDGE,-0.2810698521082623,60.8,C-
2018,Eastern Michigan,15,OL,-0.8416185612613782,52.4,D-
2018,Eastern Michigan,15,QB,0.6064077141939042,74.1,B
2018,Eastern Michigan,15,RB,-1.0235015814777553,49.6,F
2018,Eastern Michigan,15,Secondary,0.7120636508028932,75.7,B
2018,Eastern Michigan,15,WR/TE,-0.07207114746013205,63.9,C
2018,Florida,15,DL/EDGE,0.323433139227647,69.9,C+
2018,Florida,15,OL,0.9565919103427049,79.3,B+
2018,Florida,15,QB,0.10291692607093345,66.5,C
2018,Florida,15,RB,0.518898355846841,72.8,B-
2018,Florida,15,Secondary,0.600188316588288,74.0,B
2018,Florida,15,WR/TE,-0.06407260463087973,64.0,C
2018,Florida Atlantic,15,DL/EDGE,-0.14442651931944395,62.8,C-
2018,Florida Atlantic,15,OL,-0.18911785349209076,62.2,C-
2018,Florida Atlantic,15,QB,-0.14340025828680936,62.8,C-
2018,Florida Atlantic,15,RB,0.5992280431304022,74.0,B
2018,Florida Atlantic,15,Secondary,0.004611011224463107,65.1,C
2018,Florida Atlantic,15,WR/TE,-0.8634665859620907,52.0,D-
2018,Florida International,15,DL/EDGE,-0.7002252327703896,54.5,D
2018,Florida International,15,OL,0.6443456279035221,74.7,B
2018,Florida International,15,QB,0.8947517900704627,78.4,B+
2018,Florida International,15,RB,0.09025317582793424,66.4,C
2018,Florida International,15,Secondary,0.8212686201668155,77.3,B+
2018,Florida International,15,WR/TE,0.6366563336942486,74.5,B
2018,Florida State,15,DL/EDGE,0.13122832462847303,67.0,C
2018,Florida State,15,OL,-1.2355125595320389,46.5,F
2018,Florida State,15,QB,-0.5091170302259242,57.4,D+
2018,Florida State,15,RB,-0.7746536844194982,53.4,D
2018,Florida State,15,Secondary,0.08417765909744242,66.3,C
2018,Florida State,15,WR/TE,-0.43556514480244923,58.5,D+
2018,Fresno State,15,DL/EDGE,-0.3751797350136538,59.4,D+
2018,Fresno State,15,OL,0.12989991155440592,66.9,C
2018,Fresno State,15,QB,1.191214105268202,82.9,A-
2018,Fresno State,15,RB,-0.3931660189923212,59.1,D+
2018,Fresno State,15,Secondary,0.972156857117417,79.6,B+
2018,Fresno State,15,WR/TE,1.0580863585866167,80.9,A-
2018,Georgia,15,DL/EDGE,-0.7629223891120981,53.6,D
2018,Georgia,15,OL,0.9714601609558872,79.6,B+
2018,Georgia,15,QB,1.308556745010817,84.6,A-
2018,Georgia,15,RB,1.377481055571748,85.7,A
2018,Georgia,15,Secondary,0.7729243049860688,76.6,B
2018,Georgia,15,WR/TE,1.0223756895592477,80.3,A-
2018,Georgia Southern,15,DL/EDGE,-0.194733290925077,62.1,C-
2018,Georgia Southern,15,OL,-1.3446290181468785,44.8,F
2018,Georgia Southern,15,QB,0.16246329536312887,67.4,C+
2018,Georgia Southern,15,RB,0.2605213237884825,68.9,C+
2018,Georgia Southern,15,Secondary,0.07819054896874907,66.2,C
2018,Georgia Southern,15,WR/TE,0.25728874956855347,68.9,C+
2018,Georgia State,15,DL/EDGE,-1.5591625110797476,41.6,F
2018,Georgia State,15,OL,0.05590891748442223,65.8,C
2018,Georgia State,15,QB,0.3391071405768086,70.1,B-
2018,Georgia State,15,RB,-0.12683515070844856,63.1,C
2018,Georgia State,15,Secondary,-1.7712787350652661,38.4,F
2018,Georgia State,15,WR/TE,-0.5059984548234335,57.4,D+
2018,Georgia Tech,15,DL/EDGE,-1.1961550877930336,47.1,F
2018,Georgia Tech,15,OL,-0.29839080738303875,60.5,C-
2018,Georgia Tech,15,QB,0.01524039662302469,65.2,C
2018,Georgia Tech,15,RB,0.15226500110299213,67.3,C+
2018,Georgia Tech,15,Secondary,-0.4678009770443338,58.0,D+
2018,Georgia Tech,15,WR/TE,1.3478436692532623,85.2,A
2018,Hawai'i,15,DL/EDGE,-0.27405724127600617,60.9,C-
2018,Hawai'i,15,OL,0.4677764976514562,72.0,B-
2018,Hawai'i,15,QB,0.2445793523621628,68.7,C+
2018,Hawai'i,15,RB,-0.5634221688603143,56.5,D
2018,Hawai'i,15,Secondary,-1.0581580396545751,49.1,F
2018,Hawai'i,15,WR/TE,0.3173445128182083,69.8,C+
2018,Houston,15,DL/EDGE,0.2830642855936974,69.2,C+
2018,Houston,15,OL,0.6991258723378576,75.5,B
2018,Houston,15,QB,0.7740852915760957,76.6,B
2018,Houston,15,RB,0.7391719243503143,76.1,B
2018,Houston,15,Secondary,-0.3603366088500534,59.6,D+
2018,Houston,15,WR/TE,0.7334002360896746,76.0,B
2018,Illinois,15,DL/EDGE,-1.0008370996507838,50.0,F
2018,Illinois,15,OL,0.40050049904005885,71.0,B-
2018,Illinois,15,QB,-1.0414457169040654,49.4,F
2018,Illinois,15,RB,1.2183779656591394,83.3,A-
2018,Illinois,15,Secondary,-0.8235781362654175,52.6,D-
2018,Illinois,15,WR/TE,-0.4330509037268189,58.5,D+
2018,Indiana,15,DL/EDGE,-0.45468148900479877,58.2,D+
2018,Indiana,15,OL,0.3649739053380299,70.5,B-
2018,Indiana,15,QB,-0.44550684147566194,58.3,D+
2018,Indiana,15,RB,-0.41821641449923513,58.7,D+
2018,Indiana,15,Secondary,-0.539165492743673,56.9,D
2018,Indiana,15,WR/TE,-0.6214343401767338,55.7,D
2018,Iowa,15,DL/EDGE,0.1807728937489057,67.7,C+
2018,Iowa,15,OL,0.16419085441479242,67.5,C+
2018,Iowa,15,QB,0.34749475837717314,70.2,B-
2018,Iowa,15,RB,-0.9690092227572507,50.5,D-
2018,Iowa,15,Secondary,1.4210017436348195,86.3,A
2018,Iowa,15,WR/TE,-0.17530828516639718,62.4,C-
2018,Iowa State,15,DL/EDGE,0.532233053629235,73.0,B-
2018,Iowa State,15,OL,-0.7255889686120989,54.1,D
2018,Iowa State,15,QB,0.2274392821716935,68.4,C+
2018,Iowa State,15,RB,-0.9871461681277465,50.2,D-
2018,Iowa State,15,Secondary,-0.07154817417634306,63.9,C
2018,Iowa State,15,WR/TE,0.7349328141099468,76.0,B
2018,Kansas,15,DL/EDGE,-0.09086051288616656,63.6,C
2018,Kansas,15,OL,0.2775269651895692,69.2,C+
2018,Kansas,15,QB,-0.23726164415848197,61.4,C-
2018,Kansas,15,RB,0.45287433424399165,71.8,B-
2018,Kansas,15,Secondary,-0.3758512729394929,59.4,D+
2018,Kansas,15,WR/TE,-0.8586812645999672,52.1,D-
2018,Kansas State,15,DL/EDGE,-1.1113610170269546,48.3,F
2018,Kansas State,15,OL,-0.5009217457150227,57.5,D+
2018,Kansas State,15,QB,-0.4231727840119072,58.7,D+
2018,Kansas State,15,RB,-0.2021814081431344,62.0,C-
2018,Kansas State,15,Secondary,0.32468757919289426,69.9,C+
2018,Kansas State,15,WR/TE,-0.3136189154147925,60.3,C-
2018,Kent State,15,DL/EDGE,-0.8213651477145356,52.7,D-
2018,Kent State,15,OL,-1.0240598488830308,49.6,F
2018,Kent State,15,QB,-0.9321667956316118,51.0,D-
2018,Kent State,15,RB,-0.20709662432117204,61.9,C-
2018,Kent State,15,Secondary,-0.6634418789754905,55.0,D
2018,Kent State,15,WR/TE,-0.7575476379040014,53.6,D
2018,Kentucky,15,DL/EDGE,0.020749149404256734,65.3,C
2018,Kentucky,15,OL,0.26580177009849115,69.0,C+
2018,Kentucky,15,QB,-0.16910082700131449,62.5,C-
2018,Kentucky,15,RB,0.22335393679625362,68.4,C+
2018,Kentucky,15,Secondary,0.29194423454097923,69.4,C+
2018,Kentucky,15,WR/TE,-0.6076825656231561,55.9,D
2018,LSU,15,DL/EDGE,0.06100163088107871,65.9,C
2018,LSU,15,OL,-0.432649222050526,58.5,D+
2018,LSU,15,QB,-0.4489438823214631,58.3,D+
2018,LSU,15,RB,-0.2515521995678807,61.2,C-
2018,LSU,15,Secondary,1.1579413151076312,82.4,A-
2018,LSU,15,WR/TE,-0.15018696785197705,62.7,C-
2018,Liberty,15,DL/EDGE,-0.7566935503627448,53.6,D
2018,Liberty,15,OL,-0.06415151429123324,64.0,C
2018,Liberty,15,QB,-0.6914067864150026,54.6,D
2018,Liberty,15,RB,-0.4816109686378616,57.8,D+
2018,Liberty,15,Secondary,-0.23133549217994195,61.5,C-
2018,Liberty,15,WR/TE,-0.7203874205310618,54.2,D
2018,Louisiana,15,DL/EDGE,-0.6093486864653244,55.9,D
2018,Louisiana,15,OL,0.6755847231063776,75.1,B
2018,Louisiana,15,QB,0.8884526392737001,78.3,B+
2018,Louisiana,15,RB,1.4386435898332024,86.6,A
2018,Louisiana,15,Secondary,-1.0953636620108749,48.6,F
2018,Louisiana,15,WR/TE,0.8612936481021501,77.9,B+
2018,Louisiana Tech,15,DL/EDGE,0.6646616065471854,75.0,B
2018,Louisiana Tech,15,OL,-0.08167488081659516,63.8,C
2018,Louisiana Tech,15,QB,-0.37565533630412357,59.4,D+
2018,Louisiana Tech,15,RB,-0.49207178965188497,57.6,D+
2018,Louisiana Tech,15,Secondary,0.36866231526013105,70.5,B-
2018,Louisiana Tech,15,WR/TE,-0.5605536510771751,56.6,D
2018,Louisville,15,DL/EDGE,-0.9682605388471667,50.5,D-
2018,Louisville,15,OL,-0.21801644470123321,61.7,C-
2018,Louisville,15,QB,-0.6995468512376875,54.5,D
2018,Louisville,15,RB,0.2047814606959299,68.1,C+
2018,Louisville,15,Secondary,-0.9162573969327379,51.3,D-
2018,Louisville,15,WR/TE,-1.3385609565135548,44.9,F
2018,Marshall,15,DL/EDGE,0.7920363789599328,76.9,B
2018,Marshall,15,OL,0.3481622508274461,70.2,B-
2018,Marshall,15,QB,-0.5412116473830612,56.9,D
2018,Marshall,15,RB,-0.1981531795287794,62.0,C-
2018,Marshall,15,Secondary,0.5624425929013387,73.4,B
2018,Marshall,15,WR/TE,-0.022482678870973168,64.7,C
2018,Maryland,15,DL/EDGE,-0.7747821127947719,53.4,D
2018,Maryland,15,OL,-0.16417650623621044,62.5,C-
2018,Maryland,15,QB,-0.09749618244281527,63.5,C
2018,Maryland,15,RB,1.211644298655827,83.2,A-
2018,Maryland,15,Secondary,0.2693193118651371,69.0,C+
2018,Maryland,15,WR/TE,-0.4203698817284912,58.7,D+
2018,Massachusetts,15,DL/EDGE,-0.4836685572037799,57.7,D+
2018,Massachusetts,15,OL,-0.07739752284433285,63.8,C
2018,Massachusetts,15,QB,0.5442398929880568,73.2,B
2018,Massachusetts,15,RB,-0.21175808112872324,61.8,C-
2018,Massachusetts,15,Secondary,-0.6790479546715283,54.8,D
2018,Massachusetts,15,WR/TE,0.9357921328894288,79.0,B+
2018,Memphis,15,DL/EDGE,0.5995565547202502,74.0,B
2018,Memphis,15,OL,0.815051465451837,77.2,B+
2018,Memphis,15,QB,0.7306468475350089,76.0,B
2018,Memphis,15,RB,1.4791694774673108,87.2,A
2018,Memphis,15,Secondary,-0.2706228023728617,60.9,C-
2018,Memphis,15,WR/TE,0.7477158020064331,76.2,B
2018,Miami,15,DL/EDGE,2.700865920608286,100.0,A+
2018,Miami,15,OL,0.4641334942930449,72.0,B-
2018,Miami,15,QB,-0.4278610050866751,58.6,D+
2018,Miami,15,RB,0.6159138365774014,74.2,B
2018,Miami,15,Secondary,1.788310365853764,91.8,A+
2018,Miami,15,WR/TE,-0.5511321897157574,56.7,D
2018,Miami (OH),15,DL/EDGE,0.36326349841372507,70.4,B-
2018,Miami (OH),15,OL,0.14711158055898432,67.2,C+
2018,Miami (OH),15,QB,-0.04261327625361239,64.4,C
2018,Miami (OH),15,RB,0.1327246013038415,67.0,C
2018,Miami (OH),15,Secondary,0.2584034684380993,68.9,C+
2018,Miami (OH),15,WR/TE,-0.7825511288184024,53.3,D
2018,Michigan,15,DL/EDGE,1.013501990128952,80.2,A-
2018,Michigan,15,OL,0.3158602336555385,69.7,C+
2018,Michigan,15,QB,0.5157185519591193,72.7,B-
2018,Michigan,15,RB,0.6401771708537103,74.6,B
2018,Michigan,15,Secondary,1.235666108497086,83.5,A-
2018,Michigan,15,WR/TE,0.814324969006648,77.2,B+
2018,Michigan State,15,DL/EDGE,0.6516355385199692,74.8,B
2018,Michigan State,15,OL,-0.1301405795399933,63.0,C
2018,Michigan State,15,QB,-1.186086698440912,47.2,F
2018,Michigan State,15,RB,-0.16570460079780402,62.5,C-
2018,Michigan State,15,Secondary,0.7566843703474161,76.4,B
2018,Michigan State,15,WR/TE,-1.6217362568603984,40.7,F
2018,Middle Tennessee,15,DL/EDGE,0.36840133017619053,70.5,B-
2018,Middle Tennessee,15,OL,-0.07338721451512109,63.9,C
2018,Middle Tennessee,15,QB,0.3861520788723202,70.8,B-
2018,Middle Tennessee,15,RB,-0.25498207222008773,61.2,C-
2018,Middle Tennessee,15,Secondary,0.013492796801258354,65.2,C
2018,Middle Tennessee,15,WR/TE,-0.26043655727465936,61.1,C-
2018,Minnesota,15,DL/EDGE,-0.7026733410093035,54.5,D
2018,Minnesota,15,OL,0.37526964043156363,70.6,B-
2018,Minnesota,15,QB,-0.27855028283682776,60.8,C-
2018,Minnesota,15,RB,-0.4036410082066369,58.9,D+
2018,Minnesota,15,Secondary,0.2739757153648695,69.1,C+
2018,Minnesota,15,WR/TE,0.4503153866243722,71.8,B-
2018,Mississippi State,15,DL/EDGE,1.1452973880931103,82.2,A-
2018,Mississippi State,15,OL,0.8990412640826434,78.5,B+
2018,Mississippi State,15,QB,-0.3606842428359292,59.6,D+
2018,Mississippi State,15,RB,1.4309361782530905,86.5,A
2018,Mississippi State,15,Secondary,1.599254506809286,89.0,A
2018,Mississippi State,15,WR/TE,0.3952971012804009,70.9,B-
2018,Missouri,15,DL/EDGE,-0.048466943842331134,64.3,C
2018,Missouri,15,OL,0.7017249268211468,75.5,B
2018,Missouri,15,QB,0.6739870144192858,75.1,B
2018,Missouri,15,RB,-0.18697282260605919,62.2,C-
2018,Missouri,15,Secondary,-0.21063977880955265,61.8,C-
2018,Missouri,15,WR/TE,0.33955011869833474,70.1,B-
2018,NC State,15,DL/EDGE,0.2342750665072999,68.5,C+
2018,NC State,15,OL,-0.48982579753995403,57.7,D+
2018,NC State,15,QB,1.0077637341955041,80.1,A-
2018,NC State,15,RB,-0.18697601366692923,62.2,C-
2018,NC State,15,Secondary,-0.4364769845510775,58.5,D+
2018,NC State,15,WR/TE,0.9540035228790006,79.3,B+
2018,Navy,15,DL/EDGE,-1.2720400650457309,45.9,F
2018,Navy,15,OL,-1.1184435530255763,48.2,F
2018,Navy,15,QB,-1.1780443949326675,47.3,F
2018,Navy,15,RB,-0.1764739505604073,62.4,C-
2018,Navy,15,Secondary,-1.0226157044416926,49.7,F
2018,Navy,15,WR/TE,-0.08825531763813438,63.7,C
2018,Nebraska,15,DL/EDGE,-0.6117588231038755,55.8,D
2018,Nebraska,15,OL,0.7073130836716729,75.6,B
2018,Nebraska,15,QB,-0.34203251107145244,59.9,D+
2018,Nebraska,15,RB,0.5415191390001209,73.1,B
2018,Nebraska,15,Secondary,0.6474321849758893,74.7,B
2018,Nebraska,15,WR/TE,-0.1687173590438322,62.5,C-
2018,Nevada,15,DL/EDGE,1.1492939790521404,82.2,A-
2018,Nevada,15,OL,0.45562501122282956,71.8,B-
2018,Nevada,15,QB,-0.08687728184255789,63.7,C
2018,Nevada,15,RB,-0.1322364217726278,63.0,C
2018,Nevada,15,Secondary,-0.14745528991083637,62.8,C-
2018,Nevada,15,WR/TE,-0.27629319499551086,60.9,C-
2018,New Mexico,15,DL/EDGE,-0.5779169163548591,56.3,D
2018,New Mexico,15,OL,-0.8155203664998447,52.8,D-
2018,New Mexico,15,QB,-0.5939362824978303,56.1,D
2018,New Mexico,15,RB,-0.9995698913753838,50.0,D-
2018,New Mexico,15,Secondary,-0.6443236908068776,55.3,D
2018,New Mexico,15,WR/TE,0.01357076556225914,65.2,C
2018,New Mexico State,15,DL/EDGE,0.5776289947462839,73.7,B
2018,New Mexico State,15,OL,-0.048230185424957245,64.3,C
2018,New Mexico State,15,QB,-0.930993913008174,51.0,D-
2018,New Mexico State,15,RB,-3.7257661076040005e-05,65.0,C
2018,New Mexico State,15,Secondary,-0.6439027931339217,55.3,D
2018,New Mexico State,15,WR/TE,-1.1823617393781896,47.3,F
2018,North Carolina,15,DL/EDGE,0.09528581942050685,66.4,C
2018,North Carolina,15,OL,0.9603435280033281,79.4,B+
2018,North Carolina,15,QB,-0.5054947879213753,57.4,D+
2018,North Carolina,15,RB,0.4882207135445774,72.3,B-
2018,North Carolina,15,Secondary,-0.3130134080958586,60.3,C-
2018,North Carolina,15,WR/TE,-0.33303075070123345,60.0,C-
2018,North Texas,15,DL/EDGE,0.6157294900520429,74.2,B
2018,North Texas,15,OL,-0.05296110275313004,64.2,C
2018,North Texas,15,QB,0.7077620349303313,75.6,B
2018,North Texas,15,RB,0.33155925274474873,70.0,C+
2018,North Texas,15,Secondary,0.8151440714333894,77.2,B+
2018,North Texas,15,WR/TE,0.10553050574477854,66.6,C
2018,Northern Illinois,15,DL/EDGE,1.3554246026611936,85.3,A
2018,Northern Illinois,15,OL,-0.16788394478852495,62.5,C-
2018,Northern Illinois,15,QB,-1.1902797883732656,47.1,F
2018,Northern Illinois,15,RB,-0.09586553619852214,63.6,C
2018,Northern Illinois,15,Secondary,-0.23813360775476528,61.4,C-
2018,Northern Illinois,15,WR/TE,-1.2041663186350449,46.9,F
2018,Northwestern,15,DL/EDGE,-0.3438026058150291,59.8,D+
2018,Northwestern,15,OL,-0.47074006787961353,57.9,D+
2018,Northwestern,15,QB,-0.5931856864343318,56.1,D
2018,Northwestern,15,RB,-0.19724726986213048,62.0,C-
2018,Northwestern,15,Secondary,0.15204990828458484,67.3,C+
2018,Northwestern,15,WR/TE,-0.31457333872521487,60.3,C-
2018,Notre Dame,15,DL/EDGE,-0.17399044429691957,62.4,C-
2018,Notre Dame,15,OL,-0.5418661801628073,56.9,D
2018,Notre Dame,15,QB,0.7363602903330264,76.0,B
2018,Notre Dame,15,RB,0.7446763246788757,76.2,B
2018,Notre Dame,15,Secondary,1.3108135002799262,84.7,A-
2018,Notre Dame,15,WR/TE,0.32535688591089384,69.9,C+
2018,Ohio,15,DL/EDGE,-0.18890790957049405,62.2,C-
2018,Ohio,15,OL,0.9417582524933981,79.1,B+
2018,Ohio,15,QB,0.4558947123887815,71.8,B-
2018,Ohio,15,RB,0.9463742742238008,79.2,B+
2018,Ohio,15,Secondary,-0.5900533632932764,56.1,D
2018,Ohio,15,WR/TE,0.9267102490699679,78.9,B+
2018,Ohio State,15,DL/EDGE,0.13588062480591928,67.0,C+
2018,Ohio State,15,OL,-0.1009554034250297,63.5,C
2018,Ohio State,15,QB,1.3693736779959105,85.5,A
2018,Ohio State,15,RB,0.0559789410504326,65.8,C
2018,Ohio State,15,Secondary,-0.042963301575419395,64.4,C
2018,Ohio State,15,WR/TE,1.0490390772588851,80.7,A-
2018,Oklahoma,15,DL/EDGE,-0.4407658005278955,58.4,D+
2018,Oklahoma,15,OL,1.1540286724582458,82.3,A-
2018,Oklahoma,15,QB,2.491742509702673,100.0,A+
2018,Oklahoma,15,RB,1.7428501255011928,91.1,A+
2018,Oklahoma,15,Secondary,-1.1573737838570988,47.6,F
2018,Oklahoma,15,WR/TE,2.3538855443582216,100.0,A+
2018,Oklahoma State,15,DL/EDGE,0.49737177242526853,72.5,B-
2018,Oklahoma State,15,OL,0.1351592778778252,67.0,C+
2018,Oklahoma State,15,QB,0.2618888656413637,68.9,C+
2018,Oklahoma State,15,RB,0.868782345503599,78.0,B+
2018,Oklahoma State,15,Secondary,-0.23522793614071397,61.5,C-
2018,Oklahoma State,15,WR/TE,0.12656520286702588,66.9,C
2018,Old Dominion,15,DL/EDGE,-0.4610607293850816,58.1,D+
2018,Old Dominion,15,OL,-0.13727273188742067,62.9,C-
2018,Old Dominion,15,QB,0.11348204697066741,66.7,C
2018,Old Dominion,15,RB,-0.7413303936638543,53.9,D
2018,Old Dominion,15,Secondary,-0.23024004901279874,61.5,C-
2018,Old Dominion,15,WR/TE,0.22129324652368446,68.3,C+
2018,Ole Miss,15,DL/EDGE,0.03218365314329494,65.5,C
2018,Ole Miss,15,OL,0.3370421833245764,70.1,B-
2018,Ole Miss,15,QB,0.9226526594771686,78.8,B+
2018,Ole Miss,15,RB,0.202771329829231,68.0,C+
2018,Ole Miss,15,Secondary,-1.143227737232038,47.9,F
2018,Ole Miss,15,WR/TE,1.015686242426183,80.2,A-
2018,Oregon,15,DL/EDGE,-0.29978217874870405,60.5,C-
2018,Oregon,15,OL,0.3246841202999292,69.9,C+
2018,Oregon,15,QB,0.24412654153249014,68.7,C+
2018,Oregon,15,RB,0.0804563098435577,66.2,C
2018,Oregon,15,Secondary,0.5033996931888377,72.6,B-
2018,Oregon,15,WR/TE,0.6287716256988795,74.4,B
2018,Oregon State,15,DL/EDGE,-1.700102510787926,39.5,F
2018,Oregon State,15,OL,-0.18605059756406994,62.2,C-
2018,Oregon State,15,QB,-0.43099002157556676,58.5,D+
2018,Oregon State,15,RB,0.44447166836147567,71.7,B-
2018,Oregon State,15,Secondary,-0.8448321197197011,52.3,D-
2018,Oregon State,15,WR/TE,-0.6392671490411052,55.4,D
2018,Penn State,15,DL/EDGE,1.0975504603685886,81.5,A-
2018,Penn State,15,OL,0.7999481444301679,77.0,B
2018,Penn State,15,QB,-0.07597543818817386,63.9,C
2018,Penn State,15,RB,0.3833150975803674,70.7,B-
2018,Penn State,15,Secondary,1.3725152971966328,85.6,A
2018,Penn State,15,WR/TE,0.5619198336429732,73.4,B
2018,Pittsburgh,15,DL/EDGE,-0.035650853991589904,64.5,C
2018,Pittsburgh,15,OL,0.35597144936774316,70.3,B-
2018,Pittsburgh,15,QB,-0.5323827198272459,57.0,D+
2018,Pittsburgh,15,RB,1.272353408837718,84.1,A-
2018,Pittsburgh,15,Secondary,-0.24737781983340243,61.3,C-
2018,Pittsburgh,15,WR/TE,-0.34304963348722367,59.9,D+
2018,Purdue,15,DL/EDGE,-0.9544078200944437,50.7,D-
2018,Purdue,15,OL,0.4086273980968948,71.1,B-
2018,Purdue,15,QB,0.29791182301830893,69.5,C+
2018,Purdue,15,RB,0.23402302235038597,68.5,C+
2018,Purdue,15,Secondary,0.3615975543280297,70.4,B-
2018,Purdue,15,WR/TE,0.46895549106984474,72.0,B-
2018,Rice,15,DL/EDGE,-1.0536036464955403,49.2,F
2018,Rice,15,OL,-0.3766195143052263,59.4,D+
2018,Rice,15,QB,-0.9750806663634852,50.4,D-
2018,Rice,15,RB,-0.13814500587142572,62.9,C-
2018,Rice,15,Secondary,-1.5475535915125382,41.8,F
2018,Rice,15,WR/TE,-1.1289687082302802,48.1,F
2018,Rutgers,15,DL/EDGE,-0.4502716932976229,58.2,D+
2018,Rutgers,15,OL,0.12779461896317026,66.9,C
2018,Rutgers,15,QB,-1.8496874825552088,37.3,F
2018,Rutgers,15,RB,-0.19791420021816353,62.0,C-
2018,Rutgers,15,Secondary,0.27093961380101095,69.1,C+
2018,Rutgers,15,WR/TE,-2.4102481263314095,28.8,F
2018,SMU,15,DL/EDGE,0.6357880055124113,74.5,B
2018,SMU,15,OL,-0.3309029695751803,60.0,C-
2018,SMU,15,QB,-0.09948058753904826,63.5,C
2018,SMU,15,RB,-0.7419712898847937,53.9,D
2018,SMU,15,Secondary,-0.5551532775887018,56.7,D
2018,SMU,15,WR/TE,0.19642743902416052,67.9,C+
2018,San Diego State,15,DL/EDGE,0.426456366732051,71.4,B-
2018,San Diego State,15,OL,-0.9850265612336206,50.2,D-
2018,San Diego State,15,QB,-0.0655403511722052,64.0,C
2018,San Diego State,15,RB,-0.35820262567222466,59.6,D+
2018,San Diego State,15,Secondary,-0.45236730005587905,58.2,D+
2018,San Diego State,15,WR/TE,0.1431721385640323,67.1,C+
2018,San José State,15,DL/EDGE,-0.8522393637159613,52.2,D-
2018,San José State,15,OL,-1.1767582604711082,47.3,F
2018,San José State,15,QB,-0.36275861382729924,59.6,D+
2018,San José State,15,RB,-1.7017571586205067,39.5,F
2018,San José State,15,Secondary,-0.2282701395670944,61.6,C-
2018,San José State,15,WR/TE,-0.23929850500907732,61.4,C-
2018,South Alabama,15,DL/EDGE,-0.2825435490081856,60.8,C-
2018,South Alabama,15,OL,-0.8084071263635005,52.9,D-
2018,South Alabama,15,QB,-0.10746300292929165,63.4,C
2018,South Alabama,15,RB,-1.4969668139857322,42.5,F
2018,South Alabama,15,Secondary,-0.5292226927309712,57.1,D+
2018,South Alabama,15,WR/TE,-0.36061190911930435,59.6,D+
2018,South Carolina,15,DL/EDGE,-0.11210429901588462,63.3,C
2018,South Carolina,15,OL,0.5320094856231475,73.0,B-
2018,South Carolina,15,QB,0.7840427293214048,76.8,B
2018,South Carolina,15,RB,-0.20141274334288672,62.0,C-
2018,South Carolina,15,Secondary,0.4229095167366111,71.3,B-
2018,South Carolina,15,WR/TE,1.0006786406832948,80.0,A-
2018,South Florida,15,DL/EDGE,0.26963020141720023,69.0,C+
2018,South Florida,15,OL,0.4928946856049592,72.4,B-
2018,South Florida,15,QB,-0.269804567944518,61.0,C-
2018,South Florida,15,RB,0.8953909425223516,78.4,B+
2018,South Florida,15,Secondary,-0.09335288487748893,63.6,C
2018,South Florida,15,WR/TE,0.01682908132036976,65.3,C
2018,Southern Miss,15,DL/EDGE,0.2616482379526025,68.9,C+
2018,Southern Miss,15,OL,-0.8420042328462235,52.4,D-
2018,Southern Miss,15,QB,-0.22310352786650883,61.7,C-
2018,Southern Miss,15,RB,-1.6316829285953602,40.5,F
2018,Southern Miss,15,Secondary,1.4919677327132461,87.4,A
2018,Southern Miss,15,WR/TE,-0.18999787717912994,62.2,C-
2018,Stanford,15,DL/EDGE,-0.30148462698281814,60.5,C-
2018,Stanford,15,OL,-0.11607466681209061,63.3,C
2018,Stanford,15,QB,1.0246691948642617,80.4,A-
2018,Stanford,15,RB,-0.4627987525968172,58.1,D+
2018,Stanford,15,Secondary,-0.13900375246196076,62.9,C-
2018,Stanford,15,WR/TE,0.6343597127961588,74.5,B
2018,Syracuse,15,DL/EDGE,-0.028037596149371957,64.6,C
2018,Syracuse,15,OL,0.015658405155465044,65.2,C
2018,Syracuse,15,QB,-0.06913718025683893,64.0,C
2018,Syracuse,15,RB,-0.08110808133784589,63.8,C
2018,Syracuse,15,Secondary,0.6080278683566377,74.1,B
2018,Syracuse,15,WR/TE,0.23932530333696025,68.6,C+
2018,TCU,15,DL/EDGE,0.9795555066093824,79.7,B+
2018,TCU,15,OL,-0.07477132324886945,63.9,C
2018,TCU,15,QB,-0.22508350039124297,61.6,C-
2018,TCU,15,RB,-0.026127193505351004,64.6,C
2018,TCU,15,Secondary,0.6642668383766324,75.0,B
2018,TCU,15,WR/TE,-0.4788853589109682,57.8,D+
2018,Temple,15,DL/EDGE,0.327907472387758,69.9,C+
2018,Temple,15,OL,-0.039848700451981287,64.4,C
2018,Temple,15,QB,-0.1864729420158408,62.2,C-
2018,Temple,15,RB,0.16735216567598832,67.5,C+
2018,Temple,15,Secondary,1.298752144899926,84.5,A-
2018,Temple,15,WR/TE,-0.002430221618637242,65.0,C
2018,Tennessee,15,DL/EDGE,-0.07900009991031669,63.8,C
2018,Tennessee,15,OL,-1.4232032961170535,43.7,F
2018,Tennessee,15,QB,0.1864039434202597,67.8,C+
2018,Tennessee,15,RB,-0.4122012740989561,58.8,D+
2018,Tennessee,15,Secondary,-0.07058543491618578,63.9,C
2018,Tennessee,15,WR/TE,-0.42975284315383416,58.6,D+
2018,Texas,15,DL/EDGE,0.13158545107823877,67.0,C
2018,Texas,15,OL,-0.02560255711928841,64.6,C
2018,Texas,15,QB,0.7235915701545446,75.9,B
2018,Texas,15,RB,-1.0284948463212231,49.6,F
2018,Texas,15,Secondary,-0.6148881796283113,55.8,D
2018,Texas,15,WR/TE,-0.4110337898631007,58.8,D+
2018,Texas A&M,15,DL/EDGE,0.5619897353737974,73.4,B
2018,Texas A&M,15,OL,-0.004750438335545865,64.9,C
2018,Texas A&M,15,QB,-0.10155077657241723,63.5,C
2018,Texas A&M,15,RB,0.3163113804039467,69.7,C+
2018,Texas A&M,15,Secondary,-1.237736843831382,46.4,F
2018,Texas A&M,15,WR/TE,-0.029382303485367037,64.6,C
2018,Texas State,15,DL/EDGE,-0.7533994521213664,53.7,D
2018,Texas State,15,OL,-0.7647825021901438,53.5,D
2018,Texas State,15,QB,-0.43239420241252075,58.5,D+
2018,Texas State,15,RB,-0.8156676480974687,52.8,D-
2018,Texas State,15,Secondary,0.2133250498959897,68.2,C+
2018,Texas State,15,WR/TE,0.17962408276265118,67.7,C+
2018,Texas Tech,15,DL/EDGE,-0.08020783163775884,63.8,C
2018,Texas Tech,15,OL,-0.5372958998504004,56.9,D
2018,Texas Tech,15,QB,0.4862736290200131,72.3,B-
2018,Texas Tech,15,RB,-1.350520615280962,44.7,F
2018,Texas Tech,15,Secondary,-0.4426939193977049,58.4,D+
2018,Texas Tech,15,WR/TE,0.2547265125876749,68.8,C+
2018,Toledo,15,DL/EDGE,0.1347407692190512,67.0,C+
2018,Toledo,15,OL,0.6174755109430059,74.3,B
2018,Toledo,15,QB,-0.36943896895061085,59.5,D+
2018,Toledo,15,RB,0.8956953119471158,78.4,B+
2018,Toledo,15,Secondary,0.20521617916221863,68.1,C+
2018,Toledo,15,WR/TE,0.19078928692596187,67.9,C+
2018,Troy,15,DL/EDGE,1.4606015637066716,86.9,A
2018,Troy,15,OL,0.21026300222032304,68.2,C+
2018,Troy,15,QB,0.04688354816887485,65.7,C
2018,Troy,15,RB,0.2666044787307191,69.0,C+
2018,Troy,15,Secondary,0.23167087970609307,68.5,C+
2018,Troy,15,WR/TE,-0.022190555022037525,64.7,C
2018,Tulane,15,DL/EDGE,-0.07360422648560921,63.9,C
2018,Tulane,15,OL,-1.33980154659343,44.9,F
2018,Tulane,15,QB,-0.32364052615487066,60.1,C-
2018,Tulane,15,RB,-0.10711177865285482,63.4,C
2018,Tulane,15,Secondary,-0.05073325649265694,64.2,C
2018,Tulane,15,WR/TE,0.3646446157663597,70.5,B-
2018,Tulsa,15,DL/EDGE,-0.31887301785758576,60.2,C-
2018,Tulsa,15,OL,-0.9968755518486303,50.0,D-
2018,Tulsa,15,QB,-0.7675568098089729,53.5,D
2018,Tulsa,15,RB,-0.35325420755443065,59.7,D+
2018,Tulsa,15,Secondary,0.36330207390155145,70.4,B-
2018,Tulsa,15,WR/TE,-0.3267138399919193,60.1,C-
2018,UAB,15,DL/EDGE,1.0647570362875896,81.0,A-
2018,UAB,15,OL,0.01768621690422973,65.3,C
2018,UAB,15,QB,0.16074612842712427,67.4,C+
2018,UAB,15,RB,0.20375691726352416,68.1,C+
2018,UAB,15,Secondary,0.8094977630666316,77.1,B+
2018,UAB,15,WR/TE,1.1197169418288482,81.8,A-
2018,UCF,15,DL/EDGE,0.31217832039535964,69.7,C+
2018,UCF,15,OL,0.8931263766646116,78.4,B+
2018,UCF,15,QB,1.1639301446689134,82.5,A-
2018,UCF,15,RB,1.0156296836202536,80.2,A-
2018,UCF,15,Secondary,0.7813875946657054,76.7,B
2018,UCF,15,WR/TE,0.9736877872025325,79.6,B+
2018,UCLA,15,DL/EDGE,-0.6525132908675065,55.2,D
2018,UCLA,15,OL,0.09638458059562013,66.4,C
2018,UCLA,15,QB,-0.24541234249223964,61.3,C-
2018,UCLA,15,RB,0.3071578771560453,69.6,C+
2018,UCLA,15,Secondary,-0.4841031998421023,57.7,D+
2018,UCLA,15,WR/TE,-0.44921614241661395,58.3,D+
2018,UConn,15,DL/EDGE,-1.0531446240428504,49.2,F
2018,UConn,15,OL,0.1545189639327635,67.3,C+
2018,UConn,15,QB,-1.0474450081039357,49.3,F
2018,UConn,15,RB,0.23839147402133876,68.6,C+
2018,UConn,15,Secondary,-2.474434080285497,27.9,F
2018,UConn,15,WR/TE,-0.20663166673533018,61.9,C-
2018,UL Monroe,15,DL/EDGE,0.8962311211883864,78.4,B+
2018,UL Monroe,15,OL,0.5106113622356234,72.7,B-
2018,UL Monroe,15,QB,0.13155534199231111,67.0,C
2018,UL Monroe,15,RB,-0.41725593026847685,58.7,D+
2018,UL Monroe,15,Secondary,-1.0603638735058156,49.1,F
2018,UL Monroe,15,WR/TE,0.43956882044056766,71.6,B-
2018,UNLV,15,DL/EDGE,-0.33606369051354956,60.0,D+
2018,UNLV,15,OL,0.026198980962980692,65.4,C
2018,UNLV,15,QB,-1.1327817397163753,48.0,F
2018,UNLV,15,RB,0.6461008185095785,74.7,B
2018,UNLV,15,Secondary,-0.728456339714645,54.1,D
2018,UNLV,15,WR/TE,-0.57290780304274,56.4,D
2018,USC,15,DL/EDGE,0.34798080838041123,70.2,B-
2018,USC,15,OL,0.3238754640128632,69.9,C+
2018,USC,15,QB,-0.05861296255655555,64.1,C
2018,USC,15,RB,-0.10879261990159828,63.4,C
2018,USC,15,Secondary,-0.22747352963921239,61.6,C-
2018,USC,15,WR/TE,-0.31773957359581323,60.2,C-
2018,UTEP,15,DL/EDGE,-0.5192655010417041,57.2,D+
2018,UTEP,15,OL,-0.9906675027661404,50.1,D-
2018,UTEP,15,QB,-0.9572256913368317,50.6,D-
2018,UTEP,15,RB,-1.100577227281065,48.5,F
2018,UTEP,15,Secondary,-0.028931781444996394,64.6,C
2018,UTEP,15,WR/TE,0.09086603861260678,66.4,C
2018,UTSA,15,DL/EDGE,0.44870763271837255,71.7,B-
2018,UTSA,15,OL,-0.5204674515034113,57.2,D+
2018,UTSA,15,QB,-1.6397315594863429,40.4,F
2018,UTSA,15,RB,-1.0717374435296636,48.9,F
2018,UTSA,15,Secondary,-1.4803146280192243,42.8,F
2018,UTSA,15,WR/TE,-1.9788926231181896,35.3,F
2018,Utah,15,DL/EDGE,1.101615606259807,81.5,A-
2018,Utah,15,OL,-0.1609059706545437,62.6,C-
2018,Utah,15,QB,0.010961128462639878,65.2,C
2018,Utah,15,RB,0.467772480510765,72.0,B-
2018,Utah,15,Secondary,0.6432593621458084,74.6,B
2018,Utah,15,WR/TE,-0.22995977070475568,61.6,C-
2018,Utah State,15,DL/EDGE,0.5771066335083654,73.7,B
2018,Utah State,15,OL,0.8985801705274548,78.5,B+
2018,Utah State,15,QB,1.0102903058252628,80.2,A-
2018,Utah State,15,RB,0.4169538703957259,71.3,B-
2018,Utah State,15,Secondary,0.8496967396063778,77.7,B+
2018,Utah State,15,WR/TE,0.9619737990550772,79.4,B+
2018,Vanderbilt,15,DL/EDGE,-0.8236569411892917,52.6,D-
2018,Vanderbilt,15,OL,0.22100735489075002,68.3,C+
2018,Vanderbilt,15,QB,0.5589975950831536,73.4,B
2018,Vanderbilt,15,RB,0.40422686054428997,71.1,B-
2018,Vanderbilt,15,Secondary,-0.17052912551196317,62.4,C-
2018,Vanderbilt,15,WR/TE,0.01938780880268448,65.3,C
2018,Virginia,15,DL/EDGE,-0.7890110584891842,53.2,D
2018,Virginia,15,OL,-0.09055462735619013,63.6,C
2018,Virginia,15,QB,0.5765329114834808,73.6,B
2018,Virginia,15,RB,0.4289878206998001,71.4,B-
2018,Virginia,15,Secondary,0.7861848731349595,76.8,B
2018,Virginia,15,WR/TE,0.8106334758272007,77.2,B+
2018,Virginia Tech,15,DL/EDGE,0.16897117935324718,67.5,C+
2018,Virginia Tech,15,OL,0.04984268450576061,65.7,C
2018,Virginia Tech,15,QB,0.009235896821986136,65.1,C
2018,Virginia Tech,15,RB,0.49580700732590377,72.4,B-
2018,Virginia Tech,15,Secondary,-0.6536787423376559,55.2,D
2018,Virginia Tech,15,WR/TE,-0.050339856674498556,64.2,C
2018,Wake Forest,15,DL/EDGE,-0.29913235880856204,60.5,C-
2018,Wake Forest,15,OL,-0.3087419398739941,60.4,C-
2018,Wake Forest,15,QB,-0.41451078236788064,58.8,D+
2018,Wake Forest,15,RB,0.14053812728234066,67.1,C+
2018,Wake Forest,15,Secondary,-0.6885152230234637,54.7,D
2018,Wake Forest,15,WR/TE,-0.6974169827419373,54.5,D
2018,Washington,15,DL/EDGE,-0.7401476328996166,53.9,D
2018,Washington,15,OL,-0.28823683120925264,60.7,C-
2018,Washington,15,QB,0.8694912872712233,78.0,B+
2018,Washington,15,RB,0.22637510425918383,68.4,C+
2018,Washington,15,Secondary,1.25543569469389,83.8,A-
2018,Washington,15,WR/TE,0.248076759195425,68.7,C+
2018,Washington State,15,DL/EDGE,0.25045477520825865,68.8,C+
2018,Washington State,15,OL,1.1157273971184996,81.7,A-
2018,Washington State,15,QB,0.4094281262646505,71.1,B-
2018,Washington State,15,RB,-0.7476951110408039,53.8,D
2018,Washington State,15,Secondary,0.34549989038224876,70.2,B-
2018,Washington State,15,WR/TE,0.5699165054002583,73.5,B
2018,West Virginia,15,DL/EDGE,0.5194559487915403,72.8,B-
2018,West Virginia,15,OL,0.4931432860156546,72.4,B-
2018,West Virginia,15,QB,1.5116064284251245,87.7,A
2018,West Virginia,15,RB,0.3373539930639955,70.1,B-
2018,West Virginia,15,Secondary,-0.13309898846569165,63.0,C
2018,West Virginia,15,WR/TE,1.3225036616761814,84.8,A-
2018,Western Kentucky,15,DL/EDGE,-0.436090976346876,58.5,D+
2018,Western Kentucky,15,OL,-0.11599415848821285,63.3,C
2018,Western Kentucky,15,QB,-0.6381636084530209,55.4,D
2018,Western Kentucky,15,RB,-0.5224307669153401,57.2,D+
2018,Western Kentucky,15,Secondary,-0.1375026446841777,62.9,C-
2018,Western Kentucky,15,WR/TE,-0.41754488267951123,58.7,D+
2018,Western Michigan,15,DL/EDGE,0.3827332317452937,70.7,B-
2018,Western Michigan,15,OL,0.09504117422304383,66.4,C
2018,Western Michigan,15,QB,0.2581472139239298,68.9,C+
2018,Western Michigan,15,RB,-0.16172000238949946,62.6,C-
2018,Western Michigan,15,Secondary,-0.22297232357859223,61.7,C-
2018,Western Michigan,15,WR/TE,0.42460091269935574,71.4,B-
2018,Wisconsin,15,DL/EDGE,-0.3593024307575924,59.6,D+
2018,Wisconsin,15,OL,1.6150145223313357,89.2,A
2018,Wisconsin,15,QB,-0.28963183170692636,60.7,C-
2018,Wisconsin,15,RB,1.3024984791044223,84.5,A-
2018,Wisconsin,15,Secondary,0.04276654604854795,65.6,C
2018,Wisconsin,15,WR/TE,-0.7525215924003275,53.7,D
2018,Wyoming,15,DL/EDGE,-0.3018340074923189,60.5,C-
2018,Wyoming,15,OL,0.174078109526034,67.6,C+
2018,Wyoming,15,QB,-1.3848775801525097,44.2,F
2018,Wyoming,15,RB,0.2834071997790273,69.3,C+
2018,Wyoming,15,Secondary,0.7285096825864708,75.9,B
2018,Wyoming,15,WR/TE,-0.8906234349653533,51.6,D-
2019,Air Force,15,DL/EDGE,-0.4813562443979082,57.8,D+
2019,Air Force,15,OL,0.2936004283901438,69.4,C+
2019,Air Force,15,QB,2.239719526034011,98.6,A+
2019,Air Force,15,RB,-0.5892067488962541,56.2,D
2019,Air Force,15,Secondary,-0.04466465721531682,64.3,C
2019,Air Force,15,WR/TE,2.8576209330583557,100.0,A+
2019,Akron,15,DL/EDGE,-0.5486766891480186,56.8,D
2019,Akron,15,OL,-1.8416085373228315,37.4,F
2019,Akron,15,QB,-1.4545978512295639,43.2,F
2019,Akron,15,RB,-2.198891623974903,32.0,F
2019,Akron,15,Secondary,-0.1019960958725162,63.5,C
2019,Akron,15,WR/TE,-0.6485407483840376,55.3,D
2019,Alabama,15,DL/EDGE,0.336416421584091,70.0,B-
2019,Alabama,15,OL,0.4746227402685541,72.1,B-
2019,Alabama,15,QB,1.7750251751309423,91.6,A+
2019,Alabama,15,RB,0.4690983721653327,72.0,B-
2019,Alabama,15,Secondary,1.4121488350610691,86.2,A
2019,Alabama,15,WR/TE,1.8584339909538106,92.9,A+
2019,App State,15,DL/EDGE,-0.1723599387179186,62.4,C-
2019,App State,15,OL,0.28683511659732075,69.3,C+
2019,App State,15,QB,0.49471126733908966,72.4,B-
2019,App State,15,RB,1.1002458934277675,81.5,A-
2019,App State,15,Secondary,1.2494872405631292,83.7,A-
2019,App State,15,WR/TE,0.2727063255532661,69.1,C+
2019,Arizona,15,DL/EDGE,-0.9696829439909835,50.5,D-
2019,Arizona,15,OL,0.28436997408553305,69.3,C+
2019,Arizona,15,QB,0.27972040322977954,69.2,C+
2019,Arizona,15,RB,0.9225707674000158,78.8,B+
2019,Arizona,15,Secondary,-0.7408034777238542,53.9,D
2019,Arizona,15,WR/TE,0.2527515035174919,68.8,C+
2019,Arizona State,15,DL/EDGE,-0.29965653179908314,60.5,C-
2019,Arizona State,15,OL,-0.6142964376201883,55.8,D
2019,Arizona State,15,QB,0.8897244004250174,78.3,B+
2019,Arizona State,15,RB,-1.2644168272515062,46.0,F
2019,Arizona State,15,Secondary,-0.5976664584466109,56.0,D
2019,Arizona State,15,WR/TE,0.7071797120998587,75.6,B
2019,Arkansas,15,DL/EDGE,-0.6401104979684956,55.4,D
2019,Arkansas,15,OL,0.6391463572631552,74.6,B
2019,Arkansas,15,QB,-1.2209239343444798,46.7,F
2019,Arkansas,15,RB,0.6047437027405967,74.1,B
2019,Arkansas,15,Secondary,-0.9912050562820025,50.1,D-
2019,Arkansas,15,WR/TE,-1.1369862672387294,47.9,F
2019,Arkansas State,15,DL/EDGE,-0.6299933950522021,55.6,D
2019,Arkansas State,15,OL,-0.10564252187830775,63.4,C
2019,Arkansas State,15,QB,0.37336195128921335,70.6,B-
2019,Arkansas State,15,RB,-0.35423237151457515,59.7,D+
2019,Arkansas State,15,Secondary,-0.2938348131028894,60.6,C-
2019,Arkansas State,15,WR/TE,0.8718553721755138,78.1,B+
2019,Army,15,DL/EDGE,-0.8079713212821225,52.9,D-
2019,Army,15,OL,0.43720772305122185,71.6,B-
2019,Army,15,QB,-0.6010385072079159,56.0,D
2019,Army,15,RB,0.3764641183680595,70.6,B-
2019,Army,15,Secondary,-0.601145566699939,56.0,D
2019,Army,15,WR/TE,0.9507246543050436,79.3,B+
2019,Auburn,15,DL/EDGE,0.4510165801506496,71.8,B-
2019,Auburn,15,OL,0.3888478245232487,70.8,B-
2019,Auburn,15,QB,-0.31976531889675686,60.2,C-
2019,Auburn,15,RB,-0.019868493465412057,64.7,C
2019,Auburn,15,Secondary,1.1426868047884793,82.1,A-
2019,Auburn,15,WR/TE,-0.05021867877751417,64.2,C
2019,BYU,15,DL/EDGE,-0.5298590952700137,57.1,D+
2019,BYU,15,OL,-0.006175677915291979,64.9,C
2019,BYU,15,QB,0.48286318855543114,72.2,B-
2019,BYU,15,RB,-0.14152138651141055,62.9,C-
2019,BYU,15,Secondary,0.8752471991375343,78.1,B+
2019,BYU,15,WR/TE,0.4067554488500182,71.1,B-
2019,Ball State,15,DL/EDGE,-0.4692132642599887,58.0,D+
2019,Ball State,15,OL,0.3096417482218689,69.6,C+
2019,Ball State,15,QB,0.28813881471962377,69.3,C+
2019,Ball State,15,RB,0.4162954781044893,71.2,B-
2019,Ball State,15,Secondary,0.3528611050448564,70.3,B-
2019,Ball State,15,WR/TE,-0.06804972444230964,64.0,C
2019,Baylor,15,DL/EDGE,0.6302802783231792,74.5,B
2019,Baylor,15,OL,-0.07228648143798103,63.9,C
2019,Baylor,15,QB,0.2011265231684766,68.0,C+
2019,Baylor,15,RB,0.3541331884060843,70.3,B-
2019,Baylor,15,Secondary,0.764208872319899,76.5,B
2019,Baylor,15,WR/TE,0.4671824002645418,72.0,B-
2019,Boise State,15,DL/EDGE,0.32806290399124305,69.9,C+
2019,Boise State,15,OL,0.44382776230660337,71.7,B-
2019,Boise State,15,QB,0.4926067674097928,72.4,B-
2019,Boise State,15,RB,-0.24465313385189225,61.3,C-
2019,Boise State,15,Secondary,-0.12915746124486255,63.1,C
2019,Boise State,15,WR/TE,0.607176430396168,74.1,B
2019,Boston College,15,DL/EDGE,0.14399218988355095,67.2,C+
2019,Boston College,15,OL,0.31165328898937056,69.7,C+
2019,Boston College,15,QB,-0.12155727773515529,63.2,C
2019,Boston College,15,RB,0.36139030340231065,70.4,B-
2019,Boston College,15,Secondary,-1.1659577073631218,47.5,F
2019,Boston College,15,WR/TE,0.16474708192634172,67.5,C+
2019,Bowling Green,15,DL/EDGE,-0.4852488229952344,57.7,D+
2019,Bowling Green,15,OL,-0.3934189267734202,59.1,D+
2019,Bowling Green,15,QB,-1.1786131706275391,47.3,F
2019,Bowling Green,15,RB,-0.6075741399194623,55.9,D
2019,Bowling Green,15,Secondary,-1.1392816020332646,47.9,F
2019,Bowling Green,15,WR/TE,-1.084641502357793,48.7,F
2019,Buffalo,15,DL/EDGE,0.8311217557304634,77.5,B+
2019,Buffalo,15,OL,-0.12163126767515103,63.2,C
2019,Buffalo,15,QB,-0.2438750794222484,61.3,C-
2019,Buffalo,15,RB,0.3089576144927809,69.6,C+
2019,Buffalo,15,Secondary,0.370250024072189,70.6,B-
2019,Buffalo,15,WR/TE,-0.5134528561151916,57.3,D+
2019,California,15,DL/EDGE,0.07644142563115638,66.1,C
2019,California,15,OL,-0.9990392926689529,50.0,D-
2019,California,15,QB,-0.3899708329032706,59.2,D+
2019,California,15,RB,-0.8117620167818744,52.8,D-
2019,California,15,Secondary,0.18319518466513426,67.7,C+
2019,California,15,WR/TE,-0.7650373365960744,53.5,D
2019,Central Michigan,15,DL/EDGE,0.9226033222088672,78.8,B+
2019,Central Michigan,15,OL,0.6826287944317888,75.2,B
2019,Central Michigan,15,QB,-0.03712830585539861,64.4,C
2019,Central Michigan,15,RB,0.20104900812123228,68.0,C+
2019,Central Michigan,15,Secondary,0.31623355264622116,69.7,C+
2019,Central Michigan,15,WR/TE,0.2536269806944038,68.8,C+
2019,Charlotte,15,DL/EDGE,0.6022152636333683,74.0,B
2019,Charlotte,15,OL,0.15983663505179332,67.4,C+
2019,Charlotte,15,QB,0.403448237580056,71.1,B-
2019,Charlotte,15,RB,0.4447663268384059,71.7,B-
2019,Charlotte,15,Secondary,-0.24649569044021064,61.3,C-
2019,Charlotte,15,WR/TE,-0.028708327318297512,64.6,C
2019,Cincinnati,15,DL/EDGE,0.42871189884439664,71.4,B-
2019,Cincinnati,15,OL,-0.43894312072632424,58.4,D+
2019,Cincinnati,15,QB,-0.48286650174379697,57.8,D+
2019,Cincinnati,15,RB,0.21680343805293767,68.3,C+
2019,Cincinnati,15,Secondary,0.6343781838054379,74.5,B
2019,Cincinnati,15,WR/TE,-0.00642239536094609,64.9,C
2019,Clemson,15,DL/EDGE,1.303384458660418,84.6,A-
2019,Clemson,15,OL,1.7048772249878201,90.6,A+
2019,Clemson,15,QB,0.7887238211482905,76.8,B
2019,Clemson,15,RB,2.0064689024870046,95.1,A+
2019,Clemson,15,Secondary,1.4957135147481555,87.4,A
2019,Clemson,15,WR/TE,1.0724718065166892,81.1,A-
2019,Coastal Carolina,15,DL/EDGE,-0.126777339435676,63.1,C
2019,Coastal Carolina,15,OL,0.24380942307709202,68.7,C+
2019,Coastal Carolina,15,QB,-0.08265844363820343,63.8,C
2019,Coastal Carolina,15,RB,-0.0743473149509642,63.9,C
2019,Coastal Carolina,15,Secondary,-0.6781806869448569,54.8,D
2019,Coastal Carolina,15,WR/TE,-0.7723422337524641,53.4,D
2019,Colorado,15,DL/EDGE,-0.8247954664683017,52.6,D-
2019,Colorado,15,OL,-0.06130053458732036,64.1,C
2019,Colorado,15,QB,-0.2556323985802361,61.2,C-
2019,Colorado,15,RB,-0.6269886603549117,55.6,D
2019,Colorado,15,Secondary,-0.7717316729428069,53.4,D
2019,Colorado,15,WR/TE,0.4871912301932037,72.3,B-
2019,Colorado State,15,DL/EDGE,-0.06628847468558649,64.0,C
2019,Colorado State,15,OL,0.11482652958947023,66.7,C
2019,Colorado State,15,QB,0.42181012321507727,71.3,B-
2019,Colorado State,15,RB,-0.527572218908818,57.1,D+
2019,Colorado State,15,Secondary,0.44771099727091396,71.7,B-
2019,Colorado State,15,WR/TE,0.5158882617916054,72.7,B-
2019,Duke,15,DL/EDGE,0.6120422437297177,74.2,B
2019,Duke,15,OL,-0.18042551224132852,62.3,C-
2019,Duke,15,QB,-1.1131880980538866,48.3,F
2019,Duke,15,RB,-1.113885838349198,48.3,F
2019,Duke,15,Secondary,0.1038553123851245,66.6,C
2019,Duke,15,WR/TE,-1.4958199723120165,42.6,F
2019,East Carolina,15,DL/EDGE,-0.1654819284188136,62.5,C-
2019,East Carolina,15,OL,-0.770553340374632,53.4,D
2019,East Carolina,15,QB,0.19910755010359665,68.0,C+
2019,East Carolina,15,RB,-1.164182293309384,47.5,F
2019,East Carolina,15,Secondary,-0.6013136100598578,56.0,D
2019,East Carolina,15,WR/TE,0.1365296669641373,67.0,C+
2019,Eastern Michigan,15,DL/EDGE,-0.6591405627227913,55.1,D
2019,Eastern Michigan,15,OL,-0.20087320299038017,62.0,C-
2019,Eastern Michigan,15,QB,0.3684763631238487,70.5,B-
2019,Eastern Michigan,15,RB,-0.6857665486660289,54.7,D
2019,Eastern Michigan,15,Secondary,-0.5899749738950828,56.2,D
2019,Eastern Michigan,15,WR/TE,0.36646552062763116,70.5,B-
2019,Florida,15,DL/EDGE,0.9735385767199016,79.6,B+
2019,Florida,15,OL,0.18208953427302962,67.7,C+
2019,Florida,15,QB,0.5426268539955713,73.1,B
2019,Florida,15,RB,0.2906382773514073,69.4,C+
2019,Florida,15,Secondary,1.071005297780712,81.1,A-
2019,Florida,15,WR/TE,0.2625581007453028,68.9,C+
2019,Florida Atlantic,15,DL/EDGE,0.07595513921663011,66.1,C
2019,Florida Atlantic,15,OL,-0.30632734477224943,60.4,C-
2019,Florida Atlantic,15,QB,0.2777974618874834,69.2,C+
2019,Florida Atlantic,15,RB,0.15970227037542148,67.4,C+
2019,Florida Atlantic,15,Secondary,0.93587133734223,79.0,B+
2019,Florida Atlantic,15,WR/TE,0.1697941768462574,67.5,C+
2019,Florida International,15,DL/EDGE,-0.8736070999333536,51.9,D-
2019,Florida International,15,OL,0.1918215256387731,67.9,C+
2019,Florida International,15,QB,-0.2517935053088751,61.2,C-
2019,Florida International,15,RB,0.06803154036756545,66.0,C
2019,Florida International,15,Secondary,0.8238295262166359,77.4,B+
2019,Florida International,15,WR/TE,-0.37859935381888926,59.3,D+
2019,Florida State,15,DL/EDGE,-0.21786104429437425,61.7,C-
2019,Florida State,15,OL,-0.38719723332184863,59.2,D+
2019,Florida State,15,QB,0.17141124515812303,67.6,C+
2019,Florida State,15,RB,-0.01986064967095985,64.7,C
2019,Florida State,15,Secondary,-0.225704023989555,61.6,C-
2019,Florida State,15,WR/TE,0.13560985194208336,67.0,C+
2019,Fresno State,15,DL/EDGE,-0.3710513458907345,59.4,D+
2019,Fresno State,15,OL,0.8697722222273199,78.0,B+
2019,Fresno State,15,QB,-0.05552916259176083,64.2,C
2019,Fresno State,15,RB,0.7451310928447984,76.2,B
2019,Fresno State,15,Secondary,0.1245727195093436,66.9,C
2019,Fresno State,15,WR/TE,-0.6878237765066946,54.7,D
2019,Georgia,15,DL/EDGE,-0.062111323031112387,64.1,C
2019,Georgia,15,OL,0.4884082134228815,72.3,B-
2019,Georgia,15,QB,0.2941346459363463,69.4,C+
2019,Georgia,15,RB,0.15978261281757755,67.4,C+
2019,Georgia,15,Secondary,0.9674138472447401,79.5,B+
2019,Georgia,15,WR/TE,-0.39176355597116075,59.1,D+
2019,Georgia Southern,15,DL/EDGE,0.4187329428088848,71.3,B-
2019,Georgia Southern,15,OL,-1.237537096827003,46.4,F
2019,Georgia Southern,15,QB,-1.1191837136629093,48.2,F
2019,Georgia Southern,15,RB,0.31359623688326227,69.7,C+
2019,Georgia Southern,15,Secondary,-0.32276545879617125,60.2,C-
2019,Georgia Southern,15,WR/TE,-1.4758398431232376,42.9,F
2019,Georgia State,15,DL/EDGE,-1.2101730923597789,46.8,F
2019,Georgia State,15,OL,0.3119207627582233,69.7,C+
2019,Georgia State,15,QB,-0.23258451853772788,61.5,C-
2019,Georgia State,15,RB,0.6611117347018479,74.9,B
2019,Georgia State,15,Secondary,-0.8825213882610122,51.8,D-
2019,Georgia State,15,WR/TE,-0.8094914449639766,52.9,D-
2019,Georgia Tech,15,DL/EDGE,-0.47405852930236686,57.9,D+
2019,Georgia Tech,15,OL,-0.4859968840584048,57.7,D+
2019,Georgia Tech,15,QB,-1.3189821293478485,45.2,F
2019,Georgia Tech,15,RB,-0.7874455785800238,53.2,D
2019,Georgia Tech,15,Secondary,-0.42776847573792876,58.6,D+
2019,Georgia Tech,15,WR/TE,-1.1829851415544033,47.3,F
2019,Hawai'i,15,DL/EDGE,-1.4215676394211243,43.7,F
2019,Hawai'i,15,OL,1.0543027936200762,80.8,A-
2019,Hawai'i,15,QB,0.2115444771616399,68.2,C+
2019,Hawai'i,15,RB,0.3422443710243102,70.1,B-
2019,Hawai'i,15,Secondary,0.7195446550469207,75.8,B
2019,Hawai'i,15,WR/TE,0.2335333525310947,68.5,C+
2019,Houston,15,DL/EDGE,-0.42494253600655646,58.6,D+
2019,Houston,15,OL,-0.25937590818821743,61.1,C-
2019,Houston,15,QB,-0.28853621132390933,60.7,C-
2019,Houston,15,RB,0.3977909002130993,71.0,B-
2019,Houston,15,Secondary,-1.2535096274426278,46.2,F
2019,Houston,15,WR/TE,0.6035222611084887,74.1,B
2019,Illinois,15,DL/EDGE,1.0398831663815133,80.6,A-
2019,Illinois,15,OL,-0.7202106041349112,54.2,D
2019,Illinois,15,QB,-0.7519649487433395,53.7,D
2019,Illinois,15,RB,-0.2769889203487579,60.8,C-
2019,Illinois,15,Secondary,-0.01740250030524595,64.7,C
2019,Illinois,15,WR/TE,-0.2759105123724452,60.9,C-
2019,Indiana,15,DL/EDGE,-0.07994176077548448,63.8,C
2019,Indiana,15,OL,-0.38971707957257573,59.2,D+
2019,Indiana,15,QB,0.8766877337913478,78.2,B+
2019,Indiana,15,RB,-0.6139286645231681,55.8,D
2019,Indiana,15,Secondary,-0.10526355354333654,63.4,C
2019,Indiana,15,WR/TE,0.6337091361619576,74.5,B
2019,Iowa,15,DL/EDGE,0.11913797897571973,66.8,C
2019,Iowa,15,OL,-0.141636274439294,62.9,C-
2019,Iowa,15,QB,-0.1658856259435745,62.5,C-
2019,Iowa,15,RB,-0.5232460466666655,57.2,D+
2019,Iowa,15,Secondary,1.0503617307125535,80.8,A-
2019,Iowa,15,WR/TE,-0.0894605782879985,63.7,C
2019,Iowa State,15,DL/EDGE,0.13604928969698957,67.0,C+
2019,Iowa State,15,OL,0.1453905365975625,67.2,C+
2019,Iowa State,15,QB,0.4237526183553365,71.4,B-
2019,Iowa State,15,RB,0.25138238457865125,68.8,C+
2019,Iowa State,15,Secondary,0.3226474200604463,69.8,C+
2019,Iowa State,15,WR/TE,0.6084003630769659,74.1,B
2019,Kansas,15,DL/EDGE,-0.6177645914795608,55.7,D
2019,Kansas,15,OL,0.17199240215651,67.6,C+
2019,Kansas,15,QB,-0.292706545609547,60.6,C-
2019,Kansas,15,RB,0.6211427981928195,74.3,B
2019,Kansas,15,Secondary,-0.8579437133802171,52.1,D-
2019,Kansas,15,WR/TE,-0.10371008038841081,63.4,C
2019,Kansas State,15,DL/EDGE,-0.8223949836433804,52.7,D-
2019,Kansas State,15,OL,-0.661022487646165,55.1,D
2019,Kansas State,15,QB,0.18930050390932965,67.8,C+
2019,Kansas State,15,RB,-0.03138423988128361,64.5,C
2019,Kansas State,15,Secondary,0.4145715810548974,71.2,B-
2019,Kansas State,15,WR/TE,0.13742402251478014,67.1,C+
2019,Kent State,15,DL/EDGE,-0.14776215337319965,62.8,C-
2019,Kent State,15,OL,-0.8827117040252848,51.8,D-
2019,Kent State,15,QB,0.6639478279062496,75.0,B
2019,Kent State,15,RB,0.28926105813135267,69.3,C+
2019,Kent State,15,Secondary,-1.3662790068971578,44.5,F
2019,Kent State,15,WR/TE,0.30263613074217965,69.5,C+
2019,Kentucky,15,DL/EDGE,-0.2990496472726307,60.5,C-
2019,Kentucky,15,OL,1.3157732423980453,84.7,A-
2019,Kentucky,15,QB,-0.8977750768781998,51.5,D-
2019,Kentucky,15,RB,0.9992612014722135,80.0,B+
2019,Kentucky,15,Secondary,0.3366354454997399,70.0,B-
2019,Kentucky,15,WR/TE,-1.1634196160925474,47.5,F
2019,LSU,15,DL/EDGE,-0.017920191580314646,64.7,C
2019,LSU,15,OL,0.5225559296192325,72.8,B-
2019,LSU,15,QB,1.710890197883059,90.7,A+
2019,LSU,15,RB,0.9939164149251777,79.9,B+
2019,LSU,15,Secondary,0.7229568359418621,75.8,B
2019,LSU,15,WR/TE,1.5556075734669128,88.3,A
2019,Liberty,15,DL/EDGE,0.14587439772747435,67.2,C+
2019,Liberty,15,OL,0.5608194890896764,73.4,B
2019,Liberty,15,QB,0.18535546670442826,67.8,C+
2019,Liberty,15,RB,0.5129014795382241,72.7,B-
2019,Liberty,15,Secondary,-0.2178012583264309,61.7,C-
2019,Liberty,15,WR/TE,0.3246621532445539,69.9,C+
2019,Louisiana,15,DL/EDGE,-0.48718096926268156,57.7,D+
2019,Louisiana,15,OL,1.9005972806974176,93.5,A+
2019,Louisiana,15,QB,0.6558622502285747,74.8,B
2019,Louisiana,15,RB,1.390411285863217,85.9,A
2019,Louisiana,15,Secondary,0.8201017424586593,77.3,B+
2019,Louisiana,15,WR/TE,0.43299454597158826,71.5,B-
2019,Louisiana Tech,15,DL/EDGE,-0.4174424399527793,58.7,D+
2019,Louisiana Tech,15,OL,0.693175878107609,75.4,B
2019,Louisiana Tech,15,QB,0.2747909053098826,69.1,C+
2019,Louisiana Tech,15,RB,0.24890953267006669,68.7,C+
2019,Louisiana Tech,15,Secondary,1.0933931539569877,81.4,A-
2019,Louisiana Tech,15,WR/TE,0.38474645127697027,70.8,B-
2019,Louisville,15,DL/EDGE,-0.9831609477623411,50.3,D-
2019,Louisville,15,OL,-1.3921097300965632,44.1,F
2019,Louisville,15,QB,0.9322518611752721,79.0,B+
2019,Louisville,15,RB,0.4001624357030608,71.0,B-
2019,Louisville,15,Secondary,-0.11385077391145007,63.3,C
2019,Louisville,15,WR/TE,1.3713666884553999,85.6,A
2019,Marshall,15,DL/EDGE,-0.33497680600659663,60.0,D+
2019,Marshall,15,OL,0.25499831543749896,68.8,C+
2019,Marshall,15,QB,0.008285444711751789,65.1,C
2019,Marshall,15,RB,-0.11282072914579688,63.3,C
2019,Marshall,15,Secondary,0.17732870140744156,67.7,C+
2019,Marshall,15,WR/TE,-0.06340545775706125,64.0,C
2019,Maryland,15,DL/EDGE,0.42256537041018855,71.3,B-
2019,Maryland,15,OL,-0.026285430805154532,64.6,C
2019,Maryland,15,QB,-1.1960242039003421,47.1,F
2019,Maryland,15,RB,0.655776804036284,74.8,B
2019,Maryland,15,Secondary,-0.601458827909139,56.0,D
2019,Maryland,15,WR/TE,-0.5628594672911251,56.6,D
2019,Massachusetts,15,DL/EDGE,-1.552171798976305,41.7,F
2019,Massachusetts,15,OL,-0.6498623066187446,55.3,D
2019,Massachusetts,15,QB,-1.179927733356121,47.3,F
2019,Massachusetts,15,RB,-0.5208369464906601,57.2,D+
2019,Massachusetts,15,Secondary,-1.3213950508681052,45.2,F
2019,Massachusetts,15,WR/TE,-1.471802443570191,42.9,F
2019,Memphis,15,DL/EDGE,0.553940751267643,73.3,B
2019,Memphis,15,OL,-0.15364842787874705,62.7,C-
2019,Memphis,15,QB,1.3759327490894573,85.6,A
2019,Memphis,15,RB,0.5951116789963063,73.9,B
2019,Memphis,15,Secondary,0.5138119008537118,72.7,B-
2019,Memphis,15,WR/TE,1.010603221571907,80.2,A-
2019,Miami,15,DL/EDGE,1.7533122287230718,91.3,A+
2019,Miami,15,OL,0.05868951622426832,65.9,C
2019,Miami,15,QB,-0.20155429735446884,62.0,C-
2019,Miami,15,RB,0.43246522953131644,71.5,B-
2019,Miami,15,Secondary,-0.1601083142551286,62.6,C-
2019,Miami,15,WR/TE,-0.5723129707567346,56.4,D
2019,Miami (OH),15,DL/EDGE,1.0361023193039463,80.5,A-
2019,Miami (OH),15,OL,-1.3451770777771104,44.8,F
2019,Miami (OH),15,QB,-0.4247314884367499,58.6,D+
2019,Miami (OH),15,RB,-0.6805614272571486,54.8,D
2019,Miami (OH),15,Secondary,1.0381716904027076,80.6,A-
2019,Miami (OH),15,WR/TE,-0.6810687788114504,54.8,D
2019,Michigan,15,DL/EDGE,0.9660737124372181,79.5,B+
2019,Michigan,15,OL,0.22764418438138345,68.4,C+
2019,Michigan,15,QB,0.10143516045469662,66.5,C
2019,Michigan,15,RB,-0.5126108612297782,57.3,D+
2019,Michigan,15,Secondary,0.7657249485734238,76.5,B
2019,Michigan,15,WR/TE,0.2763766283329355,69.1,C+
2019,Michigan State,15,DL/EDGE,0.9154308376186815,78.7,B+
2019,Michigan State,15,OL,-0.6325913976244311,55.5,D
2019,Michigan State,15,QB,-0.4872628420908448,57.7,D+
2019,Michigan State,15,RB,-1.0470382999090966,49.3,F
2019,Michigan State,15,Secondary,-0.001804805052488673,65.0,C
2019,Michigan State,15,WR/TE,-1.1430284738835135,47.9,F
2019,Middle Tennessee,15,DL/EDGE,-0.6842189268219924,54.7,D
2019,Middle Tennessee,15,OL,0.6117801700375269,74.2,B
2019,Middle Tennessee,15,QB,-0.31584455381880067,60.3,C-
2019,Middle Tennessee,15,RB,0.9266516711779363,78.9,B+
2019,Middle Tennessee,15,Secondary,-0.3631563800554944,59.6,D+
2019,Middle Tennessee,15,WR/TE,0.41166161149681735,71.2,B-
2019,Minnesota,15,DL/EDGE,-0.34777410405669323,59.8,D+
2019,Minnesota,15,OL,-0.5498986538107209,56.8,D
2019,Minnesota,15,QB,1.3787675779093393,85.7,A
2019,Minnesota,15,RB,-0.19127505788007765,62.1,C-
2019,Minnesota,15,Secondary,0.5091568817118517,72.6,B-
2019,Minnesota,15,WR/TE,1.366451095153425,85.5,A
2019,Mississippi State,15,DL/EDGE,-0.27585665395668457,60.9,C-
2019,Mississippi State,15,OL,0.6849107819846649,75.3,B
2019,Mississippi State,15,QB,-0.40433143737999927,58.9,D+
2019,Mississippi State,15,RB,0.7723535515482248,76.6,B
2019,Mississippi State,15,Secondary,-0.20059504710723658,62.0,C-
2019,Mississippi State,15,WR/TE,0.30013273849345545,69.5,C+
2019,Missouri,15,DL/EDGE,-0.07196947772904422,63.9,C
2019,Missouri,15,OL,-0.4114954829087687,58.8,D+
2019,Missouri,15,QB,-0.057867123267222,64.1,C
2019,Missouri,15,RB,-0.6449081560771459,55.3,D
2019,Missouri,15,Secondary,0.4912270306305921,72.4,B-
2019,Missouri,15,WR/TE,-0.2609927546256626,61.1,C-
2019,NC State,15,DL/EDGE,0.26137149059652176,68.9,C+
2019,NC State,15,OL,0.18271886373549803,67.7,C+
2019,NC State,15,QB,-1.0052786058305885,49.9,F
2019,NC State,15,RB,-0.6067740496330334,55.9,D
2019,NC State,15,Secondary,-0.5585177461635717,56.6,D
2019,NC State,15,WR/TE,-1.241987687491025,46.4,F
2019,Navy,15,DL/EDGE,0.5988689491263508,74.0,B
2019,Navy,15,OL,-0.6063584075195081,55.9,D
2019,Navy,15,QB,1.1195329901292599,81.8,A-
2019,Navy,15,RB,0.9665048739570633,79.5,B+
2019,Navy,15,Secondary,-0.3570834518836092,59.6,D+
2019,Navy,15,WR/TE,1.9097518393316317,93.6,A+
2019,Nebraska,15,DL/EDGE,0.09647975004132239,66.4,C
2019,Nebraska,15,OL,-0.7422258500891248,53.9,D
2019,Nebraska,15,QB,0.4035991496962106,71.1,B-
2019,Nebraska,15,RB,-0.3474168453677424,59.8,D+
2019,Nebraska,15,Secondary,0.39846497816233223,71.0,B-
2019,Nebraska,15,WR/TE,0.29040168535577393,69.4,C+
2019,Nevada,15,DL/EDGE,-0.5808101630748423,56.3,D
2019,Nevada,15,OL,-0.48748488086928143,57.7,D+
2019,Nevada,15,QB,-0.5118439215394769,57.3,D+
2019,Nevada,15,RB,-1.2394989066136508,46.4,F
2019,Nevada,15,Secondary,-0.08374514825570668,63.7,C
2019,Nevada,15,WR/TE,-0.3961210473148172,59.1,D+
2019,New Mexico,15,DL/EDGE,-0.19823727743201355,62.0,C-
2019,New Mexico,15,OL,0.3287099042491983,69.9,C+
2019,New Mexico,15,QB,-1.0275369694186416,49.6,F
2019,New Mexico,15,RB,-0.2133073502763547,61.8,C-
2019,New Mexico,15,Secondary,-1.3953425955215915,44.1,F
2019,New Mexico,15,WR/TE,-0.7962971572770369,53.1,D
2019,New Mexico State,15,DL/EDGE,-1.0512047944664245,49.2,F
2019,New Mexico State,15,OL,0.5967238184677528,74.0,B
2019,New Mexico State,15,QB,-0.8077675418738476,52.9,D-
2019,New Mexico State,15,RB,-0.2346757760177926,61.5,C-
2019,New Mexico State,15,Secondary,0.2880077857258704,69.3,C+
2019,New Mexico State,15,WR/TE,-1.4381162487705277,43.4,F
2019,North Carolina,15,DL/EDGE,-0.06411168988987719,64.0,C
2019,North Carolina,15,OL,-0.20670052715972528,61.9,C-
2019,North Carolina,15,QB,0.35308792569566244,70.3,B-
2019,North Carolina,15,RB,0.36794689586191287,70.5,B-
2019,North Carolina,15,Secondary,0.23419306973719128,68.5,C+
2019,North Carolina,15,WR/TE,0.184983279481978,67.8,C+
2019,North Texas,15,DL/EDGE,-0.07321610321612992,63.9,C
2019,North Texas,15,OL,0.1458404887903575,67.2,C+
2019,North Texas,15,QB,0.04638721336210901,65.7,C
2019,North Texas,15,RB,-0.40980438610584735,58.9,D+
2019,North Texas,15,Secondary,-0.5919693940437655,56.1,D
2019,North Texas,15,WR/TE,-0.10369038991648052,63.4,C
2019,Northern Illinois,15,DL/EDGE,-0.2253981204522331,61.6,C-
2019,Northern Illinois,15,OL,-0.5766744103927829,56.3,D
2019,Northern Illinois,15,QB,-0.2113710291982162,61.8,C-
2019,Northern Illinois,15,RB,-0.5102742202053011,57.3,D+
2019,Northern Illinois,15,Secondary,0.029252061030678154,65.4,C
2019,Northern Illinois,15,WR/TE,-0.3460145392042871,59.8,D+
2019,Northwestern,15,DL/EDGE,0.14999734611260995,67.2,C+
2019,Northwestern,15,OL,-0.10178519023818959,63.5,C
2019,Northwestern,15,QB,-1.7033233632090687,39.5,F
2019,Northwestern,15,RB,0.07226785256958655,66.1,C
2019,Northwestern,15,Secondary,0.32469463679241634,69.9,C+
2019,Northwestern,15,WR/TE,-1.8388332111581405,37.4,F
2019,Notre Dame,15,DL/EDGE,0.4149615669880647,71.2,B-
2019,Notre Dame,15,OL,0.022597548338081197,65.3,C
2019,Notre Dame,15,QB,0.10188323472140577,66.5,C
2019,Notre Dame,15,RB,0.1421381802610393,67.1,C+
2019,Notre Dame,15,Secondary,1.5902789064181173,88.9,A
2019,Notre Dame,15,WR/TE,0.07616205449433114,66.1,C
2019,Ohio,15,DL/EDGE,-0.658490786059625,55.1,D
2019,Ohio,15,OL,0.8423704572830149,77.6,B+
2019,Ohio,15,QB,0.5826265881437132,73.7,B
2019,Ohio,15,RB,0.8702587568357238,78.1,B+
2019,Ohio,15,Secondary,-0.4730812003959219,57.9,D+
2019,Ohio,15,WR/TE,0.24011298563446148,68.6,C+
2019,Ohio State,15,DL/EDGE,1.804634593931887,92.1,A+
2019,Ohio State,15,OL,0.5370376941494164,73.1,B
2019,Ohio State,15,QB,1.3728285629791481,85.6,A
2019,Ohio State,15,RB,0.8798692303677107,78.2,B+
2019,Ohio State,15,Secondary,1.890987001647997,93.4,A+
2019,Ohio State,15,WR/TE,0.9102418640179981,78.7,B+
2019,Oklahoma,15,DL/EDGE,0.6055927259779926,74.1,B
2019,Oklahoma,15,OL,0.6126267862840182,74.2,B
2019,Oklahoma,15,QB,1.892406402209569,93.4,A+
2019,Oklahoma,15,RB,1.14616226188649,82.2,A-
2019,Oklahoma,15,Secondary,0.313381546037078,69.7,C+
2019,Oklahoma,15,WR/TE,1.6134841413594394,89.2,A
2019,Oklahoma State,15,DL/EDGE,-0.052724865884240885,64.2,C
2019,Oklahoma State,15,OL,0.37844179838011527,70.7,B-
2019,Oklahoma State,15,QB,0.3452757082873617,70.2,B-
2019,Oklahoma State,15,RB,1.10731204338237,81.6,A-
2019,Oklahoma State,15,Secondary,0.3309154981076205,70.0,C+
2019,Oklahoma State,15,WR/TE,0.7597122397146632,76.4,B
2019,Old Dominion,15,DL/EDGE,0.7410100014400807,76.1,B
2019,Old Dominion,15,OL,-1.6483464171759368,40.3,F
2019,Old Dominion,15,QB,-1.1242627834505077,48.1,F
2019,Old Dominion,15,RB,-1.2211642030200125,46.7,F
2019,Old Dominion,15,Secondary,-0.5730552893492655,56.4,D
2019,Old Dominion,15,WR/TE,-1.2357227468680643,46.5,F
2019,Ole Miss,15,DL/EDGE,-0.25789876691515806,61.1,C-
2019,Ole Miss,15,OL,0.14747482830747782,67.2,C+
2019,Ole Miss,15,QB,-0.2624474199187992,61.1,C-
2019,Ole Miss,15,RB,0.7693157289070852,76.5,B
2019,Ole Miss,15,Secondary,-0.4854090114055373,57.7,D+
2019,Ole Miss,15,WR/TE,-0.7047500382721155,54.4,D
2019,Oregon,15,DL/EDGE,0.38725172685998965,70.8,B-
2019,Oregon,15,OL,0.7894500521353365,76.8,B
2019,Oregon,15,QB,0.5387267965077878,73.1,B
2019,Oregon,15,RB,1.0249188197179329,80.4,A-
2019,Oregon,15,Secondary,0.8266631937406831,77.4,B+
2019,Oregon,15,WR/TE,0.32353399974959873,69.9,C+
2019,Oregon State,15,DL/EDGE,0.25721367710812115,68.9,C+
2019,Oregon State,15,OL,0.43346727433041016,71.5,B-
2019,Oregon State,15,QB,0.1801311185768873,67.7,C+
2019,Oregon State,15,RB,0.6236264989887459,74.4,B
2019,Oregon State,15,Secondary,-0.391426210941019,59.1,D+
2019,Oregon State,15,WR/TE,0.001875748373102143,65.0,C
2019,Penn State,15,DL/EDGE,1.15577445472882,82.3,A-
2019,Penn State,15,OL,-0.004993768387239424,64.9,C
2019,Penn State,15,QB,0.2928585324237851,69.4,C+
2019,Penn State,15,RB,0.6654251501951913,75.0,B
2019,Penn State,15,Secondary,-0.32100648973523915,60.2,C-
2019,Penn State,15,WR/TE,0.19517724015081434,67.9,C+
2019,Pittsburgh,15,DL/EDGE,1.3527048695649406,85.3,A
2019,Pittsburgh,15,OL,-0.22424458932943742,61.6,C-
2019,Pittsburgh,15,QB,-0.3864105633787392,59.2,D+
2019,Pittsburgh,15,RB,-0.9600013825530418,50.6,D-
2019,Pittsburgh,15,Secondary,0.22455364186689675,68.4,C+
2019,Pittsburgh,15,WR/TE,-0.4236632594076286,58.6,D+
2019,Purdue,15,DL/EDGE,-0.18285267956021106,62.3,C-
2019,Purdue,15,OL,-0.5033500056501719,57.4,D+
2019,Purdue,15,QB,0.08308310446514691,66.2,C
2019,Purdue,15,RB,-1.4113808380537485,43.8,F
2019,Purdue,15,Secondary,-0.36066609563879554,59.6,D+
2019,Purdue,15,WR/TE,-0.07978101752615181,63.8,C
2019,Rice,15,DL/EDGE,0.2494098925730622,68.7,C+
2019,Rice,15,OL,-0.3570015180403971,59.6,D+
2019,Rice,15,QB,-0.49761137675577416,57.5,D+
2019,Rice,15,RB,-0.9113463321495289,51.3,D-
2019,Rice,15,Secondary,-0.7993659494442803,53.0,D
2019,Rice,15,WR/TE,-0.9861222634140675,50.2,D-
2019,Rutgers,15,DL/EDGE,-0.6305318770383237,55.5,D
2019,Rutgers,15,OL,-0.9240662376800561,51.1,D-
2019,Rutgers,15,QB,-0.9137661815344043,51.3,D-
2019,Rutgers,15,RB,-0.990956757922786,50.1,D-
2019,Rutgers,15,Secondary,-0.7649358722140672,53.5,D
2019,Rutgers,15,WR/TE,-0.7628394738508868,53.6,D
2019,SMU,15,DL/EDGE,0.7626652433262142,76.4,B
2019,SMU,15,OL,0.22254309970047959,68.3,C+
2019,SMU,15,QB,0.5675006814607736,73.5,B
2019,SMU,15,RB,-0.04709871091552516,64.3,C
2019,SMU,15,Secondary,-0.8082598299934671,52.9,D-
2019,SMU,15,WR/TE,0.47396324568389364,72.1,B-
2019,San Diego State,15,DL/EDGE,0.4682485670348021,72.0,B-
2019,San Diego State,15,OL,-1.483064381635831,42.8,F
2019,San Diego State,15,QB,-0.10054153514157513,63.5,C
2019,San Diego State,15,RB,-1.1883283991179303,47.2,F
2019,San Diego State,15,Secondary,0.9576687133930596,79.4,B+
2019,San Diego State,15,WR/TE,-1.1186288455314957,48.2,F
2019,San José State,15,DL/EDGE,-0.5324485223768827,57.0,D+
2019,San José State,15,OL,0.007509609538734724,65.1,C
2019,San José State,15,QB,0.5146672635267959,72.7,B-
2019,San José State,15,RB,-0.9963034944348264,50.1,D-
2019,San José State,15,Secondary,0.3072043990028616,69.6,C+
2019,San José State,15,WR/TE,0.461102185453828,71.9,B-
2019,South Alabama,15,DL/EDGE,0.15916289686957186,67.4,C+
2019,South Alabama,15,OL,-0.38713193313540234,59.2,D+
2019,South Alabama,15,QB,-0.8530322027326429,52.2,D-
2019,South Alabama,15,RB,-0.8508700207147588,52.2,D-
2019,South Alabama,15,Secondary,-0.45476726970350084,58.2,D+
2019,South Alabama,15,WR/TE,-0.5533177814560352,56.7,D
2019,South Carolina,15,DL/EDGE,-0.03305288459679184,64.5,C
2019,South Carolina,15,OL,0.7165745665741694,75.7,B
2019,South Carolina,15,QB,-0.7361985983643713,54.0,D
2019,South Carolina,15,RB,0.23907206493586985,68.6,C+
2019,South Carolina,15,Secondary,0.3170532292730661,69.8,C+
2019,South Carolina,15,WR/TE,-0.8009677191941602,53.0,D-
2019,South Florida,15,DL/EDGE,1.0460760507023081,80.7,A-
2019,South Florida,15,OL,0.03326337303068366,65.5,C
2019,South Florida,15,QB,-0.8526136956148417,52.2,D-
2019,South Florida,15,RB,-0.014219618036213244,64.8,C
2019,South Florida,15,Secondary,0.08413390168585365,66.3,C
2019,South Florida,15,WR/TE,-0.9693574892784769,50.5,D-
2019,Southern Miss,15,DL/EDGE,0.4497229109721486,71.7,B-
2019,Southern Miss,15,OL,-0.5456876956587406,56.8,D
2019,Southern Miss,15,QB,0.7508684254644994,76.3,B
2019,Southern Miss,15,RB,-0.3825945175682529,59.3,D+
2019,Southern Miss,15,Secondary,0.024061738987809396,65.4,C
2019,Southern Miss,15,WR/TE,0.49064853699177896,72.4,B-
2019,Stanford,15,DL/EDGE,-0.18208163472868272,62.3,C-
2019,Stanford,15,OL,0.1618988873480232,67.4,C+
2019,Stanford,15,QB,-0.04491465213010423,64.3,C
2019,Stanford,15,RB,-0.6120326590794611,55.8,D
2019,Stanford,15,Secondary,-0.29849340776903704,60.5,C-
2019,Stanford,15,WR/TE,-0.08297058141965302,63.8,C
2019,Syracuse,15,DL/EDGE,-0.29037115192543766,60.6,C-
2019,Syracuse,15,OL,-0.5620428402940244,56.6,D
2019,Syracuse,15,QB,-0.007427267479226951,64.9,C
2019,Syracuse,15,RB,-0.35929020537463774,59.6,D+
2019,Syracuse,15,Secondary,-0.29997862706625195,60.5,C-
2019,Syracuse,15,WR/TE,0.3807677386709759,70.7,B-
2019,TCU,15,DL/EDGE,0.28279474846625496,69.2,C+
2019,TCU,15,OL,0.2623893907652292,68.9,C+
2019,TCU,15,QB,-0.5773792924120595,56.3,D
2019,TCU,15,RB,0.6464670344565043,74.7,B
2019,TCU,15,Secondary,0.7395770555484701,76.1,B
2019,TCU,15,WR/TE,-0.8164814357141249,52.8,D-
2019,Temple,15,DL/EDGE,0.6741174096892977,75.1,B
2019,Temple,15,OL,0.14770038497784393,67.2,C+
2019,Temple,15,QB,-0.02884593071657167,64.6,C
2019,Temple,15,RB,-0.5700701847235883,56.4,D
2019,Temple,15,Secondary,0.6111509662947504,74.2,B
2019,Temple,15,WR/TE,0.2627418025433292,68.9,C+
2019,Tennessee,15,DL/EDGE,-0.0854811716027764,63.7,C
2019,Tennessee,15,OL,-0.200072938943534,62.0,C-
2019,Tennessee,15,QB,0.212077708818649,68.2,C+
2019,Tennessee,15,RB,0.21734575158276437,68.3,C+
2019,Tennessee,15,Secondary,0.3158192041501166,69.7,C+
2019,Tennessee,15,WR/TE,0.2748640060726961,69.1,C+
2019,Texas,15,DL/EDGE,-0.28403224766815693,60.7,C-
2019,Texas,15,OL,0.5984798226678095,74.0,B
2019,Texas,15,QB,0.3740282954798388,70.6,B-
2019,Texas,15,RB,0.5423301831494292,73.1,B
2019,Texas,15,Secondary,-0.4046933143935032,58.9,D+
2019,Texas,15,WR/TE,0.4771064996270272,72.2,B-
2019,Texas A&M,15,DL/EDGE,0.15353358085404037,67.3,C+
2019,Texas A&M,15,OL,0.9155125991468587,78.7,B+
2019,Texas A&M,15,QB,-0.27976470486816885,60.8,C-
2019,Texas A&M,15,RB,0.6890442871702367,75.3,B
2019,Texas A&M,15,Secondary,0.874824786212561,78.1,B+
2019,Texas A&M,15,WR/TE,-0.7888200191670954,53.2,D
2019,Texas State,15,DL/EDGE,-0.8149314382226684,52.8,D-
2019,Texas State,15,OL,-0.5700173524468626,56.4,D
2019,Texas State,15,QB,-0.6171375930393249,55.7,D
2019,Texas State,15,RB,-0.7468765492506106,53.8,D
2019,Texas State,15,Secondary,-0.6479616668122121,55.3,D
2019,Texas State,15,WR/TE,-0.4586954889348491,58.1,D+
2019,Texas Tech,15,DL/EDGE,0.2253874072350116,68.4,C+
2019,Texas Tech,15,OL,0.6224823370690656,74.3,B
2019,Texas Tech,15,QB,0.06043640713325893,65.9,C
2019,Texas Tech,15,RB,-0.14354353851030524,62.8,C-
2019,Texas Tech,15,Secondary,-1.0374064689113465,49.4,F
2019,Texas Tech,15,WR/TE,0.06366355774859808,66.0,C
2019,Toledo,15,DL/EDGE,-0.508345708511388,57.4,D+
2019,Toledo,15,OL,0.6568876625588355,74.9,B
2019,Toledo,15,QB,-0.1826960626141879,62.3,C-
2019,Toledo,15,RB,0.3460634211251849,70.2,B-
2019,Toledo,15,Secondary,-0.8592395576364649,52.1,D-
2019,Toledo,15,WR/TE,0.16778803633017758,67.5,C+
2019,Troy,15,DL/EDGE,-0.29735709351660633,60.5,C-
2019,Troy,15,OL,0.731841182810792,76.0,B
2019,Troy,15,QB,0.46091522732829804,71.9,B-
2019,Troy,15,RB,0.22699249378680764,68.4,C+
2019,Troy,15,Secondary,-0.642855378308638,55.4,D
2019,Troy,15,WR/TE,-0.012571144070059326,64.8,C
2019,Tulane,15,DL/EDGE,-0.44344277358029066,58.3,D+
2019,Tulane,15,OL,0.005608849376960434,65.1,C
2019,Tulane,15,QB,-0.2373868911514646,61.4,C-
2019,Tulane,15,RB,0.6721171494509025,75.1,B
2019,Tulane,15,Secondary,-0.0009219283053644966,65.0,C
2019,Tulane,15,WR/TE,0.499270386642085,72.5,B-
2019,Tulsa,15,DL/EDGE,-0.06877790170514703,64.0,C
2019,Tulsa,15,OL,-0.9246918029439551,51.1,D-
2019,Tulsa,15,QB,0.011576524007058553,65.2,C
2019,Tulsa,15,RB,-0.8852316369063492,51.7,D-
2019,Tulsa,15,Secondary,-0.4318742466424926,58.5,D+
2019,Tulsa,15,WR/TE,-0.04428292778937255,64.3,C
2019,UAB,15,DL/EDGE,0.6578504593386719,74.9,B
2019,UAB,15,OL,-0.7752594868686342,53.4,D
2019,UAB,15,QB,-0.6646159685611976,55.0,D
2019,UAB,15,RB,-0.19802474848748286,62.0,C-
2019,UAB,15,Secondary,0.6230896160790057,74.3,B
2019,UAB,15,WR/TE,-0.39345807724427956,59.1,D+
2019,UCF,15,DL/EDGE,1.6478736600633932,89.7,A
2019,UCF,15,OL,0.08459353395494784,66.3,C
2019,UCF,15,QB,0.507834916863042,72.6,B-
2019,UCF,15,RB,0.7583932980348931,76.4,B
2019,UCF,15,Secondary,1.2920927569291618,84.4,A-
2019,UCF,15,WR/TE,0.5175778603934648,72.8,B-
2019,UCLA,15,DL/EDGE,0.24496423310917076,68.7,C+
2019,UCLA,15,OL,-0.3989504351132085,59.0,D+
2019,UCLA,15,QB,-0.1654954374266715,62.5,C-
2019,UCLA,15,RB,-0.18221514211114054,62.3,C-
2019,UCLA,15,Secondary,-1.898741062880025,36.5,F
2019,UCLA,15,WR/TE,0.5600390182728674,73.4,B
2019,UConn,15,DL/EDGE,-1.420066266197697,43.7,F
2019,UConn,15,OL,-0.45975804693226735,58.1,D+
2019,UConn,15,QB,-0.5287518535908373,57.1,D+
2019,UConn,15,RB,-0.3579352920442495,59.6,D+
2019,UConn,15,Secondary,-0.8812889125175247,51.8,D-
2019,UConn,15,WR/TE,0.0253863068681891,65.4,C
2019,UL Monroe,15,DL/EDGE,-0.6437004722268259,55.3,D
2019,UL Monroe,15,OL,1.1052242363582465,81.6,A-
2019,UL Monroe,15,QB,-0.1742112753504879,62.4,C-
2019,UL Monroe,15,RB,0.7013242134427535,75.5,B
2019,UL Monroe,15,Secondary,-0.7288081240156452,54.1,D
2019,UL Monroe,15,WR/TE,0.6169890722653936,74.3,B
2019,UNLV,15,DL/EDGE,-0.7651061699025344,53.5,D
2019,UNLV,15,OL,0.5923836300905493,73.9,B
2019,UNLV,15,QB,-1.1820931031193882,47.3,F
2019,UNLV,15,RB,0.4186857081419124,71.3,B-
2019,UNLV,15,Secondary,-0.42748317423394155,58.6,D+
2019,UNLV,15,WR/TE,-0.6825730658438174,54.8,D
2019,USC,15,DL/EDGE,-0.37418433261948647,59.4,D+
2019,USC,15,OL,-0.050800786261362085,64.2,C
2019,USC,15,QB,1.1689993310978841,82.5,A-
2019,USC,15,RB,-0.29151739780316227,60.6,C-
2019,USC,15,Secondary,-0.15889121838607703,62.6,C-
2019,USC,15,WR/TE,1.2521830977061332,83.8,A-
2019,UTEP,15,DL/EDGE,-1.310346497470634,45.3,F
2019,UTEP,15,OL,-0.5900667275797046,56.1,D
2019,UTEP,15,QB,-0.7010709416463415,54.5,D
2019,UTEP,15,RB,-0.1183786769576082,63.2,C
2019,UTEP,15,Secondary,-1.3440592821132082,44.8,F
2019,UTEP,15,WR/TE,-0.19161190164724537,62.1,C-
2019,UTSA,15,DL/EDGE,0.15363979244049764,67.3,C+
2019,UTSA,15,OL,-0.06270701238683084,64.1,C
2019,UTSA,15,QB,-0.844367036232598,52.3,D-
2019,UTSA,15,RB,-0.6372238362822791,55.4,D
2019,UTSA,15,Secondary,-0.601632841754958,56.0,D
2019,UTSA,15,WR/TE,-0.5640712836556533,56.5,D
2019,Utah,15,DL/EDGE,0.006233850172416011,65.1,C
2019,Utah,15,OL,-0.17546013814034597,62.4,C-
2019,Utah,15,QB,2.178170549169801,97.7,A+
2019,Utah,15,RB,0.6753374142252947,75.1,B
2019,Utah,15,Secondary,0.9042971327299426,78.6,B+
2019,Utah,15,WR/TE,1.534759265486111,88.0,A
2019,Utah State,15,DL/EDGE,-0.34182963694038543,59.9,D+
2019,Utah State,15,OL,0.26617194371001784,69.0,C+
2019,Utah State,15,QB,-0.12339716246469457,63.1,C
2019,Utah State,15,RB,-0.32743326798980277,60.1,C-
2019,Utah State,15,Secondary,0.08971550388465395,66.3,C
2019,Utah State,15,WR/TE,0.10557526053239182,66.6,C
2019,Vanderbilt,15,DL/EDGE,-0.3673496177909785,59.5,D+
2019,Vanderbilt,15,OL,0.13903294932701868,67.1,C+
2019,Vanderbilt,15,QB,-0.9487432961944036,50.8,D-
2019,Vanderbilt,15,RB,0.3869442510988942,70.8,B-
2019,Vanderbilt,15,Secondary,-0.9285399213202864,51.1,D-
2019,Vanderbilt,15,WR/TE,-0.9752657494151808,50.4,D-
2019,Virginia,15,DL/EDGE,0.7936416357444703,76.9,B
2019,Virginia,15,OL,0.009478992730191732,65.1,C
2019,Virginia,15,QB,-0.05810971975882487,64.1,C
2019,Virginia,15,RB,0.07258343296577657,66.1,C
2019,Virginia,15,Secondary,-0.07788170272917955,63.8,C
2019,Virginia,15,WR/TE,-0.10863261040514663,63.4,C
2019,Virginia Tech,15,DL/EDGE,0.040586727511384015,65.6,C
2019,Virginia Tech,15,OL,-0.7306904787690557,54.0,D
2019,Virginia Tech,15,QB,0.48770164067365274,72.3,B-
2019,Virginia Tech,15,RB,-0.9811676409834482,50.3,D-
2019,Virginia Tech,15,Secondary,0.5567171458339293,73.4,B
2019,Virginia Tech,15,WR/TE,0.3489741247181822,70.2,B-
2019,Wake Forest,15,DL/EDGE,0.12726446973353703,66.9,C
2019,Wake Forest,15,OL,-0.5317712410516318,57.0,D+
2019,Wake Forest,15,QB,0.29608094558510684,69.4,C+
2019,Wake Forest,15,RB,0.04725101275337133,65.7,C
2019,Wake Forest,15,Secondary,0.4266861188015539,71.4,B-
2019,Wake Forest,15,WR/TE,0.5498090207060201,73.2,B
2019,Washington,15,DL/EDGE,-0.23721717847277046,61.4,C-
2019,Washington,15,OL,0.045061460813433526,65.7,C
2019,Washington,15,QB,0.19215261142673556,67.9,C+
2019,Washington,15,RB,0.19853011373134571,68.0,C+
2019,Washington,15,Secondary,0.6993869258271613,75.5,B
2019,Washington,15,WR/TE,-0.6294324579671023,55.6,D
2019,Washington State,15,DL/EDGE,-0.4387379362219743,58.4,D+
2019,Washington State,15,OL,1.5203886156036344,87.8,A
2019,Washington State,15,QB,0.17848187887419167,67.7,C+
2019,Washington State,15,RB,0.15503688877220653,67.3,C+
2019,Washington State,15,Secondary,-1.5780742579843692,41.3,F
2019,Washington State,15,WR/TE,-0.4195592575935281,58.7,D+
2019,West Virginia,15,DL/EDGE,0.9745456410802124,79.6,B+
2019,West Virginia,15,OL,-1.034168100768539,49.5,F
2019,West Virginia,15,QB,-0.27275298402847636,60.9,C-
2019,West Virginia,15,RB,-1.9401106045368384,35.9,F
2019,West Virginia,15,Secondary,-0.13135112989099104,63.0,C
2019,West Virginia,15,WR/TE,-0.20448332659628535,61.9,C-
2019,Western Kentucky,15,DL/EDGE,0.20627569315733696,68.1,C+
2019,Western Kentucky,15,OL,0.07374753329087187,66.1,C
2019,Western Kentucky,15,QB,0.12528336928823364,66.9,C
2019,Western Kentucky,15,RB,-0.392370102068454,59.1,D+
2019,Western Kentucky,15,Secondary,0.3578208775208282,70.4,B-
2019,Western Kentucky,15,WR/TE,0.05424702298380857,65.8,C
2019,Western Michigan,15,DL/EDGE,0.042037464990330786,65.6,C
2019,Western Michigan,15,OL,0.6459134484325451,74.7,B
2019,Western Michigan,15,QB,0.26720014639307504,69.0,C+
2019,Western Michigan,15,RB,0.9493553752408952,79.2,B+
2019,Western Michigan,15,Secondary,0.21193806046834024,68.2,C+
2019,Western Michigan,15,WR/TE,-0.10629172692757088,63.4,C
2019,Wisconsin,15,DL/EDGE,0.2433447045070561,68.7,C+
2019,Wisconsin,15,OL,0.7405298825229509,76.1,B
2019,Wisconsin,15,QB,1.1081436582868425,81.6,A-
2019,Wisconsin,15,RB,0.4439191720712977,71.7,B-
2019,Wisconsin,15,Secondary,0.6981437719105738,75.5,B
2019,Wisconsin,15,WR/TE,0.5181699182687673,72.8,B-
2019,Wyoming,15,DL/EDGE,0.8277846940625704,77.4,B+
2019,Wyoming,15,OL,-0.04048267617719617,64.4,C
2019,Wyoming,15,QB,-0.9704182035786961,50.4,D-
2019,Wyoming,15,RB,0.6339492501645216,74.5,B
2019,Wyoming,15,Secondary,0.14246801775259013,67.1,C+
2019,Wyoming,15,WR/TE,-0.7520542018974284,53.7,D
2020,Air Force,15,DL/EDGE,-0.5744697854362499,56.4,D
2020,Air Force,15,OL,1.1644140417779185,82.5,A-
2020,Air Force,15,QB,0.5352596245289165,73.0,B
2020,Air Force,15,RB,-0.024005264539188498,64.6,C
2020,Air Force,15,Secondary,0.7949332303097288,76.9,B
2020,Air Force,15,WR/TE,0.17579378192862252,67.6,C+
2020,Akron,15,DL/EDGE,-1.207488504468842,46.9,F
2020,Akron,15,OL,-0.26238263192580114,61.1,C-
2020,Akron,15,QB,-0.8474940704445502,52.3,D-
2020,Akron,15,RB,0.2606357598072099,68.9,C+
2020,Akron,15,Secondary,-1.5225675054494967,42.2,F
2020,Akron,15,WR/TE,-1.3399820279356982,44.9,F
2020,Alabama,15,DL/EDGE,0.25055672805022106,68.8,C+
2020,Alabama,15,OL,0.8487586205136741,77.7,B+
2020,Alabama,15,QB,2.233088518968187,98.5,A+
2020,Alabama,15,RB,0.5640763368042463,73.5,B
2020,Alabama,15,Secondary,0.5363520067775331,73.0,B
2020,Alabama,15,WR/TE,2.4262453645277002,100.0,A+
2020,App State,15,DL/EDGE,-0.3124043572178351,60.3,C-
2020,App State,15,OL,0.4104108792335214,71.2,B-
2020,App State,15,QB,0.26131908274701693,68.9,C+
2020,App State,15,RB,0.5775302027119676,73.7,B
2020,App State,15,Secondary,0.6558989747007324,74.8,B
2020,App State,15,WR/TE,0.13079390438080368,67.0,C
2020,Arizona,15,DL/EDGE,-0.36784485847535175,59.5,D+
2020,Arizona,15,OL,0.28083956275514044,69.2,C+
2020,Arizona,15,QB,-0.9684262651945996,50.5,D-
2020,Arizona,15,RB,-0.36564771497206616,59.5,D+
2020,Arizona,15,Secondary,-1.0779658733950466,48.8,F
2020,Arizona,15,WR/TE,-0.5810981604385068,56.3,D
2020,Arizona State,15,DL/EDGE,0.006781720086560181,65.1,C
2020,Arizona State,15,OL,-0.2584391620147004,61.1,C-
2020,Arizona State,15,QB,0.14694093812657943,67.2,C+
2020,Arizona State,15,RB,0.6243214061390259,74.4,B
2020,Arizona State,15,Secondary,1.204331481462681,83.1,A-
2020,Arizona State,15,WR/TE,0.44333651950472536,71.7,B-
2020,Arkansas,15,DL/EDGE,-0.6165980440687071,55.8,D
2020,Arkansas,15,OL,-0.32245016231400914,60.2,C-
2020,Arkansas,15,QB,0.32886011115178876,69.9,C+
2020,Arkansas,15,RB,0.16021271298231618,67.4,C+
2020,Arkansas,15,Secondary,0.47684402097661344,72.2,B-
2020,Arkansas,15,WR/TE,0.6387391059602338,74.6,B
2020,Arkansas State,15,DL/EDGE,0.37280594807931733,70.6,B-
2020,Arkansas State,15,OL,-0.20651622869073272,61.9,C-
2020,Arkansas State,15,QB,0.4463366565422935,71.7,B-
2020,Arkansas State,15,RB,-0.5333428356958995,57.0,D
2020,Arkansas State,15,Secondary,-0.7423569585031413,53.9,D
2020,Arkansas State,15,WR/TE,0.8391740740441589,77.6,B+
2020,Army,15,DL/EDGE,0.2192161632786928,68.3,C+
2020,Army,15,OL,-0.9091155282042414,51.4,D-
2020,Army,15,QB,-1.1094698310014524,48.4,F
2020,Army,15,RB,-0.03438584351326905,64.5,C
2020,Army,15,Secondary,0.9805594425608604,79.7,B+
2020,Army,15,WR/TE,-0.19222970587747862,62.1,C-
2020,Auburn,15,DL/EDGE,-0.24192166148013378,61.4,C-
2020,Auburn,15,OL,0.39104289857521424,70.9,B-
2020,Auburn,15,QB,-0.32417061440705847,60.1,C-
2020,Auburn,15,RB,0.1996876038978161,68.0,C+
2020,Auburn,15,Secondary,-0.02107317861628535,64.7,C
2020,Auburn,15,WR/TE,0.5234115844010965,72.9,B-
2020,BYU,15,DL/EDGE,0.06608316305374601,66.0,C
2020,BYU,15,OL,0.74280883120722,76.1,B
2020,BYU,15,QB,1.8294057425232966,92.4,A+
2020,BYU,15,RB,1.0904001313786047,81.4,A-
2020,BYU,15,Secondary,0.41613024239198787,71.2,B-
2020,BYU,15,WR/TE,1.4903888569577493,87.4,A
2020,Ball State,15,DL/EDGE,-0.08517877032620112,63.7,C
2020,Ball State,15,OL,0.08317151788557936,66.2,C
2020,Ball State,15,QB,0.6327017587321817,74.5,B
2020,Ball State,15,RB,-0.10527839486109508,63.4,C
2020,Ball State,15,Secondary,-0.3447078664458233,59.8,D+
2020,Ball State,15,WR/TE,0.4417823150276323,71.6,B-
2020,Baylor,15,DL/EDGE,0.2659005475339726,69.0,C+
2020,Baylor,15,OL,-1.1647113764376997,47.5,F
2020,Baylor,15,QB,-0.5517749316554571,56.7,D
2020,Baylor,15,RB,-1.0541824374295325,49.2,F
2020,Baylor,15,Secondary,0.6300049275808272,74.5,B
2020,Baylor,15,WR/TE,-0.83106537292877,52.5,D-
2020,Boise State,15,DL/EDGE,0.5832267995257293,73.7,B
2020,Boise State,15,OL,-0.5783293560385496,56.3,D
2020,Boise State,15,QB,0.4776349942993019,72.2,B-
2020,Boise State,15,RB,-0.9476662306292443,50.8,D-
2020,Boise State,15,Secondary,0.7151133164364316,75.7,B
2020,Boise State,15,WR/TE,0.5968448663943251,74.0,B
2020,Boston College,15,DL/EDGE,-0.4978369377333094,57.5,D+
2020,Boston College,15,OL,-0.22527395751606497,61.6,C-
2020,Boston College,15,QB,0.537915734877077,73.1,B
2020,Boston College,15,RB,-0.9658779873938809,50.5,D-
2020,Boston College,15,Secondary,-0.41928888325230196,58.7,D+
2020,Boston College,15,WR/TE,0.570096415076753,73.6,B
2020,Bowling Green,15,DL/EDGE,-0.37691005504659536,59.3,D+
2020,Bowling Green,15,OL,0.33538504067282227,70.0,B-
2020,Bowling Green,15,QB,-1.745750745410394,38.8,F
2020,Bowling Green,15,RB,0.2742464595434271,69.1,C+
2020,Bowling Green,15,Secondary,-0.5212635537860605,57.2,D+
2020,Bowling Green,15,WR/TE,-1.2829191958667776,45.8,F
2020,Buffalo,15,DL/EDGE,-0.36513718400454054,59.5,D+
2020,Buffalo,15,OL,2.105234833268471,96.6,A+
2020,Buffalo,15,QB,0.740858907430116,76.1,B
2020,Buffalo,15,RB,1.8507874890204934,92.8,A+
2020,Buffalo,15,Secondary,1.1134698956534086,81.7,A-
2020,Buffalo,15,WR/TE,1.312706900394549,84.7,A-
2020,California,15,DL/EDGE,-0.20144008419255147,62.0,C-
2020,California,15,OL,-0.936731202649903,50.9,D-
2020,California,15,QB,-0.6399928245764469,55.4,D
2020,California,15,RB,-0.3485136513015222,59.8,D+
2020,California,15,Secondary,-0.26938831144769476,61.0,C-
2020,California,15,WR/TE,-1.0848704327998344,48.7,F
2020,Central Michigan,15,DL/EDGE,0.9839464530732246,79.8,B+
2020,Central Michigan,15,OL,0.004922198959241619,65.1,C
2020,Central Michigan,15,QB,-0.43017819785123096,58.5,D+
2020,Central Michigan,15,RB,0.7411091841658648,76.1,B
2020,Central Michigan,15,Secondary,-1.3404516682849978,44.9,F
2020,Central Michigan,15,WR/TE,-0.7830856146550069,53.3,D
2020,Charlotte,15,DL/EDGE,-1.3379976871198294,44.9,F
2020,Charlotte,15,OL,-0.5340194273742078,57.0,D
2020,Charlotte,15,QB,-0.21823194327750647,61.7,C-
2020,Charlotte,15,RB,-0.02090842735855082,64.7,C
2020,Charlotte,15,Secondary,-0.025921196408230544,64.6,C
2020,Charlotte,15,WR/TE,0.12951433574030197,66.9,C
2020,Cincinnati,15,DL/EDGE,0.453757671988927,71.8,B-
2020,Cincinnati,15,OL,0.8975849494724342,78.5,B+
2020,Cincinnati,15,QB,0.4500337038865314,71.8,B-
2020,Cincinnati,15,RB,0.9634828936295796,79.5,B+
2020,Cincinnati,15,Secondary,1.1545730616217669,82.3,A-
2020,Cincinnati,15,WR/TE,0.3699893240043115,70.5,B-
2020,Clemson,15,DL/EDGE,1.4367503648460414,86.6,A
2020,Clemson,15,OL,0.3982054402119596,71.0,B-
2020,Clemson,15,QB,0.8554000695386037,77.8,B+
2020,Clemson,15,RB,-0.049599183560867816,64.3,C
2020,Clemson,15,Secondary,0.4325091840210714,71.5,B-
2020,Clemson,15,WR/TE,0.9264344571860527,78.9,B+
2020,Coastal Carolina,15,DL/EDGE,-0.03255244441147977,64.5,C
2020,Coastal Carolina,15,OL,0.27323541700248194,69.1,C+
2020,Coastal Carolina,15,QB,1.0340922279071487,80.5,A-
2020,Coastal Carolina,15,RB,0.03860753470429838,65.6,C
2020,Coastal Carolina,15,Secondary,0.12128566780406157,66.8,C
2020,Coastal Carolina,15,WR/TE,1.3995660013819973,86.0,A
2020,Colorado,15,DL/EDGE,0.35394074637307216,70.3,B-
2020,Colorado,15,OL,-0.4881355679310409,57.7,D+
2020,Colorado,15,QB,-0.03636848629891991,64.5,C
2020,Colorado,15,RB,0.10787340536825338,66.6,C
2020,Colorado,15,Secondary,0.5319400409695514,73.0,B-
2020,Colorado,15,WR/TE,-0.15402687710936835,62.7,C-
2020,Colorado State,15,DL/EDGE,2.994004449225221,100.0,A+
2020,Colorado State,15,OL,-1.5839731534076726,41.2,F
2020,Colorado State,15,QB,-0.9239374007082076,51.1,D-
2020,Colorado State,15,RB,-0.754330302279212,53.7,D
2020,Colorado State,15,Secondary,-0.9838695315893035,50.2,D-
2020,Colorado State,15,WR/TE,-1.3694569777376089,44.5,F
2020,Duke,15,DL/EDGE,-0.03911001796795649,64.4,C
2020,Duke,15,OL,-0.07105400604627876,63.9,C
2020,Duke,15,QB,-0.76657669784488,53.5,D
2020,Duke,15,RB,-0.23910255375000172,61.4,C-
2020,Duke,15,Secondary,-0.17483458240762947,62.4,C-
2020,Duke,15,WR/TE,-0.6998917424769646,54.5,D
2020,East Carolina,15,DL/EDGE,-0.5521766872740242,56.7,D
2020,East Carolina,15,OL,-0.16804959295032024,62.5,C-
2020,East Carolina,15,QB,-0.0412031065899495,64.4,C
2020,East Carolina,15,RB,0.07075584244496358,66.1,C
2020,East Carolina,15,Secondary,0.31340235984872516,69.7,C+
2020,East Carolina,15,WR/TE,0.0031049294197913746,65.0,C
2020,Eastern Michigan,15,DL/EDGE,-0.7035650063775609,54.4,D
2020,Eastern Michigan,15,OL,-0.49156774129892367,57.6,D+
2020,Eastern Michigan,15,QB,0.5956828217951013,73.9,B
2020,Eastern Michigan,15,RB,-1.113444718057591,48.3,F
2020,Eastern Michigan,15,Secondary,-0.6318015496606759,55.5,D
2020,Eastern Michigan,15,WR/TE,0.6778473268346437,75.2,B
2020,Florida,15,DL/EDGE,0.21305978394423059,68.2,C+
2020,Florida,15,OL,0.6154775830045478,74.2,B
2020,Florida,15,QB,1.2357616366717659,83.5,A-
2020,Florida,15,RB,-0.40775409022726217,58.9,D+
2020,Florida,15,Secondary,-0.28773503069565615,60.7,C-
2020,Florida,15,WR/TE,1.095173384294393,81.4,A-
2020,Florida Atlantic,15,DL/EDGE,0.6542979446660933,74.8,B
2020,Florida Atlantic,15,OL,-0.4266731292008345,58.6,D+
2020,Florida Atlantic,15,QB,-0.8243856938005938,52.6,D-
2020,Florida Atlantic,15,RB,0.3357763456230993,70.0,B-
2020,Florida Atlantic,15,Secondary,0.7011953166127293,75.5,B
2020,Florida Atlantic,15,WR/TE,-1.0756727144005733,48.9,F
2020,Florida International,15,DL/EDGE,0.7590627547994748,76.4,B
2020,Florida International,15,OL,0.2268819506989131,68.4,C+
2020,Florida International,15,QB,-1.8043397300580488,37.9,F
2020,Florida International,15,RB,0.8806441266424906,78.2,B+
2020,Florida International,15,Secondary,0.28230578606459555,69.2,C+
2020,Florida International,15,WR/TE,-1.7622007898617664,38.6,F
2020,Florida State,15,DL/EDGE,-0.4223392487725196,58.7,D+
2020,Florida State,15,OL,0.4420970110712649,71.6,B-
2020,Florida State,15,QB,-0.9962122901661912,50.1,D-
2020,Florida State,15,RB,1.3881704637018264,85.8,A
2020,Florida State,15,Secondary,-0.827855716917948,52.6,D-
2020,Florida State,15,WR/TE,-0.5497543150941705,56.8,D
2020,Fresno State,15,DL/EDGE,0.7403844112676923,76.1,B
2020,Fresno State,15,OL,-0.5810986657514827,56.3,D
2020,Fresno State,15,QB,0.7136728950360384,75.7,B
2020,Fresno State,15,RB,0.2516559819783773,68.8,C+
2020,Fresno State,15,Secondary,-0.5854273957177284,56.2,D
2020,Fresno State,15,WR/TE,0.5191030287151469,72.8,B-
2020,Georgia,15,DL/EDGE,0.005101578876930857,65.1,C
2020,Georgia,15,OL,0.5859124443666377,73.8,B
2020,Georgia,15,QB,0.1919228533377081,67.9,C+
2020,Georgia,15,RB,0.6200513509756169,74.3,B
2020,Georgia,15,Secondary,0.31798483741562694,69.8,C+
2020,Georgia,15,WR/TE,0.7143176764243924,75.7,B
2020,Georgia Southern,15,DL/EDGE,0.4904742875779272,72.4,B-
2020,Georgia Southern,15,OL,0.193287706830304,67.9,C+
2020,Georgia Southern,15,QB,-0.7039888896889475,54.4,D
2020,Georgia Southern,15,RB,0.7423611391899292,76.1,B
2020,Georgia Southern,15,Secondary,0.2738733875318757,69.1,C+
2020,Georgia Southern,15,WR/TE,0.2228294712050945,68.3,C+
2020,Georgia State,15,DL/EDGE,0.5257943148707908,72.9,B-
2020,Georgia State,15,OL,0.0010681796704363755,65.0,C
2020,Georgia State,15,QB,-0.0634720752387842,64.0,C
2020,Georgia State,15,RB,-0.6771079989099343,54.8,D
2020,Georgia State,15,Secondary,0.27962733223752656,69.2,C+
2020,Georgia State,15,WR/TE,0.10733897081519525,66.6,C
2020,Georgia Tech,15,DL/EDGE,-0.19572741858831627,62.1,C-
2020,Georgia Tech,15,OL,-0.0013626241959079632,65.0,C
2020,Georgia Tech,15,QB,-0.6053714375371201,55.9,D
2020,Georgia Tech,15,RB,0.20188245057245915,68.0,C+
2020,Georgia Tech,15,Secondary,-0.40605387041386914,58.9,D+
2020,Georgia Tech,15,WR/TE,-0.227296755837857,61.6,C-
2020,Hawai'i,15,DL/EDGE,0.12095904417954528,66.8,C
2020,Hawai'i,15,OL,0.18348361516311285,67.8,C+
2020,Hawai'i,15,QB,-0.3082372745558079,60.4,C-
2020,Hawai'i,15,RB,0.12108079065547828,66.8,C
2020,Hawai'i,15,Secondary,0.4309023441113211,71.5,B-
2020,Hawai'i,15,WR/TE,0.002531298848040861,65.0,C
2020,Houston,15,DL/EDGE,0.6195125061812387,74.3,B
2020,Houston,15,OL,0.04266714164925321,65.6,C
2020,Houston,15,QB,-0.0858676973194994,63.7,C
2020,Houston,15,RB,-0.7242266665614155,54.1,D
2020,Houston,15,Secondary,-0.46924908689089245,58.0,D+
2020,Houston,15,WR/TE,-0.34286811672145895,59.9,D+
2020,Illinois,15,DL/EDGE,-0.2905390480554059,60.6,C-
2020,Illinois,15,OL,0.41330693864393225,71.2,B-
2020,Illinois,15,QB,-0.7121078289294989,54.3,D
2020,Illinois,15,RB,0.4499445617900986,71.7,B-
2020,Illinois,15,Secondary,-0.763985155592173,53.5,D
2020,Illinois,15,WR/TE,-0.7310639784340435,54.0,D
2020,Indiana,15,DL/EDGE,-0.21604636482294304,61.8,C-
2020,Indiana,15,OL,-0.7069042990372616,54.4,D
2020,Indiana,15,QB,-0.04526284686054027,64.3,C
2020,Indiana,15,RB,-1.6920981947299445,39.6,F
2020,Indiana,15,Secondary,1.3718408478730768,85.6,A
2020,Indiana,15,WR/TE,-0.033399271396131545,64.5,C
2020,Iowa,15,DL/EDGE,0.40925756066252994,71.1,B-
2020,Iowa,15,OL,0.08154414262099305,66.2,C
2020,Iowa,15,QB,-0.6313912132661754,55.5,D
2020,Iowa,15,RB,0.36380141413234374,70.5,B-
2020,Iowa,15,Secondary,1.1501774918702796,82.3,A-
2020,Iowa,15,WR/TE,-0.9901936508217589,50.1,D-
2020,Iowa State,15,DL/EDGE,0.7888723795771906,76.8,B
2020,Iowa State,15,OL,0.6030849760751341,74.0,B
2020,Iowa State,15,QB,0.3755927509934016,70.6,B-
2020,Iowa State,15,RB,0.7987468465571702,77.0,B
2020,Iowa State,15,Secondary,0.07357156368645835,66.1,C
2020,Iowa State,15,WR/TE,0.2909489752233584,69.4,C+
2020,Kansas,15,DL/EDGE,-0.9869300760238071,50.2,D-
2020,Kansas,15,OL,-1.7103129908549957,39.3,F
2020,Kansas,15,QB,-1.454227295770646,43.2,F
2020,Kansas,15,RB,-0.5470010658737053,56.8,D
2020,Kansas,15,Secondary,-0.42576943330927436,58.6,D+
2020,Kansas,15,WR/TE,-1.7209213821348184,39.2,F
2020,Kansas State,15,DL/EDGE,0.06499819301883247,66.0,C
2020,Kansas State,15,OL,-0.0857754520878366,63.7,C
2020,Kansas State,15,QB,-0.16384753496088103,62.5,C-
2020,Kansas State,15,RB,0.22204075188782652,68.3,C+
2020,Kansas State,15,Secondary,-0.09172834597356433,63.6,C
2020,Kansas State,15,WR/TE,0.09856124815256817,66.5,C
2020,Kent State,15,DL/EDGE,0.11849981245542351,66.8,C
2020,Kent State,15,OL,0.7395040528326814,76.1,B
2020,Kent State,15,QB,1.3573270445765881,85.4,A
2020,Kent State,15,RB,0.6662125632364677,75.0,B
2020,Kent State,15,Secondary,0.3099403231801485,69.6,C+
2020,Kent State,15,WR/TE,1.5375443652972305,88.1,A
2020,Kentucky,15,DL/EDGE,-0.43003309540284484,58.5,D+
2020,Kentucky,15,OL,0.6750756528787951,75.1,B
2020,Kentucky,15,QB,-0.8388934970251198,52.4,D-
2020,Kentucky,15,RB,0.5489582902371539,73.2,B
2020,Kentucky,15,Secondary,0.6405344316751671,74.6,B
2020,Kentucky,15,WR/TE,-1.3433560273794605,44.8,F
2020,LSU,15,DL/EDGE,-0.2802779169274444,60.8,C-
2020,LSU,15,OL,-0.0503530274873385,64.2,C
2020,LSU,15,QB,-0.2747509162838987,60.9,C-
2020,LSU,15,RB,-0.48900706543538075,57.7,D+
2020,LSU,15,Secondary,-1.2771055730474166,45.8,F
2020,LSU,15,WR/TE,0.027476008846818667,65.4,C
2020,Liberty,15,DL/EDGE,-0.3559233535260443,59.7,D+
2020,Liberty,15,OL,0.25910991978057824,68.9,C+
2020,Liberty,15,QB,0.771081026970249,76.6,B
2020,Liberty,15,RB,1.183337071903214,82.8,A-
2020,Liberty,15,Secondary,0.9223990903492997,78.8,B+
2020,Liberty,15,WR/TE,0.9759645049236956,79.6,B+
2020,Louisiana,15,DL/EDGE,-0.3726034536423174,59.4,D+
2020,Louisiana,15,OL,0.7448069353089622,76.2,B
2020,Louisiana,15,QB,-0.026038845254238524,64.6,C
2020,Louisiana,15,RB,0.5719054673509648,73.6,B
2020,Louisiana,15,Secondary,1.723095999361051,90.8,A+
2020,Louisiana,15,WR/TE,0.2932450935656835,69.4,C+
2020,Louisiana Tech,15,DL/EDGE,-0.31226525684255724,60.3,C-
2020,Louisiana Tech,15,OL,-0.5519980889311064,56.7,D
2020,Louisiana Tech,15,QB,-0.4727705303086964,57.9,D+
2020,Louisiana Tech,15,RB,-1.0111978353042503,49.8,F
2020,Louisiana Tech,15,Secondary,-0.2515148094097563,61.2,C-
2020,Louisiana Tech,15,WR/TE,-0.41336759038756676,58.8,D+
2020,Louisville,15,DL/EDGE,-0.10342274705353427,63.4,C
2020,Louisville,15,OL,-0.09847084510168824,63.5,C
2020,Louisville,15,QB,0.7737484211562696,76.6,B
2020,Louisville,15,RB,0.915503261459458,78.7,B+
2020,Louisville,15,Secondary,-0.06329048437397226,64.1,C
2020,Louisville,15,WR/TE,0.8229626701629975,77.3,B+
2020,Marshall,15,DL/EDGE,0.5161692386259085,72.7,B-
2020,Marshall,15,OL,0.8860279392989224,78.3,B+
2020,Marshall,15,QB,0.28156840973293906,69.2,C+
2020,Marshall,15,RB,0.12484510897016265,66.9,C
2020,Marshall,15,Secondary,1.1392932377346383,82.1,A-
2020,Marshall,15,WR/TE,0.4813584146257878,72.2,B-
2020,Maryland,15,DL/EDGE,0.11844478793713625,66.8,C
2020,Maryland,15,OL,0.18290519613239722,67.7,C+
2020,Maryland,15,QB,0.3004721810460682,69.5,C+
2020,Maryland,15,RB,0.7203682137492197,75.8,B
2020,Maryland,15,Secondary,0.589095183921697,73.8,B
2020,Maryland,15,WR/TE,0.4538861149350854,71.8,B-
2020,Massachusetts,15,DL/EDGE,0.09061465077221198,66.4,C
2020,Massachusetts,15,OL,-1.1078874229288342,48.4,F
2020,Massachusetts,15,QB,-1.4164878526562703,43.8,F
2020,Massachusetts,15,RB,-1.602586454442301,41.0,F
2020,Massachusetts,15,Secondary,-0.5249117805706051,57.1,D+
2020,Massachusetts,15,WR/TE,-2.057584683288662,34.1,F
2020,Memphis,15,DL/EDGE,-0.19082115997726368,62.1,C-
2020,Memphis,15,OL,-0.376017509266041,59.4,D+
2020,Memphis,15,QB,0.2754408039812296,69.1,C+
2020,Memphis,15,RB,-0.4651941847155097,58.0,D+
2020,Memphis,15,Secondary,-0.19760024447784078,62.0,C-
2020,Memphis,15,WR/TE,0.8480711907242925,77.7,B+
2020,Miami,15,DL/EDGE,0.1396120606117759,67.1,C+
2020,Miami,15,OL,-0.5062254996906295,57.4,D+
2020,Miami,15,QB,0.5507945161309833,73.3,B
2020,Miami,15,RB,0.43754032043132596,71.6,B-
2020,Miami,15,Secondary,0.2555136897767003,68.8,C+
2020,Miami,15,WR/TE,0.8938076486646818,78.4,B+
2020,Miami (OH),15,DL/EDGE,0.027479044442431405,65.4,C
2020,Miami (OH),15,OL,0.30742381798281465,69.6,C+
2020,Miami (OH),15,QB,0.5509506145086824,73.3,B
2020,Miami (OH),15,RB,-0.915483271509788,51.3,D-
2020,Miami (OH),15,Secondary,-1.1688428301330054,47.5,F
2020,Miami (OH),15,WR/TE,0.07702287652901045,66.2,C
2020,Michigan,15,DL/EDGE,-0.5366630838276395,57.0,D
2020,Michigan,15,OL,0.7168594532056767,75.8,B
2020,Michigan,15,QB,-0.059785359131691446,64.1,C
2020,Michigan,15,RB,0.4410528502751479,71.6,B-
2020,Michigan,15,Secondary,-0.08094630931166862,63.8,C
2020,Michigan,15,WR/TE,-0.590946829550794,56.1,D
2020,Michigan State,15,DL/EDGE,0.19221510050405446,67.9,C+
2020,Michigan State,15,OL,-0.9479173133991059,50.8,D-
2020,Michigan State,15,QB,-0.8229390202581995,52.7,D-
2020,Michigan State,15,RB,-1.674539666368891,39.9,F
2020,Michigan State,15,Secondary,0.09288698891044703,66.4,C
2020,Michigan State,15,WR/TE,-0.23724848062680703,61.4,C-
2020,Middle Tennessee,15,DL/EDGE,-0.5222435752288839,57.2,D+
2020,Middle Tennessee,15,OL,-0.2756406909738924,60.9,C-
2020,Middle Tennessee,15,QB,-0.08544520155043969,63.7,C
2020,Middle Tennessee,15,RB,-0.19199655464259965,62.1,C-
2020,Middle Tennessee,15,Secondary,0.16212003345691375,67.4,C+
2020,Middle Tennessee,15,WR/TE,-0.8244391921064277,52.6,D-
2020,Minnesota,15,DL/EDGE,-1.8187897965883937,37.7,F
2020,Minnesota,15,OL,0.08903047705927643,66.3,C
2020,Minnesota,15,QB,0.17625248472578928,67.6,C+
2020,Minnesota,15,RB,0.23803046988507898,68.6,C+
2020,Minnesota,15,Secondary,-0.40678370210530124,58.9,D+
2020,Minnesota,15,WR/TE,-0.2495046862439301,61.3,C-
2020,Mississippi State,15,DL/EDGE,-0.10553423360803976,63.4,C
2020,Mississippi State,15,OL,0.03568351549701265,65.5,C
2020,Mississippi State,15,QB,-0.46670022836032937,58.0,D+
2020,Mississippi State,15,RB,-1.5096418312390756,42.4,F
2020,Mississippi State,15,Secondary,-0.4406056574359706,58.4,D+
2020,Mississippi State,15,WR/TE,-0.5585653164596786,56.6,D
2020,Missouri,15,DL/EDGE,-0.3241632667740837,60.1,C-
2020,Missouri,15,OL,-0.1699464829382116,62.5,C-
2020,Missouri,15,QB,0.5512000449796447,73.3,B
2020,Missouri,15,RB,-0.6195375862873396,55.7,D
2020,Missouri,15,Secondary,-0.9502646044443939,50.7,D-
2020,Missouri,15,WR/TE,0.15731297621369625,67.4,C+
2020,NC State,15,DL/EDGE,0.3307159292886872,70.0,C+
2020,NC State,15,OL,-0.5638265147094799,56.5,D
2020,NC State,15,QB,0.3733816362472092,70.6,B-
2020,NC State,15,RB,-0.49073497531002863,57.6,D+
2020,NC State,15,Secondary,0.10462733140689882,66.6,C
2020,NC State,15,WR/TE,-0.0409170922736016,64.4,C
2020,Navy,15,DL/EDGE,-0.7976967125863693,53.0,D
2020,Navy,15,OL,-1.4315341713438927,43.5,F
2020,Navy,15,QB,-0.08690381672653247,63.7,C
2020,Navy,15,RB,-0.8549349113509542,52.2,D-
2020,Navy,15,Secondary,-0.39130657216719195,59.1,D+
2020,Navy,15,WR/TE,0.05781020192538541,65.9,C
2020,Nebraska,15,DL/EDGE,0.19330420651995173,67.9,C+
2020,Nebraska,15,OL,0.3095412245608888,69.6,C+
2020,Nebraska,15,QB,-0.27419053889283707,60.9,C-
2020,Nebraska,15,RB,-0.24345908796890636,61.3,C-
2020,Nebraska,15,Secondary,-0.4197632236406193,58.7,D+
2020,Nebraska,15,WR/TE,-1.1173194334623762,48.2,F
2020,Nevada,15,DL/EDGE,-0.1539612749788583,62.7,C-
2020,Nevada,15,OL,0.5473122836661383,73.2,B
2020,Nevada,15,QB,0.9138795251318421,78.7,B+
2020,Nevada,15,RB,0.1346511732943914,67.0,C+
2020,Nevada,15,Secondary,0.49513903065466686,72.4,B-
2020,Nevada,15,WR/TE,0.6417046437887836,74.6,B
2020,New Mexico,15,DL/EDGE,-0.35240519524306757,59.7,D+
2020,New Mexico,15,OL,0.2740396672794768,69.1,C+
2020,New Mexico,15,QB,-0.9892740474784455,50.2,D-
2020,New Mexico,15,RB,0.1886464413061288,67.8,C+
2020,New Mexico,15,Secondary,-1.1144710316478752,48.3,F
2020,New Mexico,15,WR/TE,-0.7975371963910055,53.0,D
2020,North Carolina,15,DL/EDGE,0.0881273709777149,66.3,C
2020,North Carolina,15,OL,0.8004991890708867,77.0,B+
2020,North Carolina,15,QB,1.1490809421991302,82.2,A-
2020,North Carolina,15,RB,1.53056576145236,88.0,A
2020,North Carolina,15,Secondary,-0.48592321617602563,57.7,D+
2020,North Carolina,15,WR/TE,1.7207601030878694,90.8,A+
2020,North Texas,15,DL/EDGE,-0.3942032924834623,59.1,D+
2020,North Texas,15,OL,1.083075425477921,81.2,A-
2020,North Texas,15,QB,0.3057175308413628,69.6,C+
2020,North Texas,15,RB,0.807104653695882,77.1,B+
2020,North Texas,15,Secondary,-0.633014181795486,55.5,D
2020,North Texas,15,WR/TE,0.8038769230758407,77.1,B+
2020,Northern Illinois,15,DL/EDGE,-0.10543513367171761,63.4,C
2020,Northern Illinois,15,OL,-0.2625813349965129,61.1,C-
2020,Northern Illinois,15,QB,-0.35896751551389017,59.6,D+
2020,Northern Illinois,15,RB,-1.3474811303445495,44.8,F
2020,Northern Illinois,15,Secondary,-0.7004987896371099,54.5,D
2020,Northern Illinois,15,WR/TE,-1.1346197911871307,48.0,F
2020,Northwestern,15,DL/EDGE,-0.35334353453776446,59.7,D+
2020,Northwestern,15,OL,-0.3074611138389881,60.4,C-
2020,Northwestern,15,QB,-0.3631571259888916,59.6,D+
2020,Northwestern,15,RB,-0.7409917135631945,53.9,D
2020,Northwestern,15,Secondary,2.153309616942924,97.3,A+
2020,Northwestern,15,WR/TE,-1.2668556730818832,46.0,F
2020,Notre Dame,15,DL/EDGE,0.8438943712906603,77.7,B+
2020,Notre Dame,15,OL,0.3217654376145017,69.8,C+
2020,Notre Dame,15,QB,0.6933280584952695,75.4,B
2020,Notre Dame,15,RB,0.7751499732922954,76.6,B
2020,Notre Dame,15,Secondary,0.096460033102754,66.4,C
2020,Notre Dame,15,WR/TE,0.7562772146736862,76.3,B
2020,Ohio,15,DL/EDGE,-0.7942475695432625,53.1,D
2020,Ohio,15,OL,0.2844907094679615,69.3,C+
2020,Ohio,15,QB,0.0038727657094765264,65.1,C
2020,Ohio,15,RB,0.6972898678321588,75.5,B
2020,Ohio,15,Secondary,0.9154408602227531,78.7,B+
2020,Ohio,15,WR/TE,-0.1915992863116788,62.1,C-
2020,Ohio State,15,DL/EDGE,-0.0839015270532471,63.7,C
2020,Ohio State,15,OL,0.5287312420564669,72.9,B-
2020,Ohio State,15,QB,1.4587064115961839,86.9,A
2020,Ohio State,15,RB,1.2965133198717136,84.4,A-
2020,Ohio State,15,Secondary,0.3540376213422209,70.3,B-
2020,Ohio State,15,WR/TE,1.250592623157527,83.8,A-
2020,Oklahoma,15,DL/EDGE,0.80632423628285,77.1,B+
2020,Oklahoma,15,OL,-0.4464084483664177,58.3,D+
2020,Oklahoma,15,QB,1.1522858213641032,82.3,A-
2020,Oklahoma,15,RB,-0.6410605288077291,55.4,D
2020,Oklahoma,15,Secondary,0.6857548228486791,75.3,B
2020,Oklahoma,15,WR/TE,0.6884670663805363,75.3,B
2020,Oklahoma State,15,DL/EDGE,0.5473448125715265,73.2,B
2020,Oklahoma State,15,OL,-0.626675274499547,55.6,D
2020,Oklahoma State,15,QB,0.046407413118582125,65.7,C
2020,Oklahoma State,15,RB,0.03172699169923597,65.5,C
2020,Oklahoma State,15,Secondary,0.37707354479927696,70.7,B-
2020,Oklahoma State,15,WR/TE,0.35007453272264866,70.3,B-
2020,Ole Miss,15,DL/EDGE,-1.0659695194092609,49.0,F
2020,Ole Miss,15,OL,-0.21597738479213643,61.8,C-
2020,Ole Miss,15,QB,1.8013525799560528,92.0,A+
2020,Ole Miss,15,RB,-0.15397348182112974,62.7,C-
2020,Ole Miss,15,Secondary,-0.3655300652794433,59.5,D+
2020,Ole Miss,15,WR/TE,1.8871536310674208,93.3,A+
2020,Oregon,15,DL/EDGE,-0.24990668098951768,61.3,C-
2020,Oregon,15,OL,0.6599148723284882,74.9,B
2020,Oregon,15,QB,1.1089869940257446,81.6,A-
2020,Oregon,15,RB,-0.1961767383237285,62.1,C-
2020,Oregon,15,Secondary,-0.0069148423508700605,64.9,C
2020,Oregon,15,WR/TE,1.0696014607182274,81.0,A-
2020,Oregon State,15,DL/EDGE,-0.7662280547237783,53.5,D
2020,Oregon State,15,OL,1.2609493948265154,83.9,A-
2020,Oregon State,15,QB,-0.604277266507896,55.9,D
2020,Oregon State,15,RB,1.2806034413669107,84.2,A-
2020,Oregon State,15,Secondary,0.04096920891750406,65.6,C
2020,Oregon State,15,WR/TE,-0.7189075157263027,54.2,D
2020,Penn State,15,DL/EDGE,0.35896777624305753,70.4,B-
2020,Penn State,15,OL,-0.372804269275406,59.4,D+
2020,Penn State,15,QB,-0.4089028424318666,58.9,D+
2020,Penn State,15,RB,-0.5561892869984045,56.7,D
2020,Penn State,15,Secondary,-0.15205239097643083,62.7,C-
2020,Penn State,15,WR/TE,0.18448859157141645,67.8,C+
2020,Pittsburgh,15,DL/EDGE,1.6609945304795817,89.9,A
2020,Pittsburgh,15,OL,-0.2496393116042056,61.3,C-
2020,Pittsburgh,15,QB,-0.4331448095253607,58.5,D+
2020,Pittsburgh,15,RB,-0.11963102846164081,63.2,C
2020,Pittsburgh,15,Secondary,0.12345488766133324,66.9,C
2020,Pittsburgh,15,WR/TE,-0.11570222654808718,63.3,C
2020,Purdue,15,DL/EDGE,0.26472436694235735,69.0,C+
2020,Purdue,15,OL,0.010846740373847252,65.2,C
2020,Purdue,15,QB,0.3776817599327188,70.7,B-
2020,Purdue,15,RB,-0.6816373831265928,54.8,D
2020,Purdue,15,Secondary,-0.3525721936855652,59.7,D+
2020,Purdue,15,WR/TE,0.40444762698257003,71.1,B-
2020,Rice,15,DL/EDGE,-0.3373620173718902,59.9,D+
2020,Rice,15,OL,-0.9390507035050791,50.9,D-
2020,Rice,15,QB,0.07819549337892548,66.2,C
2020,Rice,15,RB,-1.3838437893678088,44.2,F
2020,Rice,15,Secondary,0.3099488559401452,69.6,C+
2020,Rice,15,WR/TE,0.3867372362009617,70.8,B-
2020,Rutgers,15,DL/EDGE,0.4655779323021583,72.0,B-
2020,Rutgers,15,OL,-0.4930160555361266,57.6,D+
2020,Rutgers,15,QB,-0.550344500681368,56.7,D
2020,Rutgers,15,RB,-0.369740573327362,59.5,D+
2020,Rutgers,15,Secondary,-0.05746679109370157,64.1,C
2020,Rutgers,15,WR/TE,-0.7059748154877824,54.4,D
2020,SMU,15,DL/EDGE,0.5433269585949385,73.1,B
2020,SMU,15,OL,0.3340573386205258,70.0,B-
2020,SMU,15,QB,1.078711500696631,81.2,A-
2020,SMU,15,RB,0.6565310553164976,74.8,B
2020,SMU,15,Secondary,-0.29567016828248993,60.6,C-
2020,SMU,15,WR/TE,1.0210547670794152,80.3,A-
2020,San Diego State,15,DL/EDGE,0.824242663779823,77.4,B+
2020,San Diego State,15,OL,-1.188971628490456,47.2,F
2020,San Diego State,15,QB,-0.775447648415858,53.4,D
2020,San Diego State,15,RB,0.15004470468967177,67.3,C+
2020,San Diego State,15,Secondary,0.8969184354436157,78.5,B+
2020,San Diego State,15,WR/TE,-1.0736042557144854,48.9,F
2020,San José State,15,DL/EDGE,0.32645278913277326,69.9,C+
2020,San José State,15,OL,0.333639535646557,70.0,B-
2020,San José State,15,QB,0.8840248665903219,78.3,B+
2020,San José State,15,RB,0.6278291516423419,74.4,B
2020,San José State,15,Secondary,0.6469062917898721,74.7,B
2020,San José State,15,WR/TE,0.6043336756906406,74.1,B
2020,South Alabama,15,DL/EDGE,-0.5517369406918978,56.7,D
2020,South Alabama,15,OL,-1.3544664530954975,44.7,F
2020,South Alabama,15,QB,0.3205532253022029,69.8,C+
2020,South Alabama,15,RB,-0.9469041873909287,50.8,D-
2020,South Alabama,15,Secondary,-0.691105171419678,54.6,D
2020,South Alabama,15,WR/TE,0.440586400341924,71.6,B-
2020,South Carolina,15,DL/EDGE,-0.924165835778819,51.1,D-
2020,South Carolina,15,OL,0.029403523245641994,65.4,C
2020,South Carolina,15,QB,-0.4399337789183318,58.4,D+
2020,South Carolina,15,RB,0.7528717388421777,76.3,B
2020,South Carolina,15,Secondary,-0.837177956583033,52.4,D-
2020,South Carolina,15,WR/TE,-0.7123727448803843,54.3,D
2020,South Florida,15,DL/EDGE,-0.5855339536193811,56.2,D
2020,South Florida,15,OL,-0.4345861166627285,58.5,D+
2020,South Florida,15,QB,-0.6533532631501561,55.2,D
2020,South Florida,15,RB,-0.5506711642811932,56.7,D
2020,South Florida,15,Secondary,-0.5120816144979046,57.3,D+
2020,South Florida,15,WR/TE,-0.41810115814159576,58.7,D+
2020,Southern Miss,15,DL/EDGE,-0.7365616467686095,54.0,D
2020,Southern Miss,15,OL,-0.107111703206991,63.4,C
2020,Southern Miss,15,QB,0.3019437603250007,69.5,C+
2020,Southern Miss,15,RB,0.3229068549069771,69.8,C+
2020,Southern Miss,15,Secondary,-0.47890914880421437,57.8,D+
2020,Southern Miss,15,WR/TE,0.7519533833033409,76.3,B
2020,Stanford,15,DL/EDGE,-1.1984906840401255,47.0,F
2020,Stanford,15,OL,0.7860539366131294,76.8,B
2020,Stanford,15,QB,0.8305429109731156,77.5,B+
2020,Stanford,15,RB,0.18715719302070657,67.8,C+
2020,Stanford,15,Secondary,-0.8661614888446253,52.0,D-
2020,Stanford,15,WR/TE,-0.06412561087404678,64.0,C
2020,Syracuse,15,DL/EDGE,0.08517525497961112,66.3,C
2020,Syracuse,15,OL,-0.5821536135629669,56.3,D
2020,Syracuse,15,QB,-1.0762578810654653,48.9,F
2020,Syracuse,15,RB,-0.16511484875797416,62.5,C-
2020,Syracuse,15,Secondary,-0.25792420930227294,61.1,C-
2020,Syracuse,15,WR/TE,-0.6050359544804715,55.9,D
2020,TCU,15,DL/EDGE,0.731969034782024,76.0,B
2020,TCU,15,OL,0.026614341980992218,65.4,C
2020,TCU,15,QB,0.011994812189396933,65.2,C
2020,TCU,15,RB,1.0663064624851986,81.0,A-
2020,TCU,15,Secondary,-0.04552233654504544,64.3,C
2020,TCU,15,WR/TE,0.0009775511102462497,65.0,C
2020,Temple,15,DL/EDGE,0.0887048178897748,66.3,C
2020,Temple,15,OL,-0.28333727191260405,60.7,C-
2020,Temple,15,QB,-0.7719615063789231,53.4,D
2020,Temple,15,RB,-0.8431032408172356,52.4,D-
2020,Temple,15,Secondary,-1.0387644083280734,49.4,F
2020,Temple,15,WR/TE,-0.28198683156083176,60.8,C-
2020,Tennessee,15,DL/EDGE,0.16310183122409147,67.4,C+
2020,Tennessee,15,OL,-0.03520659028920997,64.5,C
2020,Tennessee,15,QB,-0.3821667098942092,59.3,D+
2020,Tennessee,15,RB,-0.4202373500515024,58.7,D+
2020,Tennessee,15,Secondary,-0.6183008040669211,55.7,D
2020,Tennessee,15,WR/TE,-0.22834544919484975,61.6,C-
2020,Texas,15,DL/EDGE,0.21748907163560624,68.3,C+
2020,Texas,15,OL,0.44237969013393574,71.6,B-
2020,Texas,15,QB,0.03126856035051947,65.5,C
2020,Texas,15,RB,0.556121784906029,73.3,B
2020,Texas,15,Secondary,0.4623994940340616,71.9,B-
2020,Texas,15,WR/TE,0.22530618573430564,68.4,C+
2020,Texas A&M,15,DL/EDGE,0.036698768117559566,65.6,C
2020,Texas A&M,15,OL,0.5363714126054446,73.0,B
2020,Texas A&M,15,QB,0.44457454952029773,71.7,B-
2020,Texas A&M,15,RB,0.49225558599726077,72.4,B-
2020,Texas A&M,15,Secondary,0.5019299849675565,72.5,B-
2020,Texas A&M,15,WR/TE,0.1717958343431199,67.6,C+
2020,Texas State,15,DL/EDGE,-0.8469608458463634,52.3,D-
2020,Texas State,15,OL,0.00035031344025809874,65.0,C
2020,Texas State,15,QB,0.09454555394111003,66.4,C
2020,Texas State,15,RB,-0.010005117746702541,64.8,C
2020,Texas State,15,Secondary,-0.6906023610044639,54.6,D
2020,Texas State,15,WR/TE,-0.04293011052566209,64.4,C
2020,Texas Tech,15,DL/EDGE,-0.18878625837393495,62.2,C-
2020,Texas Tech,15,OL,0.5472092931363979,73.2,B
2020,Texas Tech,15,QB,-0.2925528652483402,60.6,C-
2020,Texas Tech,15,RB,0.18137680456428323,67.7,C+
2020,Texas Tech,15,Secondary,-0.053473582740635996,64.2,C
2020,Texas Tech,15,WR/TE,-0.08083993870846153,63.8,C
2020,Toledo,15,DL/EDGE,0.2621383713388031,68.9,C+
2020,Toledo,15,OL,-0.7548667567209958,53.7,D
2020,Toledo,15,QB,0.8445030963951913,77.7,B+
2020,Toledo,15,RB,-0.4248897857426856,58.6,D+
2020,Toledo,15,Secondary,0.6691791515013705,75.0,B
2020,Toledo,15,WR/TE,0.8039449717460945,77.1,B+
2020,Troy,15,DL/EDGE,-0.0360140992983468,64.5,C
2020,Troy,15,OL,0.3434177617680342,70.2,B-
2020,Troy,15,QB,0.11395447534946569,66.7,C
2020,Troy,15,RB,-0.3715498847347882,59.4,D+
2020,Troy,15,Secondary,-0.0006632593514787067,65.0,C
2020,Troy,15,WR/TE,-0.15770882822694876,62.6,C-
2020,Tulane,15,DL/EDGE,1.00545341972562,80.1,A-
2020,Tulane,15,OL,-0.11460594889381748,63.3,C
2020,Tulane,15,QB,-0.8150998585617654,52.8,D-
2020,Tulane,15,RB,0.5298724642726004,72.9,B-
2020,Tulane,15,Secondary,-1.0426172829799425,49.4,F
2020,Tulane,15,WR/TE,-0.7470018981034721,53.8,D
2020,Tulsa,15,DL/EDGE,1.0255978706405853,80.4,A-
2020,Tulsa,15,OL,-0.3679918857824835,59.5,D+
2020,Tulsa,15,QB,-0.01181723994081084,64.8,C
2020,Tulsa,15,RB,-0.21709487513077605,61.7,C-
2020,Tulsa,15,Secondary,1.3753405944862593,85.6,A
2020,Tulsa,15,WR/TE,-0.04629262286870232,64.3,C
2020,UAB,15,DL/EDGE,0.11458525822833396,66.7,C
2020,UAB,15,OL,0.07908688277734183,66.2,C
2020,UAB,15,QB,-0.3205202815111234,60.2,C-
2020,UAB,15,RB,0.18590693386055057,67.8,C+
2020,UAB,15,Secondary,1.4054791393869495,86.1,A
2020,UAB,15,WR/TE,-0.201470662206127,62.0,C-
2020,UCF,15,DL/EDGE,0.47863832392430666,72.2,B-
2020,UCF,15,OL,0.23364968885169743,68.5,C+
2020,UCF,15,QB,0.7353722470973012,76.0,B
2020,UCF,15,RB,0.09469844404564738,66.4,C
2020,UCF,15,Secondary,-0.15371857678407566,62.7,C-
2020,UCF,15,WR/TE,1.4322094241494079,86.5,A
2020,UCLA,15,DL/EDGE,0.9391169790641711,79.1,B+
2020,UCLA,15,OL,-0.033636156527021954,64.5,C
2020,UCLA,15,QB,0.30915735882304496,69.6,C+
2020,UCLA,15,RB,0.0329382761699126,65.5,C
2020,UCLA,15,Secondary,0.8270337667337988,77.4,B+
2020,UCLA,15,WR/TE,0.3612127658293456,70.4,B-
2020,UL Monroe,15,DL/EDGE,-0.4294156201354828,58.6,D+
2020,UL Monroe,15,OL,0.08868031315967423,66.3,C
2020,UL Monroe,15,QB,-0.8313973012880114,52.5,D-
2020,UL Monroe,15,RB,-1.0856763171202004,48.7,F
2020,UL Monroe,15,Secondary,-2.279402722407711,30.8,F
2020,UL Monroe,15,WR/TE,-1.2055866699083753,46.9,F
2020,UNLV,15,DL/EDGE,-0.44758728090504873,58.3,D+
2020,UNLV,15,OL,-0.5593154310259655,56.6,D
2020,UNLV,15,QB,-0.7542305288024187,53.7,D
2020,UNLV,15,RB,0.14653627626126192,67.2,C+
2020,UNLV,15,Secondary,-1.1811975359386917,47.3,F
2020,UNLV,15,WR/TE,-0.970036962643676,50.4,D-
2020,USC,15,DL/EDGE,0.02385582392934213,65.4,C
2020,USC,15,OL,-0.32243562865348985,60.2,C-
2020,USC,15,QB,0.3111119436460268,69.7,C+
2020,USC,15,RB,-1.0269214638774777,49.6,F
2020,USC,15,Secondary,0.7050134790647059,75.6,B
2020,USC,15,WR/TE,0.07383987966402575,66.1,C
2020,UTEP,15,DL/EDGE,-0.06075086084842758,64.1,C
2020,UTEP,15,OL,-0.14559715621031763,62.8,C-
2020,UTEP,15,QB,-0.2836848255861926,60.7,C-
2020,UTEP,15,RB,-1.0429377530360227,49.4,F
2020,UTEP,15,Secondary,-0.3509485559675211,59.7,D+
2020,UTEP,15,WR/TE,0.2709236849113571,69.1,C+
2020,UTSA,15,DL/EDGE,0.28771156893922695,69.3,C+
2020,UTSA,15,OL,0.3844472646927057,70.8,B-
2020,UTSA,15,QB,-0.2546740624629129,61.2,C-
2020,UTSA,15,RB,0.7866055749571045,76.8,B
2020,UTSA,15,Secondary,-0.12593919515933605,63.1,C
2020,UTSA,15,WR/TE,-0.5929697687258797,56.1,D
2020,Utah,15,DL/EDGE,-0.4838181852132915,57.7,D+
2020,Utah,15,OL,0.0468468974156252,65.7,C
2020,Utah,15,QB,-0.4040973650436148,58.9,D+
2020,Utah,15,RB,0.3110618741180954,69.7,C+
2020,Utah,15,Secondary,0.5921991902190671,73.9,B
2020,Utah,15,WR/TE,-1.0078177963691861,49.9,F
2020,Utah State,15,DL/EDGE,-0.2065960657182014,61.9,C-
2020,Utah State,15,OL,0.24990405506312657,68.7,C+
2020,Utah State,15,QB,-1.3799099503684322,44.3,F
2020,Utah State,15,RB,0.17790178625101039,67.7,C+
2020,Utah State,15,Secondary,-0.43066786709954513,58.5,D+
2020,Utah State,15,WR/TE,-1.4770100366976375,42.8,F
2020,Vanderbilt,15,DL/EDGE,-1.3078470553038437,45.4,F
2020,Vanderbilt,15,OL,-0.32563937830753553,60.1,C-
2020,Vanderbilt,15,QB,-0.48534995240485135,57.7,D+
2020,Vanderbilt,15,RB,-1.0264520036086542,49.6,F
2020,Vanderbilt,15,Secondary,-1.1078300759703426,48.4,F
2020,Vanderbilt,15,WR/TE,-0.5887417794002959,56.2,D
2020,Virginia,15,DL/EDGE,0.3787904279201188,70.7,B-
2020,Virginia,15,OL,0.5768180762860985,73.7,B
2020,Virginia,15,QB,-0.47912452678535533,57.8,D+
2020,Virginia,15,RB,0.1541032789937473,67.3,C+
2020,Virginia,15,Secondary,-0.9900745485129612,50.1,D-
2020,Virginia,15,WR/TE,0.2762028236766406,69.1,C+
2020,Virginia Tech,15,DL/EDGE,-0.03575306456862232,64.5,C
2020,Virginia Tech,15,OL,0.44680443139512765,71.7,B-
2020,Virginia Tech,15,QB,0.28500341935515106,69.3,C+
2020,Virginia Tech,15,RB,1.0400662773341824,80.6,A-
2020,Virginia Tech,15,Secondary,-0.12789322493677213,63.1,C
2020,Virginia Tech,15,WR/TE,0.1985636091574297,68.0,C+
2020,Wake Forest,15,DL/EDGE,0.18052340513452073,67.7,C+
2020,Wake Forest,15,OL,-0.6516915698443757,55.2,D
2020,Wake Forest,15,QB,0.5578882258055207,73.4,B
2020,Wake Forest,15,RB,0.2890814947094281,69.3,C+
2020,Wake Forest,15,Secondary,0.44601117008846586,71.7,B-
2020,Wake Forest,15,WR/TE,0.5950967964422624,73.9,B
2020,Washington,15,DL/EDGE,-0.7492820282792654,53.8,D
2020,Washington,15,OL,0.3839912770723543,70.8,B-
2020,Washington,15,QB,0.8723609352431011,78.1,B+
2020,Washington,15,RB,-0.037289519107564006,64.4,C
2020,Washington,15,Secondary,0.4485604250032401,71.7,B-
2020,Washington,15,WR/TE,0.5120291210501748,72.7,B-
2020,Washington State,15,DL/EDGE,-1.0952286591842129,48.6,F
2020,Washington State,15,OL,0.6864538102374768,75.3,B
2020,Washington State,15,QB,-0.11468980073126188,63.3,C
2020,Washington State,15,RB,0.3547817833677252,70.3,B-
2020,Washington State,15,Secondary,-1.2611295549494277,46.1,F
2020,Washington State,15,WR/TE,-0.7820587803060681,53.3,D
2020,West Virginia,15,DL/EDGE,0.9086128002649139,78.6,B+
2020,West Virginia,15,OL,-0.30583720221217203,60.4,C-
2020,West Virginia,15,QB,0.4658002863633619,72.0,B-
2020,West Virginia,15,RB,0.13174763994519315,67.0,C
2020,West Virginia,15,Secondary,0.550163288822454,73.3,B
2020,West Virginia,15,WR/TE,-0.031006192711238337,64.5,C
2020,Western Kentucky,15,DL/EDGE,0.02773183880713044,65.4,C
2020,Western Kentucky,15,OL,-0.3126345856984529,60.3,C-
2020,Western Kentucky,15,QB,-0.8748423689573945,51.9,D-
2020,Western Kentucky,15,RB,-0.7131890633326294,54.3,D
2020,Western Kentucky,15,Secondary,0.3255875838848428,69.9,C+
2020,Western Kentucky,15,WR/TE,-1.4268514785773725,43.6,F
2020,Western Michigan,15,DL/EDGE,0.6440744301250779,74.7,B
2020,Western Michigan,15,OL,0.7854306807511361,76.8,B
2020,Western Michigan,15,QB,1.4063456339403222,86.1,A
2020,Western Michigan,15,RB,0.0005759308162051058,65.0,C
2020,Western Michigan,15,Secondary,-0.580650560211174,56.3,D
2020,Western Michigan,15,WR/TE,1.6844651214675759,90.3,A+
2020,Wisconsin,15,DL/EDGE,0.05688893833982511,65.9,C
2020,Wisconsin,15,OL,0.21229101389507524,68.2,C+
2020,Wisconsin,15,QB,-0.7035464856580845,54.4,D
2020,Wisconsin,15,RB,-0.49133317312638125,57.6,D+
2020,Wisconsin,15,Secondary,1.1866734802652583,82.8,A-
2020,Wisconsin,15,WR/TE,-0.7733363315062863,53.4,D
2020,Wyoming,15,DL/EDGE,0.8235083889264011,77.4,B+
2020,Wyoming,15,OL,-0.009927810608605842,64.9,C
2020,Wyoming,15,QB,-0.9339318316422658,51.0,D-
2020,Wyoming,15,RB,0.5177145891361754,72.8,B-
2020,Wyoming,15,Secondary,0.5037831707901547,72.6,B-
2020,Wyoming,15,WR/TE,-0.71003905100896,54.3,D
2021,Air Force,15,DL/EDGE,0.11034180215198885,66.7,C
2021,Air Force,15,OL,0.032148262383669024,65.5,C
2021,Air Force,15,QB,0.3698718309583023,70.5,B-
2021,Air Force,15,RB,0.790063041540727,76.9,B
2021,Air Force,15,Secondary,-0.2288559374635307,61.6,C-
2021,Air Force,15,WR/TE,1.6375247921894176,89.6,A
2021,Akron,15,DL/EDGE,-1.170731842530076,47.4,F
2021,Akron,15,OL,-0.4881942897372019,57.7,D+
2021,Akron,15,QB,0.15130699382505935,67.3,C+
2021,Akron,15,RB,-0.06602443472674857,64.0,C
2021,Akron,15,Secondary,-1.0401841086867847,49.4,F
2021,Akron,15,WR/TE,-0.15831914937919211,62.6,C-
2021,Alabama,15,DL/EDGE,1.842335079449197,92.6,A+
2021,Alabama,15,OL,-0.5271172505090759,57.1,D+
2021,Alabama,15,QB,1.73334841854631,91.0,A+
2021,Alabama,15,RB,-0.14937312753098525,62.8,C-
2021,Alabama,15,Secondary,0.4345023331577652,71.5,B-
2021,Alabama,15,WR/TE,1.918855503774746,93.8,A+
2021,App State,15,DL/EDGE,1.9553114526412487,94.3,A+
2021,App State,15,OL,0.003645406751570518,65.1,C
2021,App State,15,QB,0.40467083935995596,71.1,B-
2021,App State,15,RB,-0.6967376061664454,54.5,D
2021,App State,15,Secondary,0.6640936889152991,75.0,B
2021,App State,15,WR/TE,0.5195293775656218,72.8,B-
2021,Arizona,15,DL/EDGE,0.3344798898285378,70.0,B-
2021,Arizona,15,OL,-0.42114562885455353,58.7,D+
2021,Arizona,15,QB,-0.6719370206905326,54.9,D
2021,Arizona,15,RB,-0.02786093407756926,64.6,C
2021,Arizona,15,Secondary,-1.074891690786957,48.9,F
2021,Arizona,15,WR/TE,-0.7001926779481744,54.5,D
2021,Arizona State,15,DL/EDGE,-0.21671613857462008,61.7,C-
2021,Arizona State,15,OL,0.5419691512749237,73.1,B
2021,Arizona State,15,QB,0.4035703755659688,71.1,B-
2021,Arizona State,15,RB,0.35174306312255477,70.3,B-
2021,Arizona State,15,Secondary,1.149505094418681,82.2,A-
2021,Arizona State,15,WR/TE,0.22956339658368968,68.4,C+
2021,Arkansas,15,DL/EDGE,0.649002107729286,74.7,B
2021,Arkansas,15,OL,-0.3967159181742446,59.0,D+
2021,Arkansas,15,QB,0.9632980103267016,79.4,B+
2021,Arkansas,15,RB,0.09394811905267197,66.4,C
2021,Arkansas,15,Secondary,0.29334243479384287,69.4,C+
2021,Arkansas,15,WR/TE,1.1267347080786616,81.9,A-
2021,Arkansas State,15,DL/EDGE,-0.8650424369697107,52.0,D-
2021,Arkansas State,15,OL,-0.5854607047739503,56.2,D
2021,Arkansas State,15,QB,-0.34668312212063856,59.8,D+
2021,Arkansas State,15,RB,-0.9322087838714375,51.0,D-
2021,Arkansas State,15,Secondary,-0.8588589952939606,52.1,D-
2021,Arkansas State,15,WR/TE,0.15425069769935973,67.3,C+
2021,Army,15,DL/EDGE,0.1659171680635962,67.5,C+
2021,Army,15,OL,0.25173213181689824,68.8,C+
2021,Army,15,QB,1.0432926552325774,80.6,A-
2021,Army,15,RB,0.36032760236362765,70.4,B-
2021,Army,15,Secondary,-0.7921201833367659,53.1,D
2021,Army,15,WR/TE,2.1822824831314005,97.7,A+
2021,Auburn,15,DL/EDGE,0.9887463571306498,79.8,B+
2021,Auburn,15,OL,0.46126293471995133,71.9,B-
2021,Auburn,15,QB,-0.037608503288654865,64.4,C
2021,Auburn,15,RB,1.016961395221609,80.3,A-
2021,Auburn,15,Secondary,0.20225909412796284,68.0,C+
2021,Auburn,15,WR/TE,-0.29086933344646493,60.6,C-
2021,BYU,15,DL/EDGE,-0.22871230419610994,61.6,C-
2021,BYU,15,OL,0.3745981976521481,70.6,B-
2021,BYU,15,QB,0.7638059254757195,76.5,B
2021,BYU,15,RB,0.5217225184968048,72.8,B-
2021,BYU,15,Secondary,0.3732592867951223,70.6,B-
2021,BYU,15,WR/TE,0.560940777408293,73.4,B
2021,Ball State,15,DL/EDGE,-0.6324272553958205,55.5,D
2021,Ball State,15,OL,0.2253235508330882,68.4,C+
2021,Ball State,15,QB,-0.6087356336131466,55.9,D
2021,Ball State,15,RB,-0.4467416058558722,58.3,D+
2021,Ball State,15,Secondary,0.31564166751411354,69.7,C+
2021,Ball State,15,WR/TE,-0.5480114660204068,56.8,D
2021,Baylor,15,DL/EDGE,0.28243655371961685,69.2,C+
2021,Baylor,15,OL,0.3459952780391831,70.2,B-
2021,Baylor,15,QB,0.31935289505448095,69.8,C+
2021,Baylor,15,RB,0.6707222197868357,75.1,B
2021,Baylor,15,Secondary,0.2499408038008276,68.7,C+
2021,Baylor,15,WR/TE,0.39983600609881514,71.0,B-
2021,Boise State,15,DL/EDGE,0.4192858023309667,71.3,B-
2021,Boise State,15,OL,-0.9802846835172693,50.3,D-
2021,Boise State,15,QB,0.18044518671866672,67.7,C+
2021,Boise State,15,RB,-1.1048213440704848,48.4,F
2021,Boise State,15,Secondary,-0.38775882226855013,59.2,D+
2021,Boise State,15,WR/TE,0.06156826181161437,65.9,C
2021,Boston College,15,DL/EDGE,-0.16621345230164797,62.5,C-
2021,Boston College,15,OL,-0.9323411826490338,51.0,D-
2021,Boston College,15,QB,-0.0627299783048785,64.1,C
2021,Boston College,15,RB,-0.2648364038022959,61.0,C-
2021,Boston College,15,Secondary,0.4451259791604199,71.7,B-
2021,Boston College,15,WR/TE,-0.6731345670820089,54.9,D
2021,Bowling Green,15,DL/EDGE,-0.03590825660948479,64.5,C
2021,Bowling Green,15,OL,-0.3740207944511622,59.4,D+
2021,Bowling Green,15,QB,-0.45480381980893103,58.2,D+
2021,Bowling Green,15,RB,-0.033947237359933574,64.5,C
2021,Bowling Green,15,Secondary,0.6381596043915392,74.6,B
2021,Bowling Green,15,WR/TE,-0.45548403141402144,58.2,D+
2021,Buffalo,15,DL/EDGE,0.7165311500764542,75.7,B
2021,Buffalo,15,OL,0.14130550801505243,67.1,C+
2021,Buffalo,15,QB,-0.5683580654965458,56.5,D
2021,Buffalo,15,RB,-0.6313560828781495,55.5,D
2021,Buffalo,15,Secondary,-1.5249703186922356,42.1,F
2021,Buffalo,15,WR/TE,-0.45298215792609875,58.2,D+
2021,California,15,DL/EDGE,-0.7480176222308977,53.8,D
2021,California,15,OL,0.7583781496418179,76.4,B
2021,California,15,QB,-0.22798247630610013,61.6,C-
2021,California,15,RB,0.8762700563278311,78.1,B+
2021,California,15,Secondary,0.5473239134104557,73.2,B
2021,California,15,WR/TE,0.2480426792140808,68.7,C+
2021,Central Michigan,15,DL/EDGE,0.212932043024526,68.2,C+
2021,Central Michigan,15,OL,0.43598090437806375,71.5,B-
2021,Central Michigan,15,QB,0.14027255447726905,67.1,C+
2021,Central Michigan,15,RB,0.5268968512199054,72.9,B-
2021,Central Michigan,15,Secondary,-0.3351746013985546,60.0,D+
2021,Central Michigan,15,WR/TE,0.20831146348001614,68.1,C+
2021,Charlotte,15,DL/EDGE,-0.6590005891829043,55.1,D
2021,Charlotte,15,OL,-0.13522964377244273,63.0,C-
2021,Charlotte,15,QB,-0.05151762614592749,64.2,C
2021,Charlotte,15,RB,-0.7239536880770873,54.1,D
2021,Charlotte,15,Secondary,-1.3432867103067891,44.9,F
2021,Charlotte,15,WR/TE,-0.5005433205971462,57.5,D+
2021,Cincinnati,15,DL/EDGE,1.372086813577089,85.6,A
2021,Cincinnati,15,OL,0.7243769687523272,75.9,B
2021,Cincinnati,15,QB,0.37597343786066195,70.6,B-
2021,Cincinnati,15,RB,0.6774079239024522,75.2,B
2021,Cincinnati,15,Secondary,1.308359927594006,84.6,A-
2021,Cincinnati,15,WR/TE,0.8084371938122037,77.1,B+
2021,Clemson,15,DL/EDGE,1.035683987392741,80.5,A-
2021,Clemson,15,OL,0.5684255420806981,73.5,B
2021,Clemson,15,QB,-0.6572791066944584,55.1,D
2021,Clemson,15,RB,-0.5037899643988057,57.4,D+
2021,Clemson,15,Secondary,0.8108772468266702,77.2,B+
2021,Clemson,15,WR/TE,-1.1489674761060042,47.8,F
2021,Coastal Carolina,15,DL/EDGE,0.20243361898815004,68.0,C+
2021,Coastal Carolina,15,OL,1.0019251130511728,80.0,A-
2021,Coastal Carolina,15,QB,2.4135682118866453,100.0,A+
2021,Coastal Carolina,15,RB,1.0325562370668977,80.5,A-
2021,Coastal Carolina,15,Secondary,-0.5062436338532216,57.4,D+
2021,Coastal Carolina,15,WR/TE,2.7450140364853945,100.0,A+
2021,Colorado,15,DL/EDGE,-0.672939409745289,54.9,D
2021,Colorado,15,OL,-0.9857857547773261,50.2,D-
2021,Colorado,15,QB,-0.8452163899570917,52.3,D-
2021,Colorado,15,RB,-0.65401240239269,55.2,D
2021,Colorado,15,Secondary,0.09092877450073028,66.4,C
2021,Colorado,15,WR/TE,-1.1316394798708864,48.0,F
2021,Colorado State,15,DL/EDGE,0.9496539939536643,79.2,B+
2021,Colorado State,15,OL,-0.5359574259197845,57.0,D
2021,Colorado State,15,QB,-0.10460725229180265,63.4,C
2021,Colorado State,15,RB,-0.4445867913862738,58.3,D+
2021,Colorado State,15,Secondary,-0.018300671245907372,64.7,C
2021,Colorado State,15,WR/TE,-0.11310378270572555,63.3,C
2021,Duke,15,DL/EDGE,-1.1813933141878032,47.3,F
2021,Duke,15,OL,0.4332085626271909,71.5,B-
2021,Duke,15,QB,-0.04513258465315215,64.3,C
2021,Duke,15,RB,-0.5844381989085896,56.2,D
2021,Duke,15,Secondary,-2.034451453193931,34.5,F
2021,Duke,15,WR/TE,0.1591936015260002,67.4,C+
2021,East Carolina,15,DL/EDGE,0.1307845996121844,67.0,C
2021,East Carolina,15,OL,-0.573929378815474,56.4,D
2021,East Carolina,15,QB,0.07456784875752508,66.1,C
2021,East Carolina,15,RB,0.011821484178855618,65.2,C
2021,East Carolina,15,Secondary,0.268866475126439,69.0,C+
2021,East Carolina,15,WR/TE,0.020029058636956226,65.3,C
2021,Eastern Michigan,15,DL/EDGE,-0.9051399698791925,51.4,D-
2021,Eastern Michigan,15,OL,-0.17676378565264605,62.3,C-
2021,Eastern Michigan,15,QB,0.5007201822896103,72.5,B-
2021,Eastern Michigan,15,RB,-0.5015585244540437,57.5,D+
2021,Eastern Michigan,15,Secondary,-0.41821747083788474,58.7,D+
2021,Eastern Michigan,15,WR/TE,-0.102109757571092,63.5,C
2021,Florida,15,DL/EDGE,-0.4728016941853761,57.9,D+
2021,Florida,15,OL,0.5836859868312809,73.8,B
2021,Florida,15,QB,0.46934894263818616,72.0,B-
2021,Florida,15,RB,0.6523355086562557,74.8,B
2021,Florida,15,Secondary,0.41505749312611717,71.2,B-
2021,Florida,15,WR/TE,0.528881167976892,72.9,B-
2021,Florida Atlantic,15,DL/EDGE,-0.14428444702649154,62.8,C-
2021,Florida Atlantic,15,OL,-0.10888365175630263,63.4,C
2021,Florida Atlantic,15,QB,0.3972292061545112,71.0,B-
2021,Florida Atlantic,15,RB,-0.2918144868193401,60.6,C-
2021,Florida Atlantic,15,Secondary,0.8821365071110744,78.2,B+
2021,Florida Atlantic,15,WR/TE,0.8101990469887485,77.2,B+
2021,Florida International,15,DL/EDGE,-1.255914198970497,46.2,F
2021,Florida International,15,OL,-0.46174848807853974,58.1,D+
2021,Florida International,15,QB,-0.5628818448129129,56.6,D
2021,Florida International,15,RB,-1.2782853668195657,45.8,F
2021,Florida International,15,Secondary,-1.4606950499139717,43.1,F
2021,Florida International,15,WR/TE,0.44126817659522116,71.6,B-
2021,Florida State,15,DL/EDGE,0.3652295262855364,70.5,B-
2021,Florida State,15,OL,0.6639775244943165,75.0,B
2021,Florida State,15,QB,-0.10985785958948624,63.4,C
2021,Florida State,15,RB,1.2735023174840086,84.1,A-
2021,Florida State,15,Secondary,0.22743271493907605,68.4,C+
2021,Florida State,15,WR/TE,-0.038578079756053645,64.4,C
2021,Fresno State,15,DL/EDGE,0.9579947247169649,79.4,B+
2021,Fresno State,15,OL,-0.26425322565297277,61.0,C-
2021,Fresno State,15,QB,0.5512143372575679,73.3,B
2021,Fresno State,15,RB,-0.8793333054503154,51.8,D-
2021,Fresno State,15,Secondary,0.5308707824850927,73.0,B-
2021,Fresno State,15,WR/TE,0.9256720025622877,78.9,B+
2021,Georgia,15,DL/EDGE,1.0546351887247756,80.8,A-
2021,Georgia,15,OL,0.38205440063409035,70.7,B-
2021,Georgia,15,QB,0.5187499941149137,72.8,B-
2021,Georgia,15,RB,0.09714987828312749,66.5,C
2021,Georgia,15,Secondary,0.9084227648738471,78.6,B+
2021,Georgia,15,WR/TE,1.2907610660369144,84.4,A-
2021,Georgia Southern,15,DL/EDGE,-0.16758383215287603,62.5,C-
2021,Georgia Southern,15,OL,-0.3367400451408834,59.9,D+
2021,Georgia Southern,15,QB,-1.253429360480286,46.2,F
2021,Georgia Southern,15,RB,0.26026796941630226,68.9,C+
2021,Georgia Southern,15,Secondary,-1.4321111643468063,43.5,F
2021,Georgia Southern,15,WR/TE,-1.1835771251499294,47.2,F
2021,Georgia State,15,DL/EDGE,0.33145977865883913,70.0,C+
2021,Georgia State,15,OL,0.3599307470400578,70.4,B-
2021,Georgia State,15,QB,-0.7665263668846676,53.5,D
2021,Georgia State,15,RB,0.3390817928646338,70.1,B-
2021,Georgia State,15,Secondary,-0.7195339725562653,54.2,D
2021,Georgia State,15,WR/TE,-0.5082332392770625,57.4,D+
2021,Georgia Tech,15,DL/EDGE,-0.42721048426294456,58.6,D+
2021,Georgia Tech,15,OL,0.17722711951303358,67.7,C+
2021,Georgia Tech,15,QB,-0.25453408529324234,61.2,C-
2021,Georgia Tech,15,RB,0.6301013717956223,74.5,B
2021,Georgia Tech,15,Secondary,-2.437905055889813,28.4,F
2021,Georgia Tech,15,WR/TE,-0.33008053686522515,60.0,C-
2021,Hawai'i,15,DL/EDGE,0.002935670632874171,65.0,C
2021,Hawai'i,15,OL,0.023661939929694203,65.4,C
2021,Hawai'i,15,QB,-0.5688870613202536,56.5,D
2021,Hawai'i,15,RB,0.38721011564299757,70.8,B-
2021,Hawai'i,15,Secondary,-0.3216266776351466,60.2,C-
2021,Hawai'i,15,WR/TE,0.4691820660343004,72.0,B-
2021,Houston,15,DL/EDGE,1.027214206498639,80.4,A-
2021,Houston,15,OL,-0.9704838163609681,50.4,D-
2021,Houston,15,QB,0.7765523288285272,76.6,B
2021,Houston,15,RB,0.3031295612100464,69.5,C+
2021,Houston,15,Secondary,1.1717517154232027,82.6,A-
2021,Houston,15,WR/TE,-0.14513393566539612,62.8,C-
2021,Illinois,15,DL/EDGE,-0.2681825818767027,61.0,C-
2021,Illinois,15,OL,0.18368494125017865,67.8,C+
2021,Illinois,15,QB,-1.171815159978086,47.4,F
2021,Illinois,15,RB,0.20815574324836406,68.1,C+
2021,Illinois,15,Secondary,0.6559676510428533,74.8,B
2021,Illinois,15,WR/TE,-1.3067202345416624,45.4,F
2021,Indiana,15,DL/EDGE,-0.33743354527606795,59.9,D+
2021,Indiana,15,OL,-0.6345395031771999,55.5,D
2021,Indiana,15,QB,-1.6134957830024397,40.8,F
2021,Indiana,15,RB,-0.6091864297508713,55.9,D
2021,Indiana,15,Secondary,0.06675847598868044,66.0,C
2021,Indiana,15,WR/TE,-0.7936324834553271,53.1,D
2021,Iowa,15,DL/EDGE,-0.055035675352292535,64.2,C
2021,Iowa,15,OL,-1.5706219476136636,41.4,F
2021,Iowa,15,QB,-0.860953030908073,52.1,D-
2021,Iowa,15,RB,-1.171155105778517,47.4,F
2021,Iowa,15,Secondary,1.5306510545218797,88.0,A
2021,Iowa,15,WR/TE,-0.7661653597980028,53.5,D
2021,Iowa State,15,DL/EDGE,0.8540222160792319,77.8,B+
2021,Iowa State,15,OL,0.7595234560493827,76.4,B
2021,Iowa State,15,QB,0.38798811809245526,70.8,B-
2021,Iowa State,15,RB,0.7451457336203631,76.2,B
2021,Iowa State,15,Secondary,-0.02074000331519527,64.7,C
2021,Iowa State,15,WR/TE,-0.11100238126357467,63.3,C
2021,Kansas,15,DL/EDGE,-1.85101705449212,37.2,F
2021,Kansas,15,OL,0.03933644065762146,65.6,C
2021,Kansas,15,QB,-0.06873825959024925,64.0,C
2021,Kansas,15,RB,-0.5685149878957485,56.5,D
2021,Kansas,15,Secondary,-1.4657461262443228,43.0,F
2021,Kansas,15,WR/TE,-0.6812291687189572,54.8,D
2021,Kansas State,15,DL/EDGE,-0.04005175243328821,64.4,C
2021,Kansas State,15,OL,0.8709402457319606,78.1,B+
2021,Kansas State,15,QB,0.5274426465029998,72.9,B-
2021,Kansas State,15,RB,0.9562835311901283,79.3,B+
2021,Kansas State,15,Secondary,0.08338321194863822,66.3,C
2021,Kansas State,15,WR/TE,0.4544514048415061,71.8,B-
2021,Kent State,15,DL/EDGE,-0.9707997334142595,50.4,D-
2021,Kent State,15,OL,0.4091676525361838,71.1,B-
2021,Kent State,15,QB,0.22033107489578632,68.3,C+
2021,Kent State,15,RB,1.2816741735177348,84.2,A-
2021,Kent State,15,Secondary,0.005411296080249717,65.1,C
2021,Kent State,15,WR/TE,0.2330567121162998,68.5,C+
2021,Kentucky,15,DL/EDGE,0.24215206730958433,68.6,C+
2021,Kentucky,15,OL,0.9370855845977916,79.1,B+
2021,Kentucky,15,QB,0.5738493877798326,73.6,B
2021,Kentucky,15,RB,0.13298457136040143,67.0,C
2021,Kentucky,15,Secondary,-0.31180017349760947,60.3,C-
2021,Kentucky,15,WR/TE,0.8562886582136624,77.8,B+
2021,LSU,15,DL/EDGE,1.3237990663616417,84.9,A-
2021,LSU,15,OL,-0.4750263196789229,57.9,D+
2021,LSU,15,QB,0.11640740388302723,66.7,C
2021,LSU,15,RB,-1.1530222908939645,47.7,F
2021,LSU,15,Secondary,-0.282532792657139,60.8,C-
2021,LSU,15,WR/TE,-0.22474753216811993,61.6,C-
2021,Liberty,15,DL/EDGE,0.5679856615693314,73.5,B
2021,Liberty,15,OL,0.32610302938663815,69.9,C+
2021,Liberty,15,QB,-0.1840615843911409,62.2,C-
2021,Liberty,15,RB,0.5379519301380308,73.1,B
2021,Liberty,15,Secondary,0.716295791104494,75.7,B
2021,Liberty,15,WR/TE,0.36162030031090253,70.4,B-
2021,Louisiana,15,DL/EDGE,0.13808092232319985,67.1,C+
2021,Louisiana,15,OL,-0.11307374299686468,63.3,C
2021,Louisiana,15,QB,0.13013610156366331,67.0,C
2021,Louisiana,15,RB,0.9090562099212172,78.6,B+
2021,Louisiana,15,Secondary,-0.05087715868185917,64.2,C
2021,Louisiana,15,WR/TE,-0.6635421567251714,55.0,D
2021,Louisiana Tech,15,DL/EDGE,-0.6562453066869699,55.2,D
2021,Louisiana Tech,15,OL,-0.05741935905190959,64.1,C
2021,Louisiana Tech,15,QB,-0.17661438672090907,62.4,C-
2021,Louisiana Tech,15,RB,-0.3471460156334587,59.8,D+
2021,Louisiana Tech,15,Secondary,-0.2581124425574874,61.1,C-
2021,Louisiana Tech,15,WR/TE,0.05819727830705978,65.9,C
2021,Louisville,15,DL/EDGE,-0.24807152832373974,61.3,C-
2021,Louisville,15,OL,0.43729403028087777,71.6,B-
2021,Louisville,15,QB,0.5015494282067613,72.5,B-
2021,Louisville,15,RB,0.9856961903731972,79.8,B+
2021,Louisville,15,Secondary,0.4171066993499096,71.3,B-
2021,Louisville,15,WR/TE,0.9540926035326309,79.3,B+
2021,Marshall,15,DL/EDGE,0.21142209588109628,68.2,C+
2021,Marshall,15,OL,0.56158759133047,73.4,B
2021,Marshall,15,QB,-0.21553075934291435,61.8,C-
2021,Marshall,15,RB,-0.6452613067576767,55.3,D
2021,Marshall,15,Secondary,0.6123962065046983,74.2,B
2021,Marshall,15,WR/TE,-0.236825231489326,61.4,C-
2021,Maryland,15,DL/EDGE,0.27707755309103266,69.2,C+
2021,Maryland,15,OL,-0.2738094547300929,60.9,C-
2021,Maryland,15,QB,0.3037381916709593,69.6,C+
2021,Maryland,15,RB,-0.44786596680812923,58.3,D+
2021,Maryland,15,Secondary,-0.803875312329366,52.9,D-
2021,Maryland,15,WR/TE,-0.10929604692376504,63.4,C
2021,Massachusetts,15,DL/EDGE,-0.730107282479902,54.0,D
2021,Massachusetts,15,OL,0.08655958531747984,66.3,C
2021,Massachusetts,15,QB,-1.4868292973020378,42.7,F
2021,Massachusetts,15,RB,0.4821150336910458,72.2,B-
2021,Massachusetts,15,Secondary,-2.9603323202350427,20.6,F
2021,Massachusetts,15,WR/TE,-0.9761676120161701,50.4,D-
2021,Memphis,15,DL/EDGE,-0.12201012916290456,63.2,C
2021,Memphis,15,OL,-0.1066766607549831,63.4,C
2021,Memphis,15,QB,0.11073083201538572,66.7,C
2021,Memphis,15,RB,0.08418593989496842,66.3,C
2021,Memphis,15,Secondary,-0.08940386783398184,63.7,C
2021,Memphis,15,WR/TE,0.3125972712843232,69.7,C+
2021,Miami,15,DL/EDGE,0.5010481749823885,72.5,B-
2021,Miami,15,OL,-0.5057416744532099,57.4,D+
2021,Miami,15,QB,0.40330162820943555,71.0,B-
2021,Miami,15,RB,-0.5249022613068168,57.1,D+
2021,Miami,15,Secondary,-0.27335963715731815,60.9,C-
2021,Miami,15,WR/TE,0.7392219755430213,76.1,B
2021,Miami (OH),15,DL/EDGE,0.5347357131549667,73.0,B
2021,Miami (OH),15,OL,0.22583099326386763,68.4,C+
2021,Miami (OH),15,QB,0.2187251432064364,68.3,C+
2021,Miami (OH),15,RB,-0.5890062576698822,56.2,D
2021,Miami (OH),15,Secondary,-0.2816883395336153,60.8,C-
2021,Miami (OH),15,WR/TE,0.646898982554067,74.7,B
2021,Michigan,15,DL/EDGE,0.0012184606855729918,65.0,C
2021,Michigan,15,OL,0.7848925967264884,76.8,B
2021,Michigan,15,QB,1.0497073011585465,80.7,A-
2021,Michigan,15,RB,0.5203752791580261,72.8,B-
2021,Michigan,15,Secondary,1.1470131961037258,82.2,A-
2021,Michigan,15,WR/TE,1.220483494280576,83.3,A-
2021,Michigan State,15,DL/EDGE,0.01621897463018937,65.2,C
2021,Michigan State,15,OL,0.0898961787614585,66.3,C
2021,Michigan State,15,QB,0.24672828179806958,68.7,C+
2021,Michigan State,15,RB,0.6916238292146831,75.4,B
2021,Michigan State,15,Secondary,-0.6118390173374867,55.8,D
2021,Michigan State,15,WR/TE,0.8351456558762829,77.5,B+
2021,Middle Tennessee,15,DL/EDGE,-0.607961015324602,55.9,D
2021,Middle Tennessee,15,OL,-0.050942433386537575,64.2,C
2021,Middle Tennessee,15,QB,-0.2924376478036928,60.6,C-
2021,Middle Tennessee,15,RB,-1.0866820913852464,48.7,F
2021,Middle Tennessee,15,Secondary,0.977378369243352,79.7,B+
2021,Middle Tennessee,15,WR/TE,-1.2294562904395334,46.6,F
2021,Minnesota,15,DL/EDGE,-0.011877755665304524,64.8,C
2021,Minnesota,15,OL,-0.3992087808152289,59.0,D+
2021,Minnesota,15,QB,0.007211361407175418,65.1,C
2021,Minnesota,15,RB,-0.485871216967707,57.7,D+
2021,Minnesota,15,Secondary,0.39332495176409155,70.9,B-
2021,Minnesota,15,WR/TE,0.1403214370401916,67.1,C+
2021,Mississippi State,15,DL/EDGE,-0.11749876103843507,63.2,C
2021,Mississippi State,15,OL,0.29887475531639474,69.5,C+
2021,Mississippi State,15,QB,0.5308585526334796,73.0,B-
2021,Mississippi State,15,RB,-1.2379845998629813,46.4,F
2021,Mississippi State,15,Secondary,-0.23418260545707195,61.5,C-
2021,Mississippi State,15,WR/TE,-0.34944598912489133,59.8,D+
2021,Missouri,15,DL/EDGE,0.3992933619896968,71.0,B-
2021,Missouri,15,OL,0.347634309454952,70.2,B-
2021,Missouri,15,QB,-0.12347010132553174,63.1,C
2021,Missouri,15,RB,0.8001486588183041,77.0,B+
2021,Missouri,15,Secondary,-0.4491098019064485,58.3,D+
2021,Missouri,15,WR/TE,-0.47953083853205747,57.8,D+
2021,NC State,15,DL/EDGE,-0.2385230784063074,61.4,C-
2021,NC State,15,OL,0.8333012034549601,77.5,B+
2021,NC State,15,QB,0.24027267741359612,68.6,C+
2021,NC State,15,RB,-0.3051093729090492,60.4,C-
2021,NC State,15,Secondary,0.9421500412840569,79.1,B+
2021,NC State,15,WR/TE,0.28279830410743656,69.2,C+
2021,Navy,15,DL/EDGE,0.5505908086884979,73.3,B
2021,Navy,15,OL,-3.425289307642073,13.6,F
2021,Navy,15,QB,-1.333897285646695,45.0,F
2021,Navy,15,RB,-0.09440276951503196,63.6,C
2021,Navy,15,Secondary,-0.9630717354565297,50.6,D-
2021,Navy,15,WR/TE,-0.9273265456877353,51.1,D-
2021,Nebraska,15,DL/EDGE,-0.2748002963949572,60.9,C-
2021,Nebraska,15,OL,0.06109968758729273,65.9,C
2021,Nebraska,15,QB,0.6037527820098143,74.1,B
2021,Nebraska,15,RB,0.5214942151172867,72.8,B-
2021,Nebraska,15,Secondary,0.5259970808796103,72.9,B-
2021,Nebraska,15,WR/TE,0.8027697361664126,77.0,B+
2021,Nevada,15,DL/EDGE,-0.7898483142296212,53.2,D
2021,Nevada,15,OL,0.13779544824502848,67.1,C+
2021,Nevada,15,QB,0.6719212701070535,75.1,B
2021,Nevada,15,RB,-0.2539372445366971,61.2,C-
2021,Nevada,15,Secondary,0.7383003818488733,76.1,B
2021,Nevada,15,WR/TE,0.16284168565415685,67.4,C+
2021,New Mexico,15,DL/EDGE,0.27387290379503415,69.1,C+
2021,New Mexico,15,OL,-1.7073250617406877,39.4,F
2021,New Mexico,15,QB,-1.8321365582943734,37.5,F
2021,New Mexico,15,RB,-0.5090311465008345,57.4,D+
2021,New Mexico,15,Secondary,-0.3575194142405275,59.6,D+
2021,New Mexico,15,WR/TE,-1.9514245804511134,35.7,F
2021,New Mexico State,15,DL/EDGE,-1.2797247406134624,45.8,F
2021,New Mexico State,15,OL,0.20373766932114878,68.1,C+
2021,New Mexico State,15,QB,-0.68469211610499,54.7,D
2021,New Mexico State,15,RB,-0.5217579699020587,57.2,D+
2021,New Mexico State,15,Secondary,-1.3043520049877781,45.4,F
2021,New Mexico State,15,WR/TE,-0.5123806725219925,57.3,D+
2021,North Carolina,15,DL/EDGE,-0.1980723636093969,62.0,C-
2021,North Carolina,15,OL,0.3570535232116743,70.4,B-
2021,North Carolina,15,QB,0.8493718493583502,77.7,B+
2021,North Carolina,15,RB,0.7916097337749889,76.9,B
2021,North Carolina,15,Secondary,-0.34603358781641647,59.8,D+
2021,North Carolina,15,WR/TE,0.778333812076462,76.7,B
2021,North Texas,15,DL/EDGE,0.3272801011184598,69.9,C+
2021,North Texas,15,OL,0.31196547055619184,69.7,C+
2021,North Texas,15,QB,-0.7058724631729607,54.4,D
2021,North Texas,15,RB,0.4459686076205799,71.7,B-
2021,North Texas,15,Secondary,0.10322752825098848,66.5,C
2021,North Texas,15,WR/TE,-0.32424906686688093,60.1,C-
2021,Northern Illinois,15,DL/EDGE,-1.4964279344786664,42.6,F
2021,Northern Illinois,15,OL,1.2433830616301833,83.7,A-
2021,Northern Illinois,15,QB,-0.019006238941195713,64.7,C
2021,Northern Illinois,15,RB,1.1272239188759408,81.9,A-
2021,Northern Illinois,15,Secondary,-0.5455523535069883,56.8,D
2021,Northern Illinois,15,WR/TE,-0.010189399548907477,64.8,C
2021,Northwestern,15,DL/EDGE,-1.127458393243184,48.1,F
2021,Northwestern,15,OL,0.13025552303472776,67.0,C
2021,Northwestern,15,QB,-1.0750295673239503,48.9,F
2021,Northwestern,15,RB,0.12667053206628465,66.9,C
2021,Northwestern,15,Secondary,0.16671455334051202,67.5,C+
2021,Northwestern,15,WR/TE,-1.1348668568990814,48.0,F
2021,Notre Dame,15,DL/EDGE,0.5612574114037505,73.4,B
2021,Notre Dame,15,OL,-0.5002531578100512,57.5,D+
2021,Notre Dame,15,QB,0.5699261022272041,73.5,B
2021,Notre Dame,15,RB,0.5779133124729863,73.7,B
2021,Notre Dame,15,Secondary,0.7208162501232069,75.8,B
2021,Notre Dame,15,WR/TE,0.37591933516058945,70.6,B-
2021,Ohio,15,DL/EDGE,-0.8475731132954704,52.3,D-
2021,Ohio,15,OL,0.8361209321589149,77.5,B+
2021,Ohio,15,QB,-0.632756356092908,55.5,D
2021,Ohio,15,RB,1.5250781180408044,87.9,A
2021,Ohio,15,Secondary,0.06226990829383975,65.9,C
2021,Ohio,15,WR/TE,-0.6916807534375398,54.6,D
2021,Ohio State,15,DL/EDGE,0.7015440629715824,75.5,B
2021,Ohio State,15,OL,0.6913848679597687,75.4,B
2021,Ohio State,15,QB,1.6180476190933861,89.3,A
2021,Ohio State,15,RB,1.022852417218431,80.3,A-
2021,Ohio State,15,Secondary,0.3560078359833194,70.3,B-
2021,Ohio State,15,WR/TE,1.767609428725114,91.5,A+
2021,Oklahoma,15,DL/EDGE,0.7935862766548504,76.9,B
2021,Oklahoma,15,OL,0.12047827414448795,66.8,C
2021,Oklahoma,15,QB,0.8820843057304546,78.2,B+
2021,Oklahoma,15,RB,0.9715349554452666,79.6,B+
2021,Oklahoma,15,Secondary,-0.04130600183357597,64.4,C
2021,Oklahoma,15,WR/TE,0.28387400278836195,69.3,C+
2021,Oklahoma State,15,DL/EDGE,1.550747433924938,88.3,A
2021,Oklahoma State,15,OL,-0.6462211149760975,55.3,D
2021,Oklahoma State,15,QB,0.1127496828820534,66.7,C
2021,Oklahoma State,15,RB,-0.09001888569289176,63.6,C
2021,Oklahoma State,15,Secondary,0.7709306539319989,76.6,B
2021,Oklahoma State,15,WR/TE,-0.5649171146021419,56.5,D
2021,Old Dominion,15,DL/EDGE,-0.41815605881961904,58.7,D+
2021,Old Dominion,15,OL,-0.2446061820409861,61.3,C-
2021,Old Dominion,15,QB,-0.5932319550000645,56.1,D
2021,Old Dominion,15,RB,-0.3037323568806165,60.4,C-
2021,Old Dominion,15,Secondary,0.004167064432008126,65.1,C
2021,Old Dominion,15,WR/TE,-0.5296346391868572,57.1,D+
2021,Ole Miss,15,DL/EDGE,0.28369246523420055,69.3,C+
2021,Ole Miss,15,OL,0.07598576347172631,66.1,C
2021,Ole Miss,15,QB,0.3603312447584614,70.4,B-
2021,Ole Miss,15,RB,0.473236656690338,72.1,B-
2021,Ole Miss,15,Secondary,0.6741465587214565,75.1,B
2021,Ole Miss,15,WR/TE,0.27522844283071246,69.1,C+
2021,Oregon,15,DL/EDGE,0.00011440007824842224,65.0,C
2021,Oregon,15,OL,0.6761999997247722,75.1,B
2021,Oregon,15,QB,0.3752081603077476,70.6,B-
2021,Oregon,15,RB,0.5381048680621936,73.1,B
2021,Oregon,15,Secondary,0.7097625854640813,75.6,B
2021,Oregon,15,WR/TE,0.17405479512157396,67.6,C+
2021,Oregon State,15,DL/EDGE,-0.5550839051155968,56.7,D
2021,Oregon State,15,OL,0.8553216967278447,77.8,B+
2021,Oregon State,15,QB,0.49281875672504144,72.4,B-
2021,Oregon State,15,RB,0.5969362714060442,74.0,B
2021,Oregon State,15,Secondary,0.16994468177288355,67.5,C+
2021,Oregon State,15,WR/TE,0.3350080319998941,70.0,B-
2021,Penn State,15,DL/EDGE,0.755272696460906,76.3,B
2021,Penn State,15,OL,-1.0483047281892612,49.3,F
2021,Penn State,15,QB,-0.06532661141497045,64.0,C
2021,Penn State,15,RB,-1.3684996897712771,44.5,F
2021,Penn State,15,Secondary,1.1406867694672997,82.1,A-
2021,Penn State,15,WR/TE,0.31073946169726285,69.7,C+
2021,Pittsburgh,15,DL/EDGE,0.9803242157131744,79.7,B+
2021,Pittsburgh,15,OL,-0.010934565955413547,64.8,C
2021,Pittsburgh,15,QB,0.9970729871025982,80.0,B+
2021,Pittsburgh,15,RB,-0.2634148863021217,61.0,C-
2021,Pittsburgh,15,Secondary,0.4362973800513129,71.5,B-
2021,Pittsburgh,15,WR/TE,0.52620661910444,72.9,B-
2021,Purdue,15,DL/EDGE,0.3260906815734302,69.9,C+
2021,Purdue,15,OL,-0.4036969680471152,58.9,D+
2021,Purdue,15,QB,0.6332697043423864,74.5,B
2021,Purdue,15,RB,-1.8207391764778478,37.7,F
2021,Purdue,15,Secondary,0.7191599676772346,75.8,B
2021,Purdue,15,WR/TE,-0.12747528722868418,63.1,C
2021,Rice,15,DL/EDGE,-1.1318892198423867,48.0,F
2021,Rice,15,OL,-0.05501136111165872,64.2,C
2021,Rice,15,QB,-0.28951975293445265,60.7,C-
2021,Rice,15,RB,-0.08696331785106126,63.7,C
2021,Rice,15,Secondary,-0.29923715752945285,60.5,C-
2021,Rice,15,WR/TE,-0.14370177243261342,62.8,C-
2021,Rutgers,15,DL/EDGE,-0.8616451817650135,52.1,D-
2021,Rutgers,15,OL,-0.036544142738151375,64.5,C
2021,Rutgers,15,QB,-0.837698935545922,52.4,D-
2021,Rutgers,15,RB,-1.1132953447927925,48.3,F
2021,Rutgers,15,Secondary,-0.6855329767611857,54.7,D
2021,Rutgers,15,WR/TE,-0.8897968203219008,51.7,D-
2021,SMU,15,DL/EDGE,-0.20147249382589724,62.0,C-
2021,SMU,15,OL,0.07451032278774386,66.1,C
2021,SMU,15,QB,0.6201840707654969,74.3,B
2021,SMU,15,RB,0.3667748315556361,70.5,B-
2021,SMU,15,Secondary,-0.5134399428514034,57.3,D+
2021,SMU,15,WR/TE,0.2351088787051486,68.5,C+
2021,San Diego State,15,DL/EDGE,0.7928449747598809,76.9,B
2021,San Diego State,15,OL,-0.1731722830959326,62.4,C-
2021,San Diego State,15,QB,-0.969116289552892,50.5,D-
2021,San Diego State,15,RB,-0.40438527747409037,58.9,D+
2021,San Diego State,15,Secondary,0.9417387858520537,79.1,B+
2021,San Diego State,15,WR/TE,-0.9294761831060002,51.1,D-
2021,San José State,15,DL/EDGE,0.6147434178433786,74.2,B
2021,San José State,15,OL,-0.14215383702560444,62.9,C-
2021,San José State,15,QB,-0.6106274207326281,55.8,D
2021,San José State,15,RB,-0.9459521634892482,50.8,D-
2021,San José State,15,Secondary,0.05191417443356087,65.8,C
2021,San José State,15,WR/TE,-0.5413233241496759,56.9,D
2021,South Alabama,15,DL/EDGE,0.47567150634722655,72.1,B-
2021,South Alabama,15,OL,-0.9272534339489524,51.1,D-
2021,South Alabama,15,QB,0.35877613278964793,70.4,B-
2021,South Alabama,15,RB,-1.0975709330968113,48.5,F
2021,South Alabama,15,Secondary,-0.09112395372952177,63.6,C
2021,South Alabama,15,WR/TE,-0.14761990412747403,62.8,C-
2021,South Carolina,15,DL/EDGE,-0.5056252790340375,57.4,D+
2021,South Carolina,15,OL,-0.3822655953279641,59.3,D+
2021,South Carolina,15,QB,-0.3544117682969945,59.7,D+
2021,South Carolina,15,RB,-0.603197085793458,56.0,D
2021,South Carolina,15,Secondary,0.7580582086012243,76.4,B
2021,South Carolina,15,WR/TE,-0.1785993664259383,62.3,C-
2021,South Florida,15,DL/EDGE,-0.9653313799989933,50.5,D-
2021,South Florida,15,OL,-0.35415656303547205,59.7,D+
2021,South Florida,15,QB,-0.7238760099577314,54.1,D
2021,South Florida,15,RB,-0.8674276985675683,52.0,D-
2021,South Florida,15,Secondary,-0.3329931451649105,60.0,C-
2021,South Florida,15,WR/TE,-0.32102006926440585,60.2,C-
2021,Southern Miss,15,DL/EDGE,-0.6067388528573789,55.9,D
2021,Southern Miss,15,OL,-1.1906482593762568,47.1,F
2021,Southern Miss,15,QB,-0.7648996895532111,53.5,D
2021,Southern Miss,15,RB,-1.071901798724766,48.9,F
2021,Southern Miss,15,Secondary,-0.7356737547135962,54.0,D
2021,Southern Miss,15,WR/TE,-1.4453223510075857,43.3,F
2021,Stanford,15,DL/EDGE,-1.023702655828336,49.6,F
2021,Stanford,15,OL,0.4152056208225184,71.2,B-
2021,Stanford,15,QB,-0.2372796506077398,61.4,C-
2021,Stanford,15,RB,0.42890404960065354,71.4,B-
2021,Stanford,15,Secondary,-0.455324128627461,58.2,D+
2021,Stanford,15,WR/TE,-0.8867352220023418,51.7,D-
2021,Syracuse,15,DL/EDGE,0.6828468010557647,75.2,B
2021,Syracuse,15,OL,0.5433473262333616,73.2,B
2021,Syracuse,15,QB,-0.6531653695284501,55.2,D
2021,Syracuse,15,RB,0.8224603604807952,77.3,B+
2021,Syracuse,15,Secondary,-0.3473813213188455,59.8,D+
2021,Syracuse,15,WR/TE,-0.6003438504668653,56.0,D
2021,TCU,15,DL/EDGE,-1.184112419375574,47.2,F
2021,TCU,15,OL,0.06390819787719362,66.0,C
2021,TCU,15,QB,1.0004352871732205,80.0,A-
2021,TCU,15,RB,0.5334267275029645,73.0,B
2021,TCU,15,Secondary,-1.157185194440077,47.6,F
2021,TCU,15,WR/TE,1.0017293788503656,80.0,A-
2021,Temple,15,DL/EDGE,-0.18342332208869727,62.2,C-
2021,Temple,15,OL,-0.09280214145103505,63.6,C
2021,Temple,15,QB,-0.8721464132082439,51.9,D-
2021,Temple,15,RB,-0.44661119869248256,58.3,D+
2021,Temple,15,Secondary,0.12653160354365398,66.9,C
2021,Temple,15,WR/TE,-1.2391547813304875,46.4,F
2021,Tennessee,15,DL/EDGE,-0.21452564830868107,61.8,C-
2021,Tennessee,15,OL,0.5126972240960286,72.7,B-
2021,Tennessee,15,QB,1.0929234376714603,81.4,A-
2021,Tennessee,15,RB,1.1170600461016307,81.8,A-
2021,Tennessee,15,Secondary,0.08770503479565041,66.3,C
2021,Tennessee,15,WR/TE,0.8649455347473162,78.0,B+
2021,Texas,15,DL/EDGE,-0.2472913335173966,61.3,C-
2021,Texas,15,OL,0.6932189263018111,75.4,B
2021,Texas,15,QB,0.45352258566199416,71.8,B-
2021,Texas,15,RB,0.9776743957409805,79.7,B+
2021,Texas,15,Secondary,-0.22123684618794284,61.7,C-
2021,Texas,15,WR/TE,0.41902034651010533,71.3,B-
2021,Texas A&M,15,DL/EDGE,0.8830546333546601,78.2,B+
2021,Texas A&M,15,OL,0.06988664544522677,66.0,C
2021,Texas A&M,15,QB,-0.8228960813671712,52.7,D-
2021,Texas A&M,15,RB,0.48532972326210305,72.3,B-
2021,Texas A&M,15,Secondary,0.8421963892315837,77.6,B+
2021,Texas A&M,15,WR/TE,-0.4123544060962317,58.8,D+
2021,Texas State,15,DL/EDGE,-0.9195238736891258,51.2,D-
2021,Texas State,15,OL,0.16862125184954413,67.5,C+
2021,Texas State,15,QB,-1.0528491808738125,49.2,F
2021,Texas State,15,RB,-0.42571124245208575,58.6,D+
2021,Texas State,15,Secondary,-0.17603542692855995,62.4,C-
2021,Texas State,15,WR/TE,-0.7464636452420745,53.8,D
2021,Texas Tech,15,DL/EDGE,-0.5199420582971762,57.2,D+
2021,Texas Tech,15,OL,0.5284328010049248,72.9,B-
2021,Texas Tech,15,QB,0.9068122645981033,78.6,B+
2021,Texas Tech,15,RB,-0.027302503172694725,64.6,C
2021,Texas Tech,15,Secondary,-0.4668197084081198,58.0,D+
2021,Texas Tech,15,WR/TE,0.6412705680436169,74.6,B
2021,Toledo,15,DL/EDGE,0.09405016903302096,66.4,C
2021,Toledo,15,OL,0.984116487694592,79.8,B+
2021,Toledo,15,QB,0.16064931664485305,67.4,C+
2021,Toledo,15,RB,1.2260525307949384,83.4,A-
2021,Toledo,15,Secondary,0.4462432815744022,71.7,B-
2021,Toledo,15,WR/TE,0.45120779215871487,71.8,B-
2021,Troy,15,DL/EDGE,1.4050669842869765,86.1,A
2021,Troy,15,OL,-0.3094894788953275,60.4,C-
2021,Troy,15,QB,-0.09576860819132246,63.6,C
2021,Troy,15,RB,-0.8187813156397241,52.7,D-
2021,Troy,15,Secondary,-0.1835404393415894,62.2,C-
2021,Troy,15,WR/TE,-0.527477973715665,57.1,D+
2021,Tulane,15,DL/EDGE,0.8227826498532691,77.3,B+
2021,Tulane,15,OL,-0.10397352274327329,63.4,C
2021,Tulane,15,QB,-0.45968659455498073,58.1,D+
2021,Tulane,15,RB,-0.07894844189524011,63.8,C
2021,Tulane,15,Secondary,-0.5983787305858101,56.0,D
2021,Tulane,15,WR/TE,-0.7351123863698806,54.0,D
2021,Tulsa,15,DL/EDGE,0.4113427989358457,71.2,B-
2021,Tulsa,15,OL,-0.41021623056600315,58.8,D+
2021,Tulsa,15,QB,-0.2111575551310032,61.8,C-
2021,Tulsa,15,RB,-0.17251914198598972,62.4,C-
2021,Tulsa,15,Secondary,0.06945901146591751,66.0,C
2021,Tulsa,15,WR/TE,0.6358004988600408,74.5,B
2021,UAB,15,DL/EDGE,-0.16155233522050044,62.6,C-
2021,UAB,15,OL,-0.3169727756346339,60.2,C-
2021,UAB,15,QB,0.567761604466812,73.5,B
2021,UAB,15,RB,0.28208530704056894,69.2,C+
2021,UAB,15,Secondary,0.2450670400822545,68.7,C+
2021,UAB,15,WR/TE,0.8251960495215223,77.4,B+
2021,UCF,15,DL/EDGE,0.5046824414701286,72.6,B-
2021,UCF,15,OL,0.5894172921304112,73.8,B
2021,UCF,15,QB,-0.14785226332772397,62.8,C-
2021,UCF,15,RB,0.44921396991627754,71.7,B-
2021,UCF,15,Secondary,0.9247719574014385,78.9,B+
2021,UCF,15,WR/TE,-0.9524258986441266,50.7,D-
2021,UCLA,15,DL/EDGE,-0.1363737971016975,63.0,C-
2021,UCLA,15,OL,0.10784763339634779,66.6,C
2021,UCLA,15,QB,0.002761515183727331,65.0,C
2021,UCLA,15,RB,0.5610139802709093,73.4,B
2021,UCLA,15,Secondary,0.7049378858308661,75.6,B
2021,UCLA,15,WR/TE,0.3846528307670879,70.8,B-
2021,UConn,15,DL/EDGE,-0.42978542706333134,58.6,D+
2021,UConn,15,OL,-0.9070307977629938,51.4,D-
2021,UConn,15,QB,-1.769674041051199,38.5,F
2021,UConn,15,RB,-0.9290602115002746,51.1,D-
2021,UConn,15,Secondary,-0.36576104651703406,59.5,D+
2021,UConn,15,WR/TE,-1.9419954313702408,35.9,F
2021,UL Monroe,15,DL/EDGE,-0.6129447564312533,55.8,D
2021,UL Monroe,15,OL,-1.9343013087660288,36.0,F
2021,UL Monroe,15,QB,-0.5023228489500688,57.5,D+
2021,UL Monroe,15,RB,-0.6296894089151236,55.6,D
2021,UL Monroe,15,Secondary,-0.7131736911774308,54.3,D
2021,UL Monroe,15,WR/TE,-0.34336739546027806,59.8,D+
2021,UNLV,15,DL/EDGE,-0.48613261950592274,57.7,D+
2021,UNLV,15,OL,-0.5660049383994722,56.5,D
2021,UNLV,15,QB,-0.3832666915662206,59.3,D+
2021,UNLV,15,RB,-0.0953639388720354,63.6,C
2021,UNLV,15,Secondary,-0.4127883672617018,58.8,D+
2021,UNLV,15,WR/TE,0.06070500303735982,65.9,C
2021,USC,15,DL/EDGE,0.30256973460786524,69.5,C+
2021,USC,15,OL,0.200127254097041,68.0,C+
2021,USC,15,QB,-0.32354660939294005,60.1,C-
2021,USC,15,RB,-0.4956754263227622,57.6,D+
2021,USC,15,Secondary,-0.6918452198921569,54.6,D
2021,USC,15,WR/TE,-0.2682246640642246,61.0,C-
2021,UTEP,15,DL/EDGE,0.23628478276490456,68.5,C+
2021,UTEP,15,OL,-0.05948419291595118,64.1,C
2021,UTEP,15,QB,0.5169853134533263,72.8,B-
2021,UTEP,15,RB,-0.05722237033615629,64.1,C
2021,UTEP,15,Secondary,0.6157522842934979,74.2,B
2021,UTEP,15,WR/TE,0.36248771764729476,70.4,B-
2021,UTSA,15,DL/EDGE,0.28188699021943364,69.2,C+
2021,UTSA,15,OL,-0.00783725824063547,64.9,C
2021,UTSA,15,QB,0.7330949881632379,76.0,B
2021,UTSA,15,RB,0.3598610109470162,70.4,B-
2021,UTSA,15,Secondary,-0.3413727641991006,59.9,D+
2021,UTSA,15,WR/TE,0.4880910219294684,72.3,B-
2021,Utah,15,DL/EDGE,0.3850789948731618,70.8,B-
2021,Utah,15,OL,0.9543264219133842,79.3,B+
2021,Utah,15,QB,0.08997671845116563,66.3,C
2021,Utah,15,RB,1.5035550171383474,87.6,A
2021,Utah,15,Secondary,0.7794354745846125,76.7,B
2021,Utah,15,WR/TE,-0.5251810168852155,57.1,D+
2021,Utah State,15,DL/EDGE,0.5990144075724326,74.0,B
2021,Utah State,15,OL,-0.40772055988810835,58.9,D+
2021,Utah State,15,QB,0.6433776134852712,74.7,B
2021,Utah State,15,RB,-0.4975464861746614,57.5,D+
2021,Utah State,15,Secondary,-0.25364173026132997,61.2,C-
2021,Utah State,15,WR/TE,0.6271697724314601,74.4,B
2021,Vanderbilt,15,DL/EDGE,-1.1611943525571649,47.6,F
2021,Vanderbilt,15,OL,-0.43190124616141884,58.5,D+
2021,Vanderbilt,15,QB,-1.078389542569564,48.8,F
2021,Vanderbilt,15,RB,-0.4523123164634091,58.2,D+
2021,Vanderbilt,15,Secondary,-0.09111746333320175,63.6,C
2021,Vanderbilt,15,WR/TE,-1.4565610362849104,43.2,F
2021,Virginia,15,DL/EDGE,-1.2390746331201643,46.4,F
2021,Virginia,15,OL,1.1157464412274498,81.7,A-
2021,Virginia,15,QB,0.5979224149629072,74.0,B
2021,Virginia,15,RB,0.17206528503596788,67.6,C+
2021,Virginia,15,Secondary,-0.4580501450219813,58.1,D+
2021,Virginia,15,WR/TE,0.6632675042773801,74.9,B
2021,Virginia Tech,15,DL/EDGE,-0.06403069711474116,64.0,C
2021,Virginia Tech,15,OL,0.02520786251490012,65.4,C
2021,Virginia Tech,15,QB,-0.26862932452171934,61.0,C-
2021,Virginia Tech,15,RB,0.307487855341546,69.6,C+
2021,Virginia Tech,15,Secondary,0.5174789076689217,72.8,B-
2021,Virginia Tech,15,WR/TE,-0.1897532013509216,62.2,C-
2021,Wake Forest,15,DL/EDGE,0.12245735383011996,66.8,C
2021,Wake Forest,15,OL,-0.33870190547932805,59.9,D+
2021,Wake Forest,15,QB,0.2601680183317341,68.9,C+
2021,Wake Forest,15,RB,-0.6050254869374724,55.9,D
2021,Wake Forest,15,Secondary,-0.008608849966193868,64.9,C
2021,Wake Forest,15,WR/TE,0.8574575934182025,77.9,B+
2021,Washington,15,DL/EDGE,-0.8595817660806768,52.1,D-
2021,Washington,15,OL,0.10383545188336796,66.6,C
2021,Washington,15,QB,-0.4559659673138432,58.2,D+
2021,Washington,15,RB,-1.3181705155781136,45.2,F
2021,Washington,15,Secondary,1.541949049740757,88.1,A
2021,Washington,15,WR/TE,-0.8117769386298564,52.8,D-
2021,Washington State,15,DL/EDGE,-0.6004110434312342,56.0,D
2021,Washington State,15,OL,0.188747775580642,67.8,C+
2021,Washington State,15,QB,0.3344612930964399,70.0,B-
2021,Washington State,15,RB,0.24168546103573582,68.6,C+
2021,Washington State,15,Secondary,0.85686694949271,77.9,B+
2021,Washington State,15,WR/TE,0.2947851543887894,69.4,C+
2021,West Virginia,15,DL/EDGE,0.18907394691270896,67.8,C+
2021,West Virginia,15,OL,0.029610598040490876,65.4,C
2021,West Virginia,15,QB,0.07853562117284364,66.2,C
2021,West Virginia,15,RB,0.08154241767045631,66.2,C
2021,West Virginia,15,Secondary,-0.3107020587242652,60.3,C-
2021,West Virginia,15,WR/TE,-0.587585505893451,56.2,D
2021,Western Kentucky,15,DL/EDGE,-0.07745313967951638,63.8,C
2021,Western Kentucky,15,OL,0.42652013022814533,71.4,B-
2021,Western Kentucky,15,QB,0.8951476566449175,78.4,B+
2021,Western Kentucky,15,RB,-1.0379903827821333,49.4,F
2021,Western Kentucky,15,Secondary,0.555772405609589,73.3,B
2021,Western Kentucky,15,WR/TE,0.7642531088451534,76.5,B
2021,Western Michigan,15,DL/EDGE,0.9536262830173874,79.3,B+
2021,Western Michigan,15,OL,0.40597129164877394,71.1,B-
2021,Western Michigan,15,QB,0.9543949853909638,79.3,B+
2021,Western Michigan,15,RB,-0.07149976294254562,63.9,C
2021,Western Michigan,15,Secondary,-0.4168050463361649,58.7,D+
2021,Western Michigan,15,WR/TE,0.8495702692703715,77.7,B+
2021,Wisconsin,15,DL/EDGE,1.1554141683180497,82.3,A-
2021,Wisconsin,15,OL,0.6252658223290559,74.4,B
2021,Wisconsin,15,QB,-0.7054506655383421,54.4,D
2021,Wisconsin,15,RB,0.2997440250684438,69.5,C+
2021,Wisconsin,15,Secondary,1.1449890543044585,82.2,A-
2021,Wisconsin,15,WR/TE,-0.4744043263086895,57.9,D+
2021,Wyoming,15,DL/EDGE,-0.6055964260492189,55.9,D
2021,Wyoming,15,OL,0.3665117927646865,70.5,B-
2021,Wyoming,15,QB,-0.6297830141413561,55.6,D
2021,Wyoming,15,RB,0.8198696356224255,77.3,B+
2021,Wyoming,15,Secondary,0.9293983773971748,78.9,B+
2021,Wyoming,15,WR/TE,-0.2819121870735224,60.8,C-
2022,Air Force,15,DL/EDGE,-0.2746488882353593,60.9,C-
2022,Air Force,15,OL,0.31268034736963285,69.7,C+
2022,Air Force,15,QB,1.0968784263639995,81.5,A-
2022,Air Force,15,RB,0.5946035999011506,73.9,B
2022,Air Force,15,Secondary,0.5329095944022758,73.0,B-
2022,Air Force,15,WR/TE,1.8225887381953465,92.3,A+
2022,Akron,15,DL/EDGE,-0.5362065593508923,57.0,D
2022,Akron,15,OL,-0.31044084879888567,60.3,C-
2022,Akron,15,QB,-0.41338768016628213,58.8,D+
2022,Akron,15,RB,-1.004188379084338,49.9,F
2022,Akron,15,Secondary,-0.9243120510959972,51.1,D-
2022,Akron,15,WR/TE,-0.1318845540041171,63.0,C
2022,Alabama,15,DL/EDGE,0.9303644101700266,79.0,B+
2022,Alabama,15,OL,0.5263187284365205,72.9,B-
2022,Alabama,15,QB,0.673066668106198,75.1,B
2022,Alabama,15,RB,1.416382246578988,86.2,A
2022,Alabama,15,Secondary,1.083430634045541,81.3,A-
2022,Alabama,15,WR/TE,0.2808952857994408,69.2,C+
2022,App State,15,DL/EDGE,0.030253591826092274,65.5,C
2022,App State,15,OL,0.7702949619086739,76.6,B
2022,App State,15,QB,0.5735079455290565,73.6,B
2022,App State,15,RB,0.875847066932065,78.1,B+
2022,App State,15,Secondary,-0.5826124782747906,56.3,D
2022,App State,15,WR/TE,0.719583905542867,75.8,B
2022,Arizona,15,DL/EDGE,-1.3248034063985663,45.1,F
2022,Arizona,15,OL,1.0506009553913596,80.8,A-
2022,Arizona,15,QB,0.509246732168448,72.6,B-
2022,Arizona,15,RB,0.9220434635707991,78.8,B+
2022,Arizona,15,Secondary,-0.5331797189543146,57.0,D+
2022,Arizona,15,WR/TE,0.5935698317820806,73.9,B
2022,Arizona State,15,DL/EDGE,-1.0252877432665564,49.6,F
2022,Arizona State,15,OL,0.15055605424958424,67.3,C+
2022,Arizona State,15,QB,0.27571531375735586,69.1,C+
2022,Arizona State,15,RB,-0.12999896123091192,63.1,C
2022,Arizona State,15,Secondary,0.21827081565870735,68.3,C+
2022,Arizona State,15,WR/TE,0.09252696175013886,66.4,C
2022,Arkansas,15,DL/EDGE,0.1984398716128108,68.0,C+
2022,Arkansas,15,OL,-0.3996711771030115,59.0,D+
2022,Arkansas,15,QB,0.6829016297764119,75.2,B
2022,Arkansas,15,RB,0.01634505979674017,65.2,C
2022,Arkansas,15,Secondary,-1.334444541582367,45.0,F
2022,Arkansas,15,WR/TE,0.7601168519541466,76.4,B
2022,Arkansas State,15,DL/EDGE,0.7399010211445161,76.1,B
2022,Arkansas State,15,OL,-1.6531715473986228,40.2,F
2022,Arkansas State,15,QB,-0.17661760233987556,62.4,C-
2022,Arkansas State,15,RB,-0.3779194974920516,59.3,D+
2022,Arkansas State,15,Secondary,-1.1321601218207962,48.0,F
2022,Arkansas State,15,WR/TE,-1.0635599513613712,49.0,F
2022,Army,15,DL/EDGE,-0.7416761260612958,53.9,D
2022,Army,15,OL,0.2516567003229589,68.8,C+
2022,Army,15,QB,-0.9775922336583847,50.3,D-
2022,Army,15,RB,0.6411507696375738,74.6,B
2022,Army,15,Secondary,0.2889780741744778,69.3,C+
2022,Army,15,WR/TE,0.6477393187263345,74.7,B
2022,Auburn,15,DL/EDGE,0.2322605101046451,68.5,C+
2022,Auburn,15,OL,-0.2727323168627563,60.9,C-
2022,Auburn,15,QB,-0.7151624152519717,54.3,D
2022,Auburn,15,RB,0.3776205744215836,70.7,B-
2022,Auburn,15,Secondary,0.19297101838184047,67.9,C+
2022,Auburn,15,WR/TE,-0.6539037009233952,55.2,D
2022,BYU,15,DL/EDGE,-1.1647984826745748,47.5,F
2022,BYU,15,OL,0.678953494575478,75.2,B
2022,BYU,15,QB,0.8401379104099599,77.6,B+
2022,BYU,15,RB,0.784521087863625,76.8,B
2022,BYU,15,Secondary,-0.894444391739718,51.6,D-
2022,BYU,15,WR/TE,0.5005737558844342,72.5,B-
2022,Ball State,15,DL/EDGE,-0.6504567256878995,55.2,D
2022,Ball State,15,OL,1.0136147841208234,80.2,A-
2022,Ball State,15,QB,-0.9862195533596468,50.2,D-
2022,Ball State,15,RB,0.038734026298376745,65.6,C
2022,Ball State,15,Secondary,0.6326082607322374,74.5,B
2022,Ball State,15,WR/TE,-1.8504596106522673,37.2,F
2022,Baylor,15,DL/EDGE,-0.1927170382205906,62.1,C-
2022,Baylor,15,OL,-0.19127857133239798,62.1,C-
2022,Baylor,15,QB,0.32699083440291205,69.9,C+
2022,Baylor,15,RB,-0.4106964960851238,58.8,D+
2022,Baylor,15,Secondary,0.07973005682474647,66.2,C
2022,Baylor,15,WR/TE,0.426207717443842,71.4,B-
2022,Boise State,15,DL/EDGE,0.33109379563235275,70.0,C+
2022,Boise State,15,OL,0.6906883215981993,75.4,B
2022,Boise State,15,QB,-0.12387854007671367,63.1,C
2022,Boise State,15,RB,0.7330727984749419,76.0,B
2022,Boise State,15,Secondary,0.81038368244247,77.2,B+
2022,Boise State,15,WR/TE,-0.6577955007521863,55.1,D
2022,Boston College,15,DL/EDGE,0.048021566651112194,65.7,C
2022,Boston College,15,OL,-1.4739631156403732,42.9,F
2022,Boston College,15,QB,-0.5161208074353318,57.3,D+
2022,Boston College,15,RB,-1.497466796162656,42.5,F
2022,Boston College,15,Secondary,-0.020608936446323705,64.7,C
2022,Boston College,15,WR/TE,-0.5487896241558039,56.8,D
2022,Bowling Green,15,DL/EDGE,0.05433431664571145,65.8,C
2022,Bowling Green,15,OL,-0.3196096389318448,60.2,C-
2022,Bowling Green,15,QB,-0.304810211367965,60.4,C-
2022,Bowling Green,15,RB,-1.4171077566931118,43.7,F
2022,Bowling Green,15,Secondary,-0.2800754021585769,60.8,C-
2022,Bowling Green,15,WR/TE,-0.8084998645547907,52.9,D-
2022,Buffalo,15,DL/EDGE,-0.38839270011362714,59.2,D+
2022,Buffalo,15,OL,-0.18771056757869156,62.2,C-
2022,Buffalo,15,QB,-0.5579644923038685,56.6,D
2022,Buffalo,15,RB,0.028257070613012608,65.4,C
2022,Buffalo,15,Secondary,0.02963875394446263,65.4,C
2022,Buffalo,15,WR/TE,-0.423248850764939,58.7,D+
2022,California,15,DL/EDGE,-0.9070515880283667,51.4,D-
2022,California,15,OL,0.02298209816783857,65.3,C
2022,California,15,QB,-0.02688033387403346,64.6,C
2022,California,15,RB,0.43582982958586636,71.5,B-
2022,California,15,Secondary,0.17458026648201475,67.6,C+
2022,California,15,WR/TE,-0.7644689630222503,53.5,D
2022,Central Michigan,15,DL/EDGE,0.10376702574929943,66.6,C
2022,Central Michigan,15,OL,0.47181783545876366,72.1,B-
2022,Central Michigan,15,QB,-0.8121014155480175,52.8,D-
2022,Central Michigan,15,RB,0.4712471648549318,72.1,B-
2022,Central Michigan,15,Secondary,-0.17817289052897226,62.3,C-
2022,Central Michigan,15,WR/TE,-1.1964572554270658,47.1,F
2022,Charlotte,15,DL/EDGE,-0.7501481818058721,53.7,D
2022,Charlotte,15,OL,-0.17765266419831155,62.3,C-
2022,Charlotte,15,QB,-0.1755208557667118,62.4,C-
2022,Charlotte,15,RB,-0.24109830501313254,61.4,C-
2022,Charlotte,15,Secondary,-2.0327567560858277,34.5,F
2022,Charlotte,15,WR/TE,-0.4102781776010218,58.8,D+
2022,Cincinnati,15,DL/EDGE,0.33090798517702436,70.0,C+
2022,Cincinnati,15,OL,0.6198131804692356,74.3,B
2022,Cincinnati,15,QB,0.07695423440029822,66.2,C
2022,Cincinnati,15,RB,0.6243257304075374,74.4,B
2022,Cincinnati,15,Secondary,0.3941789533633828,70.9,B-
2022,Cincinnati,15,WR/TE,0.2212853866277486,68.3,C+
2022,Clemson,15,DL/EDGE,1.240210106885035,83.6,A-
2022,Clemson,15,OL,0.18910695906188635,67.8,C+
2022,Clemson,15,QB,0.2281943526316606,68.4,C+
2022,Clemson,15,RB,-0.13034171398432032,63.0,C
2022,Clemson,15,Secondary,0.5178090750157578,72.8,B-
2022,Clemson,15,WR/TE,-0.00313697667226992,65.0,C
2022,Coastal Carolina,15,DL/EDGE,0.06942593812737607,66.0,C
2022,Coastal Carolina,15,OL,-0.44729439941348487,58.3,D+
2022,Coastal Carolina,15,QB,1.2463488187328455,83.7,A-
2022,Coastal Carolina,15,RB,-0.9722786317621464,50.4,D-
2022,Coastal Carolina,15,Secondary,-1.461975989044946,43.1,F
2022,Coastal Carolina,15,WR/TE,1.0678882190554675,81.0,A-
2022,Colorado,15,DL/EDGE,-1.0717653589204759,48.9,F
2022,Colorado,15,OL,-0.4171721512121332,58.7,D+
2022,Colorado,15,QB,-1.0680707242800307,49.0,F
2022,Colorado,15,RB,-1.027656862754893,49.6,F
2022,Colorado,15,Secondary,-1.2317429573118777,46.5,F
2022,Colorado,15,WR/TE,-0.6032087407975079,56.0,D
2022,Colorado State,15,DL/EDGE,0.03444442574136286,65.5,C
2022,Colorado State,15,OL,-1.6658856212921453,40.0,F
2022,Colorado State,15,QB,-0.3177450435153135,60.2,C-
2022,Colorado State,15,RB,-0.4466650133444897,58.3,D+
2022,Colorado State,15,Secondary,0.5961581386346755,73.9,B
2022,Colorado State,15,WR/TE,-0.413965172614419,58.8,D+
2022,Duke,15,DL/EDGE,-0.2804208137839369,60.8,C-
2022,Duke,15,OL,1.1771167386370147,82.7,A-
2022,Duke,15,QB,0.45678548900028415,71.9,B-
2022,Duke,15,RB,0.933824843938655,79.0,B+
2022,Duke,15,Secondary,-0.01708510962476149,64.7,C
2022,Duke,15,WR/TE,-0.5942261394689411,56.1,D
2022,East Carolina,15,DL/EDGE,0.2023063474787146,68.0,C+
2022,East Carolina,15,OL,0.5722766057381944,73.6,B
2022,East Carolina,15,QB,0.9453880743682002,79.2,B+
2022,East Carolina,15,RB,1.154022383811808,82.3,A-
2022,East Carolina,15,Secondary,-1.3176122290688157,45.2,F
2022,East Carolina,15,WR/TE,0.5084532695911906,72.6,B-
2022,Eastern Michigan,15,DL/EDGE,-0.9940888034634874,50.1,D-
2022,Eastern Michigan,15,OL,0.0927422957898949,66.4,C
2022,Eastern Michigan,15,QB,-0.20836006003833057,61.9,C-
2022,Eastern Michigan,15,RB,-0.4333364229236762,58.5,D+
2022,Eastern Michigan,15,Secondary,0.34730687421695505,70.2,B-
2022,Eastern Michigan,15,WR/TE,0.3611880248629662,70.4,B-
2022,Florida,15,DL/EDGE,-0.5352763726621268,57.0,D
2022,Florida,15,OL,0.9776421071514085,79.7,B+
2022,Florida,15,QB,-0.18624238603410964,62.2,C-
2022,Florida,15,RB,1.4890217320715804,87.3,A
2022,Florida,15,Secondary,-0.6701494321628655,54.9,D
2022,Florida,15,WR/TE,0.5919921584288284,73.9,B
2022,Florida Atlantic,15,DL/EDGE,-0.7510429174520987,53.7,D
2022,Florida Atlantic,15,OL,0.29165115429713423,69.4,C+
2022,Florida Atlantic,15,QB,-0.06682132097426952,64.0,C
2022,Florida Atlantic,15,RB,-0.2074717701235284,61.9,C-
2022,Florida Atlantic,15,Secondary,-0.21269722050641296,61.8,C-
2022,Florida Atlantic,15,WR/TE,-0.5224979801629077,57.2,D+
2022,Florida International,15,DL/EDGE,-0.6700894025947478,54.9,D
2022,Florida International,15,OL,0.26819662179673787,69.0,C+
2022,Florida International,15,QB,-1.1419181896494381,47.9,F
2022,Florida International,15,RB,-0.8995244667196948,51.5,D-
2022,Florida International,15,Secondary,-0.6101391291522752,55.8,D
2022,Florida International,15,WR/TE,-0.8860356485304441,51.7,D-
2022,Florida State,15,DL/EDGE,0.566424899914354,73.5,B
2022,Florida State,15,OL,0.49631915637673796,72.4,B-
2022,Florida State,15,QB,0.5152988012268946,72.7,B-
2022,Florida State,15,RB,0.921060005967069,78.8,B+
2022,Florida State,15,Secondary,1.3231818647378342,84.8,A-
2022,Florida State,15,WR/TE,1.252810617113888,83.8,A-
2022,Fresno State,15,DL/EDGE,-0.16464123401163044,62.5,C-
2022,Fresno State,15,OL,-0.23854197969075142,61.4,C-
2022,Fresno State,15,QB,0.6483974985790703,74.7,B
2022,Fresno State,15,RB,0.2008442673966229,68.0,C+
2022,Fresno State,15,Secondary,0.46257565931265054,71.9,B-
2022,Fresno State,15,WR/TE,0.5570005881696127,73.4,B
2022,Georgia,15,DL/EDGE,0.25892070809510503,68.9,C+
2022,Georgia,15,OL,0.37386918292246923,70.6,B-
2022,Georgia,15,QB,1.0998760353232067,81.5,A-
2022,Georgia,15,RB,0.3915490283515103,70.9,B-
2022,Georgia,15,Secondary,0.783651471263331,76.8,B
2022,Georgia,15,WR/TE,1.4484143528920157,86.7,A
2022,Georgia Southern,15,DL/EDGE,-1.2030793729020102,47.0,F
2022,Georgia Southern,15,OL,0.7997468548043485,77.0,B
2022,Georgia Southern,15,QB,-0.17705377304917733,62.3,C-
2022,Georgia Southern,15,RB,0.31704725141443063,69.8,C+
2022,Georgia Southern,15,Secondary,-0.21137324033914232,61.8,C-
2022,Georgia Southern,15,WR/TE,0.20541613690664312,68.1,C+
2022,Georgia State,15,DL/EDGE,0.7216143390829519,75.8,B
2022,Georgia State,15,OL,-0.7525323706961289,53.7,D
2022,Georgia State,15,QB,0.2585316918197351,68.9,C+
2022,Georgia State,15,RB,-0.612417371392035,55.8,D
2022,Georgia State,15,Secondary,0.05107080615912846,65.8,C
2022,Georgia State,15,WR/TE,0.6191725289995252,74.3,B
2022,Georgia Tech,15,DL/EDGE,0.19029685760093487,67.9,C+
2022,Georgia Tech,15,OL,-1.1570028442655427,47.6,F
2022,Georgia Tech,15,QB,-1.0378175432143906,49.4,F
2022,Georgia Tech,15,RB,-0.07612499203539233,63.9,C
2022,Georgia Tech,15,Secondary,0.2771098557852396,69.2,C+
2022,Georgia Tech,15,WR/TE,-1.3022641772945716,45.5,F
2022,Hawai'i,15,DL/EDGE,-1.5177619312583421,42.2,F
2022,Hawai'i,15,OL,0.8463853201990308,77.7,B+
2022,Hawai'i,15,QB,-1.0087471157789696,49.9,F
2022,Hawai'i,15,RB,0.27197064818375327,69.1,C+
2022,Hawai'i,15,Secondary,-0.49602739817181785,57.6,D+
2022,Hawai'i,15,WR/TE,-1.1211460676542317,48.2,F
2022,Houston,15,DL/EDGE,-0.12460603140210115,63.1,C
2022,Houston,15,OL,0.7331796803822113,76.0,B
2022,Houston,15,QB,0.7358905466750353,76.0,B
2022,Houston,15,RB,-0.0688559405770438,64.0,C
2022,Houston,15,Secondary,-0.17975381855704933,62.3,C-
2022,Houston,15,WR/TE,0.28950196543544976,69.3,C+
2022,Illinois,15,DL/EDGE,0.4381749001412683,71.6,B-
2022,Illinois,15,OL,-0.22422139356388981,61.6,C-
2022,Illinois,15,QB,0.1776836217113395,67.7,C+
2022,Illinois,15,RB,-0.7067022054385997,54.4,D
2022,Illinois,15,Secondary,1.7745510488292986,91.6,A+
2022,Illinois,15,WR/TE,-0.3823517269670469,59.3,D+
2022,Indiana,15,DL/EDGE,-0.20917406566538188,61.9,C-
2022,Indiana,15,OL,-0.11018715057486501,63.3,C
2022,Indiana,15,QB,-1.2652759245840737,46.0,F
2022,Indiana,15,RB,0.1760679016743204,67.6,C+
2022,Indiana,15,Secondary,-0.9470457984828589,50.8,D-
2022,Indiana,15,WR/TE,-1.6704535396279656,39.9,F
2022,Iowa,15,DL/EDGE,0.8076118978820209,77.1,B+
2022,Iowa,15,OL,-1.2024751100965523,47.0,F
2022,Iowa,15,QB,-1.116366331782075,48.3,F
2022,Iowa,15,RB,-0.512993644007538,57.3,D+
2022,Iowa,15,Secondary,1.441384535444352,86.6,A
2022,Iowa,15,WR/TE,-1.3956430857865638,44.1,F
2022,Iowa State,15,DL/EDGE,0.6406550487084796,74.6,B
2022,Iowa State,15,OL,-0.45235449158964575,58.2,D+
2022,Iowa State,15,QB,-0.4426438512259538,58.4,D+
2022,Iowa State,15,RB,-0.7874587391601108,53.2,D
2022,Iowa State,15,Secondary,0.3448078185407225,70.2,B-
2022,Iowa State,15,WR/TE,-1.0274391634813604,49.6,F
2022,James Madison,15,DL/EDGE,2.5882849789085127,100.0,A+
2022,James Madison,15,OL,-0.6510501000747313,55.2,D
2022,James Madison,15,QB,0.3181107199092647,69.8,C+
2022,James Madison,15,RB,-1.0524696627284456,49.2,F
2022,James Madison,15,Secondary,-0.09189267633050492,63.6,C
2022,James Madison,15,WR/TE,0.27089540839756504,69.1,C+
2022,Kansas,15,DL/EDGE,-0.7648977155635934,53.5,D
2022,Kansas,15,OL,1.295968962181102,84.4,A-
2022,Kansas,15,QB,1.1781005656419954,82.7,A-
2022,Kansas,15,RB,0.9746529281437217,79.6,B+
2022,Kansas,15,Secondary,-0.29816602136232595,60.5,C-
2022,Kansas,15,WR/TE,1.0442023341755875,80.7,A-
2022,Kansas State,15,DL/EDGE,0.0981494358636808,66.5,C
2022,Kansas State,15,OL,0.5916129444340992,73.9,B
2022,Kansas State,15,QB,0.680875319854031,75.2,B
2022,Kansas State,15,RB,0.8344550146236206,77.5,B+
2022,Kansas State,15,Secondary,1.2433473252057028,83.7,A-
2022,Kansas State,15,WR/TE,0.3958263052169476,70.9,B-
2022,Kent State,15,DL/EDGE,-0.04658784560209714,64.3,C
2022,Kent State,15,OL,0.23466989882481362,68.5,C+
2022,Kent State,15,QB,-0.24196864636233106,61.4,C-
2022,Kent State,15,RB,0.17492560717298664,67.6,C+
2022,Kent State,15,Secondary,-0.5456479421605409,56.8,D
2022,Kent State,15,WR/TE,-0.5419063224340872,56.9,D
2022,Kentucky,15,DL/EDGE,-0.2100867488753419,61.8,C-
2022,Kentucky,15,OL,-0.9695321096914347,50.5,D-
2022,Kentucky,15,QB,0.758755957044378,76.4,B
2022,Kentucky,15,RB,-0.26450194983324016,61.0,C-
2022,Kentucky,15,Secondary,0.6145987228599339,74.2,B
2022,Kentucky,15,WR/TE,0.32900443902832605,69.9,C+
2022,LSU,15,DL/EDGE,0.2335047001522416,68.5,C+
2022,LSU,15,OL,0.17370935403669485,67.6,C+
2022,LSU,15,QB,0.47985238130229935,72.2,B-
2022,LSU,15,RB,0.19168233325229134,67.9,C+
2022,LSU,15,Secondary,-0.3018440538679622,60.5,C-
2022,LSU,15,WR/TE,0.040013247901173304,65.6,C
2022,Liberty,15,DL/EDGE,1.6436229921165053,89.7,A
2022,Liberty,15,OL,-0.5134329241528333,57.3,D+
2022,Liberty,15,QB,-0.5825343050822995,56.3,D
2022,Liberty,15,RB,0.3829711650819353,70.7,B-
2022,Liberty,15,Secondary,1.050072495555214,80.8,A-
2022,Liberty,15,WR/TE,-0.6620338853123702,55.1,D
2022,Louisiana,15,DL/EDGE,-0.1577668937643381,62.6,C-
2022,Louisiana,15,OL,-0.07344629663566882,63.9,C
2022,Louisiana,15,QB,-0.725796274334317,54.1,D
2022,Louisiana,15,RB,-0.6114132293258924,55.8,D
2022,Louisiana,15,Secondary,0.5543854216967475,73.3,B
2022,Louisiana,15,WR/TE,-0.8261753895500585,52.6,D-
2022,Louisiana Tech,15,DL/EDGE,-1.5940376186137444,41.1,F
2022,Louisiana Tech,15,OL,-0.34409029487724835,59.8,D+
2022,Louisiana Tech,15,QB,0.0983868966348464,66.5,C
2022,Louisiana Tech,15,RB,-0.23027757168852517,61.5,C-
2022,Louisiana Tech,15,Secondary,0.10326344919823836,66.5,C
2022,Louisiana Tech,15,WR/TE,0.2270171515269132,68.4,C+
2022,Louisville,15,DL/EDGE,0.8772183894825061,78.2,B+
2022,Louisville,15,OL,0.17750172271523662,67.7,C+
2022,Louisville,15,QB,-0.26715251285299957,61.0,C-
2022,Louisville,15,RB,0.4801817969500145,72.2,B-
2022,Louisville,15,Secondary,0.3220612319351524,69.8,C+
2022,Louisville,15,WR/TE,-0.7841059297397767,53.2,D
2022,Marshall,15,DL/EDGE,1.0779821529976945,81.2,A-
2022,Marshall,15,OL,-0.6967470521862924,54.5,D
2022,Marshall,15,QB,-0.25117074865962763,61.2,C-
2022,Marshall,15,RB,0.4697143910007051,72.0,B-
2022,Marshall,15,Secondary,1.1270552769633193,81.9,A-
2022,Marshall,15,WR/TE,-0.05424076130440238,64.2,C
2022,Maryland,15,DL/EDGE,-0.19905864751861246,62.0,C-
2022,Maryland,15,OL,-0.210744752397271,61.8,C-
2022,Maryland,15,QB,0.1828486101039698,67.7,C+
2022,Maryland,15,RB,0.29155184369558357,69.4,C+
2022,Maryland,15,Secondary,0.6820059208560071,75.2,B
2022,Maryland,15,WR/TE,0.09480042679026504,66.4,C
2022,Massachusetts,15,DL/EDGE,0.18803638591214994,67.8,C+
2022,Massachusetts,15,OL,-0.9659473752954648,50.5,D-
2022,Massachusetts,15,QB,-1.6833296499002375,39.8,F
2022,Massachusetts,15,RB,-0.6634216246861473,55.0,D
2022,Massachusetts,15,Secondary,0.04080526755482856,65.6,C
2022,Massachusetts,15,WR/TE,-1.9127367766138037,36.3,F
2022,Memphis,15,DL/EDGE,-0.34155184679641926,59.9,D+
2022,Memphis,15,OL,-0.5700897329817614,56.4,D
2022,Memphis,15,QB,0.8413105024217373,77.6,B+
2022,Memphis,15,RB,-0.8361206853267117,52.5,D-
2022,Memphis,15,Secondary,-0.2578073189594206,61.1,C-
2022,Memphis,15,WR/TE,0.7714620267271136,76.6,B
2022,Miami,15,DL/EDGE,1.5174948917170832,87.8,A
2022,Miami,15,OL,-0.06751216074354363,64.0,C
2022,Miami,15,QB,-0.13668023271000646,62.9,C-
2022,Miami,15,RB,-0.32620842637135594,60.1,C-
2022,Miami,15,Secondary,-0.9615383134762794,50.6,D-
2022,Miami,15,WR/TE,-0.09292982612328979,63.6,C
2022,Miami (OH),15,DL/EDGE,-0.6537411622711808,55.2,D
2022,Miami (OH),15,OL,-0.4071225333185367,58.9,D+
2022,Miami (OH),15,QB,-0.7594295014605504,53.6,D
2022,Miami (OH),15,RB,0.023937082424571182,65.4,C
2022,Miami (OH),15,Secondary,0.04726867188665935,65.7,C
2022,Miami (OH),15,WR/TE,-0.4348137443722293,58.5,D+
2022,Michigan,15,DL/EDGE,0.5837896450803599,73.8,B
2022,Michigan,15,OL,0.3101062027069541,69.7,C+
2022,Michigan,15,QB,0.7631824721769058,76.4,B
2022,Michigan,15,RB,1.2366681017428682,83.6,A-
2022,Michigan,15,Secondary,0.987136346574016,79.8,B+
2022,Michigan,15,WR/TE,0.7536884288678556,76.3,B
2022,Michigan State,15,DL/EDGE,0.4304291784103771,71.5,B-
2022,Michigan State,15,OL,-0.34207517965653683,59.9,D+
2022,Michigan State,15,QB,-0.21450204064774053,61.8,C-
2022,Michigan State,15,RB,-0.8357713576316661,52.5,D-
2022,Michigan State,15,Secondary,-1.1220241282401209,48.2,F
2022,Michigan State,15,WR/TE,-0.2393993968553107,61.4,C-
2022,Middle Tennessee,15,DL/EDGE,0.36616770801226906,70.5,B-
2022,Middle Tennessee,15,OL,-0.5244944679838114,57.1,D+
2022,Middle Tennessee,15,QB,-0.04644850171738511,64.3,C
2022,Middle Tennessee,15,RB,-0.14071758886756294,62.9,C-
2022,Middle Tennessee,15,Secondary,0.4381356729435415,71.6,B-
2022,Middle Tennessee,15,WR/TE,0.7392314091242965,76.1,B
2022,Minnesota,15,DL/EDGE,-0.5992691391092253,56.0,D
2022,Minnesota,15,OL,0.06939377272757855,66.0,C
2022,Minnesota,15,QB,0.2635981871769978,69.0,C+
2022,Minnesota,15,RB,-0.10753207053217813,63.4,C
2022,Minnesota,15,Secondary,1.3052669611422543,84.6,A-
2022,Minnesota,15,WR/TE,0.7755251457230016,76.6,B
2022,Mississippi State,15,DL/EDGE,0.5488374545731798,73.2,B
2022,Mississippi State,15,OL,0.2579915976815004,68.9,C+
2022,Mississippi State,15,QB,-0.0972754508730008,63.5,C
2022,Mississippi State,15,RB,-0.8182783997132279,52.7,D-
2022,Mississippi State,15,Secondary,0.5471479602225806,73.2,B
2022,Mississippi State,15,WR/TE,-0.3624292523996532,59.6,D+
2022,Missouri,15,DL/EDGE,1.203127857797629,83.0,A-
2022,Missouri,15,OL,-0.8919467550904763,51.6,D-
2022,Missouri,15,QB,0.12082452136358704,66.8,C
2022,Missouri,15,RB,-0.7619427153907616,53.6,D
2022,Missouri,15,Secondary,-0.06506874938049585,64.0,C
2022,Missouri,15,WR/TE,0.39659601981414955,70.9,B-
2022,NC State,15,DL/EDGE,0.03952056390358702,65.6,C
2022,NC State,15,OL,-0.2587450340456878,61.1,C-
2022,NC State,15,QB,-0.4193995058988942,58.7,D+
2022,NC State,15,RB,-1.136293457546374,48.0,F
2022,NC State,15,Secondary,0.6845535601622127,75.3,B
2022,NC State,15,WR/TE,-0.24188440642149822,61.4,C-
2022,Navy,15,DL/EDGE,0.45829147014793986,71.9,B-
2022,Navy,15,OL,-0.7578723284601805,53.6,D
2022,Navy,15,QB,0.06686912174895052,66.0,C
2022,Navy,15,RB,-0.2977302120711961,60.5,C-
2022,Navy,15,Secondary,-2.0377444417363537,34.4,F
2022,Navy,15,WR/TE,0.22027314866065215,68.3,C+
2022,Nebraska,15,DL/EDGE,-0.3857507455698394,59.2,D+
2022,Nebraska,15,OL,-0.28529190885987965,60.7,C-
2022,Nebraska,15,QB,0.4274683705762424,71.4,B-
2022,Nebraska,15,RB,-0.36012738811489986,59.6,D+
2022,Nebraska,15,Secondary,0.6021103521128758,74.0,B
2022,Nebraska,15,WR/TE,0.9575528422961114,79.4,B+
2022,Nevada,15,DL/EDGE,-0.3189422239098729,60.2,C-
2022,Nevada,15,OL,-0.6594645540233184,55.1,D
2022,Nevada,15,QB,-1.1308982099221052,48.0,F
2022,Nevada,15,RB,-1.3399823622734248,44.9,F
2022,Nevada,15,Secondary,-1.080695547069256,48.8,F
2022,Nevada,15,WR/TE,-0.6145825177055819,55.8,D
2022,New Mexico,15,DL/EDGE,0.31450902755514176,69.7,C+
2022,New Mexico,15,OL,-1.9723953923755086,35.4,F
2022,New Mexico,15,QB,-2.165760390306704,32.5,F
2022,New Mexico,15,RB,-0.7227406220828666,54.2,D
2022,New Mexico,15,Secondary,-0.1450452175123336,62.8,C-
2022,New Mexico,15,WR/TE,-1.7590821661068623,38.6,F
2022,New Mexico State,15,DL/EDGE,0.5710292871115938,73.6,B
2022,New Mexico State,15,OL,-0.36843576340774065,59.5,D+
2022,New Mexico State,15,QB,-0.9150218773127147,51.3,D-
2022,New Mexico State,15,RB,0.17250523508267376,67.6,C+
2022,New Mexico State,15,Secondary,0.5895012699633156,73.8,B
2022,New Mexico State,15,WR/TE,-0.19655834503267922,62.1,C-
2022,North Carolina,15,DL/EDGE,-0.9370592538752074,50.9,D-
2022,North Carolina,15,OL,-0.026598237633760985,64.6,C
2022,North Carolina,15,QB,0.8771332031980026,78.2,B+
2022,North Carolina,15,RB,0.27402823199375725,69.1,C+
2022,North Carolina,15,Secondary,-1.0019300283838783,50.0,F
2022,North Carolina,15,WR/TE,1.0892838509444842,81.3,A-
2022,North Texas,15,DL/EDGE,-0.9367337568013349,50.9,D-
2022,North Texas,15,OL,0.5383136681469597,73.1,B
2022,North Texas,15,QB,0.44936484897906065,71.7,B-
2022,North Texas,15,RB,0.7941573069941802,76.9,B
2022,North Texas,15,Secondary,-0.6969065538375521,54.5,D
2022,North Texas,15,WR/TE,0.5632680866218314,73.4,B
2022,Northern Illinois,15,DL/EDGE,-0.3890779303313905,59.2,D+
2022,Northern Illinois,15,OL,1.3501975659922232,85.3,A
2022,Northern Illinois,15,QB,-0.3382720212181487,59.9,D+
2022,Northern Illinois,15,RB,1.0908835810108617,81.4,A-
2022,Northern Illinois,15,Secondary,-1.4902620061053344,42.6,F
2022,Northern Illinois,15,WR/TE,-0.32085686821245984,60.2,C-
2022,Northwestern,15,DL/EDGE,0.22363752503365222,68.4,C+
2022,Northwestern,15,OL,-0.9682623730987072,50.5,D-
2022,Northwestern,15,QB,-1.044422402984385,49.3,F
2022,Northwestern,15,RB,-2.1329524785110867,33.0,F
2022,Northwestern,15,Secondary,-0.23398721230638772,61.5,C-
2022,Northwestern,15,WR/TE,-1.4619131513316201,43.1,F
2022,Notre Dame,15,DL/EDGE,0.9263512428773458,78.9,B+
2022,Notre Dame,15,OL,-0.3394175369254557,59.9,D+
2022,Notre Dame,15,QB,0.4168908770652023,71.3,B-
2022,Notre Dame,15,RB,-0.48970211737452074,57.7,D+
2022,Notre Dame,15,Secondary,-0.28949802319603296,60.7,C-
2022,Notre Dame,15,WR/TE,0.35379609637689846,70.3,B-
2022,Ohio,15,DL/EDGE,-0.22356743217911842,61.6,C-
2022,Ohio,15,OL,-0.34319254587675174,59.9,D+
2022,Ohio,15,QB,1.2181663956635949,83.3,A-
2022,Ohio,15,RB,-0.38952316782177443,59.2,D+
2022,Ohio,15,Secondary,-0.655288878156059,55.2,D
2022,Ohio,15,WR/TE,0.777346728698499,76.7,B
2022,Ohio State,15,DL/EDGE,1.2229723502066616,83.3,A-
2022,Ohio State,15,OL,0.8793214884288498,78.2,B+
2022,Ohio State,15,QB,1.73969074616704,91.1,A+
2022,Ohio State,15,RB,1.1259434042365588,81.9,A-
2022,Ohio State,15,Secondary,0.41898300253036025,71.3,B-
2022,Ohio State,15,WR/TE,1.4604285046497314,86.9,A
2022,Oklahoma,15,DL/EDGE,0.19642258338802362,67.9,C+
2022,Oklahoma,15,OL,-0.07922183589993925,63.8,C
2022,Oklahoma,15,QB,0.03558797818180386,65.5,C
2022,Oklahoma,15,RB,-0.03915358816536538,64.4,C
2022,Oklahoma,15,Secondary,0.45585185450333887,71.8,B-
2022,Oklahoma,15,WR/TE,0.4417701731915075,71.6,B-
2022,Oklahoma State,15,DL/EDGE,-0.4161025983771166,58.8,D+
2022,Oklahoma State,15,OL,-0.5910983148813433,56.1,D
2022,Oklahoma State,15,QB,-0.5907703296836155,56.1,D
2022,Oklahoma State,15,RB,-0.8779772056967674,51.8,D-
2022,Oklahoma State,15,Secondary,0.44517457296770996,71.7,B-
2022,Oklahoma State,15,WR/TE,0.17915572862462997,67.7,C+
2022,Old Dominion,15,DL/EDGE,0.6117242097426927,74.2,B
2022,Old Dominion,15,OL,-0.07686291685336838,63.8,C
2022,Old Dominion,15,QB,-0.4015132025702917,59.0,D+
2022,Old Dominion,15,RB,-0.18517629022625162,62.2,C-
2022,Old Dominion,15,Secondary,-0.7031397052754123,54.5,D
2022,Old Dominion,15,WR/TE,-0.3292508105505084,60.1,C-
2022,Ole Miss,15,DL/EDGE,0.4267303598619199,71.4,B-
2022,Ole Miss,15,OL,-0.2782539416174694,60.8,C-
2022,Ole Miss,15,QB,0.1458203555260192,67.2,C+
2022,Ole Miss,15,RB,0.27913954946656344,69.2,C+
2022,Ole Miss,15,Secondary,0.1274466999572287,66.9,C
2022,Ole Miss,15,WR/TE,0.5159270769064048,72.7,B-
2022,Oregon,15,DL/EDGE,-0.2259219101680507,61.6,C-
2022,Oregon,15,OL,0.6022912721169057,74.0,B
2022,Oregon,15,QB,1.0525544573867718,80.8,A-
2022,Oregon,15,RB,0.8997527996934088,78.5,B+
2022,Oregon,15,Secondary,-0.31352092624179106,60.3,C-
2022,Oregon,15,WR/TE,0.6782574860553836,75.2,B
2022,Oregon State,15,DL/EDGE,-0.48722083178643166,57.7,D+
2022,Oregon State,15,OL,0.1758311170650254,67.6,C+
2022,Oregon State,15,QB,-0.08166331258172382,63.8,C
2022,Oregon State,15,RB,-0.014987483734304405,64.8,C
2022,Oregon State,15,Secondary,1.060817403697868,80.9,A-
2022,Oregon State,15,WR/TE,0.3428150105183624,70.1,B-
2022,Penn State,15,DL/EDGE,0.8981318669884797,78.5,B+
2022,Penn State,15,OL,0.13985172292924633,67.1,C+
2022,Penn State,15,QB,0.3193288611052621,69.8,C+
2022,Penn State,15,RB,0.15363348218566378,67.3,C+
2022,Penn State,15,Secondary,1.2636106636579243,84.0,A-
2022,Penn State,15,WR/TE,-0.1714953635982275,62.4,C-
2022,Pittsburgh,15,DL/EDGE,0.6867498792513672,75.3,B
2022,Pittsburgh,15,OL,0.2792045341610339,69.2,C+
2022,Pittsburgh,15,QB,-0.20431127541772223,61.9,C-
2022,Pittsburgh,15,RB,0.1936217882879267,67.9,C+
2022,Pittsburgh,15,Secondary,0.7591019143020997,76.4,B
2022,Pittsburgh,15,WR/TE,-0.02289966446932664,64.7,C
2022,Purdue,15,DL/EDGE,-0.17263808674896747,62.4,C-
2022,Purdue,15,OL,0.172981612969059,67.6,C+
2022,Purdue,15,QB,-0.04265803335885103,64.4,C
2022,Purdue,15,RB,-0.3723921228726611,59.4,D+
2022,Purdue,15,Secondary,0.91294937492201,78.7,B+
2022,Purdue,15,WR/TE,-0.5782385193493322,56.3,D
2022,Rice,15,DL/EDGE,-0.7463500329179176,53.8,D
2022,Rice,15,OL,0.17117987219436423,67.6,C+
2022,Rice,15,QB,-0.3579628714572459,59.6,D+
2022,Rice,15,RB,-0.3467131211322473,59.8,D+
2022,Rice,15,Secondary,-0.9730019242757624,50.4,D-
2022,Rice,15,WR/TE,0.37525201253538176,70.6,B-
2022,Rutgers,15,DL/EDGE,-0.10606423403085244,63.4,C
2022,Rutgers,15,OL,-0.39783881617619854,59.0,D+
2022,Rutgers,15,QB,-1.23482065649232,46.5,F
2022,Rutgers,15,RB,-0.901442410844515,51.5,D-
2022,Rutgers,15,Secondary,0.5467697793530182,73.2,B
2022,Rutgers,15,WR/TE,-1.577665338597217,41.3,F
2022,SMU,15,DL/EDGE,-0.6481157846350376,55.3,D
2022,SMU,15,OL,0.23957879619807573,68.6,C+
2022,SMU,15,QB,0.7030909568398352,75.5,B
2022,SMU,15,RB,-0.28684881286368435,60.7,C-
2022,SMU,15,Secondary,-0.159116484829194,62.6,C-
2022,SMU,15,WR/TE,0.6331216361635746,74.5,B
2022,San Diego State,15,DL/EDGE,0.22201101945088364,68.3,C+
2022,San Diego State,15,OL,-0.15473387676251785,62.7,C-
2022,San Diego State,15,QB,-0.21159078762778863,61.8,C-
2022,San Diego State,15,RB,-0.22910789734728698,61.6,C-
2022,San Diego State,15,Secondary,0.12425755547342958,66.9,C
2022,San Diego State,15,WR/TE,-0.6716256227056014,54.9,D
2022,San José State,15,DL/EDGE,1.457166493376036,86.9,A
2022,San José State,15,OL,-0.48554667336516505,57.7,D+
2022,San José State,15,QB,0.07865945433356636,66.2,C
2022,San José State,15,RB,-0.37827553164273936,59.3,D+
2022,San José State,15,Secondary,-0.027456959034714918,64.6,C
2022,San José State,15,WR/TE,0.35061107280905024,70.3,B-
2022,South Alabama,15,DL/EDGE,-0.2979694071154056,60.5,C-
2022,South Alabama,15,OL,0.38074070257848736,70.7,B-
2022,South Alabama,15,QB,0.6553512999141433,74.8,B
2022,South Alabama,15,RB,-0.06669971483731724,64.0,C
2022,South Alabama,15,Secondary,0.35440646521529007,70.3,B-
2022,South Alabama,15,WR/TE,0.20069373176702024,68.0,C+
2022,South Carolina,15,DL/EDGE,-0.9662535505542187,50.5,D-
2022,South Carolina,15,OL,-0.3267521270455018,60.1,C-
2022,South Carolina,15,QB,0.6611818182492609,74.9,B
2022,South Carolina,15,RB,-0.7698777524316391,53.5,D
2022,South Carolina,15,Secondary,0.6763017174419127,75.1,B
2022,South Carolina,15,WR/TE,0.4173130453639555,71.3,B-
2022,South Florida,15,DL/EDGE,-0.8182287984078483,52.7,D-
2022,South Florida,15,OL,1.3178525439541071,84.8,A-
2022,South Florida,15,QB,-0.13464835723919866,63.0,C-
2022,South Florida,15,RB,0.6491573620621014,74.7,B
2022,South Florida,15,Secondary,-1.0040103110753975,49.9,F
2022,South Florida,15,WR/TE,0.683866830660991,75.3,B
2022,Southern Miss,15,DL/EDGE,0.9601674542394667,79.4,B+
2022,Southern Miss,15,OL,-1.3213527091825399,45.2,F
2022,Southern Miss,15,QB,-0.2252658856548664,61.6,C-
2022,Southern Miss,15,RB,-1.1190056010521945,48.2,F
2022,Southern Miss,15,Secondary,-0.183257795208325,62.3,C-
2022,Southern Miss,15,WR/TE,0.632893620085976,74.5,B
2022,Stanford,15,DL/EDGE,-0.7678223399603956,53.5,D
2022,Stanford,15,OL,-0.1770835865144837,62.3,C-
2022,Stanford,15,QB,-0.18669350303110205,62.2,C-
2022,Stanford,15,RB,-0.41416136349892907,58.8,D+
2022,Stanford,15,Secondary,0.30540324606437197,69.6,C+
2022,Stanford,15,WR/TE,-0.07079994808162395,63.9,C
2022,Syracuse,15,DL/EDGE,0.4897760909381882,72.3,B-
2022,Syracuse,15,OL,-0.5544329938758982,56.7,D
2022,Syracuse,15,QB,-0.27431045661432996,60.9,C-
2022,Syracuse,15,RB,0.8927920399933647,78.4,B+
2022,Syracuse,15,Secondary,0.6097122982478754,74.1,B
2022,Syracuse,15,WR/TE,-0.2756035540676444,60.9,C-
2022,TCU,15,DL/EDGE,0.06454686991350003,66.0,C
2022,TCU,15,OL,0.2805990999954251,69.2,C+
2022,TCU,15,QB,1.0301781363034272,80.5,A-
2022,TCU,15,RB,1.054186348934554,80.8,A-
2022,TCU,15,Secondary,0.02076983138260777,65.3,C
2022,TCU,15,WR/TE,0.9995586689467457,80.0,B+
2022,Temple,15,DL/EDGE,0.911990535042535,78.7,B+
2022,Temple,15,OL,-0.3426069923812817,59.9,D+
2022,Temple,15,QB,-0.17866812905720741,62.3,C-
2022,Temple,15,RB,-1.0633597197272022,49.0,F
2022,Temple,15,Secondary,-0.5871155110257794,56.2,D
2022,Temple,15,WR/TE,-0.1486770814025047,62.8,C-
2022,Tennessee,15,DL/EDGE,0.7479238630080476,76.2,B
2022,Tennessee,15,OL,0.7427367986649038,76.1,B
2022,Tennessee,15,QB,2.0577678719935872,95.9,A+
2022,Tennessee,15,RB,0.8059054538592558,77.1,B+
2022,Tennessee,15,Secondary,0.10398715754677662,66.6,C
2022,Tennessee,15,WR/TE,1.7107050562776298,90.7,A+
2022,Texas,15,DL/EDGE,0.31851239716767354,69.8,C+
2022,Texas,15,OL,0.6042572239564485,74.1,B
2022,Texas,15,QB,-0.09282324714039195,63.6,C
2022,Texas,15,RB,0.93219974509791,79.0,B+
2022,Texas,15,Secondary,0.3413177052295912,70.1,B-
2022,Texas,15,WR/TE,-0.6207804994553154,55.7,D
2022,Texas A&M,15,DL/EDGE,0.09080123807178836,66.4,C
2022,Texas A&M,15,OL,-0.03729778361147393,64.4,C
2022,Texas A&M,15,QB,-0.3791187257413793,59.3,D+
2022,Texas A&M,15,RB,0.39335097609484765,70.9,B-
2022,Texas A&M,15,Secondary,0.4899026331059997,72.3,B-
2022,Texas A&M,15,WR/TE,-0.5919968898044232,56.1,D
2022,Texas State,15,DL/EDGE,-0.5606130742872903,56.6,D
2022,Texas State,15,OL,0.11273606247578771,66.7,C
2022,Texas State,15,QB,-0.19281524488209856,62.1,C-
2022,Texas State,15,RB,-0.6033375846983277,55.9,D
2022,Texas State,15,Secondary,0.15195926183367112,67.3,C+
2022,Texas State,15,WR/TE,-0.5118564568688138,57.3,D+
2022,Texas Tech,15,DL/EDGE,0.9124894773144667,78.7,B+
2022,Texas Tech,15,OL,-0.2893931148059704,60.7,C-
2022,Texas Tech,15,QB,-0.4788713917720563,57.8,D+
2022,Texas Tech,15,RB,-0.4482801907140848,58.3,D+
2022,Texas Tech,15,Secondary,-0.30511170544713034,60.4,C-
2022,Texas Tech,15,WR/TE,-0.8748526780686062,51.9,D-
2022,Toledo,15,DL/EDGE,0.02239328663385219,65.3,C
2022,Toledo,15,OL,-0.34957180157538503,59.8,D+
2022,Toledo,15,QB,-0.6544177333818482,55.2,D
2022,Toledo,15,RB,-0.6466135764147649,55.3,D
2022,Toledo,15,Secondary,0.827076746191524,77.4,B+
2022,Toledo,15,WR/TE,-0.15421973218477117,62.7,C-
2022,Troy,15,DL/EDGE,0.4471952907796859,71.7,B-
2022,Troy,15,OL,-0.752462358475188,53.7,D
2022,Troy,15,QB,0.19632465775989127,67.9,C+
2022,Troy,15,RB,-0.819873784901292,52.7,D-
2022,Troy,15,Secondary,0.4197895868559096,71.3,B-
2022,Troy,15,WR/TE,0.36640920167908664,70.5,B-
2022,Tulane,15,DL/EDGE,-0.07095574486423506,63.9,C
2022,Tulane,15,OL,0.43148465934606994,71.5,B-
2022,Tulane,15,QB,0.5268687133586856,72.9,B-
2022,Tulane,15,RB,0.4998252427133489,72.5,B-
2022,Tulane,15,Secondary,0.8707151993236008,78.1,B+
2022,Tulane,15,WR/TE,0.5549655421306255,73.3,B
2022,Tulsa,15,DL/EDGE,-0.7411647171913681,53.9,D
2022,Tulsa,15,OL,0.09102428468035437,66.4,C
2022,Tulsa,15,QB,0.13178837790050812,67.0,C
2022,Tulsa,15,RB,0.34605473363630196,70.2,B-
2022,Tulsa,15,Secondary,-0.36011394833117094,59.6,D+
2022,Tulsa,15,WR/TE,0.4265432293853609,71.4,B-
2022,UAB,15,DL/EDGE,-0.8854132735375175,51.7,D-
2022,UAB,15,OL,1.3633487714931292,85.5,A
2022,UAB,15,QB,0.8269736369427036,77.4,B+
2022,UAB,15,RB,1.2423200574500182,83.6,A-
2022,UAB,15,Secondary,0.8639179544760035,78.0,B+
2022,UAB,15,WR/TE,0.7281372553165542,75.9,B
2022,UCF,15,DL/EDGE,-0.3541395342321595,59.7,D+
2022,UCF,15,OL,0.19060237241085123,67.9,C+
2022,UCF,15,QB,0.33162235910907883,70.0,C+
2022,UCF,15,RB,0.4672178122784637,72.0,B-
2022,UCF,15,Secondary,-0.11866578446754937,63.2,C
2022,UCF,15,WR/TE,0.24719920669878315,68.7,C+
2022,UCLA,15,DL/EDGE,-0.11501291016658538,63.3,C
2022,UCLA,15,OL,1.2509071711801636,83.8,A-
2022,UCLA,15,QB,0.9795323002873058,79.7,B+
2022,UCLA,15,RB,1.3818520456329173,85.7,A
2022,UCLA,15,Secondary,0.11231919295506133,66.7,C
2022,UCLA,15,WR/TE,1.1799444519616324,82.7,A-
2022,UConn,15,DL/EDGE,-0.4903918255226938,57.6,D+
2022,UConn,15,OL,-0.1465140759730077,62.8,C-
2022,UConn,15,QB,-0.9696114469112905,50.5,D-
2022,UConn,15,RB,0.5752822118250324,73.6,B
2022,UConn,15,Secondary,0.2850668116982924,69.3,C+
2022,UConn,15,WR/TE,-1.2165172981954147,46.8,F
2022,UL Monroe,15,DL/EDGE,-0.053805085094836363,64.2,C
2022,UL Monroe,15,OL,-0.5401025739019892,56.9,D
2022,UL Monroe,15,QB,0.4956111103573121,72.4,B-
2022,UL Monroe,15,RB,-0.39204602385168397,59.1,D+
2022,UL Monroe,15,Secondary,-0.8566881938415287,52.1,D-
2022,UL Monroe,15,WR/TE,0.7872206567480832,76.8,B
2022,UNLV,15,DL/EDGE,-0.5635228130565523,56.5,D
2022,UNLV,15,OL,0.11248292783273678,66.7,C
2022,UNLV,15,QB,0.18819096484813355,67.8,C+
2022,UNLV,15,RB,0.3814582258994762,70.7,B-
2022,UNLV,15,Secondary,0.12244694792871767,66.8,C
2022,UNLV,15,WR/TE,-0.11242122967112482,63.3,C
2022,USC,15,DL/EDGE,-0.06221649421812869,64.1,C
2022,USC,15,OL,0.5925835803358526,73.9,B
2022,USC,15,QB,1.4818958454780524,87.2,A
2022,USC,15,RB,1.1860310455238776,82.8,A-
2022,USC,15,Secondary,-0.31380255070634067,60.3,C-
2022,USC,15,WR/TE,1.341235829632144,85.1,A
2022,UTEP,15,DL/EDGE,0.3001631303552078,69.5,C+
2022,UTEP,15,OL,0.46353568061724004,72.0,B-
2022,UTEP,15,QB,-0.8366365040041849,52.5,D-
2022,UTEP,15,RB,-0.16997309286304307,62.5,C-
2022,UTEP,15,Secondary,-0.9950165379092122,50.1,D-
2022,UTEP,15,WR/TE,-0.5045554238180883,57.4,D+
2022,UTSA,15,DL/EDGE,-1.26070644706949,46.1,F
2022,UTSA,15,OL,0.4651343378431071,72.0,B-
2022,UTSA,15,QB,1.046745013242868,80.7,A-
2022,UTSA,15,RB,0.028576795873728984,65.4,C
2022,UTSA,15,Secondary,0.2216287617845282,68.3,C+
2022,UTSA,15,WR/TE,0.7719723287181766,76.6,B
2022,Utah,15,DL/EDGE,0.7190537313353345,75.8,B
2022,Utah,15,OL,0.85112191552067,77.8,B+
2022,Utah,15,QB,0.8640253265532732,78.0,B+
2022,Utah,15,RB,0.4800342560611324,72.2,B-
2022,Utah,15,Secondary,0.030195762406691487,65.5,C
2022,Utah,15,WR/TE,0.6008696421924932,74.0,B
2022,Utah State,15,DL/EDGE,0.425478492844477,71.4,B-
2022,Utah State,15,OL,-0.505079485273522,57.4,D+
2022,Utah State,15,QB,-0.9383020172155192,50.9,D-
2022,Utah State,15,RB,-1.213240082421562,46.8,F
2022,Utah State,15,Secondary,0.36339263543559264,70.5,B-
2022,Utah State,15,WR/TE,-0.5220241791282707,57.2,D+
2022,Vanderbilt,15,DL/EDGE,-1.324591748145321,45.1,F
2022,Vanderbilt,15,OL,0.26322882858530117,68.9,C+
2022,Vanderbilt,15,QB,-0.4793556192404682,57.8,D+
2022,Vanderbilt,15,RB,0.18754661634330724,67.8,C+
2022,Vanderbilt,15,Secondary,-1.494319376928506,42.6,F
2022,Vanderbilt,15,WR/TE,-0.1256992977185656,63.1,C
2022,Virginia,15,DL/EDGE,-0.008736551604192608,64.9,C
2022,Virginia,15,OL,0.2339967214591135,68.5,C+
2022,Virginia,15,QB,-0.8176464597051841,52.7,D-
2022,Virginia,15,RB,-0.1429015654311043,62.9,C-
2022,Virginia,15,Secondary,0.2244365026214147,68.4,C+
2022,Virginia,15,WR/TE,-0.8123406615574371,52.8,D-
2022,Virginia Tech,15,DL/EDGE,0.460661951875279,71.9,B-
2022,Virginia Tech,15,OL,-0.43229386309085915,58.5,D+
2022,Virginia Tech,15,QB,-0.9522757893063162,50.7,D-
2022,Virginia Tech,15,RB,-0.786471084840571,53.2,D
2022,Virginia Tech,15,Secondary,0.2347173223678081,68.5,C+
2022,Virginia Tech,15,WR/TE,-0.28417282538696936,60.7,C-
2022,Wake Forest,15,DL/EDGE,0.26793188761395204,69.0,C+
2022,Wake Forest,15,OL,-0.6201969644383569,55.7,D
2022,Wake Forest,15,QB,0.6793872192216399,75.2,B
2022,Wake Forest,15,RB,-0.8566229904174294,52.2,D-
2022,Wake Forest,15,Secondary,-0.5853961065714766,56.2,D
2022,Wake Forest,15,WR/TE,0.5980369170177284,74.0,B
2022,Washington,15,DL/EDGE,0.014365514999321205,65.2,C
2022,Washington,15,OL,0.9866983030693726,79.8,B+
2022,Washington,15,QB,1.2856514414756743,84.3,A-
2022,Washington,15,RB,0.2728479381067498,69.1,C+
2022,Washington,15,Secondary,-1.2531660520573438,46.2,F
2022,Washington,15,WR/TE,1.7483032010245902,91.2,A+
2022,Washington State,15,DL/EDGE,0.3700229730958587,70.6,B-
2022,Washington State,15,OL,0.32752505452313097,69.9,C+
2022,Washington State,15,QB,0.051338883206280994,65.8,C
2022,Washington State,15,RB,0.4799782386897855,72.2,B-
2022,Washington State,15,Secondary,-0.45866878862466964,58.1,D+
2022,Washington State,15,WR/TE,-0.7165770918567388,54.3,D
2022,West Virginia,15,DL/EDGE,0.11193106652149168,66.7,C
2022,West Virginia,15,OL,0.38059587576287374,70.7,B-
2022,West Virginia,15,QB,-0.45360682125315166,58.2,D+
2022,West Virginia,15,RB,0.5069960652096137,72.6,B-
2022,West Virginia,15,Secondary,-0.9026021386190544,51.5,D-
2022,West Virginia,15,WR/TE,-0.28214128250921866,60.8,C-
2022,Western Kentucky,15,DL/EDGE,-0.5030611896668882,57.5,D+
2022,Western Kentucky,15,OL,1.1447317107862007,82.2,A-
2022,Western Kentucky,15,QB,0.6941663284418713,75.4,B
2022,Western Kentucky,15,RB,0.17939229973368048,67.7,C+
2022,Western Kentucky,15,Secondary,0.7095503087158089,75.6,B
2022,Western Kentucky,15,WR/TE,0.5442857049391645,73.2,B
2022,Western Michigan,15,DL/EDGE,-0.6511681269815824,55.2,D
2022,Western Michigan,15,OL,-0.7681906850176181,53.5,D
2022,Western Michigan,15,QB,-1.0505576704947028,49.2,F
2022,Western Michigan,15,RB,-0.29596964192657615,60.6,C-
2022,Western Michigan,15,Secondary,-0.3100091699333488,60.3,C-
2022,Western Michigan,15,WR/TE,-0.6566893892796957,55.1,D
2022,Wisconsin,15,DL/EDGE,1.0914902040526222,81.4,A-
2022,Wisconsin,15,OL,0.05823960933553636,65.9,C
2022,Wisconsin,15,QB,-0.12819782910689292,63.1,C
2022,Wisconsin,15,RB,1.1020841944400563,81.5,A-
2022,Wisconsin,15,Secondary,0.7314111073000134,76.0,B
2022,Wisconsin,15,WR/TE,0.22287782441666731,68.3,C+
2022,Wyoming,15,DL/EDGE,0.02623114498887219,65.4,C
2022,Wyoming,15,OL,0.4046123796089767,71.1,B-
2022,Wyoming,15,QB,-1.3763737115678656,44.4,F
2022,Wyoming,15,RB,1.0136353881838414,80.2,A-
2022,Wyoming,15,Secondary,-0.033494449123715374,64.5,C
2022,Wyoming,15,WR/TE,-1.7366153083525488,39.0,F
2023,Air Force,15,DL/EDGE,0.047872802714495954,65.7,C
2023,Air Force,15,OL,-0.024740433910496795,64.6,C
2023,Air Force,15,QB,0.6507069088607682,74.8,B
2023,Air Force,15,RB,-0.04976776912640357,64.3,C
2023,Air Force,15,Secondary,0.053373156861213446,65.8,C
2023,Air Force,15,WR/TE,2.2377089963734713,98.6,A+
2023,Akron,15,DL/EDGE,0.052757122365172285,65.8,C
2023,Akron,15,OL,-0.33866245679517154,59.9,D+
2023,Akron,15,QB,-1.1348593099247262,48.0,F
2023,Akron,15,RB,-0.08250135197525255,63.8,C
2023,Akron,15,Secondary,0.2170606226899791,68.3,C+
2023,Akron,15,WR/TE,-0.8762239418052994,51.9,D-
2023,Alabama,15,DL/EDGE,0.32462085363490784,69.9,C+
2023,Alabama,15,OL,-0.6096281621896467,55.9,D
2023,Alabama,15,QB,1.5336752891561842,88.0,A
2023,Alabama,15,RB,0.9539980780136368,79.3,B+
2023,Alabama,15,Secondary,0.9216244869142,78.8,B+
2023,Alabama,15,WR/TE,1.4390538857378117,86.6,A
2023,App State,15,DL/EDGE,-0.6332304400111465,55.5,D
2023,App State,15,OL,0.6634600191887704,75.0,B
2023,App State,15,QB,0.43660270971412585,71.5,B-
2023,App State,15,RB,0.09960722955095697,66.5,C
2023,App State,15,Secondary,0.8142894805913047,77.2,B+
2023,App State,15,WR/TE,0.5306919333657155,73.0,B-
2023,Arizona,15,DL/EDGE,0.37293616166440013,70.6,B-
2023,Arizona,15,OL,0.4484190872450682,71.7,B-
2023,Arizona,15,QB,0.897332064804784,78.5,B+
2023,Arizona,15,RB,0.40524061250483706,71.1,B-
2023,Arizona,15,Secondary,-0.47035819683086866,57.9,D+
2023,Arizona,15,WR/TE,0.6565493489847294,74.8,B
2023,Arizona State,15,DL/EDGE,-0.8631838174988842,52.1,D-
2023,Arizona State,15,OL,0.36410410170991414,70.5,B-
2023,Arizona State,15,QB,-0.9372449469668234,50.9,D-
2023,Arizona State,15,RB,-0.10715717096698338,63.4,C
2023,Arizona State,15,Secondary,-0.7440697611810024,53.8,D
2023,Arizona State,15,WR/TE,-1.011951637780014,49.8,F
2023,Arkansas,15,DL/EDGE,0.44847385597959455,71.7,B-
2023,Arkansas,15,OL,-0.43612857226985263,58.5,D+
2023,Arkansas,15,QB,0.037782631538875816,65.6,C
2023,Arkansas,15,RB,-0.2065868707253066,61.9,C-
2023,Arkansas,15,Secondary,-0.4603523342003314,58.1,D+
2023,Arkansas,15,WR/TE,-0.4547192377133828,58.2,D+
2023,Arkansas State,15,DL/EDGE,-0.03572345293354698,64.5,C
2023,Arkansas State,15,OL,-0.25879947007863147,61.1,C-
2023,Arkansas State,15,QB,-0.33679973213881576,59.9,D+
2023,Arkansas State,15,RB,0.15043037654616873,67.3,C+
2023,Arkansas State,15,Secondary,-0.8631243715629875,52.1,D-
2023,Arkansas State,15,WR/TE,-0.188053926743055,62.2,C-
2023,Army,15,DL/EDGE,-1.1930304854173004,47.1,F
2023,Army,15,OL,-0.11427190085167971,63.3,C
2023,Army,15,QB,0.08955926480072998,66.3,C
2023,Army,15,RB,-0.42322784408435965,58.7,D+
2023,Army,15,Secondary,-0.14689534429350082,62.8,C-
2023,Army,15,WR/TE,0.2780126168283928,69.2,C+
2023,Auburn,15,DL/EDGE,0.6080425318618161,74.1,B
2023,Auburn,15,OL,-0.4763093791859752,57.9,D+
2023,Auburn,15,QB,-0.6266205238907429,55.6,D
2023,Auburn,15,RB,0.892610922359361,78.4,B+
2023,Auburn,15,Secondary,0.14373443054190257,67.2,C+
2023,Auburn,15,WR/TE,-1.0265080875798869,49.6,F
2023,BYU,15,DL/EDGE,-1.2080425336386442,46.9,F
2023,BYU,15,OL,0.10780065523153562,66.6,C
2023,BYU,15,QB,-0.9407927722465698,50.9,D-
2023,BYU,15,RB,-0.567631453374951,56.5,D
2023,BYU,15,Secondary,-0.1662036615303716,62.5,C-
2023,BYU,15,WR/TE,-1.0285782149554374,49.6,F
2023,Ball State,15,DL/EDGE,-0.5759901853402669,56.4,D
2023,Ball State,15,OL,0.20486874254312654,68.1,C+
2023,Ball State,15,QB,-1.0890367670536363,48.7,F
2023,Ball State,15,RB,-0.2604042473783674,61.1,C-
2023,Ball State,15,Secondary,0.20979032774054593,68.1,C+
2023,Ball State,15,WR/TE,-1.3093733230700064,45.4,F
2023,Baylor,15,DL/EDGE,-0.7093712512540769,54.4,D
2023,Baylor,15,OL,-0.63529781107357,55.5,D
2023,Baylor,15,QB,-0.11166427840945563,63.3,C
2023,Baylor,15,RB,-1.4089153046230358,43.9,F
2023,Baylor,15,Secondary,-1.2140706008388018,46.8,F
2023,Baylor,15,WR/TE,-0.21010936083553056,61.8,C-
2023,Boise State,15,DL/EDGE,0.4443653939909229,71.7,B-
2023,Boise State,15,OL,0.4739572026720057,72.1,B-
2023,Boise State,15,QB,0.5163985101996602,72.7,B-
2023,Boise State,15,RB,0.40783969000204073,71.1,B-
2023,Boise State,15,Secondary,-0.28535007252873,60.7,C-
2023,Boise State,15,WR/TE,1.022579160300719,80.3,A-
2023,Boston College,15,DL/EDGE,-0.7934889478660778,53.1,D
2023,Boston College,15,OL,-0.0007138473495951203,65.0,C
2023,Boston College,15,QB,-0.28121271986666097,60.8,C-
2023,Boston College,15,RB,-0.0897037573433943,63.7,C
2023,Boston College,15,Secondary,-1.1441391103915208,47.8,F
2023,Boston College,15,WR/TE,-0.8491628094089974,52.3,D-
2023,Bowling Green,15,DL/EDGE,-0.41415788172312035,58.8,D+
2023,Bowling Green,15,OL,-0.08752144370524245,63.7,C
2023,Bowling Green,15,QB,-0.4329335446144654,58.5,D+
2023,Bowling Green,15,RB,-0.07362381468753575,63.9,C
2023,Bowling Green,15,Secondary,0.9701421691503735,79.6,B+
2023,Bowling Green,15,WR/TE,-0.6521445671944082,55.2,D
2023,Buffalo,15,DL/EDGE,-0.13959817429653953,62.9,C-
2023,Buffalo,15,OL,-0.39093516883882734,59.1,D+
2023,Buffalo,15,QB,-1.080857466980132,48.8,F
2023,Buffalo,15,RB,-0.9769584755910765,50.3,D-
2023,Buffalo,15,Secondary,0.6029034798895573,74.0,B
2023,Buffalo,15,WR/TE,-1.718477445328417,39.2,F
2023,California,15,DL/EDGE,-0.5508899825397946,56.7,D
2023,California,15,OL,0.8130865385092905,77.2,B+
2023,California,15,QB,-0.4811219867116564,57.8,D+
2023,California,15,RB,-0.057726984018013905,64.1,C
2023,California,15,Secondary,0.07796146784889078,66.2,C
2023,California,15,WR/TE,-0.9409150919691006,50.9,D-
2023,Central Michigan,15,DL/EDGE,-0.879790212576776,51.8,D-
2023,Central Michigan,15,OL,0.291611089348479,69.4,C+
2023,Central Michigan,15,QB,-0.3858174609820581,59.2,D+
2023,Central Michigan,15,RB,0.01699876302033143,65.3,C
2023,Central Michigan,15,Secondary,-0.8653846960723469,52.0,D-
2023,Central Michigan,15,WR/TE,-0.5440831023700748,56.8,D
2023,Charlotte,15,DL/EDGE,-0.09937668085684875,63.5,C
2023,Charlotte,15,OL,-1.1046719070608706,48.4,F
2023,Charlotte,15,QB,-0.9128741220899297,51.3,D-
2023,Charlotte,15,RB,-0.5504271160662202,56.7,D
2023,Charlotte,15,Secondary,-0.4867388554052592,57.7,D+
2023,Charlotte,15,WR/TE,-1.6665931808275571,40.0,F
2023,Cincinnati,15,DL/EDGE,-0.774763205858873,53.4,D
2023,Cincinnati,15,OL,0.45017114344019177,71.8,B-
2023,Cincinnati,15,QB,-0.3022425629639335,60.5,C-
2023,Cincinnati,15,RB,0.6665742533783203,75.0,B
2023,Cincinnati,15,Secondary,-0.43648228844379455,58.5,D+
2023,Cincinnati,15,WR/TE,-0.36958698157087994,59.5,D+
2023,Clemson,15,DL/EDGE,0.07849796817672425,66.2,C
2023,Clemson,15,OL,0.7116207342568175,75.7,B
2023,Clemson,15,QB,-0.3591639016104249,59.6,D+
2023,Clemson,15,RB,-0.601398937807017,56.0,D
2023,Clemson,15,Secondary,1.658227701456766,89.9,A
2023,Clemson,15,WR/TE,-0.5231112107944161,57.2,D+
2023,Coastal Carolina,15,DL/EDGE,-0.37632783158114624,59.4,D+
2023,Coastal Carolina,15,OL,-0.20557154984151638,61.9,C-
2023,Coastal Carolina,15,QB,1.0601416754744264,80.9,A-
2023,Coastal Carolina,15,RB,0.35130080338321784,70.3,B-
2023,Coastal Carolina,15,Secondary,0.7099056928946996,75.6,B
2023,Coastal Carolina,15,WR/TE,0.2715607644289734,69.1,C+
2023,Colorado,15,DL/EDGE,0.13962313673113222,67.1,C+
2023,Colorado,15,OL,-0.5472347006078471,56.8,D
2023,Colorado,15,QB,0.4348138407905173,71.5,B-
2023,Colorado,15,RB,-1.2368468539633206,46.4,F
2023,Colorado,15,Secondary,-0.6338900010524428,55.5,D
2023,Colorado,15,WR/TE,0.14566267471935884,67.2,C+
2023,Colorado State,15,DL/EDGE,1.0129327192503965,80.2,A-
2023,Colorado State,15,OL,-0.4472084706604435,58.3,D+
2023,Colorado State,15,QB,0.030652754635086238,65.5,C
2023,Colorado State,15,RB,-1.4734508892192957,42.9,F
2023,Colorado State,15,Secondary,-0.8847299472714729,51.7,D-
2023,Colorado State,15,WR/TE,0.06676483270520868,66.0,C
2023,Duke,15,DL/EDGE,0.2995638464142203,69.5,C+
2023,Duke,15,OL,0.2978151232832775,69.5,C+
2023,Duke,15,QB,-0.4344780860042231,58.5,D+
2023,Duke,15,RB,0.7476820526134077,76.2,B
2023,Duke,15,Secondary,0.6424949859610376,74.6,B
2023,Duke,15,WR/TE,-0.4456131775247337,58.3,D+
2023,East Carolina,15,DL/EDGE,0.6443818874441983,74.7,B
2023,East Carolina,15,OL,-0.35910725115279013,59.6,D+
2023,East Carolina,15,QB,-1.4791551503693032,42.8,F
2023,East Carolina,15,RB,-0.6582623062738346,55.1,D
2023,East Carolina,15,Secondary,-0.8485251515056274,52.3,D-
2023,East Carolina,15,WR/TE,-2.0486535706251296,34.3,F
2023,Eastern Michigan,15,DL/EDGE,-0.8897336985987354,51.7,D-
2023,Eastern Michigan,15,OL,-0.42149664505267564,58.7,D+
2023,Eastern Michigan,15,QB,-1.3511929710290982,44.7,F
2023,Eastern Michigan,15,RB,-0.6406611190972273,55.4,D
2023,Eastern Michigan,15,Secondary,-0.2659582979824557,61.0,C-
2023,Eastern Michigan,15,WR/TE,-1.0435912324687413,49.3,F
2023,Florida,15,DL/EDGE,-0.0657664819739292,64.0,C
2023,Florida,15,OL,-0.08084956789261402,63.8,C
2023,Florida,15,QB,0.799471713373171,77.0,B
2023,Florida,15,RB,0.25627323411993297,68.8,C+
2023,Florida,15,Secondary,-1.0576947651171387,49.1,F
2023,Florida,15,WR/TE,-0.18682766949860896,62.2,C-
2023,Florida Atlantic,15,DL/EDGE,-0.36483195005165203,59.5,D+
2023,Florida Atlantic,15,OL,0.6062973026795316,74.1,B
2023,Florida Atlantic,15,QB,-0.34854110045840936,59.8,D+
2023,Florida Atlantic,15,RB,0.633817004320287,74.5,B
2023,Florida Atlantic,15,Secondary,-0.12050619254241687,63.2,C
2023,Florida Atlantic,15,WR/TE,-0.4082463931156798,58.9,D+
2023,Florida International,15,DL/EDGE,-0.23682160433741278,61.4,C-
2023,Florida International,15,OL,-0.8819119083448272,51.8,D-
2023,Florida International,15,QB,-0.37990175339732135,59.3,D+
2023,Florida International,15,RB,-0.709058631519857,54.4,D
2023,Florida International,15,Secondary,-0.5860539412636593,56.2,D
2023,Florida International,15,WR/TE,-0.33355662232663896,60.0,D+
2023,Florida State,15,DL/EDGE,1.1537169372235356,82.3,A-
2023,Florida State,15,OL,-0.3455042630112308,59.8,D+
2023,Florida State,15,QB,0.5138247548181576,72.7,B-
2023,Florida State,15,RB,0.9935180182882164,79.9,B+
2023,Florida State,15,Secondary,1.0697210961062356,81.0,A-
2023,Florida State,15,WR/TE,0.5698378739300265,73.5,B
2023,Fresno State,15,DL/EDGE,0.39593877577680536,70.9,B-
2023,Fresno State,15,OL,0.21318761082076726,68.2,C+
2023,Fresno State,15,QB,-0.005370341536082603,64.9,C
2023,Fresno State,15,RB,0.29931239059413217,69.5,C+
2023,Fresno State,15,Secondary,-0.14949073238984023,62.8,C-
2023,Fresno State,15,WR/TE,-0.30829893345898784,60.4,C-
2023,Georgia,15,DL/EDGE,0.21478922894542823,68.2,C+
2023,Georgia,15,OL,0.3518499853381799,70.3,B-
2023,Georgia,15,QB,1.3594833262753232,85.4,A
2023,Georgia,15,RB,0.20758368203601704,68.1,C+
2023,Georgia,15,Secondary,1.4317967891993473,86.5,A
2023,Georgia,15,WR/TE,0.6934461564895802,75.4,B
2023,Georgia Southern,15,DL/EDGE,-0.009591971354944051,64.9,C
2023,Georgia Southern,15,OL,0.5001297053448646,72.5,B-
2023,Georgia Southern,15,QB,-0.17696409945460867,62.3,C-
2023,Georgia Southern,15,RB,-0.6200467780605974,55.7,D
2023,Georgia Southern,15,Secondary,-0.3195333748856068,60.2,C-
2023,Georgia Southern,15,WR/TE,0.05085371170350539,65.8,C
2023,Georgia State,15,DL/EDGE,0.19857281967190687,68.0,C+
2023,Georgia State,15,OL,-0.12271659444112648,63.2,C
2023,Georgia State,15,QB,0.44961126873843266,71.7,B-
2023,Georgia State,15,RB,-0.27088278971664814,60.9,C-
2023,Georgia State,15,Secondary,-1.3126616049841793,45.3,F
2023,Georgia State,15,WR/TE,0.7856849223136522,76.8,B
2023,Georgia Tech,15,DL/EDGE,-0.9282741171480516,51.1,D-
2023,Georgia Tech,15,OL,0.9409854786120144,79.1,B+
2023,Georgia Tech,15,QB,0.09940584788158686,66.5,C
2023,Georgia Tech,15,RB,0.9275780715736175,78.9,B+
2023,Georgia Tech,15,Secondary,0.25082387901003966,68.8,C+
2023,Georgia Tech,15,WR/TE,-0.1396923583674965,62.9,C-
2023,Hawai'i,15,DL/EDGE,0.10390780586272255,66.6,C
2023,Hawai'i,15,OL,-0.5932102312714627,56.1,D
2023,Hawai'i,15,QB,-0.2975854721200449,60.5,C-
2023,Hawai'i,15,RB,-1.1635868910342044,47.5,F
2023,Hawai'i,15,Secondary,-1.4650464856630672,43.0,F
2023,Hawai'i,15,WR/TE,-0.633486506556811,55.5,D
2023,Houston,15,DL/EDGE,0.22033722947421483,68.3,C+
2023,Houston,15,OL,-0.3385456178936597,59.9,D+
2023,Houston,15,QB,-0.2136778950599153,61.8,C-
2023,Houston,15,RB,-0.15888693595297798,62.6,C-
2023,Houston,15,Secondary,-0.8023571258650649,53.0,D-
2023,Houston,15,WR/TE,-0.5492974309209446,56.8,D
2023,Illinois,15,DL/EDGE,-0.4991651312208761,57.5,D+
2023,Illinois,15,OL,0.22766460709477332,68.4,C+
2023,Illinois,15,QB,-0.12051266194827354,63.2,C
2023,Illinois,15,RB,0.12822539704286764,66.9,C
2023,Illinois,15,Secondary,0.24105795423296714,68.6,C+
2023,Illinois,15,WR/TE,0.3730281957842787,70.6,B-
2023,Indiana,15,DL/EDGE,-0.5340172466357413,57.0,D
2023,Indiana,15,OL,0.14640202843612715,67.2,C+
2023,Indiana,15,QB,-0.4968214979235262,57.5,D+
2023,Indiana,15,RB,-0.9660425758214654,50.5,D-
2023,Indiana,15,Secondary,-0.4927417267926279,57.6,D+
2023,Indiana,15,WR/TE,0.36906443085946516,70.5,B-
2023,Iowa,15,DL/EDGE,0.26770884104458564,69.0,C+
2023,Iowa,15,OL,-1.05306919106771,49.2,F
2023,Iowa,15,QB,-1.5968036185928096,41.0,F
2023,Iowa,15,RB,-0.3107485673150588,60.3,C-
2023,Iowa,15,Secondary,1.5657025365584494,88.5,A
2023,Iowa,15,WR/TE,-1.8330216861958946,37.5,F
2023,Iowa State,15,DL/EDGE,0.09726497852556004,66.5,C
2023,Iowa State,15,OL,-0.3487101584468062,59.8,D+
2023,Iowa State,15,QB,0.7016815724065317,75.5,B
2023,Iowa State,15,RB,0.11474544385315635,66.7,C
2023,Iowa State,15,Secondary,1.2037132448004908,83.1,A-
2023,Iowa State,15,WR/TE,0.41885490615970583,71.3,B-
2023,Jacksonville State,15,DL/EDGE,1.4651263932629481,87.0,A
2023,Jacksonville State,15,OL,0.028121044943480722,65.4,C
2023,Jacksonville State,15,QB,-0.9337780656100333,51.0,D-
2023,Jacksonville State,15,RB,0.27362201390514984,69.1,C+
2023,Jacksonville State,15,Secondary,0.5343143649865107,73.0,B
2023,Jacksonville State,15,WR/TE,-0.8421083346638358,52.4,D-
2023,James Madison,15,DL/EDGE,1.6942638495905156,90.4,A+
2023,James Madison,15,OL,-0.7000914899207581,54.5,D
2023,James Madison,15,QB,0.8546419204959668,77.8,B+
2023,James Madison,15,RB,-0.5559074782441186,56.7,D
2023,James Madison,15,Secondary,0.2783437289434072,69.2,C+
2023,James Madison,15,WR/TE,0.5895725018686371,73.8,B
2023,Kansas,15,DL/EDGE,-0.5367696143762395,56.9,D
2023,Kansas,15,OL,1.2080846912687844,83.1,A-
2023,Kansas,15,QB,0.9743125101605544,79.6,B+
2023,Kansas,15,RB,1.373067937575773,85.6,A
2023,Kansas,15,Secondary,0.37422358354040824,70.6,B-
2023,Kansas,15,WR/TE,1.1514387844719955,82.3,A-
2023,Kansas State,15,DL/EDGE,0.07213956855376624,66.1,C
2023,Kansas State,15,OL,0.030990883604223807,65.5,C
2023,Kansas State,15,QB,0.0995826460948101,66.5,C
2023,Kansas State,15,RB,0.450572093024146,71.8,B-
2023,Kansas State,15,Secondary,0.6066243699568072,74.1,B
2023,Kansas State,15,WR/TE,-0.07866097758480484,63.8,C
2023,Kent State,15,DL/EDGE,-1.0790536723084978,48.8,F
2023,Kent State,15,OL,-1.0667980450524728,49.0,F
2023,Kent State,15,QB,-0.9047574011097848,51.4,D-
2023,Kent State,15,RB,-1.3559457754204072,44.7,F
2023,Kent State,15,Secondary,-0.4930485342452819,57.6,D+
2023,Kent State,15,WR/TE,-1.4394421161111957,43.4,F
2023,Kentucky,15,DL/EDGE,0.7483739053696641,76.2,B
2023,Kentucky,15,OL,0.31948691924284556,69.8,C+
2023,Kentucky,15,QB,-0.6299083845179969,55.6,D
2023,Kentucky,15,RB,0.8474114242396256,77.7,B+
2023,Kentucky,15,Secondary,-0.2847351410461592,60.7,C-
2023,Kentucky,15,WR/TE,-0.8257812094569068,52.6,D-
2023,LSU,15,DL/EDGE,-0.48484620922926996,57.7,D+
2023,LSU,15,OL,2.0339492618334236,95.5,A+
2023,LSU,15,QB,1.6220797634161754,89.3,A
2023,LSU,15,RB,2.4944095568088236,100.0,A+
2023,LSU,15,Secondary,-1.3098542399152464,45.4,F
2023,LSU,15,WR/TE,2.324746297469386,99.9,A+
2023,Liberty,15,DL/EDGE,-0.006751453539551325,64.9,C
2023,Liberty,15,OL,1.2391293170800226,83.6,A-
2023,Liberty,15,QB,1.4699436073296122,87.0,A
2023,Liberty,15,RB,0.4022213092011115,71.0,B-
2023,Liberty,15,Secondary,0.9670738691737754,79.5,B+
2023,Liberty,15,WR/TE,1.2574962084256667,83.9,A-
2023,Louisiana,15,DL/EDGE,-0.24888266549205595,61.3,C-
2023,Louisiana,15,OL,0.9222998517341101,78.8,B+
2023,Louisiana,15,QB,0.4172910031138416,71.3,B-
2023,Louisiana,15,RB,0.7924499115229094,76.9,B
2023,Louisiana,15,Secondary,-0.2622092473360931,61.1,C-
2023,Louisiana,15,WR/TE,0.7447151564464948,76.2,B
2023,Louisiana Tech,15,DL/EDGE,-0.39963772074406084,59.0,D+
2023,Louisiana Tech,15,OL,-0.2835197440009635,60.7,C-
2023,Louisiana Tech,15,QB,-0.142730972768507,62.9,C-
2023,Louisiana Tech,15,RB,-0.32762678559607394,60.1,C-
2023,Louisiana Tech,15,Secondary,-0.32205326887390895,60.2,C-
2023,Louisiana Tech,15,WR/TE,-0.05487035837071236,64.2,C
2023,Louisville,15,DL/EDGE,1.0933931752150163,81.4,A-
2023,Louisville,15,OL,-0.13005254968148733,63.0,C
2023,Louisville,15,QB,0.42433632516256936,71.4,B-
2023,Louisville,15,RB,0.7204118971310772,75.8,B
2023,Louisville,15,Secondary,0.6510964924383713,74.8,B
2023,Louisville,15,WR/TE,0.6745819745603956,75.1,B
2023,Marshall,15,DL/EDGE,0.0008985859402957375,65.0,C
2023,Marshall,15,OL,-0.29429798939385093,60.6,C-
2023,Marshall,15,QB,-0.31654785164801325,60.3,C-
2023,Marshall,15,RB,-0.13231747720692025,63.0,C
2023,Marshall,15,Secondary,0.6058069878161954,74.1,B
2023,Marshall,15,WR/TE,-0.4114179548585482,58.8,D+
2023,Maryland,15,DL/EDGE,0.44861363765787915,71.7,B-
2023,Maryland,15,OL,0.11798538002293923,66.8,C
2023,Maryland,15,QB,0.14220164561332355,67.1,C+
2023,Maryland,15,RB,-0.9716396992858973,50.4,D-
2023,Maryland,15,Secondary,1.0736190130847758,81.1,A-
2023,Maryland,15,WR/TE,-0.05792941442975344,64.1,C
2023,Massachusetts,15,DL/EDGE,-1.351997768827093,44.7,F
2023,Massachusetts,15,OL,0.6214285387021252,74.3,B
2023,Massachusetts,15,QB,-0.23333517831868547,61.5,C-
2023,Massachusetts,15,RB,0.29701259289610504,69.5,C+
2023,Massachusetts,15,Secondary,-0.8024292008979209,53.0,D-
2023,Massachusetts,15,WR/TE,-0.21638139992971778,61.8,C-
2023,Memphis,15,DL/EDGE,-0.0904930196526054,63.6,C
2023,Memphis,15,OL,-0.16347923617556212,62.5,C-
2023,Memphis,15,QB,0.7122609215684172,75.7,B
2023,Memphis,15,RB,-0.06593295987365902,64.0,C
2023,Memphis,15,Secondary,0.12052858170298648,66.8,C
2023,Memphis,15,WR/TE,0.7888486034271422,76.8,B
2023,Miami,15,DL/EDGE,1.2005045585936367,83.0,A-
2023,Miami,15,OL,0.5096512158528272,72.6,B-
2023,Miami,15,QB,0.27443401326659833,69.1,C+
2023,Miami,15,RB,-0.16936140833062338,62.5,C-
2023,Miami,15,Secondary,0.14383181661123745,67.2,C+
2023,Miami,15,WR/TE,0.6339426843665201,74.5,B
2023,Miami (OH),15,DL/EDGE,-0.007275661123121974,64.9,C
2023,Miami (OH),15,OL,-0.11456736492980525,63.3,C
2023,Miami (OH),15,QB,-0.11293492710830089,63.3,C
2023,Miami (OH),15,RB,0.10018978009272458,66.5,C
2023,Miami (OH),15,Secondary,0.5367746932263298,73.1,B
2023,Miami (OH),15,WR/TE,0.8239801656054755,77.4,B+
2023,Michigan,15,DL/EDGE,0.8928603527033772,78.4,B+
2023,Michigan,15,OL,0.11833393473656101,66.8,C
2023,Michigan,15,QB,1.6773524829078625,90.2,A+
2023,Michigan,15,RB,-0.21783566767791201,61.7,C-
2023,Michigan,15,Secondary,1.1077415366059735,81.6,A-
2023,Michigan,15,WR/TE,0.23694741276669315,68.6,C+
2023,Michigan State,15,DL/EDGE,0.26646500453411337,69.0,C+
2023,Michigan State,15,OL,-1.1130001210023546,48.3,F
2023,Michigan State,15,QB,-0.9324425450025209,51.0,D-
2023,Michigan State,15,RB,-1.7446071394189369,38.8,F
2023,Michigan State,15,Secondary,-0.08580129480880498,63.7,C
2023,Michigan State,15,WR/TE,-0.8699294943745313,52.0,D-
2023,Middle Tennessee,15,DL/EDGE,0.04222739974629422,65.6,C
2023,Middle Tennessee,15,OL,-0.25509857521698365,61.2,C-
2023,Middle Tennessee,15,QB,0.14711685818907647,67.2,C+
2023,Middle Tennessee,15,RB,0.010223536962930498,65.2,C
2023,Middle Tennessee,15,Secondary,0.016459603380548433,65.2,C
2023,Middle Tennessee,15,WR/TE,-0.05318669319426225,64.2,C
2023,Minnesota,15,DL/EDGE,-0.40337469851669794,58.9,D+
2023,Minnesota,15,OL,-0.4907576784815503,57.6,D+
2023,Minnesota,15,QB,-0.9623369835056075,50.6,D-
2023,Minnesota,15,RB,-0.9951172518538285,50.1,D-
2023,Minnesota,15,Secondary,-0.004464643111989451,64.9,C
2023,Minnesota,15,WR/TE,-1.3192208784517163,45.2,F
2023,Mississippi State,15,DL/EDGE,0.4567932441287537,71.9,B-
2023,Mississippi State,15,OL,-0.17447466031048608,62.4,C-
2023,Mississippi State,15,QB,-0.6987281074550645,54.5,D
2023,Mississippi State,15,RB,0.05311087347286833,65.8,C
2023,Mississippi State,15,Secondary,-0.07728980368828574,63.8,C
2023,Mississippi State,15,WR/TE,-1.1184609048538536,48.2,F
2023,Missouri,15,DL/EDGE,0.7948182096060289,76.9,B
2023,Missouri,15,OL,-0.353114711501055,59.7,D+
2023,Missouri,15,QB,0.8994647827784411,78.5,B+
2023,Missouri,15,RB,-0.1738767892159967,62.4,C-
2023,Missouri,15,Secondary,0.6622406930507743,74.9,B
2023,Missouri,15,WR/TE,0.8869164838170922,78.3,B+
2023,NC State,15,DL/EDGE,-0.22813090034557426,61.6,C-
2023,NC State,15,OL,-0.23337543283547024,61.5,C-
2023,NC State,15,QB,-0.13602959613754334,63.0,C-
2023,NC State,15,RB,0.0910977670837666,66.4,C
2023,NC State,15,Secondary,1.3638326860105618,85.5,A
2023,NC State,15,WR/TE,-0.2832648113626535,60.8,C-
2023,Navy,15,DL/EDGE,0.5985926953197764,74.0,B
2023,Navy,15,OL,-1.5216312958535265,42.2,F
2023,Navy,15,QB,-1.1875679267701338,47.2,F
2023,Navy,15,RB,-0.1647595464250883,62.5,C-
2023,Navy,15,Secondary,-0.5038255320515951,57.4,D+
2023,Navy,15,WR/TE,-1.0351443037032269,49.5,F
2023,Nebraska,15,DL/EDGE,-0.13363569270876774,63.0,C-
2023,Nebraska,15,OL,0.15872979506474777,67.4,C+
2023,Nebraska,15,QB,-0.8845128497911459,51.7,D-
2023,Nebraska,15,RB,0.058294945594954406,65.9,C
2023,Nebraska,15,Secondary,0.6353093691043953,74.5,B
2023,Nebraska,15,WR/TE,-0.4440796154324562,58.3,D+
2023,Nevada,15,DL/EDGE,-0.8083091213105766,52.9,D-
2023,Nevada,15,OL,-1.6152931033347961,40.8,F
2023,Nevada,15,QB,-1.2270151935835987,46.6,F
2023,Nevada,15,RB,-1.4328160665638485,43.5,F
2023,Nevada,15,Secondary,-1.2663459891684183,46.0,F
2023,Nevada,15,WR/TE,-0.6599909620387645,55.1,D
2023,New Mexico,15,DL/EDGE,-1.0678330824683142,49.0,F
2023,New Mexico,15,OL,0.43700002657496206,71.6,B-
2023,New Mexico,15,QB,-0.5355621474131457,57.0,D
2023,New Mexico,15,RB,0.49384824247172465,72.4,B-
2023,New Mexico,15,Secondary,-1.5492849366602235,41.8,F
2023,New Mexico,15,WR/TE,0.1318751844824299,67.0,C
2023,New Mexico State,15,DL/EDGE,-0.2089868563867751,61.9,C-
2023,New Mexico State,15,OL,0.9019408488337401,78.5,B+
2023,New Mexico State,15,QB,0.40489698081721076,71.1,B-
2023,New Mexico State,15,RB,1.4227368917134684,86.3,A
2023,New Mexico State,15,Secondary,-0.48822959357959905,57.7,D+
2023,New Mexico State,15,WR/TE,0.7077947325581504,75.6,B
2023,North Carolina,15,DL/EDGE,-0.6694761942821954,55.0,D
2023,North Carolina,15,OL,0.4914243745279508,72.4,B-
2023,North Carolina,15,QB,0.7205766488470782,75.8,B
2023,North Carolina,15,RB,0.6175399890435309,74.3,B
2023,North Carolina,15,Secondary,0.4591264900570198,71.9,B-
2023,North Carolina,15,WR/TE,0.831551105977541,77.5,B+
2023,North Texas,15,DL/EDGE,-0.893601205553409,51.6,D-
2023,North Texas,15,OL,0.6783346293047581,75.2,B
2023,North Texas,15,QB,0.16889222101978568,67.5,C+
2023,North Texas,15,RB,1.3649272512350008,85.5,A
2023,North Texas,15,Secondary,-0.3734991658303115,59.4,D+
2023,North Texas,15,WR/TE,0.38359108385463575,70.8,B-
2023,Northern Illinois,15,DL/EDGE,-0.6838430633040246,54.7,D
2023,Northern Illinois,15,OL,1.1196076351609978,81.8,A-
2023,Northern Illinois,15,QB,-0.19475905169238839,62.1,C-
2023,Northern Illinois,15,RB,0.8949763266274188,78.4,B+
2023,Northern Illinois,15,Secondary,0.9835427404806422,79.8,B+
2023,Northern Illinois,15,WR/TE,-0.24150722110035547,61.4,C-
2023,Northwestern,15,DL/EDGE,-0.10836482776300865,63.4,C
2023,Northwestern,15,OL,-1.52308586077617,42.2,F
2023,Northwestern,15,QB,-0.4115702635110945,58.8,D+
2023,Northwestern,15,RB,-0.871000640454626,51.9,D-
2023,Northwestern,15,Secondary,0.4003014647607428,71.0,B-
2023,Northwestern,15,WR/TE,0.19279757852779894,67.9,C+
2023,Notre Dame,15,DL/EDGE,0.519516512460111,72.8,B-
2023,Notre Dame,15,OL,0.7030790359434632,75.5,B
2023,Notre Dame,15,QB,0.7731389675354524,76.6,B
2023,Notre Dame,15,RB,1.004055965205095,80.1,A-
2023,Notre Dame,15,Secondary,1.5528347881477742,88.3,A
2023,Notre Dame,15,WR/TE,0.8139906372346342,77.2,B+
2023,Ohio,15,DL/EDGE,0.9274349700734452,78.9,B+
2023,Ohio,15,OL,-0.24345433993551396,61.3,C-
2023,Ohio,15,QB,-0.2288038704280359,61.6,C-
2023,Ohio,15,RB,-0.780974292800561,53.3,D
2023,Ohio,15,Secondary,0.8321865213799275,77.5,B+
2023,Ohio,15,WR/TE,-0.565344495690845,56.5,D
2023,Ohio State,15,DL/EDGE,-0.2662085950910989,61.0,C-
2023,Ohio State,15,OL,0.47437148377257976,72.1,B-
2023,Ohio State,15,QB,1.2097658999514114,83.1,A-
2023,Ohio State,15,RB,0.37198234647720524,70.6,B-
2023,Ohio State,15,Secondary,1.6395251815067684,89.6,A
2023,Ohio State,15,WR/TE,0.8984212781163355,78.5,B+
2023,Oklahoma,15,DL/EDGE,0.6338207050231088,74.5,B
2023,Oklahoma,15,OL,-0.40105285994275264,59.0,D+
2023,Oklahoma,15,QB,1.5487905856893118,88.2,A
2023,Oklahoma,15,RB,-0.19627556591053671,62.1,C-
2023,Oklahoma,15,Secondary,0.7846616894822903,76.8,B
2023,Oklahoma,15,WR/TE,0.963980877099551,79.5,B+
2023,Oklahoma State,15,DL/EDGE,-0.386370726252261,59.2,D+
2023,Oklahoma State,15,OL,0.4481772884309684,71.7,B-
2023,Oklahoma State,15,QB,-0.4905828781458532,57.6,D+
2023,Oklahoma State,15,RB,0.6199057483084666,74.3,B
2023,Oklahoma State,15,Secondary,-1.2924307012639675,45.6,F
2023,Oklahoma State,15,WR/TE,-0.49163055732743144,57.6,D+
2023,Old Dominion,15,DL/EDGE,-0.26502198719220565,61.0,C-
2023,Old Dominion,15,OL,-0.8896394337359245,51.7,D-
2023,Old Dominion,15,QB,0.10999185460384853,66.6,C
2023,Old Dominion,15,RB,1.0050346522062983,80.1,A-
2023,Old Dominion,15,Secondary,0.06959637777377949,66.0,C
2023,Old Dominion,15,WR/TE,0.023923195829891636,65.4,C
2023,Ole Miss,15,DL/EDGE,0.46322815745553636,71.9,B-
2023,Ole Miss,15,OL,-0.6474260672890096,55.3,D
2023,Ole Miss,15,QB,1.050541376392397,80.8,A-
2023,Ole Miss,15,RB,0.3934544244284499,70.9,B-
2023,Ole Miss,15,Secondary,0.43629723369229423,71.5,B-
2023,Ole Miss,15,WR/TE,0.5270754874585798,72.9,B-
2023,Oregon,15,DL/EDGE,0.340268267707151,70.1,B-
2023,Oregon,15,OL,1.3477214555783894,85.2,A
2023,Oregon,15,QB,1.9777839207580796,94.7,A+
2023,Oregon,15,RB,0.7707183169930671,76.6,B
2023,Oregon,15,Secondary,0.8722922224027745,78.1,B+
2023,Oregon,15,WR/TE,1.5247677191202036,87.9,A
2023,Oregon State,15,DL/EDGE,0.6525589530096947,74.8,B
2023,Oregon State,15,OL,0.21927545495238093,68.3,C+
2023,Oregon State,15,QB,0.5430533363711803,73.1,B
2023,Oregon State,15,RB,0.445034529776846,71.7,B-
2023,Oregon State,15,Secondary,0.4053841267871643,71.1,B-
2023,Oregon State,15,WR/TE,0.47531965545613697,72.1,B-
2023,Penn State,15,DL/EDGE,3.012762984636324,100.0,A+
2023,Penn State,15,OL,0.49993375026901904,72.5,B-
2023,Penn State,15,QB,-0.3408005352112891,59.9,D+
2023,Penn State,15,RB,-0.2868970347743606,60.7,C-
2023,Penn State,15,Secondary,0.6739850635239617,75.1,B
2023,Penn State,15,WR/TE,-0.3918053557867069,59.1,D+
2023,Pittsburgh,15,DL/EDGE,0.7180792676127307,75.8,B
2023,Pittsburgh,15,OL,-0.4404727836335814,58.4,D+
2023,Pittsburgh,15,QB,-0.8204294401131021,52.7,D-
2023,Pittsburgh,15,RB,-0.8404485122626253,52.4,D-
2023,Pittsburgh,15,Secondary,-0.8785805574403637,51.8,D-
2023,Pittsburgh,15,WR/TE,-0.34322964780872117,59.9,D+
2023,Purdue,15,DL/EDGE,0.20299556059358725,68.0,C+
2023,Purdue,15,OL,-0.3653932995316164,59.5,D+
2023,Purdue,15,QB,-0.2936027986364362,60.6,C-
2023,Purdue,15,RB,-0.01116686228009886,64.8,C
2023,Purdue,15,Secondary,-0.41958748280465485,58.7,D+
2023,Purdue,15,WR/TE,-0.18864594831247097,62.2,C-
2023,Rice,15,DL/EDGE,-0.5784323395978149,56.3,D
2023,Rice,15,OL,0.17412469305640643,67.6,C+
2023,Rice,15,QB,0.8990171631644698,78.5,B+
2023,Rice,15,RB,-0.10258121464507809,63.5,C
2023,Rice,15,Secondary,0.1503584279487648,67.3,C+
2023,Rice,15,WR/TE,0.5069568998500424,72.6,B-
2023,Rutgers,15,DL/EDGE,-0.15350355829087012,62.7,C-
2023,Rutgers,15,OL,-0.4731071439463861,57.9,D+
2023,Rutgers,15,QB,-1.0449094199060613,49.3,F
2023,Rutgers,15,RB,0.1215622154216632,66.8,C
2023,Rutgers,15,Secondary,0.5930013901188852,73.9,B
2023,Rutgers,15,WR/TE,-0.7674967332513504,53.5,D
2023,SMU,15,DL/EDGE,1.5168144631225124,87.8,A
2023,SMU,15,OL,0.29482933108348464,69.4,C+
2023,SMU,15,QB,0.709598315962363,75.6,B
2023,SMU,15,RB,0.7813370771806205,76.7,B
2023,SMU,15,Secondary,0.7225358768879994,75.8,B
2023,SMU,15,WR/TE,1.2284926526913769,83.4,A-
2023,Sam Houston,15,DL/EDGE,-0.6653459342545976,55.0,D
2023,Sam Houston,15,OL,-0.40223114976901236,59.0,D+
2023,Sam Houston,15,QB,-0.6080375336007899,55.9,D
2023,Sam Houston,15,RB,-1.4256781766732913,43.6,F
2023,Sam Houston,15,Secondary,-0.010503133484941538,64.8,C
2023,Sam Houston,15,WR/TE,-1.2184785180159354,46.7,F
2023,San Diego State,15,DL/EDGE,-1.4459063391498457,43.3,F
2023,San Diego State,15,OL,0.16528600825205747,67.5,C+
2023,San Diego State,15,QB,-0.2292323515516526,61.6,C-
2023,San Diego State,15,RB,-0.21521562778899625,61.8,C-
2023,San Diego State,15,Secondary,0.33501437838848025,70.0,B-
2023,San Diego State,15,WR/TE,-0.4452912700874317,58.3,D+
2023,San José State,15,DL/EDGE,-0.21161497275319846,61.8,C-
2023,San José State,15,OL,0.47377905611906734,72.1,B-
2023,San José State,15,QB,0.6416197308559801,74.6,B
2023,San José State,15,RB,0.9987564980362542,80.0,B+
2023,San José State,15,Secondary,0.19161612561758398,67.9,C+
2023,San José State,15,WR/TE,-0.011353477724156624,64.8,C
2023,South Alabama,15,DL/EDGE,0.15372802663333462,67.3,C+
2023,South Alabama,15,OL,0.8285238501581598,77.4,B+
2023,South Alabama,15,QB,0.6623557256675596,74.9,B
2023,South Alabama,15,RB,0.27509821640461235,69.1,C+
2023,South Alabama,15,Secondary,-0.6506337767623952,55.2,D
2023,South Alabama,15,WR/TE,0.7832170863205716,76.7,B
2023,South Carolina,15,DL/EDGE,-0.43213965685946326,58.5,D+
2023,South Carolina,15,OL,-0.578003477439501,56.3,D
2023,South Carolina,15,QB,0.6407067942670076,74.6,B
2023,South Carolina,15,RB,-0.1501479720343869,62.7,C-
2023,South Carolina,15,Secondary,-0.1577490951291484,62.6,C-
2023,South Carolina,15,WR/TE,0.29125898179693577,69.4,C+
2023,South Florida,15,DL/EDGE,0.4158289861657966,71.2,B-
2023,South Florida,15,OL,-0.7745555973151009,53.4,D
2023,South Florida,15,QB,-0.16774970946701473,62.5,C-
2023,South Florida,15,RB,-0.3870615480506976,59.2,D+
2023,South Florida,15,Secondary,-0.945154884077886,50.8,D-
2023,South Florida,15,WR/TE,0.4892340493994447,72.3,B-
2023,Southern Miss,15,DL/EDGE,-0.5705573224785037,56.4,D
2023,Southern Miss,15,OL,-0.5596581319909668,56.6,D
2023,Southern Miss,15,QB,-0.8214523554890729,52.7,D-
2023,Southern Miss,15,RB,0.1997417477562488,68.0,C+
2023,Southern Miss,15,Secondary,-1.0287041360806974,49.6,F
2023,Southern Miss,15,WR/TE,-0.2176801977917206,61.7,C-
2023,Stanford,15,DL/EDGE,-0.4287985298724666,58.6,D+
2023,Stanford,15,OL,-1.2611909491064794,46.1,F
2023,Stanford,15,QB,-0.7480485970951843,53.8,D
2023,Stanford,15,RB,-0.5851424175022242,56.2,D
2023,Stanford,15,Secondary,-1.4285539865858168,43.6,F
2023,Stanford,15,WR/TE,0.23934944359390167,68.6,C+
2023,Syracuse,15,DL/EDGE,0.7471110568881245,76.2,B
2023,Syracuse,15,OL,-0.4079897609612189,58.9,D+
2023,Syracuse,15,QB,0.05677113205748538,65.9,C
2023,Syracuse,15,RB,-0.3323506979713837,60.0,C-
2023,Syracuse,15,Secondary,-0.17135855207924552,62.4,C-
2023,Syracuse,15,WR/TE,0.40833229639335894,71.1,B-
2023,TCU,15,DL/EDGE,-0.38282303226772707,59.3,D+
2023,TCU,15,OL,1.0376035653530349,80.6,A-
2023,TCU,15,QB,-0.06502014088477052,64.0,C
2023,TCU,15,RB,0.6731738407565188,75.1,B
2023,TCU,15,Secondary,-0.43813196791579784,58.4,D+
2023,TCU,15,WR/TE,0.4923076011870215,72.4,B-
2023,Temple,15,DL/EDGE,0.1644377127783993,67.5,C+
2023,Temple,15,OL,-0.19303744765999575,62.1,C-
2023,Temple,15,QB,-0.6538443541528657,55.2,D
2023,Temple,15,RB,-1.0873763326755335,48.7,F
2023,Temple,15,Secondary,-1.7826870477659018,38.3,F
2023,Temple,15,WR/TE,-0.38935274612883575,59.2,D+
2023,Tennessee,15,DL/EDGE,0.5054776392386808,72.6,B-
2023,Tennessee,15,OL,1.0452264223461127,80.7,A-
2023,Tennessee,15,QB,0.3402901872023821,70.1,B-
2023,Tennessee,15,RB,1.2469710127987161,83.7,A-
2023,Tennessee,15,Secondary,0.024704012994219846,65.4,C
2023,Tennessee,15,WR/TE,0.5048876195686636,72.6,B-
2023,Texas,15,DL/EDGE,0.8444625046351393,77.7,B+
2023,Texas,15,OL,0.31349623390898196,69.7,C+
2023,Texas,15,QB,0.7587220003495987,76.4,B
2023,Texas,15,RB,0.45443203020503226,71.8,B-
2023,Texas,15,Secondary,0.7484788755082795,76.2,B
2023,Texas,15,WR/TE,0.4275233387475228,71.4,B-
2023,Texas A&M,15,DL/EDGE,1.7884123488497161,91.8,A+
2023,Texas A&M,15,OL,-0.2711293787529758,60.9,C-
2023,Texas A&M,15,QB,0.7563811629523944,76.3,B
2023,Texas A&M,15,RB,0.01223278256420602,65.2,C
2023,Texas A&M,15,Secondary,-0.06736669678323352,64.0,C
2023,Texas A&M,15,WR/TE,-0.34730512856154283,59.8,D+
2023,Texas State,15,DL/EDGE,-0.23093429655126538,61.5,C-
2023,Texas State,15,OL,0.3529190241605159,70.3,B-
2023,Texas State,15,QB,0.6460660919094852,74.7,B
2023,Texas State,15,RB,-0.09037436453770781,63.6,C
2023,Texas State,15,Secondary,-0.5837083292023127,56.2,D
2023,Texas State,15,WR/TE,0.8914044831649517,78.4,B+
2023,Texas Tech,15,DL/EDGE,-0.5291814005658564,57.1,D+
2023,Texas Tech,15,OL,0.5679914649677267,73.5,B
2023,Texas Tech,15,QB,-0.7367434740536332,53.9,D
2023,Texas Tech,15,RB,0.06042290152328306,65.9,C
2023,Texas Tech,15,Secondary,0.3578012599897041,70.4,B-
2023,Texas Tech,15,WR/TE,-0.532316400386441,57.0,D+
2023,Toledo,15,DL/EDGE,0.3490573615418846,70.2,B-
2023,Toledo,15,OL,0.9456968524044418,79.2,B+
2023,Toledo,15,QB,0.49784622084546304,72.5,B-
2023,Toledo,15,RB,0.48800328918389335,72.3,B-
2023,Toledo,15,Secondary,0.9622510535992185,79.4,B+
2023,Toledo,15,WR/TE,0.2753763287224999,69.1,C+
2023,Troy,15,DL/EDGE,1.0439930010546805,80.7,A-
2023,Troy,15,OL,0.16013508986767203,67.4,C+
2023,Troy,15,QB,0.5235075545141241,72.9,B-
2023,Troy,15,RB,-0.020918581078941206,64.7,C
2023,Troy,15,Secondary,0.6370437709486793,74.6,B
2023,Troy,15,WR/TE,0.0038424743821558957,65.1,C
2023,Tulane,15,DL/EDGE,0.13278382429554286,67.0,C
2023,Tulane,15,OL,-0.18020471400106214,62.3,C-
2023,Tulane,15,QB,0.4538709517122267,71.8,B-
2023,Tulane,15,RB,-0.4499667875091217,58.3,D+
2023,Tulane,15,Secondary,0.8405785320758347,77.6,B+
2023,Tulane,15,WR/TE,-0.12130959654542849,63.2,C
2023,Tulsa,15,DL/EDGE,-0.9431280941416373,50.9,D-
2023,Tulsa,15,OL,-0.16351756127850237,62.5,C-
2023,Tulsa,15,QB,-0.32948948995989863,60.1,C-
2023,Tulsa,15,RB,-0.2944658927214682,60.6,C-
2023,Tulsa,15,Secondary,-0.9883065835546492,50.2,D-
2023,Tulsa,15,WR/TE,0.48909276625701065,72.3,B-
2023,UAB,15,DL/EDGE,-0.8773555485996665,51.8,D-
2023,UAB,15,OL,0.9519109298806365,79.3,B+
2023,UAB,15,QB,0.8471681073882297,77.7,B+
2023,UAB,15,RB,0.7020457436459802,75.5,B
2023,UAB,15,Secondary,-0.38997378648797815,59.2,D+
2023,UAB,15,WR/TE,0.6165579123133481,74.2,B
2023,UCF,15,DL/EDGE,0.0880397267039017,66.3,C
2023,UCF,15,OL,0.18016288954297055,67.7,C+
2023,UCF,15,QB,1.1675168698846297,82.5,A-
2023,UCF,15,RB,1.6749738307186794,90.1,A+
2023,UCF,15,Secondary,0.794502286282883,76.9,B
2023,UCF,15,WR/TE,1.5648880151811175,88.5,A
2023,UCLA,15,DL/EDGE,1.388765723445771,85.8,A
2023,UCLA,15,OL,-0.06668349963195899,64.0,C
2023,UCLA,15,QB,-0.5979849746375758,56.0,D
2023,UCLA,15,RB,0.35069522697988853,70.3,B-
2023,UCLA,15,Secondary,0.21371060778345166,68.2,C+
2023,UCLA,15,WR/TE,0.36506976690321935,70.5,B-
2023,UConn,15,DL/EDGE,-0.44794645113960047,58.3,D+
2023,UConn,15,OL,-0.3565970600366601,59.7,D+
2023,UConn,15,QB,-0.7229219550627488,54.2,D
2023,UConn,15,RB,-0.7427745990164771,53.9,D
2023,UConn,15,Secondary,-1.0253420525954966,49.6,F
2023,UConn,15,WR/TE,-1.1323355465920029,48.0,F
2023,UL Monroe,15,DL/EDGE,0.35539564021015313,70.3,B-
2023,UL Monroe,15,OL,0.04126184097672053,65.6,C
2023,UL Monroe,15,QB,-1.0044392159098376,49.9,F
2023,UL Monroe,15,RB,0.20863066306526495,68.1,C+
2023,UL Monroe,15,Secondary,-1.3466094090259353,44.8,F
2023,UL Monroe,15,WR/TE,-0.9462586738048709,50.8,D-
2023,UNLV,15,DL/EDGE,-0.7896679917954019,53.2,D
2023,UNLV,15,OL,0.29787196042679054,69.5,C+
2023,UNLV,15,QB,0.42286761701680425,71.3,B-
2023,UNLV,15,RB,0.2261828312852197,68.4,C+
2023,UNLV,15,Secondary,-0.3221682370162183,60.2,C-
2023,UNLV,15,WR/TE,1.011220081427842,80.2,A-
2023,USC,15,DL/EDGE,-0.04296166872081686,64.4,C
2023,USC,15,OL,1.00492331318056,80.1,A-
2023,USC,15,QB,1.162389608404128,82.4,A-
2023,USC,15,RB,0.617444804007348,74.3,B
2023,USC,15,Secondary,-0.989547186641088,50.2,D-
2023,USC,15,WR/TE,0.8985918863845314,78.5,B+
2023,UTEP,15,DL/EDGE,-0.5691832821470277,56.5,D
2023,UTEP,15,OL,-0.8056439518354228,52.9,D-
2023,UTEP,15,QB,-0.48026481206352534,57.8,D+
2023,UTEP,15,RB,-0.6716977234055823,54.9,D
2023,UTEP,15,Secondary,-0.7256755401785119,54.1,D
2023,UTEP,15,WR/TE,0.03031663516347799,65.5,C
2023,UTSA,15,DL/EDGE,0.7742753184525479,76.6,B
2023,UTSA,15,OL,-0.15362087628220944,62.7,C-
2023,UTSA,15,QB,0.07987793292785496,66.2,C
2023,UTSA,15,RB,-0.28340862174475195,60.7,C-
2023,UTSA,15,Secondary,0.38356619792991636,70.8,B-
2023,UTSA,15,WR/TE,0.5121838656019637,72.7,B-
2023,Utah,15,DL/EDGE,0.46644759715891254,72.0,B-
2023,Utah,15,OL,-0.4353963627425085,58.5,D+
2023,Utah,15,QB,-0.6057768249230269,55.9,D
2023,Utah,15,RB,0.2723725096305182,69.1,C+
2023,Utah,15,Secondary,0.03685461593791401,65.6,C
2023,Utah,15,WR/TE,-0.3635710318866643,59.5,D+
2023,Utah State,15,DL/EDGE,-0.22109912491452605,61.7,C-
2023,Utah State,15,OL,0.2259153968996278,68.4,C+
2023,Utah State,15,QB,-0.21594183760987612,61.8,C-
2023,Utah State,15,RB,0.7055694967763957,75.6,B
2023,Utah State,15,Secondary,0.5414652431149138,73.1,B
2023,Utah State,15,WR/TE,0.02021598009001066,65.3,C
2023,Vanderbilt,15,DL/EDGE,-0.5599114618341204,56.6,D
2023,Vanderbilt,15,OL,-0.2806839088834804,60.8,C-
2023,Vanderbilt,15,QB,-0.8954163045566083,51.6,D-
2023,Vanderbilt,15,RB,-1.3728044793525254,44.4,F
2023,Vanderbilt,15,Secondary,-0.7922842360609224,53.1,D
2023,Vanderbilt,15,WR/TE,-0.08228189270695183,63.8,C
2023,Virginia,15,DL/EDGE,-1.2067971391470642,46.9,F
2023,Virginia,15,OL,-0.6532150780564064,55.2,D
2023,Virginia,15,QB,-0.17136133294680628,62.4,C-
2023,Virginia,15,RB,-1.0240453323148448,49.6,F
2023,Virginia,15,Secondary,0.12285035372768881,66.8,C
2023,Virginia,15,WR/TE,0.11109757088192271,66.7,C
2023,Virginia Tech,15,DL/EDGE,1.4104137299204265,86.2,A
2023,Virginia Tech,15,OL,0.008234237467106997,65.1,C
2023,Virginia Tech,15,QB,-0.05209273486006147,64.2,C
2023,Virginia Tech,15,RB,-0.15490336592156423,62.7,C-
2023,Virginia Tech,15,Secondary,0.14356011400958374,67.2,C+
2023,Virginia Tech,15,WR/TE,0.2019882793401916,68.0,C+
2023,Wake Forest,15,DL/EDGE,-0.016817559214311432,64.7,C
2023,Wake Forest,15,OL,-1.2142276390062616,46.8,F
2023,Wake Forest,15,QB,-0.5447443826149118,56.8,D
2023,Wake Forest,15,RB,-0.11309899894588178,63.3,C
2023,Wake Forest,15,Secondary,-0.5552845885700783,56.7,D
2023,Wake Forest,15,WR/TE,-0.2716279375437363,60.9,C-
2023,Washington,15,DL/EDGE,-1.025105884921201,49.6,F
2023,Washington,15,OL,0.39514481820341485,70.9,B-
2023,Washington,15,QB,0.9281911321806224,78.9,B+
2023,Washington,15,RB,-0.3420722742457285,59.9,D+
2023,Washington,15,Secondary,1.3787848087385697,85.7,A
2023,Washington,15,WR/TE,1.597985941596146,89.0,A
2023,Washington State,15,DL/EDGE,-0.3193194480790066,60.2,C-
2023,Washington State,15,OL,-0.674690252451715,54.9,D
2023,Washington State,15,QB,0.5424245243432034,73.1,B
2023,Washington State,15,RB,-1.3529965404028799,44.7,F
2023,Washington State,15,Secondary,-0.11759272376475473,63.2,C
2023,Washington State,15,WR/TE,-0.024436744147246586,64.6,C
2023,West Virginia,15,DL/EDGE,0.28005491777245967,69.2,C+
2023,West Virginia,15,OL,-0.03133810195921993,64.5,C
2023,West Virginia,15,QB,0.036799840047606364,65.6,C
2023,West Virginia,15,RB,0.029463020450764772,65.4,C
2023,West Virginia,15,Secondary,-0.21238945079509694,61.8,C-
2023,West Virginia,15,WR/TE,0.24273976699359326,68.6,C+
2023,Western Kentucky,15,DL/EDGE,-0.7906435513107071,53.1,D
2023,Western Kentucky,15,OL,0.5640980403548961,73.5,B
2023,Western Kentucky,15,QB,0.1787684234138926,67.7,C+
2023,Western Kentucky,15,RB,-0.4006827636133797,59.0,D+
2023,Western Kentucky,15,Secondary,0.4597189161714526,71.9,B-
2023,Western Kentucky,15,WR/TE,0.03135939820606923,65.5,C
2023,Western Michigan,15,DL/EDGE,-0.6468525711240682,55.3,D
2023,Western Michigan,15,OL,0.0837043854939043,66.3,C
2023,Western Michigan,15,QB,-0.39578461994063496,59.1,D+
2023,Western Michigan,15,RB,-0.1124641178566726,63.3,C
2023,Western Michigan,15,Secondary,-0.6374463221496867,55.4,D
2023,Western Michigan,15,WR/TE,-0.848658730628427,52.3,D-
2023,Wisconsin,15,DL/EDGE,0.37641611851620654,70.6,B-
2023,Wisconsin,15,OL,0.8364733672586541,77.5,B+
2023,Wisconsin,15,QB,-0.5484222503711365,56.8,D
2023,Wisconsin,15,RB,0.545992669730835,73.2,B
2023,Wisconsin,15,Secondary,0.5453003656105998,73.2,B
2023,Wisconsin,15,WR/TE,-1.07110830573564,48.9,F
2023,Wyoming,15,DL/EDGE,0.016102627981868206,65.2,C
2023,Wyoming,15,OL,-0.2121853559159524,61.8,C-
2023,Wyoming,15,QB,-0.2136891081392559,61.8,C-
2023,Wyoming,15,RB,0.4044920640266682,71.1,B-
2023,Wyoming,15,Secondary,0.24762369056489023,68.7,C+
2023,Wyoming,15,WR/TE,0.28965294560309607,69.3,C+
2024,Air Force,15,DL/EDGE,-0.1963969446852139,62.1,C-
2024,Air Force,15,OL,-1.4780739318094245,42.8,F
2024,Air Force,15,QB,-0.7031646607338684,54.5,D
2024,Air Force,15,RB,-1.0599823574194087,49.1,F
2024,Air Force,15,Secondary,-1.5287999223944344,42.1,F
2024,Air Force,15,WR/TE,0.6379916399885932,74.6,B
2024,Akron,15,DL/EDGE,-0.21109667402120524,61.8,C-
2024,Akron,15,OL,-0.017565596936396283,64.7,C
2024,Akron,15,QB,-0.8910883054695659,51.6,D-
2024,Akron,15,RB,-0.34333177810255866,59.9,D+
2024,Akron,15,Secondary,-0.9367220995976624,50.9,D-
2024,Akron,15,WR/TE,-1.2861995472347658,45.7,F
2024,Alabama,15,DL/EDGE,0.2812691123276242,69.2,C+
2024,Alabama,15,OL,-0.5155132643633862,57.3,D+
2024,Alabama,15,QB,1.0802946074442579,81.2,A-
2024,Alabama,15,RB,0.38899910494099327,70.8,B-
2024,Alabama,15,Secondary,1.2164045631997562,83.2,A-
2024,Alabama,15,WR/TE,1.4714828204052381,87.1,A
2024,App State,15,DL/EDGE,-0.7330410250250499,54.0,D
2024,App State,15,OL,0.5720189895015082,73.6,B
2024,App State,15,QB,-0.18430900691873398,62.2,C-
2024,App State,15,RB,-0.44080004937955447,58.4,D+
2024,App State,15,Secondary,-1.2526833378172046,46.2,F
2024,App State,15,WR/TE,0.575976774362389,73.6,B
2024,Arizona,15,DL/EDGE,-0.22810900462689235,61.6,C-
2024,Arizona,15,OL,-0.2530496540322665,61.2,C-
2024,Arizona,15,QB,0.14168104371223375,67.1,C+
2024,Arizona,15,RB,-0.36294135463209853,59.6,D+
2024,Arizona,15,Secondary,-0.7206924434093561,54.2,D
2024,Arizona,15,WR/TE,0.036238678579979366,65.5,C
2024,Arizona State,15,DL/EDGE,-0.6657592287053107,55.0,D
2024,Arizona State,15,OL,0.11704337511442356,66.8,C
2024,Arizona State,15,QB,1.2671976946093944,84.0,A-
2024,Arizona State,15,RB,0.12222048017312312,66.8,C
2024,Arizona State,15,Secondary,0.8961819610083763,78.4,B+
2024,Arizona State,15,WR/TE,0.8187846503935622,77.3,B+
2024,Arkansas,15,DL/EDGE,0.5799356154720443,73.7,B
2024,Arkansas,15,OL,0.029550980913159552,65.4,C
2024,Arkansas,15,QB,0.7192543731106847,75.8,B
2024,Arkansas,15,RB,0.4172627902196242,71.3,B-
2024,Arkansas,15,Secondary,-0.35642835941677947,59.7,D+
2024,Arkansas,15,WR/TE,0.6856584563066769,75.3,B
2024,Arkansas State,15,DL/EDGE,-0.787763758659373,53.2,D
2024,Arkansas State,15,OL,-0.04499563096293374,64.3,C
2024,Arkansas State,15,QB,-0.3948944643876317,59.1,D+
2024,Arkansas State,15,RB,-0.06485308086309341,64.0,C
2024,Arkansas State,15,Secondary,-0.3667551579967304,59.5,D+
2024,Arkansas State,15,WR/TE,-0.7815536287560829,53.3,D
2024,Army,15,DL/EDGE,-0.8591096066327386,52.1,D-
2024,Army,15,OL,0.5378493812620478,73.1,B
2024,Army,15,QB,1.5722065269277816,88.6,A
2024,Army,15,RB,0.684520985091601,75.3,B
2024,Army,15,Secondary,1.0104774274575783,80.2,A-
2024,Army,15,WR/TE,1.181767727546518,82.7,A-
2024,Auburn,15,DL/EDGE,1.357121500146465,85.4,A
2024,Auburn,15,OL,0.14571866006237913,67.2,C+
2024,Auburn,15,QB,0.417887413047483,71.3,B-
2024,Auburn,15,RB,-0.32241226839990045,60.2,C-
2024,Auburn,15,Secondary,-0.3488092195075689,59.8,D+
2024,Auburn,15,WR/TE,0.5692466733675569,73.5,B
2024,BYU,15,DL/EDGE,-0.3998232008535511,59.0,D+
2024,BYU,15,OL,0.032339597472449744,65.5,C
2024,BYU,15,QB,-0.1253567628851701,63.1,C
2024,BYU,15,RB,-0.5193052978808191,57.2,D+
2024,BYU,15,Secondary,1.3132401855051647,84.7,A-
2024,BYU,15,WR/TE,-0.26761035344589007,61.0,C-
2024,Ball State,15,DL/EDGE,-0.7861682739530821,53.2,D
2024,Ball State,15,OL,0.11176710771262854,66.7,C
2024,Ball State,15,QB,-0.037321119675672795,64.4,C
2024,Ball State,15,RB,-0.5324563162460013,57.0,D+
2024,Ball State,15,Secondary,-0.8903417909217103,51.6,D-
2024,Ball State,15,WR/TE,-0.21297142091895638,61.8,C-
2024,Baylor,15,DL/EDGE,0.02619308326663937,65.4,C
2024,Baylor,15,OL,0.6977208192472418,75.5,B
2024,Baylor,15,QB,0.7970008650218927,77.0,B
2024,Baylor,15,RB,0.1606767618309981,67.4,C+
2024,Baylor,15,Secondary,-0.217889402182873,61.7,C-
2024,Baylor,15,WR/TE,-0.11008283646475384,63.3,C
2024,Boise State,15,DL/EDGE,1.1026315838200014,81.5,A-
2024,Boise State,15,OL,0.843547619576046,77.7,B+
2024,Boise State,15,QB,0.2789032785270621,69.2,C+
2024,Boise State,15,RB,1.333001367753198,85.0,A-
2024,Boise State,15,Secondary,-1.0239318003088655,49.6,F
2024,Boise State,15,WR/TE,-0.19480388381851232,62.1,C-
2024,Boston College,15,DL/EDGE,0.3469332181399769,70.2,B-
2024,Boston College,15,OL,-0.798695786557637,53.0,D
2024,Boston College,15,QB,0.37662123774977485,70.6,B-
2024,Boston College,15,RB,-0.6942262369174506,54.6,D
2024,Boston College,15,Secondary,0.10562192919207809,66.6,C
2024,Boston College,15,WR/TE,0.4370320831516751,71.6,B-
2024,Bowling Green,15,DL/EDGE,-0.2716440882301383,60.9,C-
2024,Bowling Green,15,OL,0.04792330126715048,65.7,C
2024,Bowling Green,15,QB,0.040762127739480514,65.6,C
2024,Bowling Green,15,RB,0.5434033950026068,73.2,B
2024,Bowling Green,15,Secondary,0.6453594896096013,74.7,B
2024,Bowling Green,15,WR/TE,-0.31324599735675474,60.3,C-
2024,Buffalo,15,DL/EDGE,0.01305585446195344,65.2,C
2024,Buffalo,15,OL,-0.6223309647184856,55.7,D
2024,Buffalo,15,QB,-0.9247906659218394,51.1,D-
2024,Buffalo,15,RB,-0.2845910377467331,60.7,C-
2024,Buffalo,15,Secondary,-0.3113841477057627,60.3,C-
2024,Buffalo,15,WR/TE,-0.17110016536864137,62.4,C-
2024,California,15,DL/EDGE,0.26268130977434057,68.9,C+
2024,California,15,OL,-0.7311374137709649,54.0,D
2024,California,15,QB,0.37389945957633175,70.6,B-
2024,California,15,RB,0.17316094267835105,67.6,C+
2024,California,15,Secondary,-0.04401427663254697,64.3,C
2024,California,15,WR/TE,-0.08458405982313336,63.7,C
2024,Central Michigan,15,DL/EDGE,0.08020532990811985,66.2,C
2024,Central Michigan,15,OL,0.6220161850443258,74.3,B
2024,Central Michigan,15,QB,-0.9847119367025255,50.2,D-
2024,Central Michigan,15,RB,0.2685363426703421,69.0,C+
2024,Central Michigan,15,Secondary,0.04979817709753478,65.7,C
2024,Central Michigan,15,WR/TE,-0.5136808415892931,57.3,D+
2024,Charlotte,15,DL/EDGE,-0.5364738776512473,57.0,D
2024,Charlotte,15,OL,-0.8445266103539089,52.3,D-
2024,Charlotte,15,QB,-0.42156620978598486,58.7,D+
2024,Charlotte,15,RB,-0.24803115574991033,61.3,C-
2024,Charlotte,15,Secondary,-0.5530461493778961,56.7,D
2024,Charlotte,15,WR/TE,-0.03188186975446594,64.5,C
2024,Cincinnati,15,DL/EDGE,-0.30391402847007243,60.4,C-
2024,Cincinnati,15,OL,0.06699290043220257,66.0,C
2024,Cincinnati,15,QB,-0.02791136082065998,64.6,C
2024,Cincinnati,15,RB,-0.04168301184156295,64.4,C
2024,Cincinnati,15,Secondary,-0.6352343821504279,55.5,D
2024,Cincinnati,15,WR/TE,0.1813479261104588,67.7,C+
2024,Clemson,15,DL/EDGE,-0.21352691354034584,61.8,C-
2024,Clemson,15,OL,0.8253339275388214,77.4,B+
2024,Clemson,15,QB,0.3138775081759799,69.7,C+
2024,Clemson,15,RB,1.182104295725704,82.7,A-
2024,Clemson,15,Secondary,0.8959794479261568,78.4,B+
2024,Clemson,15,WR/TE,0.22746565907639937,68.4,C+
2024,Coastal Carolina,15,DL/EDGE,-0.24284407519701026,61.4,C-
2024,Coastal Carolina,15,OL,0.43156688855823666,71.5,B-
2024,Coastal Carolina,15,QB,-0.33327599494614446,60.0,C-
2024,Coastal Carolina,15,RB,0.20953469573475128,68.1,C+
2024,Coastal Carolina,15,Secondary,-0.91864128571561,51.2,D-
2024,Coastal Carolina,15,WR/TE,-0.18329445291503305,62.3,C-
2024,Colorado,15,DL/EDGE,0.916480661895533,78.7,B+
2024,Colorado,15,OL,-0.41955371397972524,58.7,D+
2024,Colorado,15,QB,1.2670341069230788,84.0,A-
2024,Colorado,15,RB,-1.1808902655208167,47.3,F
2024,Colorado,15,Secondary,0.5993508891675041,74.0,B
2024,Colorado,15,WR/TE,0.44283998510604383,71.6,B-
2024,Colorado State,15,DL/EDGE,-0.5022732471447958,57.5,D+
2024,Colorado State,15,OL,-0.08938026665342624,63.7,C
2024,Colorado State,15,QB,0.1195718984764086,66.8,C
2024,Colorado State,15,RB,-0.22226434703263484,61.7,C-
2024,Colorado State,15,Secondary,0.31020226491314484,69.7,C+
2024,Colorado State,15,WR/TE,0.1155671909382757,66.7,C
2024,Duke,15,DL/EDGE,1.4995060282914112,87.5,A
2024,Duke,15,OL,-0.8438767682990234,52.3,D-
2024,Duke,15,QB,-0.3470540269666062,59.8,D+
2024,Duke,15,RB,-1.3290872593780296,45.1,F
2024,Duke,15,Secondary,1.08994614207354,81.3,A-
2024,Duke,15,WR/TE,-0.08735330475726716,63.7,C
2024,East Carolina,15,DL/EDGE,0.8397913750966295,77.6,B+
2024,East Carolina,15,OL,0.2680525597008907,69.0,C+
2024,East Carolina,15,QB,0.20080666019947802,68.0,C+
2024,East Carolina,15,RB,-0.21195193254212613,61.8,C-
2024,East Carolina,15,Secondary,-0.0806127025568138,63.8,C
2024,East Carolina,15,WR/TE,0.39398883922243033,70.9,B-
2024,Eastern Michigan,15,DL/EDGE,0.09596138350566576,66.4,C
2024,Eastern Michigan,15,OL,-0.6451756812964582,55.3,D
2024,Eastern Michigan,15,QB,-0.32461877999697875,60.1,C-
2024,Eastern Michigan,15,RB,-1.2697364036227072,46.0,F
2024,Eastern Michigan,15,Secondary,-1.0913781071053645,48.6,F
2024,Eastern Michigan,15,WR/TE,0.18117239858665568,67.7,C+
2024,Florida,15,DL/EDGE,0.5298509997573733,72.9,B-
2024,Florida,15,OL,-0.26513405299783344,61.0,C-
2024,Florida,15,QB,0.22290695535795607,68.3,C+
2024,Florida,15,RB,0.07701465658497468,66.2,C
2024,Florida,15,Secondary,-0.12239248277197338,63.2,C
2024,Florida,15,WR/TE,0.8999914442048833,78.5,B+
2024,Florida Atlantic,15,DL/EDGE,-0.44559604351318827,58.3,D+
2024,Florida Atlantic,15,OL,0.3168589349382164,69.8,C+
2024,Florida Atlantic,15,QB,-0.34159290044715923,59.9,D+
2024,Florida Atlantic,15,RB,1.2400977629489556,83.6,A-
2024,Florida Atlantic,15,Secondary,0.005089629613288225,65.1,C
2024,Florida Atlantic,15,WR/TE,-0.07585334232443613,63.9,C
2024,Florida International,15,DL/EDGE,-0.6368224498909966,55.4,D
2024,Florida International,15,OL,-1.0807765881600409,48.8,F
2024,Florida International,15,QB,0.012235039147539276,65.2,C
2024,Florida International,15,RB,-1.2361137095604555,46.5,F
2024,Florida International,15,Secondary,1.268914290210484,84.0,A-
2024,Florida International,15,WR/TE,-0.22093419205932907,61.7,C-
2024,Florida State,15,DL/EDGE,0.2146275703352397,68.2,C+
2024,Florida State,15,OL,-0.9234915398734803,51.1,D-
2024,Florida State,15,QB,-1.6390080087873877,40.4,F
2024,Florida State,15,RB,-1.0317184777870254,49.5,F
2024,Florida State,15,Secondary,-0.7328532440138712,54.0,D
2024,Florida State,15,WR/TE,-1.008159722215467,49.9,F
2024,Fresno State,15,DL/EDGE,-0.1968890859575089,62.0,C-
2024,Fresno State,15,OL,-0.30983896907205294,60.4,C-
2024,Fresno State,15,QB,0.17315169474093153,67.6,C+
2024,Fresno State,15,RB,-0.8315720442333141,52.5,D-
2024,Fresno State,15,Secondary,0.8706944903022396,78.1,B+
2024,Fresno State,15,WR/TE,-0.057023745554033625,64.1,C
2024,Georgia,15,DL/EDGE,0.6978067579614974,75.5,B
2024,Georgia,15,OL,-0.015036601070129094,64.8,C
2024,Georgia,15,QB,0.29694055553356297,69.5,C+
2024,Georgia,15,RB,-0.2906860376515463,60.6,C-
2024,Georgia,15,Secondary,0.22354534985927219,68.4,C+
2024,Georgia,15,WR/TE,0.03647309688089702,65.5,C
2024,Georgia Southern,15,DL/EDGE,-0.9970778775468309,50.0,D-
2024,Georgia Southern,15,OL,-0.5780488694233953,56.3,D
2024,Georgia Southern,15,QB,-0.04870254486654728,64.3,C
2024,Georgia Southern,15,RB,-1.1517026229842025,47.7,F
2024,Georgia Southern,15,Secondary,-0.13138490635787664,63.0,C
2024,Georgia Southern,15,WR/TE,-0.34848380819330227,59.8,D+
2024,Georgia State,15,DL/EDGE,-0.6040548769118588,55.9,D
2024,Georgia State,15,OL,0.011410596258176336,65.2,C
2024,Georgia State,15,QB,-0.47483885355976513,57.9,D+
2024,Georgia State,15,RB,0.11962039193714548,66.8,C
2024,Georgia State,15,Secondary,-0.4510206450255461,58.2,D+
2024,Georgia State,15,WR/TE,-0.2544356643010576,61.2,C-
2024,Georgia Tech,15,DL/EDGE,0.20875594913085646,68.1,C+
2024,Georgia Tech,15,OL,0.34520882797610464,70.2,B-
2024,Georgia Tech,15,QB,0.4623112158646884,71.9,B-
2024,Georgia Tech,15,RB,0.35048593038132914,70.3,B-
2024,Georgia Tech,15,Secondary,-0.10630612460826495,63.4,C
2024,Georgia Tech,15,WR/TE,-0.2436967934195343,61.3,C-
2024,Hawai'i,15,DL/EDGE,0.07045853468930724,66.1,C
2024,Hawai'i,15,OL,-0.20404169410713435,61.9,C-
2024,Hawai'i,15,QB,-0.788940041776619,53.2,D
2024,Hawai'i,15,RB,-0.3809750714757608,59.3,D+
2024,Hawai'i,15,Secondary,-0.02713431403490962,64.6,C
2024,Hawai'i,15,WR/TE,-0.3013857774617692,60.5,C-
2024,Houston,15,DL/EDGE,0.29744521416163094,69.5,C+
2024,Houston,15,OL,-0.7625060507800684,53.6,D
2024,Houston,15,QB,-1.0016427468776619,50.0,F
2024,Houston,15,RB,-0.5488784130708712,56.8,D
2024,Houston,15,Secondary,0.5658560245842077,73.5,B
2024,Houston,15,WR/TE,-1.3169412633217035,45.2,F
2024,Illinois,15,DL/EDGE,-1.069530409479435,49.0,F
2024,Illinois,15,OL,0.5170281659970204,72.8,B-
2024,Illinois,15,QB,0.693724988730014,75.4,B
2024,Illinois,15,RB,0.5168176495981683,72.8,B-
2024,Illinois,15,Secondary,0.9084755970764754,78.6,B+
2024,Illinois,15,WR/TE,0.21330473684284923,68.2,C+
2024,Indiana,15,DL/EDGE,1.1572130658343946,82.4,A-
2024,Indiana,15,OL,-0.4028059461572135,59.0,D+
2024,Indiana,15,QB,1.8193594550839483,92.3,A+
2024,Indiana,15,RB,-0.2046712923942304,61.9,C-
2024,Indiana,15,Secondary,1.2890005121140977,84.3,A-
2024,Indiana,15,WR/TE,1.8614431533687184,92.9,A+
2024,Iowa,15,DL/EDGE,-0.2523657603490143,61.2,C-
2024,Iowa,15,OL,0.10106270301274528,66.5,C
2024,Iowa,15,QB,-0.45554771844049036,58.2,D+
2024,Iowa,15,RB,0.753283246416951,76.3,B
2024,Iowa,15,Secondary,1.1352420312171307,82.0,A-
2024,Iowa,15,WR/TE,-0.442082754120843,58.4,D+
2024,Iowa State,15,DL/EDGE,-0.4684717626953361,58.0,D+
2024,Iowa State,15,OL,-0.20220291005604268,62.0,C-
2024,Iowa State,15,QB,0.10983779796813167,66.6,C
2024,Iowa State,15,RB,-0.09794929659553948,63.5,C
2024,Iowa State,15,Secondary,0.8684854699269855,78.0,B+
2024,Iowa State,15,WR/TE,0.30340666264227595,69.6,C+
2024,Jacksonville State,15,DL/EDGE,0.05240553836864871,65.8,C
2024,Jacksonville State,15,OL,0.7083300121075626,75.6,B
2024,Jacksonville State,15,QB,0.32358855172418366,69.9,C+
2024,Jacksonville State,15,RB,0.8358714021279594,77.5,B+
2024,Jacksonville State,15,Secondary,-0.22599888227173726,61.6,C-
2024,Jacksonville State,15,WR/TE,1.1914453047860831,82.9,A-
2024,James Madison,15,DL/EDGE,0.6256094798549459,74.4,B
2024,James Madison,15,OL,0.03681409357343054,65.6,C
2024,James Madison,15,QB,0.22989632174766952,68.4,C+
2024,James Madison,15,RB,0.5314586300730074,73.0,B-
2024,James Madison,15,Secondary,1.1306447012608518,82.0,A-
2024,James Madison,15,WR/TE,0.0019294180415695764,65.0,C
2024,Kansas,15,DL/EDGE,-0.4258126883127711,58.6,D+
2024,Kansas,15,OL,0.9649003863619023,79.5,B+
2024,Kansas,15,QB,0.6512823147872167,74.8,B
2024,Kansas,15,RB,0.26134296088086495,68.9,C+
2024,Kansas,15,Secondary,-0.22206225499767795,61.7,C-
2024,Kansas,15,WR/TE,0.7296183106056924,75.9,B
2024,Kansas State,15,DL/EDGE,0.6151625858444774,74.2,B
2024,Kansas State,15,OL,0.7312243090993857,76.0,B
2024,Kansas State,15,QB,-0.26768773756899056,61.0,C-
2024,Kansas State,15,RB,0.8244890120381618,77.4,B+
2024,Kansas State,15,Secondary,-0.0719923792522192,63.9,C
2024,Kansas State,15,WR/TE,-0.25084642577923766,61.2,C-
2024,Kennesaw State,15,DL/EDGE,0.14670516850881668,67.2,C+
2024,Kennesaw State,15,OL,-1.348891399103017,44.8,F
2024,Kennesaw State,15,QB,-1.3816930678778903,44.3,F
2024,Kennesaw State,15,RB,-1.00387622025741,49.9,F
2024,Kennesaw State,15,Secondary,-0.3149926314278071,60.3,C-
2024,Kennesaw State,15,WR/TE,-1.374363942767865,44.4,F
2024,Kent State,15,DL/EDGE,-1.2817904992362068,45.8,F
2024,Kent State,15,OL,-1.5743407339400548,41.4,F
2024,Kent State,15,QB,-1.1854243439396521,47.2,F
2024,Kent State,15,RB,-1.371466139374924,44.4,F
2024,Kent State,15,Secondary,-1.559082190885495,41.6,F
2024,Kent State,15,WR/TE,-0.7866051278356135,53.2,D
2024,Kentucky,15,DL/EDGE,0.4298741586339633,71.4,B-
2024,Kentucky,15,OL,-0.5873744788820214,56.2,D
2024,Kentucky,15,QB,-0.8075046515525227,52.9,D-
2024,Kentucky,15,RB,-0.3848061854676067,59.2,D+
2024,Kentucky,15,Secondary,-0.22940357321830762,61.6,C-
2024,Kentucky,15,WR/TE,0.09954565714801214,66.5,C
2024,LSU,15,DL/EDGE,0.2085790132185022,68.1,C+
2024,LSU,15,OL,0.3989733550595999,71.0,B-
2024,LSU,15,QB,0.4101521025583551,71.2,B-
2024,LSU,15,RB,0.35854899791964734,70.4,B-
2024,LSU,15,Secondary,-0.3900868417756771,59.1,D+
2024,LSU,15,WR/TE,0.5722990017001213,73.6,B
2024,Liberty,15,DL/EDGE,0.45033916025560583,71.8,B-
2024,Liberty,15,OL,0.4561112519458011,71.8,B-
2024,Liberty,15,QB,-0.3514209398925168,59.7,D+
2024,Liberty,15,RB,-0.15156039935664412,62.7,C-
2024,Liberty,15,Secondary,-0.2324604316430738,61.5,C-
2024,Liberty,15,WR/TE,0.03271462386908186,65.5,C
2024,Louisiana,15,DL/EDGE,-0.8779689357606175,51.8,D-
2024,Louisiana,15,OL,0.42163449972674194,71.3,B-
2024,Louisiana,15,QB,0.9904408114294856,79.9,B+
2024,Louisiana,15,RB,1.123677991857904,81.9,A-
2024,Louisiana,15,Secondary,0.8521005857892561,77.8,B+
2024,Louisiana,15,WR/TE,0.8943819171787937,78.4,B+
2024,Louisiana Tech,15,DL/EDGE,0.36748457779776456,70.5,B-
2024,Louisiana Tech,15,OL,-1.4058882042074652,43.9,F
2024,Louisiana Tech,15,QB,0.3603033688186512,70.4,B-
2024,Louisiana Tech,15,RB,-1.8068567944393306,37.9,F
2024,Louisiana Tech,15,Secondary,0.5415850248537095,73.1,B
2024,Louisiana Tech,15,WR/TE,0.35783113578870135,70.4,B-
2024,Louisville,15,DL/EDGE,0.4898593094513156,72.3,B-
2024,Louisville,15,OL,1.154776816581282,82.3,A-
2024,Louisville,15,QB,1.0502576988845427,80.8,A-
2024,Louisville,15,RB,1.019776762526352,80.3,A-
2024,Louisville,15,Secondary,0.20552280603044779,68.1,C+
2024,Louisville,15,WR/TE,0.8179677301027403,77.3,B+
2024,Marshall,15,DL/EDGE,0.3444744077167989,70.2,B-
2024,Marshall,15,OL,0.4606926201390901,71.9,B-
2024,Marshall,15,QB,-0.0404974794375271,64.4,C
2024,Marshall,15,RB,0.7767111931096866,76.7,B
2024,Marshall,15,Secondary,0.7099796690451161,75.6,B
2024,Marshall,15,WR/TE,-0.0695884710968762,64.0,C
2024,Maryland,15,DL/EDGE,0.2835686680866719,69.3,C+
2024,Maryland,15,OL,-0.28331199913152344,60.8,C-
2024,Maryland,15,QB,-0.13925696630256704,62.9,C-
2024,Maryland,15,RB,-0.41287255089030506,58.8,D+
2024,Maryland,15,Secondary,-0.06610100466749089,64.0,C
2024,Maryland,15,WR/TE,-0.21869259415987446,61.7,C-
2024,Massachusetts,15,DL/EDGE,-1.023739355265041,49.6,F
2024,Massachusetts,15,OL,-0.3106161135332945,60.3,C-
2024,Massachusetts,15,QB,-0.4689733822005411,58.0,D+
2024,Massachusetts,15,RB,-0.04001826189170646,64.4,C
2024,Massachusetts,15,Secondary,-0.4779561253778544,57.8,D+
2024,Massachusetts,15,WR/TE,-0.17959308690670858,62.3,C-
2024,Memphis,15,DL/EDGE,0.1058859830606867,66.6,C
2024,Memphis,15,OL,0.34197929108445374,70.1,B-
2024,Memphis,15,QB,0.5116179930110548,72.7,B-
2024,Memphis,15,RB,0.36279941725128784,70.4,B-
2024,Memphis,15,Secondary,-0.30956023200358507,60.4,C-
2024,Memphis,15,WR/TE,-0.06579354357225664,64.0,C
2024,Miami,15,DL/EDGE,0.6718985164106483,75.1,B
2024,Miami,15,OL,1.1767930933691872,82.7,A-
2024,Miami,15,QB,1.5894436806611236,88.8,A
2024,Miami,15,RB,1.408724357846416,86.1,A
2024,Miami,15,Secondary,0.649262773056196,74.7,B
2024,Miami,15,WR/TE,1.773214928823032,91.6,A+
2024,Miami (OH),15,DL/EDGE,-0.4257245669434129,58.6,D+
2024,Miami (OH),15,OL,0.6238970070736323,74.4,B
2024,Miami (OH),15,QB,-0.19434789583989165,62.1,C-
2024,Miami (OH),15,RB,0.7754589423786562,76.6,B
2024,Miami (OH),15,Secondary,0.8999837234319763,78.5,B+
2024,Miami (OH),15,WR/TE,-0.04887178248595153,64.3,C
2024,Michigan,15,DL/EDGE,-0.018626202044893847,64.7,C
2024,Michigan,15,OL,0.4144297586031403,71.2,B-
2024,Michigan,15,QB,-1.029997093283196,49.6,F
2024,Michigan,15,RB,-0.32291342223298813,60.2,C-
2024,Michigan,15,Secondary,0.4226077039686134,71.3,B-
2024,Michigan,15,WR/TE,-1.9101453790218872,36.3,F
2024,Michigan State,15,DL/EDGE,0.45021796541174436,71.8,B-
2024,Michigan State,15,OL,-0.8962441878361287,51.6,D-
2024,Michigan State,15,QB,-0.38039483623359516,59.3,D+
2024,Michigan State,15,RB,-0.44584299013752815,58.3,D+
2024,Michigan State,15,Secondary,-0.3902024518604753,59.1,D+
2024,Michigan State,15,WR/TE,0.11672942734507798,66.8,C
2024,Middle Tennessee,15,DL/EDGE,-0.27809535416505127,60.8,C-
2024,Middle Tennessee,15,OL,-0.6861770736356521,54.7,D
2024,Middle Tennessee,15,QB,0.023499835890164536,65.4,C
2024,Middle Tennessee,15,RB,-0.7798734461962668,53.3,D
2024,Middle Tennessee,15,Secondary,-1.45750565336803,43.1,F
2024,Middle Tennessee,15,WR/TE,-0.21036450004471297,61.8,C-
2024,Minnesota,15,DL/EDGE,-0.020062953969059105,64.7,C
2024,Minnesota,15,OL,-0.5500085256867485,56.7,D
2024,Minnesota,15,QB,-0.1259995246883166,63.1,C
2024,Minnesota,15,RB,-0.2647791112430106,61.0,C-
2024,Minnesota,15,Secondary,0.9068255381123265,78.6,B+
2024,Minnesota,15,WR/TE,-1.019828999257773,49.7,F
2024,Mississippi State,15,DL/EDGE,-0.5724574335656888,56.4,D
2024,Mississippi State,15,OL,-0.11358547083539303,63.3,C
2024,Mississippi State,15,QB,-0.2884734793988343,60.7,C-
2024,Mississippi State,15,RB,0.09930181231534391,66.5,C
2024,Mississippi State,15,Secondary,-1.4441571952971857,43.3,F
2024,Mississippi State,15,WR/TE,0.3341719118586902,70.0,B-
2024,Missouri,15,DL/EDGE,0.2743165416208855,69.1,C+
2024,Missouri,15,OL,-0.16305364286016427,62.6,C-
2024,Missouri,15,QB,0.4666129295429209,72.0,B-
2024,Missouri,15,RB,-0.31500239344852704,60.3,C-
2024,Missouri,15,Secondary,-0.08276884493196505,63.8,C
2024,Missouri,15,WR/TE,0.38667630037672474,70.8,B-
2024,NC State,15,DL/EDGE,-1.2725000618891056,45.9,F
2024,NC State,15,OL,0.429108373964454,71.4,B-
2024,NC State,15,QB,0.3560863011004495,70.3,B-
2024,NC State,15,RB,0.6426655029102425,74.6,B
2024,NC State,15,Secondary,-0.2114414054631378,61.8,C-
2024,NC State,15,WR/TE,0.441491218739861,71.6,B-
2024,Navy,15,DL/EDGE,-0.3763597793331699,59.4,D+
2024,Navy,15,OL,0.3911048604794158,70.9,B-
2024,Navy,15,QB,0.45131939960651296,71.8,B-
2024,Navy,15,RB,0.9915778381193563,79.9,B+
2024,Navy,15,Secondary,0.08618453515558756,66.3,C
2024,Navy,15,WR/TE,0.897902005028148,78.5,B+
2024,Nebraska,15,DL/EDGE,0.08644025738350829,66.3,C
2024,Nebraska,15,OL,0.49486140933634376,72.4,B-
2024,Nebraska,15,QB,-0.35950408019692004,59.6,D+
2024,Nebraska,15,RB,-0.6007416830062181,56.0,D
2024,Nebraska,15,Secondary,-0.003460669316462464,64.9,C
2024,Nebraska,15,WR/TE,-0.45250242814233654,58.2,D+
2024,Nevada,15,DL/EDGE,-0.4975024861250944,57.5,D+
2024,Nevada,15,OL,-0.058388146832543675,64.1,C
2024,Nevada,15,QB,0.5297989632578963,72.9,B-
2024,Nevada,15,RB,0.19543305393297516,67.9,C+
2024,Nevada,15,Secondary,-0.40680944874358693,58.9,D+
2024,Nevada,15,WR/TE,-0.07337807362310073,63.9,C
2024,New Mexico,15,DL/EDGE,-1.0730510803941207,48.9,F
2024,New Mexico,15,OL,2.1792493470087124,97.7,A+
2024,New Mexico,15,QB,-0.3380264825725054,59.9,D+
2024,New Mexico,15,RB,1.6233919821955938,89.4,A
2024,New Mexico,15,Secondary,-1.8934072899590226,36.6,F
2024,New Mexico,15,WR/TE,-0.8402548586102825,52.4,D-
2024,New Mexico State,15,DL/EDGE,-0.6929722883679296,54.6,D
2024,New Mexico State,15,OL,-0.316491398998387,60.3,C-
2024,New Mexico State,15,QB,-1.8693914414260224,37.0,F
2024,New Mexico State,15,RB,0.07789233875455037,66.2,C
2024,New Mexico State,15,Secondary,-0.8664840699100492,52.0,D-
2024,New Mexico State,15,WR/TE,-1.213380859332006,46.8,F
2024,North Carolina,15,DL/EDGE,0.437277166602624,71.6,B-
2024,North Carolina,15,OL,0.880375336485585,78.2,B+
2024,North Carolina,15,QB,-0.09803892456351915,63.5,C
2024,North Carolina,15,RB,0.964751794609437,79.5,B+
2024,North Carolina,15,Secondary,-0.4143512786847945,58.8,D+
2024,North Carolina,15,WR/TE,-0.31132496833872353,60.3,C-
2024,North Texas,15,DL/EDGE,-0.3293294476708821,60.1,C-
2024,North Texas,15,OL,0.3970367640898787,71.0,B-
2024,North Texas,15,QB,-0.15323051075391234,62.7,C-
2024,North Texas,15,RB,0.8169534350129889,77.3,B+
2024,North Texas,15,Secondary,-0.4731072651242178,57.9,D+
2024,North Texas,15,WR/TE,0.6197224527903253,74.3,B
2024,Northern Illinois,15,DL/EDGE,-0.23604802965670663,61.5,C-
2024,Northern Illinois,15,OL,0.8884366627500957,78.3,B+
2024,Northern Illinois,15,QB,-0.5588244429986506,56.6,D
2024,Northern Illinois,15,RB,0.34424575623750525,70.2,B-
2024,Northern Illinois,15,Secondary,1.0116060089820693,80.2,A-
2024,Northern Illinois,15,WR/TE,0.09782071042350424,66.5,C
2024,Northwestern,15,DL/EDGE,-0.2167988171968316,61.7,C-
2024,Northwestern,15,OL,-0.7763550226987381,53.4,D
2024,Northwestern,15,QB,-1.2199762159767422,46.7,F
2024,Northwestern,15,RB,-1.0539195689041445,49.2,F
2024,Northwestern,15,Secondary,-0.027671956752566614,64.6,C
2024,Northwestern,15,WR/TE,-1.6324376693401002,40.5,F
2024,Notre Dame,15,DL/EDGE,0.3012986697249017,69.5,C+
2024,Notre Dame,15,OL,0.9643489442845408,79.5,B+
2024,Notre Dame,15,QB,0.5930795941305012,73.9,B
2024,Notre Dame,15,RB,1.2460401502068927,83.7,A-
2024,Notre Dame,15,Secondary,1.4279622756117996,86.4,A
2024,Notre Dame,15,WR/TE,-0.8135147933447738,52.8,D-
2024,Ohio,15,DL/EDGE,0.41869955730417785,71.3,B-
2024,Ohio,15,OL,0.1309012413024921,67.0,C
2024,Ohio,15,QB,-0.027646220743860715,64.6,C
2024,Ohio,15,RB,0.08614784617364242,66.3,C
2024,Ohio,15,Secondary,0.3692890660992146,70.5,B-
2024,Ohio,15,WR/TE,0.46888942650402343,72.0,B-
2024,Ohio State,15,DL/EDGE,0.944427128841643,79.2,B+
2024,Ohio State,15,OL,1.078583848285601,81.2,A-
2024,Ohio State,15,QB,1.1418790643891168,82.1,A-
2024,Ohio State,15,RB,1.1935108992744905,82.9,A-
2024,Ohio State,15,Secondary,0.6908372904117813,75.4,B
2024,Ohio State,15,WR/TE,0.9485468876692018,79.2,B+
2024,Oklahoma,15,DL/EDGE,1.3541569082996638,85.3,A
2024,Oklahoma,15,OL,-0.8588490736164552,52.1,D-
2024,Oklahoma,15,QB,-0.9304730733071019,51.0,D-
2024,Oklahoma,15,RB,-0.5211155418270994,57.2,D+
2024,Oklahoma,15,Secondary,-0.20851534029519983,61.9,C-
2024,Oklahoma,15,WR/TE,-0.12406557990979777,63.1,C
2024,Oklahoma State,15,DL/EDGE,-0.6947885432889429,54.6,D
2024,Oklahoma State,15,OL,0.4447959474691311,71.7,B-
2024,Oklahoma State,15,QB,-0.4037614455724281,58.9,D+
2024,Oklahoma State,15,RB,-0.5869780304906609,56.2,D
2024,Oklahoma State,15,Secondary,-1.139415471661719,47.9,F
2024,Oklahoma State,15,WR/TE,-0.06894901703335055,64.0,C
2024,Old Dominion,15,DL/EDGE,-0.41067582398488567,58.8,D+
2024,Old Dominion,15,OL,0.7486457512293816,76.2,B
2024,Old Dominion,15,QB,-0.44666773139071425,58.3,D+
2024,Old Dominion,15,RB,1.25607693875182,83.8,A-
2024,Old Dominion,15,Secondary,-0.4383554343351514,58.4,D+
2024,Old Dominion,15,WR/TE,0.07072147973876029,66.1,C
2024,Ole Miss,15,DL/EDGE,1.981062072250358,94.7,A+
2024,Ole Miss,15,OL,0.08035690423895163,66.2,C
2024,Ole Miss,15,QB,1.6005180012235651,89.0,A
2024,Ole Miss,15,RB,0.7360478817560487,76.0,B
2024,Ole Miss,15,Secondary,0.320940419013132,69.8,C+
2024,Ole Miss,15,WR/TE,1.5930950025958035,88.9,A
2024,Oregon,15,DL/EDGE,-0.20425147404051666,61.9,C-
2024,Oregon,15,OL,0.817728698576955,77.3,B+
2024,Oregon,15,QB,1.5596950731757289,88.4,A
2024,Oregon,15,RB,0.13564075220113897,67.0,C+
2024,Oregon,15,Secondary,1.4021645799711036,86.0,A
2024,Oregon,15,WR/TE,0.9738816205049448,79.6,B+
2024,Oregon State,15,DL/EDGE,-0.793229530235264,53.1,D
2024,Oregon State,15,OL,0.2386277681817889,68.6,C+
2024,Oregon State,15,QB,-0.515684726586387,57.3,D+
2024,Oregon State,15,RB,0.5014291605164157,72.5,B-
2024,Oregon State,15,Secondary,-0.8753079986289943,51.9,D-
2024,Oregon State,15,WR/TE,-0.824996196502619,52.6,D-
2024,Penn State,15,DL/EDGE,1.1861050853976023,82.8,A-
2024,Penn State,15,OL,0.7112349718329802,75.7,B
2024,Penn State,15,QB,0.9876514167081685,79.8,B+
2024,Penn State,15,RB,0.7092364024901635,75.6,B
2024,Penn State,15,Secondary,1.1201023235296481,81.8,A-
2024,Penn State,15,WR/TE,0.5347613302896035,73.0,B
2024,Pittsburgh,15,DL/EDGE,1.3742164192589124,85.6,A
2024,Pittsburgh,15,OL,-0.08504903053366375,63.7,C
2024,Pittsburgh,15,QB,-0.42369207791706165,58.6,D+
2024,Pittsburgh,15,RB,0.6839012734775318,75.3,B
2024,Pittsburgh,15,Secondary,-0.5412814163993619,56.9,D
2024,Pittsburgh,15,WR/TE,0.21787218652573467,68.3,C+
2024,Purdue,15,DL/EDGE,-0.0894681064611472,63.7,C
2024,Purdue,15,OL,-0.49975877498481297,57.5,D+
2024,Purdue,15,QB,-0.7024492586999878,54.5,D
2024,Purdue,15,RB,-0.3645954689549129,59.5,D+
2024,Purdue,15,Secondary,-1.633183768897157,40.5,F
2024,Purdue,15,WR/TE,-0.9425376570406825,50.9,D-
2024,Rice,15,DL/EDGE,0.1664216250059143,67.5,C+
2024,Rice,15,OL,0.7773988173179305,76.7,B
2024,Rice,15,QB,-0.699677641871217,54.5,D
2024,Rice,15,RB,0.06328866708573022,65.9,C
2024,Rice,15,Secondary,0.5980806929050653,74.0,B
2024,Rice,15,WR/TE,-0.7979450390389369,53.0,D
2024,Rutgers,15,DL/EDGE,-1.0692550333823396,49.0,F
2024,Rutgers,15,OL,-0.11655939715903357,63.3,C
2024,Rutgers,15,QB,-0.4461428983549687,58.3,D+
2024,Rutgers,15,RB,-0.2235913614005083,61.6,C-
2024,Rutgers,15,Secondary,-0.19314304319536305,62.1,C-
2024,Rutgers,15,WR/TE,-0.44191254085989884,58.4,D+
2024,SMU,15,DL/EDGE,1.0764219618487252,81.1,A-
2024,SMU,15,OL,-0.06907707978805658,64.0,C
2024,SMU,15,QB,1.0160766869043718,80.2,A-
2024,SMU,15,RB,-0.1572635787988081,62.6,C-
2024,SMU,15,Secondary,0.2097699175261058,68.1,C+
2024,SMU,15,WR/TE,1.3792309210207188,85.7,A
2024,Sam Houston,15,DL/EDGE,-0.3561140059022243,59.7,D+
2024,Sam Houston,15,OL,-0.1793259768043489,62.3,C-
2024,Sam Houston,15,QB,-0.8255463919673309,52.6,D-
2024,Sam Houston,15,RB,0.22510962759233283,68.4,C+
2024,Sam Houston,15,Secondary,1.0003487985191444,80.0,A-
2024,Sam Houston,15,WR/TE,-0.9299091219214078,51.1,D-
2024,San Diego State,15,DL/EDGE,-0.3869685190374026,59.2,D+
2024,San Diego State,15,OL,0.03445813500766015,65.5,C
2024,San Diego State,15,QB,-0.17901019374348212,62.3,C-
2024,San Diego State,15,RB,-0.3868452297842711,59.2,D+
2024,San Diego State,15,Secondary,-0.5593827990598796,56.6,D
2024,San Diego State,15,WR/TE,-1.065103821803061,49.0,F
2024,San José State,15,DL/EDGE,0.9121696563871122,78.7,B+
2024,San José State,15,OL,-0.531223218245391,57.0,D+
2024,San José State,15,QB,0.26729672311813113,69.0,C+
2024,San José State,15,RB,-1.0470792040635113,49.3,F
2024,San José State,15,Secondary,0.444965515774331,71.7,B-
2024,San José State,15,WR/TE,-0.15021942085059725,62.7,C-
2024,South Alabama,15,DL/EDGE,-0.3593944442436273,59.6,D+
2024,South Alabama,15,OL,1.2337889252203742,83.5,A-
2024,South Alabama,15,QB,0.711998895962524,75.7,B
2024,South Alabama,15,RB,1.0848414336208128,81.3,A-
2024,South Alabama,15,Secondary,0.3653396202571616,70.5,B-
2024,South Alabama,15,WR/TE,0.43784246142460936,71.6,B-
2024,South Carolina,15,DL/EDGE,0.5170589090418326,72.8,B-
2024,South Carolina,15,OL,-0.5760946950348372,56.4,D
2024,South Carolina,15,QB,0.8782636909874563,78.2,B+
2024,South Carolina,15,RB,-0.019130119710360494,64.7,C
2024,South Carolina,15,Secondary,0.716046782118996,75.7,B
2024,South Carolina,15,WR/TE,0.32992668098378086,69.9,C+
2024,South Florida,15,DL/EDGE,0.8576586585605261,77.9,B+
2024,South Florida,15,OL,0.5333254273748165,73.0,B-
2024,South Florida,15,QB,-0.03559858318327973,64.5,C
2024,South Florida,15,RB,0.5604522024341343,73.4,B
2024,South Florida,15,Secondary,-0.08469298199535011,63.7,C
2024,South Florida,15,WR/TE,-0.5039254338303722,57.4,D+
2024,Southern Miss,15,DL/EDGE,-0.3350944737017245,60.0,D+
2024,Southern Miss,15,OL,-2.1873207854815373,32.2,F
2024,Southern Miss,15,QB,-1.5440858604455903,41.8,F
2024,Southern Miss,15,RB,-0.8849337473789219,51.7,D-
2024,Southern Miss,15,Secondary,-1.1329268714092802,48.0,F
2024,Southern Miss,15,WR/TE,-0.7658863518306663,53.5,D
2024,Stanford,15,DL/EDGE,0.19225251463497736,67.9,C+
2024,Stanford,15,OL,-0.9368857434342395,50.9,D-
2024,Stanford,15,QB,-1.0350054626282277,49.5,F
2024,Stanford,15,RB,-0.23395460589708858,61.5,C-
2024,Stanford,15,Secondary,-1.1825756663718165,47.3,F
2024,Stanford,15,WR/TE,-1.0384663263254388,49.4,F
2024,Syracuse,15,DL/EDGE,-0.46769753324521174,58.0,D+
2024,Syracuse,15,OL,-0.32796990803392345,60.1,C-
2024,Syracuse,15,QB,0.44253095615841326,71.6,B-
2024,Syracuse,15,RB,-1.4811048771453268,42.8,F
2024,Syracuse,15,Secondary,0.3118552978580541,69.7,C+
2024,Syracuse,15,WR/TE,0.3629037214824043,70.4,B-
2024,TCU,15,DL/EDGE,-0.3535879927138627,59.7,D+
2024,TCU,15,OL,0.15650152267365944,67.3,C+
2024,TCU,15,QB,0.8032155576273661,77.0,B+
2024,TCU,15,RB,-1.0488735823740267,49.3,F
2024,TCU,15,Secondary,0.19320798760937113,67.9,C+
2024,TCU,15,WR/TE,1.0390588618073597,80.6,A-
2024,Temple,15,DL/EDGE,-1.2586022280024938,46.1,F
2024,Temple,15,OL,-0.941571420524409,50.9,D-
2024,Temple,15,QB,-0.8797110098647907,51.8,D-
2024,Temple,15,RB,-1.063131071121628,49.1,F
2024,Temple,15,Secondary,0.16523514215802124,67.5,C+
2024,Temple,15,WR/TE,-0.27006148858454226,60.9,C-
2024,Tennessee,15,DL/EDGE,1.1259674203348442,81.9,A-
2024,Tennessee,15,OL,0.3421305008533182,70.1,B-
2024,Tennessee,15,QB,0.7997186615460337,77.0,B
2024,Tennessee,15,RB,-0.008492207807404187,64.9,C
2024,Tennessee,15,Secondary,0.6629824054158812,74.9,B
2024,Tennessee,15,WR/TE,1.1650347213344348,82.5,A-
2024,Texas,15,DL/EDGE,1.3205133586665925,84.8,A-
2024,Texas,15,OL,-0.706985352476681,54.4,D
2024,Texas,15,QB,1.1603459630537392,82.4,A-
2024,Texas,15,RB,-0.2924438905550264,60.6,C-
2024,Texas,15,Secondary,2.045672374078242,95.7,A+
2024,Texas,15,WR/TE,0.7195036314399902,75.8,B
2024,Texas A&M,15,DL/EDGE,0.7598840397845599,76.4,B
2024,Texas A&M,15,OL,-0.009427729533785754,64.9,C
2024,Texas A&M,15,QB,0.39778279298033753,71.0,B-
2024,Texas A&M,15,RB,0.4428183331426917,71.6,B-
2024,Texas A&M,15,Secondary,0.1661410785157964,67.5,C+
2024,Texas A&M,15,WR/TE,0.4108086290920716,71.2,B-
2024,Texas State,15,DL/EDGE,0.5616741080019524,73.4,B
2024,Texas State,15,OL,0.724260092420775,75.9,B
2024,Texas State,15,QB,0.49413034251789306,72.4,B-
2024,Texas State,15,RB,0.212679615760616,68.2,C+
2024,Texas State,15,Secondary,0.44091123936171966,71.6,B-
2024,Texas State,15,WR/TE,0.1770253381182542,67.7,C+
2024,Texas Tech,15,DL/EDGE,-0.6909095345089471,54.6,D
2024,Texas Tech,15,OL,0.07131676929532188,66.1,C
2024,Texas Tech,15,QB,0.33631280798744373,70.0,B-
2024,Texas Tech,15,RB,-0.5484445962849724,56.8,D
2024,Texas Tech,15,Secondary,-0.5627149568183709,56.6,D
2024,Texas Tech,15,WR/TE,0.22283712011082407,68.3,C+
2024,Toledo,15,DL/EDGE,0.26715996863769903,69.0,C+
2024,Toledo,15,OL,-0.08865192768990471,63.7,C
2024,Toledo,15,QB,-0.06197952823887995,64.1,C
2024,Toledo,15,RB,-1.488567956387408,42.7,F
2024,Toledo,15,Secondary,0.9079520941054471,78.6,B+
2024,Toledo,15,WR/TE,-0.09471585113664141,63.6,C
2024,Troy,15,DL/EDGE,-0.3214748226088571,60.2,C-
2024,Troy,15,OL,0.024968891629586987,65.4,C
2024,Troy,15,QB,0.47330192003079624,72.1,B-
2024,Troy,15,RB,-0.24597028621098815,61.3,C-
2024,Troy,15,Secondary,-0.6469549652311812,55.3,D
2024,Troy,15,WR/TE,1.3467422498901003,85.2,A
2024,Tulane,15,DL/EDGE,0.10905245742233532,66.6,C
2024,Tulane,15,OL,0.4060085341777907,71.1,B-
2024,Tulane,15,QB,1.4561520241223533,86.8,A
2024,Tulane,15,RB,-0.03980160578391513,64.4,C
2024,Tulane,15,Secondary,0.6855989175426223,75.3,B
2024,Tulane,15,WR/TE,1.2107968892962633,83.2,A-
2024,Tulsa,15,DL/EDGE,-0.7498599219393937,53.8,D
2024,Tulsa,15,OL,0.26703683319786986,69.0,C+
2024,Tulsa,15,QB,-0.6999272974358421,54.5,D
2024,Tulsa,15,RB,-0.10829995496990864,63.4,C
2024,Tulsa,15,Secondary,-1.8970731321196912,36.5,F
2024,Tulsa,15,WR/TE,-0.47917463915361136,57.8,D+
2024,UAB,15,DL/EDGE,-0.99279759974021,50.1,D-
2024,UAB,15,OL,0.6751418897360335,75.1,B
2024,UAB,15,QB,-0.4038304861358057,58.9,D+
2024,UAB,15,RB,-0.22049349851515443,61.7,C-
2024,UAB,15,Secondary,0.09398418329258884,66.4,C
2024,UAB,15,WR/TE,-0.19923590882439057,62.0,C-
2024,UCF,15,DL/EDGE,0.6685461981851162,75.0,B
2024,UCF,15,OL,0.6291524851250312,74.4,B
2024,UCF,15,QB,-0.6402557183084902,55.4,D
2024,UCF,15,RB,1.1198282775545176,81.8,A-
2024,UCF,15,Secondary,-0.029704804616123206,64.6,C
2024,UCF,15,WR/TE,0.2790353919199961,69.2,C+
2024,UCLA,15,DL/EDGE,0.25800299176731745,68.9,C+
2024,UCLA,15,OL,-0.6710737910174868,54.9,D
2024,UCLA,15,QB,0.22320369850801894,68.3,C+
2024,UCLA,15,RB,-0.6064264371817643,55.9,D
2024,UCLA,15,Secondary,-0.3293589351989574,60.1,C-
2024,UCLA,15,WR/TE,-0.05018311978320976,64.2,C
2024,UConn,15,DL/EDGE,0.35669753256617776,70.4,B-
2024,UConn,15,OL,0.5008361631343786,72.5,B-
2024,UConn,15,QB,-0.46813577497116227,58.0,D+
2024,UConn,15,RB,0.3756482131138932,70.6,B-
2024,UConn,15,Secondary,0.7423074033382642,76.1,B
2024,UConn,15,WR/TE,-0.5517000652762207,56.7,D
2024,UL Monroe,15,DL/EDGE,-0.04781742758168003,64.3,C
2024,UL Monroe,15,OL,-0.4674071913922315,58.0,D+
2024,UL Monroe,15,QB,-0.8668729392632095,52.0,D-
2024,UL Monroe,15,RB,0.4435416674858843,71.7,B-
2024,UL Monroe,15,Secondary,-0.0911596838925689,63.6,C
2024,UL Monroe,15,WR/TE,-0.8148755077189749,52.8,D-
2024,UNLV,15,DL/EDGE,0.3877834329382476,70.8,B-
2024,UNLV,15,OL,0.19068138880631086,67.9,C+
2024,UNLV,15,QB,-0.048472792785816995,64.3,C
2024,UNLV,15,RB,1.367541640452496,85.5,A
2024,UNLV,15,Secondary,0.620975296473293,74.3,B
2024,UNLV,15,WR/TE,-0.25091334327950326,61.2,C-
2024,USC,15,DL/EDGE,-0.8475944405680536,52.3,D-
2024,USC,15,OL,1.3613774580547642,85.4,A
2024,USC,15,QB,0.03547966944562704,65.5,C
2024,USC,15,RB,1.2057729023870631,83.1,A-
2024,USC,15,Secondary,0.39658056872607544,70.9,B-
2024,USC,15,WR/TE,0.02014426984981607,65.3,C
2024,UTEP,15,DL/EDGE,1.0210864080609479,80.3,A-
2024,UTEP,15,OL,-0.7555100383039417,53.7,D
2024,UTEP,15,QB,-0.5899804263221591,56.2,D
2024,UTEP,15,RB,-1.1771224716510718,47.3,F
2024,UTEP,15,Secondary,-0.1883647312381629,62.2,C-
2024,UTEP,15,WR/TE,-0.4098253858949571,58.9,D+
2024,UTSA,15,DL/EDGE,1.3297802323989727,84.9,A-
2024,UTSA,15,OL,-0.2892445810111998,60.7,C-
2024,UTSA,15,QB,-0.03443865296567841,64.5,C
2024,UTSA,15,RB,0.2832166970350644,69.2,C+
2024,UTSA,15,Secondary,-0.5819980210575247,56.3,D
2024,UTSA,15,WR/TE,-0.09824385532671939,63.5,C
2024,Utah,15,DL/EDGE,0.7596290610707878,76.4,B
2024,Utah,15,OL,-0.629959265853673,55.6,D
2024,Utah,15,QB,-0.8373983674415667,52.4,D-
2024,Utah,15,RB,-0.16748134989340493,62.5,C-
2024,Utah,15,Secondary,1.0860286935102497,81.3,A-
2024,Utah,15,WR/TE,-0.35198175058644127,59.7,D+
2024,Utah State,15,DL/EDGE,-0.3414927665202538,59.9,D+
2024,Utah State,15,OL,0.9604259732578715,79.4,B+
2024,Utah State,15,QB,-0.24093336552109823,61.4,C-
2024,Utah State,15,RB,0.9094715263858646,78.6,B+
2024,Utah State,15,Secondary,-0.1382965018694831,62.9,C-
2024,Utah State,15,WR/TE,-0.11141783089025598,63.3,C
2024,Vanderbilt,15,DL/EDGE,0.3965712710476257,70.9,B-
2024,Vanderbilt,15,OL,-0.8755815109278466,51.9,D-
2024,Vanderbilt,15,QB,0.0182995801236481,65.3,C
2024,Vanderbilt,15,RB,-0.44268381253674033,58.4,D+
2024,Vanderbilt,15,Secondary,-1.1536308377070261,47.7,F
2024,Vanderbilt,15,WR/TE,-0.017853986094065646,64.7,C
2024,Virginia,15,DL/EDGE,-0.6895594910594838,54.7,D
2024,Virginia,15,OL,-0.01079079879411593,64.8,C
2024,Virginia,15,QB,-0.6239222106080073,55.6,D
2024,Virginia,15,RB,0.2853087321162121,69.3,C+
2024,Virginia,15,Secondary,-0.4490076956146705,58.3,D+
2024,Virginia,15,WR/TE,-0.5213347036865217,57.2,D+
2024,Virginia Tech,15,DL/EDGE,0.46523424521937307,72.0,B-
2024,Virginia Tech,15,OL,-0.25298323801817535,61.2,C-
2024,Virginia Tech,15,QB,-0.0953044932796297,63.6,C
2024,Virginia Tech,15,RB,0.4387459676635857,71.6,B-
2024,Virginia Tech,15,Secondary,-0.1437085049776559,62.8,C-
2024,Virginia Tech,15,WR/TE,-0.23684794936875658,61.4,C-
2024,Wake Forest,15,DL/EDGE,-0.8842511493715415,51.7,D-
2024,Wake Forest,15,OL,-0.38124284595204116,59.3,D+
2024,Wake Forest,15,QB,-0.44907684567670597,58.3,D+
2024,Wake Forest,15,RB,-0.5591013040540225,56.6,D
2024,Wake Forest,15,Secondary,0.1989432627743549,68.0,C+
2024,Wake Forest,15,WR/TE,-0.89333273330048,51.6,D-
2024,Washington,15,DL/EDGE,-0.9244396047019963,51.1,D-
2024,Washington,15,OL,0.35188249990009496,70.3,B-
2024,Washington,15,QB,0.7003565180992453,75.5,B
2024,Washington,15,RB,0.2488579041599133,68.7,C+
2024,Washington,15,Secondary,0.7752753239027917,76.6,B
2024,Washington,15,WR/TE,-0.304460349765343,60.4,C-
2024,Washington State,15,DL/EDGE,-0.873690246957775,51.9,D-
2024,Washington State,15,OL,-0.3109209367014043,60.3,C-
2024,Washington State,15,QB,0.9814981015707487,79.7,B+
2024,Washington State,15,RB,0.5654494830025382,73.5,B
2024,Washington State,15,Secondary,0.7812908069031651,76.7,B
2024,Washington State,15,WR/TE,0.49285544509735435,72.4,B-
2024,West Virginia,15,DL/EDGE,0.043867219488328224,65.7,C
2024,West Virginia,15,OL,-0.49460210247463066,57.6,D+
2024,West Virginia,15,QB,-0.06052310515071477,64.1,C
2024,West Virginia,15,RB,0.10833905139060138,66.6,C
2024,West Virginia,15,Secondary,-1.575866449099477,41.4,F
2024,West Virginia,15,WR/TE,-0.5813233253866325,56.3,D
2024,Western Kentucky,15,DL/EDGE,-0.6414839063148702,55.4,D
2024,Western Kentucky,15,OL,0.011045827262548547,65.2,C
2024,Western Kentucky,15,QB,0.6014929988243555,74.0,B
2024,Western Kentucky,15,RB,-1.0007081397443431,50.0,F
2024,Western Kentucky,15,Secondary,-0.8791454979752905,51.8,D-
2024,Western Kentucky,15,WR/TE,0.4815446870571678,72.2,B-
2024,Western Michigan,15,DL/EDGE,-0.31012369423388464,60.3,C-
2024,Western Michigan,15,OL,0.4104994020888256,71.2,B-
2024,Western Michigan,15,QB,0.16266610576378954,67.4,C+
2024,Western Michigan,15,RB,1.0197474147851457,80.3,A-
2024,Western Michigan,15,Secondary,-0.8233698938350078,52.6,D-
2024,Western Michigan,15,WR/TE,-0.5661936506093537,56.5,D
2024,Wisconsin,15,DL/EDGE,-0.6709448360802248,54.9,D
2024,Wisconsin,15,OL,0.14514613409524588,67.2,C+
2024,Wisconsin,15,QB,-0.7978068125985696,53.0,D
2024,Wisconsin,15,RB,-0.685607234293082,54.7,D
2024,Wisconsin,15,Secondary,0.375457419198204,70.6,B-
2024,Wisconsin,15,WR/TE,-0.5559939504095169,56.7,D
2024,Wyoming,15,DL/EDGE,-0.7382624142879165,53.9,D
2024,Wyoming,15,OL,-0.8417971990570992,52.4,D-
2024,Wyoming,15,QB,-0.8217026219965214,52.7,D-
2024,Wyoming,15,RB,-0.6169231931126647,55.7,D
2024,Wyoming,15,Secondary,0.09824006380058951,66.5,C
2024,Wyoming,15,WR/TE,-0.5272687745833513,57.1,D+
2025,Air Force,15,DL/EDGE,-1.3290090949609625,45.1,F
2025,Air Force,15,OL,0.05893512497638653,65.9,C
2025,Air Force,15,QB,0.830774573431222,77.5,B+
2025,Air Force,15,RB,0.0022013627850050455,65.0,C
2025,Air Force,15,Secondary,-2.0834716827551847,33.7,F
2025,Air Force,15,WR/TE,1.6334370720799816,89.5,A
2025,Akron,15,DL/EDGE,0.11658010015442405,66.7,C
2025,Akron,15,OL,-0.8507043380510007,52.2,D-
2025,Akron,15,QB,-0.9584428088276908,50.6,D-
2025,Akron,15,RB,-1.0108239702223398,49.8,F
2025,Akron,15,Secondary,-0.029037868537963505,64.6,C
2025,Akron,15,WR/TE,-0.5576369975428073,56.6,D
2025,Alabama,15,DL/EDGE,0.3975807146406109,71.0,B-
2025,Alabama,15,OL,0.08768136907827279,66.3,C
2025,Alabama,15,QB,0.5304419991507336,73.0,B-
2025,Alabama,15,RB,-0.47563188813446783,57.9,D+
2025,Alabama,15,Secondary,0.3540873496477454,70.3,B-
2025,Alabama,15,WR/TE,0.39565347692319475,70.9,B-
2025,App State,15,DL/EDGE,-0.023761267151439815,64.6,C
2025,App State,15,OL,0.27468219091435075,69.1,C+
2025,App State,15,QB,-0.9130419755549259,51.3,D-
2025,App State,15,RB,-0.9200636308917871,51.2,D-
2025,App State,15,Secondary,-0.1871323848816876,62.2,C-
2025,App State,15,WR/TE,-0.6716283723067213,54.9,D
2025,Arizona,15,DL/EDGE,0.10975145201554469,66.6,C
2025,Arizona,15,OL,-0.12593213188719546,63.1,C
2025,Arizona,15,QB,0.3790856224151803,70.7,B-
2025,Arizona,15,RB,0.23089344024782207,68.5,C+
2025,Arizona,15,Secondary,1.7685873485579513,91.5,A+
2025,Arizona,15,WR/TE,0.39934037172570314,71.0,B-
2025,Arizona State,15,DL/EDGE,0.5222637517556945,72.8,B-
2025,Arizona State,15,OL,0.236319393742734,68.5,C+
2025,Arizona State,15,QB,-0.5163330848600082,57.3,D+
2025,Arizona State,15,RB,0.36305047244366184,70.4,B-
2025,Arizona State,15,Secondary,-0.030859723590638214,64.5,C
2025,Arizona State,15,WR/TE,-0.7063218784831182,54.4,D
2025,Arkansas,15,DL/EDGE,0.31059070883765155,69.7,C+
2025,Arkansas,15,OL,1.1079078018788415,81.6,A-
2025,Arkansas,15,QB,0.26351704599005843,69.0,C+
2025,Arkansas,15,RB,1.0413262872962679,80.6,A-
2025,Arkansas,15,Secondary,-0.9556642603627417,50.7,D-
2025,Arkansas,15,WR/TE,0.2931435634034437,69.4,C+
2025,Arkansas State,15,DL/EDGE,0.5418928087680281,73.1,B
2025,Arkansas State,15,OL,-0.34963326073488654,59.8,D+
2025,Arkansas State,15,QB,-0.2894897510151312,60.7,C-
2025,Arkansas State,15,RB,-1.4273151254130583,43.6,F
2025,Arkansas State,15,Secondary,-0.3616807099917338,59.6,D+
2025,Arkansas State,15,WR/TE,-0.9766955336122245,50.3,D-
2025,Army,15,DL/EDGE,-1.3213207135351692,45.2,F
2025,Army,15,OL,-0.30803344865443344,60.4,C-
2025,Army,15,QB,0.15632405095326343,67.3,C+
2025,Army,15,RB,-0.37959274736248916,59.3,D+
2025,Army,15,Secondary,-0.07789000057554361,63.8,C
2025,Army,15,WR/TE,0.20298484456147212,68.0,C+
2025,Auburn,15,DL/EDGE,1.2052019489121137,83.1,A-
2025,Auburn,15,OL,-0.21938709074033175,61.7,C-
2025,Auburn,15,QB,-0.2994354874112724,60.5,C-
2025,Auburn,15,RB,0.8971950009148405,78.5,B+
2025,Auburn,15,Secondary,0.13256699001260178,67.0,C
2025,Auburn,15,WR/TE,0.20769888511384865,68.1,C+
2025,BYU,15,DL/EDGE,0.362155270499544,70.4,B-
2025,BYU,15,OL,0.301036918767736,69.5,C+
2025,BYU,15,QB,0.4461887086061813,71.7,B-
2025,BYU,15,RB,-0.058040224106885786,64.1,C
2025,BYU,15,Secondary,0.6925561557298792,75.4,B
2025,BYU,15,WR/TE,0.5446020870574704,73.2,B
2025,Ball State,15,DL/EDGE,-0.5184652581876481,57.2,D+
2025,Ball State,15,OL,-1.7780240161690575,38.3,F
2025,Ball State,15,QB,-1.418326048790348,43.7,F
2025,Ball State,15,RB,-0.1648787998867455,62.5,C-
2025,Ball State,15,Secondary,-0.558610719319389,56.6,D
2025,Ball State,15,WR/TE,-1.4082566109131947,43.9,F
2025,Baylor,15,DL/EDGE,-0.8402889565524749,52.4,D-
2025,Baylor,15,OL,0.3536050577046863,70.3,B-
2025,Baylor,15,QB,-0.5009573106478833,57.5,D+
2025,Baylor,15,RB,-0.6494452303221205,55.3,D
2025,Baylor,15,Secondary,0.5812053068085514,73.7,B
2025,Baylor,15,WR/TE,-0.18530925904709894,62.2,C-
2025,Boise State,15,DL/EDGE,-0.12818785878487432,63.1,C
2025,Boise State,15,OL,0.16748608303185117,67.5,C+
2025,Boise State,15,QB,-0.06796793056579803,64.0,C
2025,Boise State,15,RB,0.3469606337512522,70.2,B-
2025,Boise State,15,Secondary,1.0211260332341774,80.3,A-
2025,Boise State,15,WR/TE,0.25346671292256523,68.8,C+
2025,Boston College,15,DL/EDGE,-0.9400764995582045,50.9,D-
2025,Boston College,15,OL,-0.4453521166706017,58.3,D+
2025,Boston College,15,QB,0.010766991799327552,65.2,C
2025,Boston College,15,RB,-0.47115168703041144,57.9,D+
2025,Boston College,15,Secondary,-0.5970024767506408,56.0,D
2025,Boston College,15,WR/TE,-0.5545150005809973,56.7,D
2025,Bowling Green,15,DL/EDGE,0.453139742695342,71.8,B-
2025,Bowling Green,15,OL,-0.6354971600426907,55.5,D
2025,Bowling Green,15,QB,-0.7259827981047655,54.1,D
2025,Bowling Green,15,RB,0.20688988414547568,68.1,C+
2025,Bowling Green,15,Secondary,-0.504394377400009,57.4,D+
2025,Bowling Green,15,WR/TE,-0.07425627289545195,63.9,C
2025,Buffalo,15,DL/EDGE,0.8824248178150124,78.2,B+
2025,Buffalo,15,OL,-0.07257774292460441,63.9,C
2025,Buffalo,15,QB,-0.9262228457523347,51.1,D-
2025,Buffalo,15,RB,-0.43238446879914844,58.5,D+
2025,Buffalo,15,Secondary,0.17560352470071947,67.6,C+
2025,Buffalo,15,WR/TE,-0.44541670215162654,58.3,D+
2025,California,15,DL/EDGE,-0.8270305847414934,52.6,D-
2025,California,15,OL,-0.4577031708853448,58.1,D+
2025,California,15,QB,-0.16644378462634932,62.5,C-
2025,California,15,RB,-1.7751207289696767,38.4,F
2025,California,15,Secondary,0.6393769321916812,74.6,B
2025,California,15,WR/TE,-0.9566088145555193,50.7,D-
2025,Central Michigan,15,DL/EDGE,-0.22534472212754314,61.6,C-
2025,Central Michigan,15,OL,-1.0819730023131302,48.8,F
2025,Central Michigan,15,QB,0.8218398056320209,77.3,B+
2025,Central Michigan,15,RB,-0.5799567295184939,56.3,D
2025,Central Michigan,15,Secondary,0.28782297638135373,69.3,C+
2025,Central Michigan,15,WR/TE,0.7362126857852832,76.0,B
2025,Charlotte,15,DL/EDGE,-1.0047648547083008,49.9,F
2025,Charlotte,15,OL,-1.1040624209315082,48.4,F
2025,Charlotte,15,QB,-0.4804000011552536,57.8,D+
2025,Charlotte,15,RB,-2.116502383255251,33.3,F
2025,Charlotte,15,Secondary,-0.5473499980450541,56.8,D
2025,Charlotte,15,WR/TE,-0.8872902325622832,51.7,D-
2025,Cincinnati,15,DL/EDGE,-0.46029385330162714,58.1,D+
2025,Cincinnati,15,OL,1.5238189612642394,87.9,A
2025,Cincinnati,15,QB,0.7696452716672193,76.5,B
2025,Cincinnati,15,RB,0.3725808161217189,70.6,B-
2025,Cincinnati,15,Secondary,-0.5761704882545756,56.4,D
2025,Cincinnati,15,WR/TE,0.9011217758080008,78.5,B+
2025,Clemson,15,DL/EDGE,0.041731159367815615,65.6,C
2025,Clemson,15,OL,0.39598140208692223,70.9,B-
2025,Clemson,15,QB,0.4325041681812144,71.5,B-
2025,Clemson,15,RB,-1.154347192521334,47.7,F
2025,Clemson,15,Secondary,0.38682487126946813,70.8,B-
2025,Clemson,15,WR/TE,-0.012785492974138252,64.8,C
2025,Coastal Carolina,15,DL/EDGE,-0.6858413843104485,54.7,D
2025,Coastal Carolina,15,OL,-0.05697887018582512,64.1,C
2025,Coastal Carolina,15,QB,-0.9174560429826446,51.2,D-
2025,Coastal Carolina,15,RB,0.30788246119870355,69.6,C+
2025,Coastal Carolina,15,Secondary,0.13760696806621026,67.1,C+
2025,Coastal Carolina,15,WR/TE,-0.7547056341951159,53.7,D
2025,Colorado,15,DL/EDGE,-0.23775724750150046,61.4,C-
2025,Colorado,15,OL,-1.1994570080813451,47.0,F
2025,Colorado,15,QB,-0.44661796639346657,58.3,D+
2025,Colorado,15,RB,-0.8325305644770873,52.5,D-
2025,Colorado,15,Secondary,-0.23025198693591978,61.5,C-
2025,Colorado,15,WR/TE,-0.4129602106819091,58.8,D+
2025,Colorado State,15,DL/EDGE,-0.7756228491983619,53.4,D
2025,Colorado State,15,OL,-0.2559194812224928,61.2,C-
2025,Colorado State,15,QB,-0.5776712424813076,56.3,D
2025,Colorado State,15,RB,-0.22436369235798048,61.6,C-
2025,Colorado State,15,Secondary,-0.8816972046762689,51.8,D-
2025,Colorado State,15,WR/TE,-0.30622640095706055,60.4,C-
2025,Delaware,15,DL/EDGE,-0.18161319715564092,62.3,C-
2025,Delaware,15,OL,-0.4187924385916586,58.7,D+
2025,Delaware,15,QB,-0.0439148215116829,64.3,C
2025,Delaware,15,RB,-0.5241922362951464,57.1,D+
2025,Delaware,15,Secondary,-0.4713134205951737,57.9,D+
2025,Delaware,15,WR/TE,-0.23370694990463908,61.5,C-
2025,Duke,15,DL/EDGE,0.6121065580609303,74.2,B
2025,Duke,15,OL,0.11725387872024737,66.8,C
2025,Duke,15,QB,0.6177612270248731,74.3,B
2025,Duke,15,RB,0.010640569334145394,65.2,C
2025,Duke,15,Secondary,-0.8719765101813303,51.9,D-
2025,Duke,15,WR/TE,0.3299585583942647,69.9,C+
2025,East Carolina,15,DL/EDGE,0.8775358816195252,78.2,B+
2025,East Carolina,15,OL,0.052428566704529535,65.8,C
2025,East Carolina,15,QB,0.8870983014669077,78.3,B+
2025,East Carolina,15,RB,-0.7675364686478193,53.5,D
2025,East Carolina,15,Secondary,0.2954800985738521,69.4,C+
2025,East Carolina,15,WR/TE,0.8213907154449362,77.3,B+
2025,Eastern Michigan,15,DL/EDGE,-0.5605799605798205,56.6,D
2025,Eastern Michigan,15,OL,0.603717761189467,74.1,B
2025,Eastern Michigan,15,QB,0.1735555458724339,67.6,C+
2025,Eastern Michigan,15,RB,-0.2498249875353783,61.3,C-
2025,Eastern Michigan,15,Secondary,-0.3955201922545816,59.1,D+
2025,Eastern Michigan,15,WR/TE,-0.3267639676345446,60.1,C-
2025,Florida,15,DL/EDGE,0.020165516065062408,65.3,C
2025,Florida,15,OL,0.23328636124547963,68.5,C+
2025,Florida,15,QB,-0.686777023119501,54.7,D
2025,Florida,15,RB,-0.3899925604514013,59.2,D+
2025,Florida,15,Secondary,-0.6067696075149219,55.9,D
2025,Florida,15,WR/TE,-0.7952870484096479,53.1,D
2025,Florida Atlantic,15,DL/EDGE,-0.42048735907838813,58.7,D+
2025,Florida Atlantic,15,OL,0.1424726736320605,67.1,C+
2025,Florida Atlantic,15,QB,-0.40446921800293245,58.9,D+
2025,Florida Atlantic,15,RB,-0.9046339882355114,51.4,D-
2025,Florida Atlantic,15,Secondary,-0.48346127911809367,57.7,D+
2025,Florida Atlantic,15,WR/TE,0.2885282440649871,69.3,C+
2025,Florida International,15,DL/EDGE,-0.7865678068547652,53.2,D
2025,Florida International,15,OL,0.20714634409000002,68.1,C+
2025,Florida International,15,QB,-0.6245272582048236,55.6,D
2025,Florida International,15,RB,0.8357666040442752,77.5,B+
2025,Florida International,15,Secondary,0.29089806818587965,69.4,C+
2025,Florida International,15,WR/TE,-0.6361747702914478,55.5,D
2025,Florida State,15,DL/EDGE,0.747027471212254,76.2,B
2025,Florida State,15,OL,0.6085664270928957,74.1,B
2025,Florida State,15,QB,1.0614523366537747,80.9,A-
2025,Florida State,15,RB,0.5893190963043361,73.8,B
2025,Florida State,15,Secondary,0.36474570543038837,70.5,B-
2025,Florida State,15,WR/TE,1.299616698139497,84.5,A-
2025,Fresno State,15,DL/EDGE,0.11869453370611227,66.8,C
2025,Fresno State,15,OL,-0.2319403053687077,61.5,C-
2025,Fresno State,15,QB,-0.6262191947680888,55.6,D
2025,Fresno State,15,RB,0.0993363565509435,66.5,C
2025,Fresno State,15,Secondary,1.4481737476658776,86.7,A
2025,Fresno State,15,WR/TE,-1.4511569406021299,43.2,F
2025,Georgia,15,DL/EDGE,-0.003478587195368865,64.9,C
2025,Georgia,15,OL,-0.6196533862331406,55.7,D
2025,Georgia,15,QB,0.5424144775460044,73.1,B
2025,Georgia,15,RB,-0.31164009978234664,60.3,C-
2025,Georgia,15,Secondary,0.6064849869941832,74.1,B
2025,Georgia,15,WR/TE,0.045944707925728856,65.7,C
2025,Georgia Southern,15,DL/EDGE,-1.3103666807272956,45.3,F
2025,Georgia Southern,15,OL,-0.08270949156463855,63.8,C
2025,Georgia Southern,15,QB,0.27040238854452914,69.1,C+
2025,Georgia Southern,15,RB,-0.09121122440822489,63.6,C
2025,Georgia Southern,15,Secondary,-0.48523901455396945,57.7,D+
2025,Georgia Southern,15,WR/TE,0.22697520945233673,68.4,C+
2025,Georgia State,15,DL/EDGE,-0.28586164055961044,60.7,C-
2025,Georgia State,15,OL,0.5378497508919202,73.1,B
2025,Georgia State,15,QB,-0.13445344543132393,63.0,C-
2025,Georgia State,15,RB,0.28888065441290867,69.3,C+
2025,Georgia State,15,Secondary,-1.2964112142893098,45.6,F
2025,Georgia State,15,WR/TE,-0.36607194111677605,59.5,D+
2025,Georgia Tech,15,DL/EDGE,-0.3052764577597622,60.4,C-
2025,Georgia Tech,15,OL,0.9901260638041082,79.9,B+
2025,Georgia Tech,15,QB,1.2551882840342086,83.8,A-
2025,Georgia Tech,15,RB,-0.08603343306665906,63.7,C
2025,Georgia Tech,15,Secondary,-0.9263483395866993,51.1,D-
2025,Georgia Tech,15,WR/TE,1.380647885721127,85.7,A
2025,Hawai'i,15,DL/EDGE,-0.2966420113850402,60.6,C-
2025,Hawai'i,15,OL,-0.22144314938001725,61.7,C-
2025,Hawai'i,15,QB,0.22156221143697583,68.3,C+
2025,Hawai'i,15,RB,-1.081258432830703,48.8,F
2025,Hawai'i,15,Secondary,0.045262881807163015,65.7,C
2025,Hawai'i,15,WR/TE,0.3592545769700504,70.4,B-
2025,Houston,15,DL/EDGE,-0.14675524864589595,62.8,C-
2025,Houston,15,OL,-0.6744955418242001,54.9,D
2025,Houston,15,QB,-0.19471608301508259,62.1,C-
2025,Houston,15,RB,-0.5877962043295069,56.2,D
2025,Houston,15,Secondary,0.9030195425933452,78.5,B+
2025,Houston,15,WR/TE,-0.06477042016964407,64.0,C
2025,Illinois,15,DL/EDGE,-0.24015095377596452,61.4,C-
2025,Illinois,15,OL,-0.6091661139432683,55.9,D
2025,Illinois,15,QB,0.6826819582720074,75.2,B
2025,Illinois,15,RB,-0.47971670566487246,57.8,D+
2025,Illinois,15,Secondary,0.2527957940019567,68.8,C+
2025,Illinois,15,WR/TE,0.35536106867531947,70.3,B-
2025,Indiana,15,DL/EDGE,1.6331246478391352,89.5,A
2025,Indiana,15,OL,0.9665948555448347,79.5,B+
2025,Indiana,15,QB,1.8080325703600875,92.1,A+
2025,Indiana,15,RB,1.422697337394926,86.3,A
2025,Indiana,15,Secondary,0.9251219990905802,78.9,B+
2025,Indiana,15,WR/TE,1.2070972773082809,83.1,A-
2025,Iowa,15,DL/EDGE,-0.3774872275516973,59.3,D+
2025,Iowa,15,OL,0.4235451160243147,71.4,B-
2025,Iowa,15,QB,-0.5278026208630201,57.1,D+
2025,Iowa,15,RB,0.11603526622174948,66.7,C
2025,Iowa,15,Secondary,1.5028566156139134,87.5,A
2025,Iowa,15,WR/TE,-1.1874504090123648,47.2,F
2025,Iowa State,15,DL/EDGE,-0.4283586997955105,58.6,D+
2025,Iowa State,15,OL,-0.18821731243284542,62.2,C-
2025,Iowa State,15,QB,-0.19105491519162798,62.1,C-
2025,Iowa State,15,RB,0.20347036945079577,68.1,C+
2025,Iowa State,15,Secondary,0.025520168694173815,65.4,C
2025,Iowa State,15,WR/TE,0.11919853204925115,66.8,C
2025,Jacksonville State,15,DL/EDGE,0.05685457328352065,65.9,C
2025,Jacksonville State,15,OL,0.1899121075840824,67.8,C+
2025,Jacksonville State,15,QB,-0.37979660702440043,59.3,D+
2025,Jacksonville State,15,RB,0.5442394445285452,73.2,B
2025,Jacksonville State,15,Secondary,0.009572380458402774,65.1,C
2025,Jacksonville State,15,WR/TE,-0.06408118990411463,64.0,C
2025,James Madison,15,DL/EDGE,1.0756094771270632,81.1,A-
2025,James Madison,15,OL,-0.1519727037361679,62.7,C-
2025,James Madison,15,QB,0.1332757090974867,67.0,C
2025,James Madison,15,RB,0.916914784014131,78.8,B+
2025,James Madison,15,Secondary,0.9040996622445778,78.6,B+
2025,James Madison,15,WR/TE,0.698025297294468,75.5,B
2025,Kansas,15,DL/EDGE,0.1054585013555231,66.6,C
2025,Kansas,15,OL,0.6976092585438318,75.5,B
2025,Kansas,15,QB,0.1072619582856882,66.6,C
2025,Kansas,15,RB,0.09650632425605984,66.4,C
2025,Kansas,15,Secondary,-0.7527739207220956,53.7,D
2025,Kansas,15,WR/TE,0.7671621601281128,76.5,B
2025,Kansas State,15,DL/EDGE,0.14677900480273373,67.2,C+
2025,Kansas State,15,OL,-0.058890124882777006,64.1,C
2025,Kansas State,15,QB,-0.23086939173845755,61.5,C-
2025,Kansas State,15,RB,0.8195913385877431,77.3,B+
2025,Kansas State,15,Secondary,-0.2052021139461823,61.9,C-
2025,Kansas State,15,WR/TE,-0.13595082073661005,63.0,C-
2025,Kennesaw State,15,DL/EDGE,0.2708457987931434,69.1,C+
2025,Kennesaw State,15,OL,-0.29948738446831935,60.5,C-
2025,Kennesaw State,15,QB,0.486115699935572,72.3,B-
2025,Kennesaw State,15,RB,-0.2705346240065123,60.9,C-
2025,Kennesaw State,15,Secondary,0.2339188052191294,68.5,C+
2025,Kennesaw State,15,WR/TE,0.4760202289163554,72.1,B-
2025,Kent State,15,DL/EDGE,0.037637693323964605,65.6,C
2025,Kent State,15,OL,-1.3370905220254876,44.9,F
2025,Kent State,15,QB,-0.2865662704753889,60.7,C-
2025,Kent State,15,RB,-1.5968923522983627,41.0,F
2025,Kent State,15,Secondary,-0.3733489884659043,59.4,D+
2025,Kent State,15,WR/TE,0.42834159851150255,71.4,B-
2025,Kentucky,15,DL/EDGE,0.6632100246648533,74.9,B
2025,Kentucky,15,OL,0.01382863950996882,65.2,C
2025,Kentucky,15,QB,-0.5417273132853221,56.9,D
2025,Kentucky,15,RB,-0.130211853761866,63.0,C
2025,Kentucky,15,Secondary,-0.22716722031412576,61.6,C-
2025,Kentucky,15,WR/TE,-0.3058723532084248,60.4,C-
2025,LSU,15,DL/EDGE,0.5333813974134982,73.0,B
2025,LSU,15,OL,-0.4766566257273044,57.9,D+
2025,LSU,15,QB,-0.19848191721347816,62.0,C-
2025,LSU,15,RB,-0.5208199283556769,57.2,D+
2025,LSU,15,Secondary,0.8182120377898788,77.3,B+
2025,LSU,15,WR/TE,-0.7042491402775662,54.4,D
2025,Liberty,15,DL/EDGE,-0.649564754954375,55.3,D
2025,Liberty,15,OL,-0.014279905443562545,64.8,C
2025,Liberty,15,QB,-0.21574356684384885,61.8,C-
2025,Liberty,15,RB,0.5917573617949554,73.9,B
2025,Liberty,15,Secondary,0.1910926776454385,67.9,C+
2025,Liberty,15,WR/TE,0.06423351208587753,66.0,C
2025,Louisiana,15,DL/EDGE,-0.5709174152021428,56.4,D
2025,Louisiana,15,OL,-0.1092113396620415,63.4,C
2025,Louisiana,15,QB,-0.6595952346183087,55.1,D
2025,Louisiana,15,RB,0.8495190791435938,77.7,B+
2025,Louisiana,15,Secondary,-1.1951270318304432,47.1,F
2025,Louisiana,15,WR/TE,-0.5748215626328889,56.4,D
2025,Louisiana Tech,15,DL/EDGE,-0.07847668789627966,63.8,C
2025,Louisiana Tech,15,OL,0.09814464103629802,66.5,C
2025,Louisiana Tech,15,QB,-0.01858746685006217,64.7,C
2025,Louisiana Tech,15,RB,1.1615189349226012,82.4,A-
2025,Louisiana Tech,15,Secondary,0.7835371357411101,76.8,B
2025,Louisiana Tech,15,WR/TE,-0.12096019446801372,63.2,C
2025,Louisville,15,DL/EDGE,0.12201863608670896,66.8,C
2025,Louisville,15,OL,0.6023676793429479,74.0,B
2025,Louisville,15,QB,0.016731491604110433,65.3,C
2025,Louisville,15,RB,0.8528466825241305,77.8,B+
2025,Louisville,15,Secondary,1.4177510564697708,86.3,A
2025,Louisville,15,WR/TE,-0.4953597759984272,57.6,D+
2025,Marshall,15,DL/EDGE,0.7709221715385061,76.6,B
2025,Marshall,15,OL,-0.3159611974075026,60.3,C-
2025,Marshall,15,QB,0.4548115244324763,71.8,B-
2025,Marshall,15,RB,-0.3218923749982008,60.2,C-
2025,Marshall,15,Secondary,-1.4586875562748316,43.1,F
2025,Marshall,15,WR/TE,-0.08462675421370375,63.7,C
2025,Maryland,15,DL/EDGE,0.15740067719491024,67.4,C+
2025,Maryland,15,OL,0.6331040865627792,74.5,B
2025,Maryland,15,QB,-0.3939479014553182,59.1,D+
2025,Maryland,15,RB,-0.22009574072386712,61.7,C-
2025,Maryland,15,Secondary,0.2712981899435904,69.1,C+
2025,Maryland,15,WR/TE,-0.8421042849991774,52.4,D-
2025,Massachusetts,15,DL/EDGE,-1.0414691193763046,49.4,F
2025,Massachusetts,15,OL,-0.9519293336759116,50.7,D-
2025,Massachusetts,15,QB,-1.5560763302086893,41.7,F
2025,Massachusetts,15,RB,-0.1425601420459635,62.9,C-
2025,Massachusetts,15,Secondary,-0.31879931396671446,60.2,C-
2025,Massachusetts,15,WR/TE,-1.20727135773451,46.9,F
2025,Memphis,15,DL/EDGE,0.419735932935289,71.3,B-
2025,Memphis,15,OL,0.4369420440418708,71.6,B-
2025,Memphis,15,QB,0.5615391978851646,73.4,B
2025,Memphis,15,RB,1.7017373576257537,90.5,A+
2025,Memphis,15,Secondary,-0.19302359721124077,62.1,C-
2025,Memphis,15,WR/TE,0.1279282706855225,66.9,C
2025,Miami,15,DL/EDGE,0.986907073926661,79.8,B+
2025,Miami,15,OL,0.44006791496928577,71.6,B-
2025,Miami,15,QB,1.0649988391412375,81.0,A-
2025,Miami,15,RB,-0.6769126374690813,54.8,D
2025,Miami,15,Secondary,1.0754296288673646,81.1,A-
2025,Miami,15,WR/TE,0.3972331440244026,71.0,B-
2025,Miami (OH),15,DL/EDGE,0.1202705649728719,66.8,C
2025,Miami (OH),15,OL,-0.11632208346919805,63.3,C
2025,Miami (OH),15,QB,-0.7571494000303399,53.6,D
2025,Miami (OH),15,RB,-0.16846219084606864,62.5,C-
2025,Miami (OH),15,Secondary,0.42321955804983086,71.3,B-
2025,Miami (OH),15,WR/TE,-0.34903304212899355,59.8,D+
2025,Michigan,15,DL/EDGE,0.39654680110233154,70.9,B-
2025,Michigan,15,OL,0.9384891241613712,79.1,B+
2025,Michigan,15,QB,-0.014143090228947636,64.8,C
2025,Michigan,15,RB,0.8088197340284979,77.1,B+
2025,Michigan,15,Secondary,0.787478875480519,76.8,B
2025,Michigan,15,WR/TE,0.18212272259536383,67.7,C+
2025,Michigan State,15,DL/EDGE,-0.5897148912011979,56.2,D
2025,Michigan State,15,OL,-0.9883231847144593,50.2,D-
2025,Michigan State,15,QB,-0.17508537319171324,62.4,C-
2025,Michigan State,15,RB,0.4760692577847566,72.1,B-
2025,Michigan State,15,Secondary,-0.8416946644807166,52.4,D-
2025,Michigan State,15,WR/TE,-0.21896105188562287,61.7,C-
2025,Middle Tennessee,15,DL/EDGE,0.2892043872238865,69.3,C+
2025,Middle Tennessee,15,OL,0.5370278781263089,73.1,B
2025,Middle Tennessee,15,QB,-0.49826697044810025,57.5,D+
2025,Middle Tennessee,15,RB,0.028558810733367773,65.4,C
2025,Middle Tennessee,15,Secondary,-0.9902392833490897,50.1,D-
2025,Middle Tennessee,15,WR/TE,-0.5724828243768157,56.4,D
2025,Minnesota,15,DL/EDGE,1.1225749689027615,81.8,A-
2025,Minnesota,15,OL,-0.10065247196892035,63.5,C
2025,Minnesota,15,QB,-0.5324259823007155,57.0,D+
2025,Minnesota,15,RB,-0.21544659677868128,61.8,C-
2025,Minnesota,15,Secondary,-0.5405599358835591,56.9,D
2025,Minnesota,15,WR/TE,-0.26707812242807916,61.0,C-
2025,Mississippi State,15,DL/EDGE,-0.6016910616847067,56.0,D
2025,Mississippi State,15,OL,-0.5505464222496754,56.7,D
2025,Mississippi State,15,QB,0.11398959552295618,66.7,C
2025,Mississippi State,15,RB,-0.6521700642891546,55.2,D
2025,Mississippi State,15,Secondary,-0.211704705885878,61.8,C-
2025,Mississippi State,15,WR/TE,0.3967648498659697,71.0,B-
2025,Missouri,15,DL/EDGE,1.0325875128390425,80.5,A-
2025,Missouri,15,OL,0.6482638189459162,74.7,B
2025,Missouri,15,QB,-0.3166994634911805,60.2,C-
2025,Missouri,15,RB,1.0058817291124038,80.1,A-
2025,Missouri,15,Secondary,-0.13091523952373352,63.0,C
2025,Missouri,15,WR/TE,-0.6534411239197521,55.2,D
2025,Missouri State,15,DL/EDGE,-0.804933642186729,52.9,D-
2025,Missouri State,15,OL,-1.2065560185838535,46.9,F
2025,Missouri State,15,QB,0.6541005718677908,74.8,B
2025,Missouri State,15,RB,0.24671520072393338,68.7,C+
2025,Missouri State,15,Secondary,-0.4020791053204164,59.0,D+
2025,Missouri State,15,WR/TE,0.5143164556459133,72.7,B-
2025,NC State,15,DL/EDGE,-0.5649234270993934,56.5,D
2025,NC State,15,OL,-0.13125910625670884,63.0,C
2025,NC State,15,QB,0.5484077224391458,73.2,B
2025,NC State,15,RB,0.23110814869877638,68.5,C+
2025,NC State,15,Secondary,-0.8736846669280142,51.9,D-
2025,NC State,15,WR/TE,0.25404614482764837,68.8,C+
2025,Navy,15,DL/EDGE,-0.32422705848898714,60.1,C-
2025,Navy,15,OL,1.4162232862033846,86.2,A
2025,Navy,15,QB,0.8752296600341385,78.1,B+
2025,Navy,15,RB,1.1187774897614486,81.8,A-
2025,Navy,15,Secondary,-1.1879334155171848,47.2,F
2025,Navy,15,WR/TE,1.6580848326939939,89.9,A
2025,Nebraska,15,DL/EDGE,-0.2937060681598925,60.6,C-
2025,Nebraska,15,OL,0.12576814362882643,66.9,C
2025,Nebraska,15,QB,0.6837872514243036,75.3,B
2025,Nebraska,15,RB,0.22005250396127102,68.3,C+
2025,Nebraska,15,Secondary,0.5529840017174061,73.3,B
2025,Nebraska,15,WR/TE,0.17804296906115993,67.7,C+
2025,Nevada,15,DL/EDGE,-0.17694133845924276,62.3,C-
2025,Nevada,15,OL,0.09066899896718683,66.4,C
2025,Nevada,15,QB,-1.2593489680039665,46.1,F
2025,Nevada,15,RB,-0.3049650114850631,60.4,C-
2025,Nevada,15,Secondary,-0.18257461880713155,62.3,C-
2025,Nevada,15,WR/TE,-1.6664410276570898,40.0,F
2025,New Mexico,15,DL/EDGE,0.5762069492849805,73.6,B
2025,New Mexico,15,OL,0.10224627062161495,66.5,C
2025,New Mexico,15,QB,0.19494740602216326,67.9,C+
2025,New Mexico,15,RB,-0.4757140462322989,57.9,D+
2025,New Mexico,15,Secondary,-0.3701522618967608,59.4,D+
2025,New Mexico,15,WR/TE,0.5935929990742239,73.9,B
2025,New Mexico State,15,DL/EDGE,-0.5810207971608675,56.3,D
2025,New Mexico State,15,OL,-0.9242030766003473,51.1,D-
2025,New Mexico State,15,QB,-0.6087543115153533,55.9,D
2025,New Mexico State,15,RB,-1.2058563987916813,46.9,F
2025,New Mexico State,15,Secondary,0.3540690109828638,70.3,B-
2025,New Mexico State,15,WR/TE,-0.5891182618377618,56.2,D
2025,North Carolina,15,DL/EDGE,0.1070275573719405,66.6,C
2025,North Carolina,15,OL,-0.2825243007107563,60.8,C-
2025,North Carolina,15,QB,-0.2285535366735198,61.6,C-
2025,North Carolina,15,RB,-1.0076318247306943,49.9,F
2025,North Carolina,15,Secondary,0.05206587358768222,65.8,C
2025,North Carolina,15,WR/TE,-0.3490649445614874,59.8,D+
2025,North Texas,15,DL/EDGE,-0.47033462595967407,57.9,D+
2025,North Texas,15,OL,0.7536746090465918,76.3,B
2025,North Texas,15,QB,1.4704831771951117,87.1,A
2025,North Texas,15,RB,-0.12817945653383966,63.1,C
2025,North Texas,15,Secondary,0.9162067213148171,78.7,B+
2025,North Texas,15,WR/TE,1.5626735743361464,88.4,A
2025,Northern Illinois,15,DL/EDGE,-0.7101054078650284,54.3,D
2025,Northern Illinois,15,OL,-0.4237149923346309,58.6,D+
2025,Northern Illinois,15,QB,-1.6265467596393595,40.6,F
2025,Northern Illinois,15,RB,0.20600236304435326,68.1,C+
2025,Northern Illinois,15,Secondary,0.4680812857092164,72.0,B-
2025,Northern Illinois,15,WR/TE,-1.4960936030449794,42.6,F
2025,Northwestern,15,DL/EDGE,-1.0167637217181915,49.7,F
2025,Northwestern,15,OL,0.3284491025114038,69.9,C+
2025,Northwestern,15,QB,-0.5544755838842881,56.7,D
2025,Northwestern,15,RB,0.017909558450384888,65.3,C
2025,Northwestern,15,Secondary,-0.30528330773849244,60.4,C-
2025,Northwestern,15,WR/TE,-0.9451609995240603,50.8,D-
2025,Notre Dame,15,DL/EDGE,0.2427824367132132,68.6,C+
2025,Notre Dame,15,OL,0.32994642379701333,69.9,C+
2025,Notre Dame,15,QB,1.2767401951611337,84.2,A-
2025,Notre Dame,15,RB,1.5118972508791793,87.7,A
2025,Notre Dame,15,Secondary,1.101024231264843,81.5,A-
2025,Notre Dame,15,WR/TE,1.4812010795985024,87.2,A
2025,Ohio,15,DL/EDGE,-0.24131504810522975,61.4,C-
2025,Ohio,15,OL,0.5960002521417853,73.9,B
2025,Ohio,15,QB,-0.24113112312631657,61.4,C-
2025,Ohio,15,RB,0.579405070788297,73.7,B
2025,Ohio,15,Secondary,0.09015876728047573,66.4,C
2025,Ohio,15,WR/TE,0.0906969613559811,66.4,C
2025,Ohio State,15,DL/EDGE,0.7134437896945691,75.7,B
2025,Ohio State,15,OL,0.23163052709382476,68.5,C+
2025,Ohio State,15,QB,1.6817510240647926,90.2,A+
2025,Ohio State,15,RB,0.13933153426130712,67.1,C+
2025,Ohio State,15,Secondary,1.0889732897917812,81.3,A-
2025,Ohio State,15,WR/TE,1.7756891154420669,91.6,A+
2025,Oklahoma,15,DL/EDGE,2.267411353710513,99.0,A+
2025,Oklahoma,15,OL,-0.7034178515258951,54.4,D
2025,Oklahoma,15,QB,0.19938534552029896,68.0,C+
2025,Oklahoma,15,RB,-0.40107864973820606,59.0,D+
2025,Oklahoma,15,Secondary,0.7260010889600954,75.9,B
2025,Oklahoma,15,WR/TE,0.3066915031139388,69.6,C+
2025,Oklahoma State,15,DL/EDGE,0.4444763418336374,71.7,B-
2025,Oklahoma State,15,OL,-0.671713771498273,54.9,D
2025,Oklahoma State,15,QB,-0.9456232113788806,50.8,D-
2025,Oklahoma State,15,RB,-1.323503253640754,45.1,F
2025,Oklahoma State,15,Secondary,-1.532505301887862,42.0,F
2025,Oklahoma State,15,WR/TE,-1.2856189257761472,45.7,F
2025,Old Dominion,15,DL/EDGE,0.7716215008937793,76.6,B
2025,Old Dominion,15,OL,1.0187803013973311,80.3,A-
2025,Old Dominion,15,QB,0.5808332836251767,73.7,B
2025,Old Dominion,15,RB,1.1823672305107786,82.7,A-
2025,Old Dominion,15,Secondary,1.0606787192321372,80.9,A-
2025,Old Dominion,15,WR/TE,1.4671228182544402,87.0,A
2025,Ole Miss,15,DL/EDGE,-0.1440307699582138,62.8,C-
2025,Ole Miss,15,OL,-0.27191466040946904,60.9,C-
2025,Ole Miss,15,QB,0.8001591037103822,77.0,B+
2025,Ole Miss,15,RB,-0.09594798513958458,63.6,C
2025,Ole Miss,15,Secondary,0.6398104014522268,74.6,B
2025,Ole Miss,15,WR/TE,1.3838669973352284,85.8,A
2025,Oregon,15,DL/EDGE,0.22944115501196494,68.4,C+
2025,Oregon,15,OL,1.0834189912336951,81.3,A-
2025,Oregon,15,QB,1.823194366152221,92.3,A+
2025,Oregon,15,RB,1.1844012108949196,82.8,A-
2025,Oregon,15,Secondary,1.5772254814628566,88.7,A
2025,Oregon,15,WR/TE,0.6540980719279537,74.8,B
2025,Oregon State,15,DL/EDGE,-0.09560277234852976,63.6,C
2025,Oregon State,15,OL,0.18721291512584531,67.8,C+
2025,Oregon State,15,QB,-0.7768739125151496,53.3,D
2025,Oregon State,15,RB,-0.8151585662300334,52.8,D-
2025,Oregon State,15,Secondary,-0.004998008809205618,64.9,C
2025,Oregon State,15,WR/TE,-1.042676805994332,49.4,F
2025,Penn State,15,DL/EDGE,0.365626155908025,70.5,B-
2025,Penn State,15,OL,0.6238961467206501,74.4,B
2025,Penn State,15,QB,0.07081654719446884,66.1,C
2025,Penn State,15,RB,0.22570463751471642,68.4,C+
2025,Penn State,15,Secondary,0.14965780350994096,67.2,C+
2025,Penn State,15,WR/TE,0.05626056281345315,65.8,C
2025,Pittsburgh,15,DL/EDGE,1.019639867445862,80.3,A-
2025,Pittsburgh,15,OL,-0.2065203237070781,61.9,C-
2025,Pittsburgh,15,QB,-0.15390959044312824,62.7,C-
2025,Pittsburgh,15,RB,-0.3866113648067947,59.2,D+
2025,Pittsburgh,15,Secondary,0.5806985229300274,73.7,B
2025,Pittsburgh,15,WR/TE,0.3442301193561039,70.2,B-
2025,Purdue,15,DL/EDGE,0.03978387049447027,65.6,C
2025,Purdue,15,OL,0.005621120813139847,65.1,C
2025,Purdue,15,QB,-0.511594372704901,57.3,D+
2025,Purdue,15,RB,-0.2851744052820685,60.7,C-
2025,Purdue,15,Secondary,-1.4347459841591568,43.5,F
2025,Purdue,15,WR/TE,-0.8484833810805432,52.3,D-
2025,Rice,15,DL/EDGE,-0.19697521736191448,62.0,C-
2025,Rice,15,OL,-1.5007185553786364,42.5,F
2025,Rice,15,QB,-0.5797414491393381,56.3,D
2025,Rice,15,RB,-0.13748019126393818,62.9,C-
2025,Rice,15,Secondary,-1.3083718379018412,45.4,F
2025,Rice,15,WR/TE,-0.8009828160751116,53.0,D-
2025,Rutgers,15,DL/EDGE,-1.3788784142501296,44.3,F
2025,Rutgers,15,OL,-0.5448771065515856,56.8,D
2025,Rutgers,15,QB,0.23315565019294737,68.5,C+
2025,Rutgers,15,RB,-0.683427236808614,54.7,D
2025,Rutgers,15,Secondary,-0.9346228095492277,51.0,D-
2025,Rutgers,15,WR/TE,0.4191528308107789,71.3,B-
2025,SMU,15,DL/EDGE,0.033716731923013,65.5,C
2025,SMU,15,OL,0.570179344774681,73.6,B
2025,SMU,15,QB,0.6298468946588353,74.4,B
2025,SMU,15,RB,0.748871985265504,76.2,B
2025,SMU,15,Secondary,0.16900879218799297,67.5,C+
2025,SMU,15,WR/TE,0.3994507526615262,71.0,B-
2025,Sam Houston,15,DL/EDGE,-0.7776264561331729,53.3,D
2025,Sam Houston,15,OL,-0.18901497348524005,62.2,C-
2025,Sam Houston,15,QB,-1.6861925427675153,39.7,F
2025,Sam Houston,15,RB,0.8493772343133918,77.7,B+
2025,Sam Houston,15,Secondary,-0.9178474858557981,51.2,D-
2025,Sam Houston,15,WR/TE,-1.7925207186622099,38.1,F
2025,San Diego State,15,DL/EDGE,0.3739281028933078,70.6,B-
2025,San Diego State,15,OL,-0.05245107037537466,64.2,C
2025,San Diego State,15,QB,-0.7358731107012552,54.0,D
2025,San Diego State,15,RB,-0.07259418587844918,63.9,C
2025,San Diego State,15,Secondary,1.7004265094118822,90.5,A+
2025,San Diego State,15,WR/TE,-0.07538347991508959,63.9,C
2025,San José State,15,DL/EDGE,-0.5692119068838137,56.5,D
2025,San José State,15,OL,0.991171084570448,79.9,B+
2025,San José State,15,QB,-0.37683828362115424,59.3,D+
2025,San José State,15,RB,0.14411625000959502,67.2,C+
2025,San José State,15,Secondary,-0.9582138602849047,50.6,D-
2025,San José State,15,WR/TE,-0.06006725334247219,64.1,C
2025,South Alabama,15,DL/EDGE,-0.6623832660450254,55.1,D
2025,South Alabama,15,OL,0.08188748434074651,66.2,C
2025,South Alabama,15,QB,0.12151357336780362,66.8,C
2025,South Alabama,15,RB,-0.2868124234650197,60.7,C-
2025,South Alabama,15,Secondary,-0.6824582680311547,54.8,D
2025,South Alabama,15,WR/TE,-0.05290204352083949,64.2,C
2025,South Carolina,15,DL/EDGE,0.1404364026700602,67.1,C+
2025,South Carolina,15,OL,-0.849491862485005,52.3,D-
2025,South Carolina,15,QB,-0.14585339972503095,62.8,C-
2025,South Carolina,15,RB,-0.1396641273418495,62.9,C-
2025,South Carolina,15,Secondary,0.10816641318341709,66.6,C
2025,South Carolina,15,WR/TE,0.1946010554735093,67.9,C+
2025,South Florida,15,DL/EDGE,0.005038764379702854,65.1,C
2025,South Florida,15,OL,1.2480528720340494,83.7,A-
2025,South Florida,15,QB,1.0947160533204119,81.4,A-
2025,South Florida,15,RB,0.7938536530944057,76.9,B
2025,South Florida,15,Secondary,0.37889108161863333,70.7,B-
2025,South Florida,15,WR/TE,0.7887114186164447,76.8,B
2025,Southern Miss,15,DL/EDGE,-0.16266080585700385,62.6,C-
2025,Southern Miss,15,OL,-0.17527497030914918,62.4,C-
2025,Southern Miss,15,QB,0.8536101399558156,77.8,B+
2025,Southern Miss,15,RB,-1.0897978659274603,48.7,F
2025,Southern Miss,15,Secondary,0.41146383458671293,71.2,B-
2025,Southern Miss,15,WR/TE,1.146630157251718,82.2,A-
2025,Stanford,15,DL/EDGE,-0.552910473990575,56.7,D
2025,Stanford,15,OL,-1.0286203010185766,49.6,F
2025,Stanford,15,QB,-0.68194235119951,54.8,D
2025,Stanford,15,RB,-0.2957146478916692,60.6,C-
2025,Stanford,15,Secondary,-0.903230396801879,51.5,D-
2025,Stanford,15,WR/TE,-0.413684011418314,58.8,D+
2025,Syracuse,15,DL/EDGE,-0.5693308672411543,56.5,D
2025,Syracuse,15,OL,-0.45630895495268653,58.2,D+
2025,Syracuse,15,QB,-1.1617226325676104,47.6,F
2025,Syracuse,15,RB,-1.1205762011898701,48.2,F
2025,Syracuse,15,Secondary,-0.7586691387652507,53.6,D
2025,Syracuse,15,WR/TE,-1.0040273538207314,49.9,F
2025,TCU,15,DL/EDGE,0.22817935960536498,68.4,C+
2025,TCU,15,OL,-0.4348891765656493,58.5,D+
2025,TCU,15,QB,0.6863816352132381,75.3,B
2025,TCU,15,RB,-0.3179288675553288,60.2,C-
2025,TCU,15,Secondary,0.0384268012838141,65.6,C
2025,TCU,15,WR/TE,0.8515264099289029,77.8,B+
2025,Temple,15,DL/EDGE,-0.7221592625663806,54.2,D
2025,Temple,15,OL,-0.19460788356688571,62.1,C-
2025,Temple,15,QB,0.04614549836925516,65.7,C
2025,Temple,15,RB,0.15720243316781096,67.4,C+
2025,Temple,15,Secondary,-0.8724534928756448,51.9,D-
2025,Temple,15,WR/TE,-0.9838356574713617,50.2,D-
2025,Tennessee,15,DL/EDGE,0.11738493600920522,66.8,C
2025,Tennessee,15,OL,0.4211354016027459,71.3,B-
2025,Tennessee,15,QB,0.9795475682874187,79.7,B+
2025,Tennessee,15,RB,0.09127194198156297,66.4,C
2025,Tennessee,15,Secondary,-0.23922497001965298,61.4,C-
2025,Tennessee,15,WR/TE,0.9879094232757408,79.8,B+
2025,Texas,15,DL/EDGE,0.6376119888047298,74.6,B
2025,Texas,15,OL,-0.3956820632053067,59.1,D+
2025,Texas,15,QB,0.18177400922046033,67.7,C+
2025,Texas,15,RB,-0.492673888016264,57.6,D+
2025,Texas,15,Secondary,0.5195369089964271,72.8,B-
2025,Texas,15,WR/TE,0.5118326348007757,72.7,B-
2025,Texas A&M,15,DL/EDGE,1.2202348517565866,83.3,A-
2025,Texas A&M,15,OL,0.5001383613594512,72.5,B-
2025,Texas A&M,15,QB,0.3839783520436553,70.8,B-
2025,Texas A&M,15,RB,-0.028784993243866235,64.6,C
2025,Texas A&M,15,Secondary,0.5533758113874455,73.3,B
2025,Texas A&M,15,WR/TE,0.9350343212906349,79.0,B+
2025,Texas State,15,DL/EDGE,0.6836060073920677,75.3,B
2025,Texas State,15,OL,0.18144841207313878,67.7,C+
2025,Texas State,15,QB,1.1952087848919537,82.9,A-
2025,Texas State,15,RB,0.14887233872063022,67.2,C+
2025,Texas State,15,Secondary,0.02148986723611555,65.3,C
2025,Texas State,15,WR/TE,1.3145359942515644,84.7,A-
2025,Texas Tech,15,DL/EDGE,0.55064287880238,73.3,B
2025,Texas Tech,15,OL,-0.04228749404788751,64.4,C
2025,Texas Tech,15,QB,1.2699751113180533,84.0,A-
2025,Texas Tech,15,RB,0.20029826216284355,68.0,C+
2025,Texas Tech,15,Secondary,1.5336629924463525,88.0,A
2025,Texas Tech,15,WR/TE,0.7039570185336121,75.6,B
2025,Toledo,15,DL/EDGE,1.9610843222171104,94.4,A+
2025,Toledo,15,OL,0.6400838705063007,74.6,B
2025,Toledo,15,QB,0.5690199325275235,73.5,B
2025,Toledo,15,RB,0.5177666158248404,72.8,B-
2025,Toledo,15,Secondary,1.1006976769305725,81.5,A-
2025,Toledo,15,WR/TE,0.2258472127408037,68.4,C+
2025,Troy,15,DL/EDGE,0.07590751826363334,66.1,C
2025,Troy,15,OL,-1.5580703159529259,41.6,F
2025,Troy,15,QB,-0.583552266417117,56.2,D
2025,Troy,15,RB,-1.231471357830728,46.5,F
2025,Troy,15,Secondary,0.2829421135753209,69.2,C+
2025,Troy,15,WR/TE,-0.1134313147480914,63.3,C
2025,Tulane,15,DL/EDGE,0.19815133633177012,68.0,C+
2025,Tulane,15,OL,0.24629053704139436,68.7,C+
2025,Tulane,15,QB,0.34290673728136617,70.1,B-
2025,Tulane,15,RB,-0.2149842250629409,61.8,C-
2025,Tulane,15,Secondary,0.09907597261993767,66.5,C
2025,Tulane,15,WR/TE,0.24384462800530937,68.7,C+
2025,Tulsa,15,DL/EDGE,0.37063119868244826,70.6,B-
2025,Tulsa,15,OL,-0.8505537640489462,52.2,D-
2025,Tulsa,15,QB,-0.5668328051029635,56.5,D
2025,Tulsa,15,RB,-0.6590793781100118,55.1,D
2025,Tulsa,15,Secondary,-0.15033591394927662,62.7,C-
2025,Tulsa,15,WR/TE,-0.5196922349103671,57.2,D+
2025,UAB,15,DL/EDGE,-0.5808195698103502,56.3,D
2025,UAB,15,OL,0.15727525337068513,67.4,C+
2025,UAB,15,QB,0.32012984873247813,69.8,C+
2025,UAB,15,RB,0.4843532349699118,72.3,B-
2025,UAB,15,Secondary,-2.3628813067172,29.6,F
2025,UAB,15,WR/TE,0.031000537925887167,65.5,C
2025,UCF,15,DL/EDGE,0.344757674273184,70.2,B-
2025,UCF,15,OL,0.42819701504800867,71.4,B-
2025,UCF,15,QB,-0.3812048113355071,59.3,D+
2025,UCF,15,RB,0.754051824534531,76.3,B
2025,UCF,15,Secondary,0.5126355594692401,72.7,B-
2025,UCF,15,WR/TE,-0.11367329219421712,63.3,C
2025,UCLA,15,DL/EDGE,-1.2206805470922344,46.7,F
2025,UCLA,15,OL,0.3827797941243022,70.7,B-
2025,UCLA,15,QB,-0.8254424557445006,52.6,D-
2025,UCLA,15,RB,-0.1407013327241551,62.9,C-
2025,UCLA,15,Secondary,-0.40972090459587973,58.9,D+
2025,UCLA,15,WR/TE,-1.5986325144856508,41.0,F
2025,UConn,15,DL/EDGE,0.11684882912788258,66.8,C
2025,UConn,15,OL,0.7482091708843192,76.2,B
2025,UConn,15,QB,1.088700225773376,81.3,A-
2025,UConn,15,RB,0.9313077859880263,79.0,B+
2025,UConn,15,Secondary,0.17446705239296215,67.6,C+
2025,UConn,15,WR/TE,0.6078385774644803,74.1,B
2025,UL Monroe,15,DL/EDGE,0.09648354131998188,66.4,C
2025,UL Monroe,15,OL,-0.6220991712303923,55.7,D
2025,UL Monroe,15,QB,-0.7857746683526877,53.2,D
2025,UL Monroe,15,RB,0.29748173931694827,69.5,C+
2025,UL Monroe,15,Secondary,-0.48641824763602204,57.7,D+
2025,UL Monroe,15,WR/TE,-0.7387782751138496,53.9,D
2025,UNLV,15,DL/EDGE,-0.8559794991214893,52.2,D-
2025,UNLV,15,OL,0.8402851641653064,77.6,B+
2025,UNLV,15,QB,0.6665485166803573,75.0,B
2025,UNLV,15,RB,0.8418652775482879,77.6,B+
2025,UNLV,15,Secondary,-0.1310143942798399,63.0,C
2025,UNLV,15,WR/TE,1.0754096430175266,81.1,A-
2025,USC,15,DL/EDGE,-0.6032983811639334,56.0,D
2025,USC,15,OL,1.3484460336304194,85.2,A
2025,USC,15,QB,1.4386017082817504,86.6,A
2025,USC,15,RB,0.9879386095373608,79.8,B+
2025,USC,15,Secondary,-0.056559652068542285,64.2,C
2025,USC,15,WR/TE,1.233161021230571,83.5,A-
2025,UTEP,15,DL/EDGE,1.053585467775763,80.8,A-
2025,UTEP,15,OL,-0.7306472125653735,54.0,D
2025,UTEP,15,QB,-1.4195259741521764,43.7,F
2025,UTEP,15,RB,-0.010537824687282385,64.8,C
2025,UTEP,15,Secondary,0.12357163642315168,66.9,C
2025,UTEP,15,WR/TE,-0.7154509126521011,54.3,D
2025,UTSA,15,DL/EDGE,0.19439964203776194,67.9,C+
2025,UTSA,15,OL,0.515811336110957,72.7,B-
2025,UTSA,15,QB,0.18013003294614627,67.7,C+
2025,UTSA,15,RB,0.909706630482051,78.6,B+
2025,UTSA,15,Secondary,-0.5995205314484756,56.0,D
2025,UTSA,15,WR/TE,0.05101041744741813,65.8,C
2025,Utah,15,DL/EDGE,-0.0164941621156931,64.8,C
2025,Utah,15,OL,0.9379081684290905,79.1,B+
2025,Utah,15,QB,0.25444818429926586,68.8,C+
2025,Utah,15,RB,0.9587587064254552,79.4,B+
2025,Utah,15,Secondary,0.6039485530046421,74.1,B
2025,Utah,15,WR/TE,-0.10932042502952716,63.4,C
2025,Utah State,15,DL/EDGE,-0.25196414414566737,61.2,C-
2025,Utah State,15,OL,-0.42788260032914793,58.6,D+
2025,Utah State,15,QB,0.009807961448594481,65.1,C
2025,Utah State,15,RB,0.4235483153167867,71.4,B-
2025,Utah State,15,Secondary,0.3067456003473746,69.6,C+
2025,Utah State,15,WR/TE,0.0798518843437434,66.2,C
2025,Vanderbilt,15,DL/EDGE,-0.16343269640577437,62.5,C-
2025,Vanderbilt,15,OL,0.7670105371818751,76.5,B
2025,Vanderbilt,15,QB,1.4881936952117796,87.3,A
2025,Vanderbilt,15,RB,1.4151101357375746,86.2,A
2025,Vanderbilt,15,Secondary,-0.18307562306839356,62.3,C-
2025,Vanderbilt,15,WR/TE,1.3086352662453904,84.6,A-
2025,Virginia,15,DL/EDGE,0.0775226085736953,66.2,C
2025,Virginia,15,OL,0.3933319750527543,70.9,B-
2025,Virginia,15,QB,0.023568314089253833,65.4,C
2025,Virginia,15,RB,1.0894863583396228,81.3,A-
2025,Virginia,15,Secondary,0.5799753854601014,73.7,B
2025,Virginia,15,WR/TE,0.21879259280091212,68.3,C+
2025,Virginia Tech,15,DL/EDGE,-0.319187147647606,60.2,C-
2025,Virginia Tech,15,OL,0.3714522887415873,70.6,B-
2025,Virginia Tech,15,QB,-1.0488671093783961,49.3,F
2025,Virginia Tech,15,RB,1.0425030858176103,80.6,A-
2025,Virginia Tech,15,Secondary,-1.1787705193003053,47.3,F
2025,Virginia Tech,15,WR/TE,-0.581868495305092,56.3,D
2025,Wake Forest,15,DL/EDGE,0.6524272082025286,74.8,B
2025,Wake Forest,15,OL,0.4329113056498482,71.5,B-
2025,Wake Forest,15,QB,-0.023757370758600377,64.6,C
2025,Wake Forest,15,RB,0.06172467211592636,65.9,C
2025,Wake Forest,15,Secondary,0.3467149902784489,70.2,B-
2025,Wake Forest,15,WR/TE,0.6979890761240097,75.5,B
2025,Washington,15,DL/EDGE,-0.401535280735872,59.0,D+
2025,Washington,15,OL,0.32947320402626423,69.9,C+
2025,Washington,15,QB,1.2185929222529488,83.3,A-
2025,Washington,15,RB,0.5667232395502679,73.5,B
2025,Washington,15,Secondary,0.4586490353060577,71.9,B-
2025,Washington,15,WR/TE,0.5538323787543031,73.3,B
2025,Washington State,15,DL/EDGE,0.17539793113767865,67.6,C+
2025,Washington State,15,OL,-0.34132573487162804,59.9,D+
2025,Washington State,15,QB,-0.4763656501443414,57.9,D+
2025,Washington State,15,RB,-1.168303328924445,47.5,F
2025,Washington State,15,Secondary,0.32396649824827434,69.9,C+
2025,Washington State,15,WR/TE,-1.1879421784575692,47.2,F
2025,West Virginia,15,DL/EDGE,0.5915614998177541,73.9,B
2025,West Virginia,15,OL,-0.6510580865046921,55.2,D
2025,West Virginia,15,QB,-0.55631607670687,56.7,D
2025,West Virginia,15,RB,-0.45659518059151083,58.2,D+
2025,West Virginia,15,Secondary,-1.1522337403415583,47.7,F
2025,West Virginia,15,WR/TE,-0.020100254605642853,64.7,C
2025,Western Kentucky,15,DL/EDGE,-0.6576333388971276,55.1,D
2025,Western Kentucky,15,OL,0.2267019285813925,68.4,C+
2025,Western Kentucky,15,QB,0.041538300148954675,65.6,C
2025,Western Kentucky,15,RB,-0.06444440062498498,64.0,C
2025,Western Kentucky,15,Secondary,0.6534295977279437,74.8,B
2025,Western Kentucky,15,WR/TE,0.2937290179606272,69.4,C+
2025,Western Michigan,15,DL/EDGE,0.33801335818406286,70.1,B-
2025,Western Michigan,15,OL,-0.21809233510908393,61.7,C-
2025,Western Michigan,15,QB,-0.8389872971135164,52.4,D-
2025,Western Michigan,15,RB,1.2626234010514048e-06,65.0,C
2025,Western Michigan,15,Secondary,0.8164373430409345,77.2,B+
2025,Western Michigan,15,WR/TE,-0.5647204713008194,56.5,D
2025,Wisconsin,15,DL/EDGE,0.5071058951336262,72.6,B-
2025,Wisconsin,15,OL,-0.6538254022489991,55.2,D
2025,Wisconsin,15,QB,-1.1618564020798408,47.6,F
2025,Wisconsin,15,RB,-0.01721955474356287,64.7,C
2025,Wisconsin,15,Secondary,-0.6604567464525944,55.1,D
2025,Wisconsin,15,WR/TE,-0.9521025286602529,50.7,D-
2025,Wyoming,15,DL/EDGE,-0.5017402941556064,57.5,D+
2025,Wyoming,15,OL,-0.08133749311811145,63.8,C
2025,Wyoming,15,QB,-0.9204928942933888,51.2,D-
2025,Wyoming,15,RB,-0.3483551594257961,59.8,D+
2025,Wyoming,15,Secondary,0.908858243512222,78.6,B+
2025,Wyoming,15,WR/TE,-1.5443015687483868,41.8,F
2026,Air Force,1,DL/EDGE,-0.39372279560426426,59.1,D+
2026,Air Force,1,OL,0.8555230363672686,77.8,B+
2026,Air Force,1,QB,-1.3322939712483612,45.0,F
2026,Air Force,1,RB,0.2999563991500428,69.5,C+
2026,Air Force,1,Secondary,1.395366902704921,85.9,A
2026,Air Force,1,WR/TE,-1.1528021121398186,47.7,F
2026,Akron,1,DL/EDGE,-1.063856959655802,49.0,F
2026,Akron,1,OL,-0.49854241945626476,57.5,D+
2026,Akron,1,QB,-0.15142089474285533,62.7,C-
2026,Akron,1,RB,-0.4405511717343001,58.4,D+
2026,Akron,1,Secondary,-1.3764802066103432,44.4,F
2026,Akron,1,WR/TE,-1.049749879276974,49.3,F
2026,Alabama,1,DL/EDGE,1.1996035919219121,83.0,A-
2026,Alabama,1,OL,-0.32071052388914273,60.2,C-
2026,Alabama,1,QB,0.38058400665878994,70.7,B-
2026,Alabama,1,RB,-0.4538201007512008,58.2,D+
2026,Alabama,1,Secondary,-0.02597815225938147,64.6,C
2026,Alabama,1,WR/TE,0.4758868918268355,72.1,B-
2026,App State,1,DL/EDGE,0.6526749222766908,74.8,B
2026,App State,1,OL,0.9626124400389089,79.4,B+
2026,App State,1,QB,0.8098215778971192,77.1,B+
2026,App State,1,RB,1.0312001127743529,80.5,A-
2026,App State,1,Secondary,0.41417053030263395,71.2,B-
2026,App State,1,WR/TE,0.38586654601251635,70.8,B-
2026,Arizona,1,DL/EDGE,0.8936753741760941,78.4,B+
2026,Arizona,1,OL,0.7565933883451579,76.3,B
2026,Arizona,1,QB,0.0611629345240927,65.9,C
2026,Arizona,1,RB,-0.41668126923672155,58.7,D+
2026,Arizona,1,Secondary,-0.008497438525122095,64.9,C
2026,Arizona,1,WR/TE,-0.1781765028246322,62.3,C-
2026,Arizona State,1,DL/EDGE,-0.6031057559361979,56.0,D
2026,Arizona State,1,OL,1.2795508103565314,84.2,A-
2026,Arizona State,1,QB,0.893508328980213,78.4,B+
2026,Arizona State,1,RB,1.0891883902276605,81.3,A-
2026,Arizona State,1,Secondary,0.793870214900392,76.9,B
2026,Arizona State,1,WR/TE,1.0958259539709967,81.4,A-
2026,Arkansas,1,DL/EDGE,-0.15206507640477962,62.7,C-
2026,Arkansas,1,OL,-0.4708112288602305,57.9,D+
2026,Arkansas,1,QB,0.23591761456987745,68.5,C+
2026,Arkansas,1,RB,-1.0606778907507057,49.1,F
2026,Arkansas,1,Secondary,0.2770168946407353,69.2,C+
2026,Arkansas,1,WR/TE,-0.29532840171015196,60.6,C-
2026,Arkansas State,1,DL/EDGE,-0.40265036056028664,59.0,D+
2026,Arkansas State,1,OL,-0.16744630784400008,62.5,C-
2026,Arkansas State,1,QB,-0.047654394827076785,64.3,C
2026,Arkansas State,1,RB,-0.07061096475008158,63.9,C
2026,Arkansas State,1,Secondary,-0.5247908411641965,57.1,D+
2026,Arkansas State,1,WR/TE,1.220924975553683,83.3,A-
2026,Army,1,DL/EDGE,0.43963846794243006,71.6,B-
2026,Army,1,OL,1.7019067345125334,90.5,A+
2026,Army,1,QB,-0.7032826485409566,54.5,D
2026,Army,1,RB,1.922071264353297,93.8,A+
2026,Army,1,Secondary,0.4686252154168563,72.0,B-
2026,Army,1,WR/TE,-0.21278107060874035,61.8,C-
2026,Auburn,1,DL/EDGE,0.30138706822114764,69.5,C+
2026,Auburn,1,OL,-1.328566678906037,45.1,F
2026,Auburn,1,QB,-0.3280004692928874,60.1,C-
2026,Auburn,1,RB,-0.23596499089465267,61.5,C-
2026,Auburn,1,Secondary,0.23461321124126533,68.5,C+
2026,Auburn,1,WR/TE,-0.2735594657532938,60.9,C-
2026,BYU,1,DL/EDGE,0.10051684818241913,66.5,C
2026,BYU,1,OL,0.40848764205908406,71.1,B-
2026,BYU,1,QB,0.6634018925479745,75.0,B
2026,BYU,1,RB,0.6155683593207454,74.2,B
2026,BYU,1,Secondary,0.8369595339020487,77.6,B+
2026,BYU,1,WR/TE,0.5662895285179375,73.5,B
2026,Ball State,1,DL/EDGE,-0.5209587670179722,57.2,D+
2026,Ball State,1,OL,-1.2314536468281867,46.5,F
2026,Ball State,1,QB,-0.9760603249152672,50.4,D-
2026,Ball State,1,RB,-0.9774363743175458,50.3,D-
2026,Ball State,1,Secondary,-1.0621553382314606,49.1,F
2026,Ball State,1,WR/TE,-1.3722281045332554,44.4,F
2026,Baylor,1,DL/EDGE,0.9142016256088884,78.7,B+
2026,Baylor,1,OL,-0.803183112238336,53.0,D-
2026,Baylor,1,QB,-0.5869233136007161,56.2,D
2026,Baylor,1,RB,-1.1394435511358636,47.9,F
2026,Baylor,1,Secondary,0.2537877939585509,68.8,C+
2026,Baylor,1,WR/TE,-0.7045402896980115,54.4,D
2026,Boise State,1,DL/EDGE,-0.6837722612185455,54.7,D
2026,Boise State,1,OL,-0.7569729389220909,53.6,D
2026,Boise State,1,QB,-0.732112550217345,54.0,D
2026,Boise State,1,RB,-0.7717204059520577,53.4,D
2026,Boise State,1,Secondary,-1.0846128710197174,48.7,F
2026,Boise State,1,WR/TE,-0.5705382054572579,56.4,D
2026,Boston College,1,DL/EDGE,-0.3545462390396678,59.7,D+
2026,Boston College,1,OL,-0.16257624879766297,62.6,C-
2026,Boston College,1,QB,-0.6451259198800645,55.3,D
2026,Boston College,1,RB,-0.34226192515244946,59.9,D+
2026,Boston College,1,Secondary,0.6097508139180271,74.1,B
2026,Boston College,1,WR/TE,-0.5850566067703843,56.2,D
2026,Bowling Green,1,DL/EDGE,-1.2096836999780018,46.9,F
2026,Bowling Green,1,OL,-0.4253939474339088,58.6,D+
2026,Bowling Green,1,QB,0.7350833128302271,76.0,B
2026,Bowling Green,1,RB,-1.481840862804837,42.8,F
2026,Bowling Green,1,Secondary,-0.3160923150386618,60.3,C-
2026,Bowling Green,1,WR/TE,0.023690075459265235,65.4,C
2026,Buffalo,1,DL/EDGE,0.2886173853625904,69.3,C+
2026,Buffalo,1,OL,0.08327632560740256,66.2,C
2026,Buffalo,1,QB,-0.6689721249180923,55.0,D
2026,Buffalo,1,RB,0.27646164459194505,69.1,C+
2026,Buffalo,1,Secondary,0.4987438009137838,72.5,B-
2026,Buffalo,1,WR/TE,-0.9167838151289477,51.2,D-
2026,California,1,DL/EDGE,-1.1644442616189774,47.5,F
2026,California,1,OL,-0.3779746218972649,59.3,D+
2026,California,1,QB,-0.26667069005722766,61.0,C-
2026,California,1,RB,-0.5428184674629779,56.9,D
2026,California,1,Secondary,-0.3456286787707239,59.8,D+
2026,California,1,WR/TE,0.07163824511277592,66.1,C
2026,Central Michigan,1,DL/EDGE,-0.46932606861678017,58.0,D+
2026,Central Michigan,1,OL,0.03218940335381604,65.5,C
2026,Central Michigan,1,QB,-1.5702170149456864,41.4,F
2026,Central Michigan,1,RB,-0.07168699538264667,63.9,C
2026,Central Michigan,1,Secondary,0.24273064119189128,68.6,C+
2026,Central Michigan,1,WR/TE,-1.9415584572134277,35.9,F
2026,Charlotte,1,DL/EDGE,0.5381109113130349,73.1,B
2026,Charlotte,1,OL,0.7135106565768407,75.7,B
2026,Charlotte,1,QB,0.09012932621418455,66.4,C
2026,Charlotte,1,RB,1.0985861224521658,81.5,A-
2026,Charlotte,1,Secondary,-1.278094115324516,45.8,F
2026,Charlotte,1,WR/TE,0.25929694561717104,68.9,C+
2026,Cincinnati,1,DL/EDGE,-0.16374889141522478,62.5,C-
2026,Cincinnati,1,OL,0.03676625016713177,65.6,C
2026,Cincinnati,1,QB,-0.6631765490215246,55.1,D
2026,Cincinnati,1,RB,0.2376479502113969,68.6,C+
2026,Cincinnati,1,Secondary,0.1063289438340812,66.6,C
2026,Cincinnati,1,WR/TE,-0.9505590283120119,50.7,D-
2026,Clemson,1,DL/EDGE,-0.672129486112708,54.9,D
2026,Clemson,1,OL,-1.897868610854383,36.5,F
2026,Clemson,1,QB,-0.8792053018306267,51.8,D-
2026,Clemson,1,RB,-0.8909099504756572,51.6,D-
2026,Clemson,1,Secondary,-1.030544244375448,49.5,F
2026,Clemson,1,WR/TE,-1.2135748798508958,46.8,F
2026,Coastal Carolina,1,DL/EDGE,0.1556983760290048,67.3,C+
2026,Coastal Carolina,1,OL,-0.6542635887865574,55.2,D
2026,Coastal Carolina,1,QB,-0.14646799738879232,62.8,C-
2026,Coastal Carolina,1,RB,-0.7420173463410981,53.9,D
2026,Coastal Carolina,1,Secondary,-1.2448640573225396,46.3,F
2026,Coastal Carolina,1,WR/TE,0.3282623390831911,69.9,C+
2026,Colorado,1,DL/EDGE,0.7905469942675273,76.9,B
2026,Colorado,1,OL,-0.08680838979115887,63.7,C
2026,Colorado,1,QB,-0.7865596499988711,53.2,D
2026,Colorado,1,RB,-0.35369415315545016,59.7,D+
2026,Colorado,1,Secondary,-1.0323537272460994,49.5,F
2026,Colorado,1,WR/TE,-1.074055149223327,48.9,F
2026,Colorado State,1,DL/EDGE,-0.11643670378028162,63.3,C
2026,Colorado State,1,OL,-0.338010959080564,59.9,D+
2026,Colorado State,1,QB,0.12885079801013813,66.9,C
2026,Colorado State,1,RB,0.04229652883611251,65.6,C
2026,Colorado State,1,Secondary,0.9249045847805484,78.9,B+
2026,Colorado State,1,WR/TE,0.20234999336673914,68.0,C+
2026,Delaware,1,DL/EDGE,-0.13545818383661554,63.0,C-
2026,Delaware,1,OL,0.38318604638645093,70.7,B-
2026,Delaware,1,QB,0.2980322694248797,69.5,C+
2026,Delaware,1,RB,-0.23170299804743516,61.5,C-
2026,Delaware,1,Secondary,0.6626598785650555,74.9,B
2026,Delaware,1,WR/TE,1.0104911185629035,80.2,A-
2026,Duke,1,DL/EDGE,-0.06547198593695397,64.0,C
2026,Duke,1,OL,0.6745689716305707,75.1,B
2026,Duke,1,QB,-0.6790467946706088,54.8,D
2026,Duke,1,RB,0.015679133917145482,65.2,C
2026,Duke,1,Secondary,-0.20048130885842083,62.0,C-
2026,Duke,1,WR/TE,-0.8135394798088933,52.8,D-
2026,East Carolina,1,DL/EDGE,-0.06539160203082417,64.0,C
2026,East Carolina,1,OL,-1.8140008556939748,37.8,F
2026,East Carolina,1,QB,-0.6798210332688834,54.8,D
2026,East Carolina,1,RB,-1.4474076786475654,43.3,F
2026,East Carolina,1,Secondary,-1.0973053466488656,48.5,F
2026,East Carolina,1,WR/TE,0.07313036412736984,66.1,C
2026,Eastern Michigan,1,DL/EDGE,-0.17124466616828782,62.4,C-
2026,Eastern Michigan,1,OL,-0.07817670764932677,63.8,C
2026,Eastern Michigan,1,QB,-0.5339431971466398,57.0,D
2026,Eastern Michigan,1,RB,-0.17238804984476358,62.4,C-
2026,Eastern Michigan,1,Secondary,0.09496669714804333,66.4,C
2026,Eastern Michigan,1,WR/TE,-0.6370586564715015,55.4,D
2026,Florida,1,DL/EDGE,-0.5216742126489046,57.2,D+
2026,Florida,1,OL,0.6503642533775724,74.8,B
2026,Florida,1,QB,1.263359329726702,84.0,A-
2026,Florida,1,RB,1.0527763963552856,80.8,A-
2026,Florida,1,Secondary,0.5681562452284074,73.5,B
2026,Florida,1,WR/TE,1.4344824732064092,86.5,A
2026,Florida Atlantic,1,DL/EDGE,-0.8845885618827376,51.7,D-
2026,Florida Atlantic,1,OL,0.09957861085011666,66.5,C
2026,Florida Atlantic,1,QB,-0.5343725317045627,57.0,D
2026,Florida Atlantic,1,RB,-0.8828549720076287,51.8,D-
2026,Florida Atlantic,1,Secondary,-1.6717085732238013,39.9,F
2026,Florida Atlantic,1,WR/TE,-0.7210241646044453,54.2,D
2026,Florida International,1,DL/EDGE,0.5384289088502995,73.1,B
2026,Florida International,1,OL,-0.19498537583528605,62.1,C-
2026,Florida International,1,QB,-0.5696078029645257,56.5,D
2026,Florida International,1,RB,-0.9588177321830612,50.6,D-
2026,Florida International,1,Secondary,0.21514683296990872,68.2,C+
2026,Florida International,1,WR/TE,-0.6846359105345352,54.7,D
2026,Florida State,1,DL/EDGE,-0.46530194718910933,58.0,D+
2026,Florida State,1,OL,0.06473186888507665,66.0,C
2026,Florida State,1,QB,0.11996788056796533,66.8,C
2026,Florida State,1,RB,0.6173560176840777,74.3,B
2026,Florida State,1,Secondary,-0.355103336409617,59.7,D+
2026,Florida State,1,WR/TE,0.126212722905735,66.9,C
2026,Fresno State,1,DL/EDGE,0.06954402863121777,66.0,C
2026,Fresno State,1,OL,-1.0387594391499344,49.4,F
2026,Fresno State,1,QB,-1.1848908572374728,47.2,F
2026,Fresno State,1,RB,-0.8612022663700152,52.1,D-
2026,Fresno State,1,Secondary,-1.3550834801756055,44.7,F
2026,Fresno State,1,WR/TE,-1.199351560352683,47.0,F
2026,Georgia,1,DL/EDGE,0.5504994387553087,73.3,B
2026,Georgia,1,OL,1.5437634412705092,88.2,A
2026,Georgia,1,QB,0.8246180478129822,77.4,B+
2026,Georgia,1,RB,1.6724044630479173,90.1,A+
2026,Georgia,1,Secondary,0.5542158526410079,73.3,B
2026,Georgia,1,WR/TE,1.1503482169493335,82.3,A-
2026,Georgia Southern,1,DL/EDGE,1.6452813854655324,89.7,A
2026,Georgia Southern,1,OL,0.02202183191493498,65.3,C
2026,Georgia Southern,1,QB,0.0246047311782613,65.4,C
2026,Georgia Southern,1,RB,-0.4058455534403872,58.9,D+
2026,Georgia Southern,1,Secondary,0.4721451507289395,72.1,B-
2026,Georgia Southern,1,WR/TE,0.11795580003823047,66.8,C
2026,Georgia State,1,DL/EDGE,0.9891354934324943,79.8,B+
2026,Georgia State,1,OL,0.9811589722195673,79.7,B+
2026,Georgia State,1,QB,0.3514780404454241,70.3,B-
2026,Georgia State,1,RB,0.8624205876085178,77.9,B+
2026,Georgia State,1,Secondary,0.06828854316544279,66.0,C
2026,Georgia State,1,WR/TE,0.017459385396075194,65.3,C
2026,Georgia Tech,1,DL/EDGE,-0.31367079890696137,60.3,C-
2026,Georgia Tech,1,OL,-1.2718423427771688,45.9,F
2026,Georgia Tech,1,QB,0.47277248092516516,72.1,B-
2026,Georgia Tech,1,RB,-1.104935879330747,48.4,F
2026,Georgia Tech,1,Secondary,0.2945467737574622,69.4,C+
2026,Georgia Tech,1,WR/TE,0.2535543010461723,68.8,C+
2026,Hawai'i,1,DL/EDGE,-0.5899745715489773,56.2,D
2026,Hawai'i,1,OL,-0.2490859232888809,61.3,C-
2026,Hawai'i,1,QB,-0.8962684684228182,51.6,D-
2026,Hawai'i,1,RB,-0.5266280980847061,57.1,D+
2026,Hawai'i,1,Secondary,-0.5565053756390436,56.7,D
2026,Hawai'i,1,WR/TE,-0.8206354295839495,52.7,D-
2026,Houston,1,DL/EDGE,-0.32543259861138707,60.1,C-
2026,Houston,1,OL,0.2560589899218713,68.8,C+
2026,Houston,1,QB,0.7971064820565499,77.0,B
2026,Houston,1,RB,0.3253764656786704,69.9,C+
2026,Houston,1,Secondary,-0.4481927080064841,58.3,D+
2026,Houston,1,WR/TE,0.5359437792680907,73.0,B
2026,Illinois,1,DL/EDGE,0.006558415174147476,65.1,C
2026,Illinois,1,OL,0.4344286457465324,71.5,B-
2026,Illinois,1,QB,0.8442457809687958,77.7,B+
2026,Illinois,1,RB,0.553933151267263,73.3,B
2026,Illinois,1,Secondary,-0.5860059785884411,56.2,D
2026,Illinois,1,WR/TE,0.7741910263781703,76.6,B
2026,Indiana,1,DL/EDGE,-0.14032820268809737,62.9,C-
2026,Indiana,1,OL,0.33057902172632647,70.0,C+
2026,Indiana,1,QB,1.4495752369420074,86.7,A
2026,Indiana,1,RB,0.07968944638503037,66.2,C
2026,Indiana,1,Secondary,-0.11066703571137375,63.3,C
2026,Indiana,1,WR/TE,1.2142636009825765,83.2,A-
2026,Iowa,1,DL/EDGE,1.2727435883421827,84.1,A-
2026,Iowa,1,OL,0.6536962100009986,74.8,B
2026,Iowa,1,QB,-0.6546013136633162,55.2,D
2026,Iowa,1,RB,1.0352271954235353,80.5,A-
2026,Iowa,1,Secondary,0.4756823964621676,72.1,B-
2026,Iowa,1,WR/TE,-0.7881168292122781,53.2,D
2026,Iowa State,1,DL/EDGE,1.0023074257516507,80.0,A-
2026,Iowa State,1,OL,-0.5641611635971253,56.5,D
2026,Iowa State,1,QB,-0.14917401847639847,62.8,C-
2026,Iowa State,1,RB,-0.5330838057458835,57.0,D+
2026,Iowa State,1,Secondary,-0.29565933820103796,60.6,C-
2026,Iowa State,1,WR/TE,0.596376600227924,73.9,B
2026,Jacksonville State,1,DL/EDGE,-0.3331692256660084,60.0,C-
2026,Jacksonville State,1,OL,0.03573912556356443,65.5,C
2026,Jacksonville State,1,QB,-0.04494695721908702,64.3,C
2026,Jacksonville State,1,RB,0.16191175226469645,67.4,C+
2026,Jacksonville State,1,Secondary,0.3552805114541305,70.3,B-
2026,Jacksonville State,1,WR/TE,0.3884117851465184,70.8,B-
2026,James Madison,1,DL/EDGE,-0.026132714218689207,64.6,C
2026,James Madison,1,OL,0.2156622255673838,68.2,C+
2026,James Madison,1,QB,-0.3004051146136715,60.5,C-
2026,James Madison,1,RB,0.5029316133280484,72.5,B-
2026,James Madison,1,Secondary,-0.40983961034099203,58.9,D+
2026,James Madison,1,WR/TE,-0.5094099552471512,57.4,D+
2026,Kansas,1,DL/EDGE,1.5222226550602096,87.8,A
2026,Kansas,1,OL,0.8952272741669316,78.4,B+
2026,Kansas,1,QB,1.1823801066832602,82.7,A-
2026,Kansas,1,RB,-0.010091876903885189,64.8,C
2026,Kansas,1,Secondary,-0.07805696286863903,63.8,C
2026,Kansas,1,WR/TE,1.244014393478165,83.7,A-
2026,Kansas State,1,DL/EDGE,0.548048432191832,73.2,B
2026,Kansas State,1,OL,1.0229114777938126,80.3,A-
2026,Kansas State,1,QB,0.6113863966241542,74.2,B
2026,Kansas State,1,RB,0.6583168554593875,74.9,B
2026,Kansas State,1,Secondary,1.1555499155547542,82.3,A-
2026,Kansas State,1,WR/TE,0.6809378906099948,75.2,B
2026,Kennesaw State,1,DL/EDGE,0.005979163799638698,65.1,C
2026,Kennesaw State,1,OL,0.19141943766317848,67.9,C+
2026,Kennesaw State,1,QB,0.05103651839308568,65.8,C
2026,Kennesaw State,1,RB,0.3958281713339983,70.9,B-
2026,Kennesaw State,1,Secondary,0.621374567342521,74.3,B
2026,Kennesaw State,1,WR/TE,-0.13311370497375835,63.0,C
2026,Kent State,1,DL/EDGE,-1.006847581822603,49.9,F
2026,Kent State,1,OL,0.049441598488644045,65.7,C
2026,Kent State,1,QB,-0.7705238775791161,53.4,D
2026,Kent State,1,RB,-0.19302994548857666,62.1,C-
2026,Kent State,1,Secondary,-1.4746384807603807,42.9,F
2026,Kent State,1,WR/TE,-1.3696732875125441,44.5,F
2026,Kentucky,1,DL/EDGE,-0.14261716136817912,62.9,C-
2026,Kentucky,1,OL,0.15465080168697942,67.3,C+
2026,Kentucky,1,QB,0.9950383281801092,79.9,B+
2026,Kentucky,1,RB,0.2069637658128448,68.1,C+
2026,Kentucky,1,Secondary,0.1906996024735672,67.9,C+
2026,Kentucky,1,WR/TE,0.43528566756230963,71.5,B-
2026,LSU,1,DL/EDGE,1.3889439308140972,85.8,A
2026,LSU,1,OL,0.31934078636112895,69.8,C+
2026,LSU,1,QB,0.6417523166351283,74.6,B
2026,LSU,1,RB,-0.09307432170003771,63.6,C
2026,LSU,1,Secondary,0.4825188892248464,72.2,B-
2026,LSU,1,WR/TE,0.34533704703998613,70.2,B-
2026,Liberty,1,DL/EDGE,-0.554460616155298,56.7,D
2026,Liberty,1,OL,-0.4472847434577486,58.3,D+
2026,Liberty,1,QB,-0.021752040389478016,64.7,C
2026,Liberty,1,RB,-0.8201070053058466,52.7,D-
2026,Liberty,1,Secondary,0.20798869197130201,68.1,C+
2026,Liberty,1,WR/TE,-0.0681775522899069,64.0,C
2026,Louisiana,1,DL/EDGE,0.03489785392271501,65.5,C
2026,Louisiana,1,OL,0.31639659172541673,69.7,C+
2026,Louisiana,1,QB,-0.21883588263125403,61.7,C-
2026,Louisiana,1,RB,0.3027810582055865,69.5,C+
2026,Louisiana,1,Secondary,0.9359844883710798,79.0,B+
2026,Louisiana,1,WR/TE,-0.10737980489029761,63.4,C
2026,Louisiana Tech,1,DL/EDGE,1.5635787591874322,88.5,A
2026,Louisiana Tech,1,OL,0.36486530227547587,70.5,B-
2026,Louisiana Tech,1,QB,1.0863068889973624,81.3,A-
2026,Louisiana Tech,1,RB,0.47597888096171953,72.1,B-
2026,Louisiana Tech,1,Secondary,0.9535061316771408,79.3,B+
2026,Louisiana Tech,1,WR/TE,1.9249762462759974,93.9,A+
2026,Marshall,1,DL/EDGE,-0.21640904064578464,61.8,C-
2026,Marshall,1,OL,-1.3693539357854814,44.5,F
2026,Marshall,1,QB,-0.8799909954987276,51.8,D-
2026,Marshall,1,RB,-1.451203333641496,43.2,F
2026,Marshall,1,Secondary,-1.3322219290705801,45.0,F
2026,Marshall,1,WR/TE,-1.5831166032813324,41.3,F
2026,Maryland,1,DL/EDGE,1.628389504895356,89.4,A
2026,Maryland,1,OL,0.9824971913981805,79.7,B+
2026,Maryland,1,QB,0.09975207163135154,66.5,C
2026,Maryland,1,RB,2.1170919538174076,96.8,A+
2026,Maryland,1,Secondary,1.1973249812602076,83.0,A-
2026,Maryland,1,WR/TE,-0.21244623840878407,61.8,C-
2026,Massachusetts,1,DL/EDGE,0.24474384982256292,68.7,C+
2026,Massachusetts,1,OL,-0.14264178290335836,62.9,C-
2026,Massachusetts,1,QB,0.4902840533056133,72.4,B-
2026,Massachusetts,1,RB,-0.07959041129556188,63.8,C
2026,Massachusetts,1,Secondary,0.2573748843342188,68.9,C+
2026,Massachusetts,1,WR/TE,-0.14682958932822013,62.8,C-
2026,Memphis,1,DL/EDGE,-0.08364167785776849,63.7,C
2026,Memphis,1,OL,0.5404212928694919,73.1,B
2026,Memphis,1,QB,-0.05974644717786377,64.1,C
2026,Memphis,1,RB,1.0369663188608875,80.6,A-
2026,Memphis,1,Secondary,-0.3638712573031235,59.5,D+
2026,Memphis,1,WR/TE,0.3815088766213988,70.7,B-
2026,Miami,1,DL/EDGE,-0.6355426037925912,55.5,D
2026,Miami,1,OL,0.00432126806638591,65.1,C
2026,Miami,1,QB,1.176757908608487,82.7,A-
2026,Miami,1,RB,-0.4716018211219349,57.9,D+
2026,Miami,1,Secondary,0.37012321536884724,70.6,B-
2026,Miami,1,WR/TE,1.1801180979064614,82.7,A-
2026,Miami (OH),1,DL/EDGE,-0.9671305980539435,50.5,D-
2026,Miami (OH),1,OL,-0.24733142969506244,61.3,C-
2026,Miami (OH),1,QB,-0.5951932742151513,56.1,D
2026,Miami (OH),1,RB,-0.9329643853257494,51.0,D-
2026,Miami (OH),1,Secondary,-1.6773321212083412,39.8,F
2026,Miami (OH),1,WR/TE,0.3367713028637549,70.1,B-
2026,Michigan,1,DL/EDGE,0.3570277096661322,70.4,B-
2026,Michigan,1,OL,0.3434445958646109,70.2,B-
2026,Michigan,1,QB,-0.025347174378035603,64.6,C
2026,Michigan,1,RB,-0.7706839125995053,53.4,D
2026,Michigan,1,Secondary,0.24194845820024471,68.6,C+
2026,Michigan,1,WR/TE,-0.15781156229427462,62.6,C-
2026,Michigan State,1,DL/EDGE,0.09371881913408683,66.4,C
2026,Michigan State,1,OL,-0.738563940674423,53.9,D
2026,Michigan State,1,QB,-0.08154297170506491,63.8,C
2026,Michigan State,1,RB,-0.5017281691486242,57.5,D+
2026,Michigan State,1,Secondary,-0.23641773757916135,61.5,C-
2026,Michigan State,1,WR/TE,-0.5525587305441664,56.7,D
2026,Middle Tennessee,1,DL/EDGE,-1.0500285112088705,49.2,F
2026,Middle Tennessee,1,OL,1.4696799886326402,87.0,A
2026,Middle Tennessee,1,QB,0.6023218809382453,74.0,B
2026,Middle Tennessee,1,RB,1.0219118941421619,80.3,A-
2026,Middle Tennessee,1,Secondary,0.022894592142447576,65.3,C
2026,Middle Tennessee,1,WR/TE,-0.35727424349181053,59.6,D+
2026,Minnesota,1,DL/EDGE,0.7391494936499832,76.1,B
2026,Minnesota,1,OL,-0.8666448845204966,52.0,D-
2026,Minnesota,1,QB,1.1349369909751232,82.0,A-
2026,Minnesota,1,RB,-0.6585807442092734,55.1,D
2026,Minnesota,1,Secondary,0.3146879681640824,69.7,C+
2026,Minnesota,1,WR/TE,0.9321517724088644,79.0,B+
2026,Mississippi State,1,DL/EDGE,-0.011440372495562103,64.8,C
2026,Mississippi State,1,OL,1.2035869746676613,83.1,A-
2026,Mississippi State,1,QB,0.5255767101695099,72.9,B-
2026,Mississippi State,1,RB,1.6068624530978641,89.1,A
2026,Mississippi State,1,Secondary,0.1686941788975695,67.5,C+
2026,Mississippi State,1,WR/TE,0.9150065305512791,78.7,B+
2026,Missouri,1,DL/EDGE,-0.2239348097951923,61.6,C-
2026,Missouri,1,OL,-0.17972720827967303,62.3,C-
2026,Missouri,1,QB,0.9600514465678405,79.4,B+
2026,Missouri,1,RB,-0.5993632013379369,56.0,D
2026,Missouri,1,Secondary,1.0058363180833165,80.1,A-
2026,Missouri,1,WR/TE,0.7817617519696988,76.7,B
2026,Missouri State,1,DL/EDGE,-0.5593100308346451,56.6,D
2026,Missouri State,1,OL,-0.4972088949514133,57.5,D+
2026,Missouri State,1,QB,-1.2098759191056325,46.9,F
2026,Missouri State,1,RB,-1.3915496753174388,44.1,F
2026,Missouri State,1,Secondary,-0.21242655740084557,61.8,C-
2026,Missouri State,1,WR/TE,-1.9800308282587469,35.3,F
2026,NC State,1,DL/EDGE,-0.19938902518017285,62.0,C-
2026,NC State,1,OL,-0.14568875790363472,62.8,C-
2026,NC State,1,QB,-0.9850029681326256,50.2,D-
2026,NC State,1,RB,-0.952356671657926,50.7,D-
2026,NC State,1,Secondary,-0.949249040776673,50.8,D-
2026,NC State,1,WR/TE,-1.3329469416044657,45.0,F
2026,Navy,1,DL/EDGE,0.003326019295273437,65.0,C
2026,Navy,1,OL,0.8876902949681318,78.3,B+
2026,Navy,1,QB,-1.0018383617873954,50.0,F
2026,Navy,1,RB,0.6998440457046284,75.5,B
2026,Navy,1,Secondary,-1.1850158971636293,47.2,F
2026,Navy,1,WR/TE,-1.2055753872854378,46.9,F
2026,Nebraska,1,DL/EDGE,-0.5280063020174086,57.1,D+
2026,Nebraska,1,OL,0.5233761538012183,72.9,B-
2026,Nebraska,1,QB,0.12594236484265905,66.9,C
2026,Nebraska,1,RB,0.7454290300415372,76.2,B
2026,Nebraska,1,Secondary,0.306823766337416,69.6,C+
2026,Nebraska,1,WR/TE,0.4863934815444205,72.3,B-
2026,Nevada,1,DL/EDGE,-0.27137007721988304,60.9,C-
2026,Nevada,1,OL,0.6721323812935224,75.1,B
2026,Nevada,1,QB,0.03601750549970672,65.5,C
2026,Nevada,1,RB,1.3937041753628878,85.9,A
2026,Nevada,1,Secondary,0.042676152939943375,65.6,C
2026,Nevada,1,WR/TE,1.0738058283995855,81.1,A-
2026,New Mexico,1,DL/EDGE,-0.36607228448603674,59.5,D+
2026,New Mexico,1,OL,0.12126772937879093,66.8,C
2026,New Mexico,1,QB,-0.4164112744933637,58.8,D+
2026,New Mexico,1,RB,-0.08760874945800018,63.7,C
2026,New Mexico,1,Secondary,1.0953929977135473,81.4,A-
2026,New Mexico,1,WR/TE,-0.5651760807766322,56.5,D
2026,New Mexico State,1,DL/EDGE,-0.31628053360890845,60.3,C-
2026,New Mexico State,1,OL,0.19220796107065388,67.9,C+
2026,New Mexico State,1,QB,0.3571771761656552,70.4,B-
2026,New Mexico State,1,RB,0.30572505215886675,69.6,C+
2026,New Mexico State,1,Secondary,0.10191551231726918,66.5,C
2026,New Mexico State,1,WR/TE,1.1515994301260943,82.3,A-
2026,North Carolina,1,DL/EDGE,-0.19010105639707592,62.1,C-
2026,North Carolina,1,OL,-0.42658658954319006,58.6,D+
2026,North Carolina,1,QB,-0.4712243097724378,57.9,D+
2026,North Carolina,1,RB,-1.1562046754029267,47.7,F
2026,North Carolina,1,Secondary,0.18619028623253037,67.8,C+
2026,North Carolina,1,WR/TE,-0.2971044435299175,60.5,C-
2026,North Dakota State,1,DL/EDGE,0.011924170246147947,65.2,C
2026,North Dakota State,1,OL,-0.9155046455523432,51.3,D-
2026,North Dakota State,1,QB,0.13653935123133426,67.0,C+
2026,North Dakota State,1,RB,-0.1502379912812583,62.7,C-
2026,North Dakota State,1,Secondary,0.7760255880553765,76.6,B
2026,North Dakota State,1,WR/TE,0.11932284102021537,66.8,C
2026,North Texas,1,DL/EDGE,-0.7229336469176278,54.2,D
2026,North Texas,1,OL,-0.2705391866644403,60.9,C-
2026,North Texas,1,QB,0.1534898997412464,67.3,C+
2026,North Texas,1,RB,-0.3247315161271496,60.1,C-
2026,North Texas,1,Secondary,-1.625419235051536,40.6,F
2026,North Texas,1,WR/TE,-0.2555237614547603,61.2,C-
2026,Northern Illinois,1,DL/EDGE,-0.8713030205094359,51.9,D-
2026,Northern Illinois,1,OL,-1.8025060802844486,38.0,F
2026,Northern Illinois,1,QB,-1.1728515225631329,47.4,F
2026,Northern Illinois,1,RB,-1.540407980603631,41.9,F
2026,Northern Illinois,1,Secondary,0.44138980787391646,71.6,B-
2026,Northern Illinois,1,WR/TE,-1.2115434233572357,46.8,F
2026,Northwestern,1,DL/EDGE,-0.5504375796288783,56.7,D
2026,Northwestern,1,OL,0.8089702917532715,77.1,B+
2026,Northwestern,1,QB,0.43918313951449145,71.6,B-
2026,Northwestern,1,RB,1.6669983056210222,90.0,A+
2026,Northwestern,1,Secondary,0.10883878476958578,66.6,C
2026,Northwestern,1,WR/TE,1.1279225218058093,81.9,A-
2026,Ohio,1,DL/EDGE,-0.7492002098790851,53.8,D
2026,Ohio,1,OL,0.1585776082969323,67.4,C+
2026,Ohio,1,QB,-1.0471860306264167,49.3,F
2026,Ohio,1,RB,-0.2684574049472391,61.0,C-
2026,Ohio,1,Secondary,-0.833993619287232,52.5,D-
2026,Ohio,1,WR/TE,0.09650790873842252,66.4,C
2026,Ohio State,1,DL/EDGE,0.6692516415663983,75.0,B
2026,Ohio State,1,OL,0.3046832077815243,69.6,C+
2026,Ohio State,1,QB,0.9356394659825327,79.0,B+
2026,Ohio State,1,RB,1.24775588948686,83.7,A-
2026,Ohio State,1,Secondary,0.764646525502531,76.5,B
2026,Ohio State,1,WR/TE,0.766262249940733,76.5,B
2026,Oklahoma,1,DL/EDGE,1.1340874278432387,82.0,A-
2026,Oklahoma,1,OL,-0.04286511332690843,64.4,C
2026,Oklahoma,1,QB,1.048078750726809,80.7,A-
2026,Oklahoma,1,RB,-0.3982945521012748,59.0,D+
2026,Oklahoma,1,Secondary,0.23997466340300258,68.6,C+
2026,Oklahoma,1,WR/TE,0.9461278543568581,79.2,B+
2026,Oklahoma State,1,DL/EDGE,-0.3165822390091699,60.3,C-
2026,Oklahoma State,1,OL,0.4777495303059967,72.2,B-
2026,Oklahoma State,1,QB,-0.7608647850709027,53.6,D
2026,Oklahoma State,1,RB,-0.7973433405428335,53.0,D
2026,Oklahoma State,1,Secondary,-0.13670381460686923,62.9,C-
2026,Oklahoma State,1,WR/TE,-0.930807507487877,51.0,D-
2026,Old Dominion,1,DL/EDGE,0.8814019390996122,78.2,B+
2026,Old Dominion,1,OL,-1.6560048372213936,40.2,F
2026,Old Dominion,1,QB,0.9829810905586323,79.7,B+
2026,Old Dominion,1,RB,-0.5258702238435449,57.1,D+
2026,Old Dominion,1,Secondary,0.47531208460452884,72.1,B-
2026,Old Dominion,1,WR/TE,0.4897539988379331,72.3,B-
2026,Oregon,1,DL/EDGE,0.2937461849539283,69.4,C+
2026,Oregon,1,OL,0.34063691040457866,70.1,B-
2026,Oregon,1,QB,0.6906809202406958,75.4,B
2026,Oregon,1,RB,0.24579527080566857,68.7,C+
2026,Oregon,1,Secondary,0.10342659919644623,66.6,C
2026,Oregon,1,WR/TE,0.6045781532745231,74.1,B
2026,Oregon State,1,DL/EDGE,-0.5679358024253187,56.5,D
2026,Oregon State,1,OL,-0.12831732153361453,63.1,C
2026,Oregon State,1,QB,-0.239698766326419,61.4,C-
2026,Oregon State,1,RB,-0.8095974879760579,52.9,D-
2026,Oregon State,1,Secondary,-1.3156047927958565,45.3,F
2026,Oregon State,1,WR/TE,0.361127816980728,70.4,B-
2026,Penn State,1,DL/EDGE,0.8067359180336913,77.1,B+
2026,Penn State,1,OL,-0.2179607507220018,61.7,C-
2026,Penn State,1,QB,0.9783173866077384,79.7,B+
2026,Penn State,1,RB,-0.5073545881846331,57.4,D+
2026,Penn State,1,Secondary,0.926862809821942,78.9,B+
2026,Penn State,1,WR/TE,0.7444895168186305,76.2,B
2026,Pittsburgh,1,DL/EDGE,-0.24969660291382523,61.3,C-
2026,Pittsburgh,1,OL,0.6648210346449073,75.0,B
2026,Pittsburgh,1,QB,1.2623082892503565,83.9,A-
2026,Pittsburgh,1,RB,0.554468035431686,73.3,B
2026,Pittsburgh,1,Secondary,-0.08361620781999933,63.7,C
2026,Pittsburgh,1,WR/TE,0.9132163209968667,78.7,B+
2026,Purdue,1,DL/EDGE,0.478984058124877,72.2,B-
2026,Purdue,1,OL,0.09732164321540593,66.5,C
2026,Purdue,1,QB,0.8461343805764001,77.7,B+
2026,Purdue,1,RB,-0.10540257646006698,63.4,C
2026,Purdue,1,Secondary,-1.300754484194004,45.5,F
2026,Purdue,1,WR/TE,0.6609969341258326,74.9,B
2026,Rice,1,DL/EDGE,-0.07178340485727817,63.9,C
2026,Rice,1,OL,0.4161360053601836,71.2,B-
2026,Rice,1,QB,-1.0383712067928428,49.4,F
2026,Rice,1,RB,0.46383276758494574,72.0,B-
2026,Rice,1,Secondary,0.5192407019231746,72.8,B-
2026,Rice,1,WR/TE,-1.223351775312633,46.6,F
2026,Rutgers,1,DL/EDGE,-0.21296984052734658,61.8,C-
2026,Rutgers,1,OL,-0.7436817337339745,53.8,D
2026,Rutgers,1,QB,-0.7217375433496086,54.2,D
2026,Rutgers,1,RB,-1.0244457760049397,49.6,F
2026,Rutgers,1,Secondary,-0.4240395138936017,58.6,D+
2026,Rutgers,1,WR/TE,0.6030393236075308,74.0,B
2026,Sacramento State,1,DL/EDGE,0.0005106248189361978,65.0,C
2026,Sacramento State,1,OL,0.0845315424556651,66.3,C
2026,Sacramento State,1,QB,-0.4651477825027637,58.0,D+
2026,Sacramento State,1,RB,0.043172962683445254,65.6,C
2026,Sacramento State,1,Secondary,0.22233920254853223,68.3,C+
2026,Sacramento State,1,WR/TE,0.0752894960257867,66.1,C
2026,Sam Houston,1,DL/EDGE,0.4592719866391616,71.9,B-
2026,Sam Houston,1,OL,-1.3090284807395347,45.4,F
2026,Sam Houston,1,QB,-0.08549973972112025,63.7,C
2026,Sam Houston,1,RB,-0.47142924422872173,57.9,D+
2026,Sam Houston,1,Secondary,-0.12651108590173116,63.1,C
2026,Sam Houston,1,WR/TE,-0.22216804706443222,61.7,C-
2026,San Diego State,1,DL/EDGE,-0.2989186971570764,60.5,C-
2026,San Diego State,1,OL,0.11617403825397844,66.7,C
2026,San Diego State,1,QB,0.6120939895883935,74.2,B
2026,San Diego State,1,RB,0.2546542101754492,68.8,C+
2026,San Diego State,1,Secondary,0.38408828048763405,70.8,B-
2026,San Diego State,1,WR/TE,0.012678628448679286,65.2,C
2026,San José State,1,DL/EDGE,-0.5845948376200945,56.2,D
2026,San José State,1,OL,-0.23973741504995677,61.4,C-
2026,San José State,1,QB,-0.11108150369195469,63.3,C
2026,San José State,1,RB,-0.260294414904413,61.1,C-
2026,San José State,1,Secondary,0.31218355510791646,69.7,C+
2026,San José State,1,WR/TE,0.03240757600338609,65.5,C
2026,South Alabama,1,DL/EDGE,-0.246553473055217,61.3,C-
2026,South Alabama,1,OL,-0.020221722330162065,64.7,C
2026,South Alabama,1,QB,-0.0072584400265219284,64.9,C
2026,South Alabama,1,RB,-0.2601808026948334,61.1,C-
2026,South Alabama,1,Secondary,0.2904681262853954,69.4,C+
2026,South Alabama,1,WR/TE,-0.6188763611526896,55.7,D
2026,South Carolina,1,DL/EDGE,-0.4408387520195334,58.4,D+
2026,South Carolina,1,OL,0.8013312945182117,77.0,B+
2026,South Carolina,1,QB,1.2130752624460355,83.2,A-
2026,South Carolina,1,RB,1.1701924421404353,82.6,A-
2026,South Carolina,1,Secondary,0.6749409391182614,75.1,B
2026,South Carolina,1,WR/TE,1.0267864349101785,80.4,A-
2026,South Florida,1,DL/EDGE,-0.26388228316777673,61.0,C-
2026,South Florida,1,OL,-1.0381619195633345,49.4,F
2026,South Florida,1,QB,-0.4509575454921834,58.2,D+
2026,South Florida,1,RB,-0.7823039552870705,53.3,D
2026,South Florida,1,Secondary,0.5555655382714563,73.3,B
2026,South Florida,1,WR/TE,-1.0268475511058262,49.6,F
2026,Southern Miss,1,DL/EDGE,0.5171030533527101,72.8,B-
2026,Southern Miss,1,OL,0.7514272123248027,76.3,B
2026,Southern Miss,1,QB,-0.39706885114175267,59.0,D+
2026,Southern Miss,1,RB,0.16983661909696046,67.5,C+
2026,Southern Miss,1,Secondary,0.9683656865184772,79.5,B+
2026,Southern Miss,1,WR/TE,0.11053955903008181,66.7,C
2026,Stanford,1,DL/EDGE,-0.34385414258163405,59.8,D+
2026,Stanford,1,OL,0.1321642932284236,67.0,C
2026,Stanford,1,QB,-0.1540047556988981,62.7,C-
2026,Stanford,1,RB,-0.18354508943001174,62.2,C-
2026,Stanford,1,Secondary,-0.4530218777992989,58.2,D+
2026,Stanford,1,WR/TE,0.09972217482641652,66.5,C
2026,Syracuse,1,DL/EDGE,0.6923772144413709,75.4,B
2026,Syracuse,1,OL,-0.1772925924504363,62.3,C-
2026,Syracuse,1,QB,-0.05610857428483582,64.2,C
2026,Syracuse,1,RB,0.4840190594000033,72.3,B-
2026,Syracuse,1,Secondary,0.7100793758802738,75.7,B
2026,Syracuse,1,WR/TE,0.1596708757792758,67.4,C+
2026,TCU,1,DL/EDGE,0.025970728898116115,65.4,C
2026,TCU,1,OL,-0.1905788828831039,62.1,C-
2026,TCU,1,QB,-0.5393224501145495,56.9,D
2026,TCU,1,RB,0.21266380748964128,68.2,C+
2026,TCU,1,Secondary,-0.10622436758088714,63.4,C
2026,TCU,1,WR/TE,-0.4811092344721903,57.8,D+
2026,Temple,1,DL/EDGE,0.22160207376424462,68.3,C+
2026,Temple,1,OL,-0.3455819947391918,59.8,D+
2026,Temple,1,QB,-0.45366925060563895,58.2,D+
2026,Temple,1,RB,0.3521716955532333,70.3,B-
2026,Temple,1,Secondary,0.2826058720126579,69.2,C+
2026,Temple,1,WR/TE,-0.371826000425193,59.4,D+
2026,Tennessee,1,DL/EDGE,0.9060647955187683,78.6,B+
2026,Tennessee,1,OL,0.6032006140739511,74.0,B
2026,Tennessee,1,QB,0.6730617229533351,75.1,B
2026,Tennessee,1,RB,0.7231126165634237,75.8,B
2026,Tennessee,1,Secondary,0.9386467603414229,79.1,B+
2026,Tennessee,1,WR/TE,0.9568838899976365,79.4,B+
2026,Texas,1,DL/EDGE,0.19401760444341565,67.9,C+
2026,Texas,1,OL,-0.5043901988092322,57.4,D+
2026,Texas,1,QB,0.9740073101670401,79.6,B+
2026,Texas,1,RB,0.18487684902942222,67.8,C+
2026,Texas,1,Secondary,-0.1637540943647008,62.5,C-
2026,Texas,1,WR/TE,0.8559809851164628,77.8,B+
2026,Texas A&M,1,DL/EDGE,-0.03882071640675494,64.4,C
2026,Texas A&M,1,OL,0.23970692380514066,68.6,C+
2026,Texas A&M,1,QB,-0.13479864184921195,63.0,C-
2026,Texas A&M,1,RB,-1.0383089314284348,49.4,F
2026,Texas A&M,1,Secondary,0.9710153869067145,79.6,B+
2026,Texas A&M,1,WR/TE,-0.18225001443463268,62.3,C-
2026,Texas State,1,DL/EDGE,0.10498962225748741,66.6,C
2026,Texas State,1,OL,-0.6147747613188547,55.8,D
2026,Texas State,1,QB,-0.03182696502139272,64.5,C
2026,Texas State,1,RB,-0.4444321864204083,58.3,D+
2026,Texas State,1,Secondary,-1.2278756421842305,46.6,F
2026,Texas State,1,WR/TE,-0.09941215166425565,63.5,C
2026,Texas Tech,1,DL/EDGE,-0.21739058359089197,61.7,C-
2026,Texas Tech,1,OL,-0.032008400776030455,64.5,C
2026,Texas Tech,1,QB,0.16095707905590556,67.4,C+
2026,Texas Tech,1,RB,-0.3707919121228925,59.4,D+
2026,Texas Tech,1,Secondary,0.9655908431004198,79.5,B+
2026,Texas Tech,1,WR/TE,0.5552683521681462,73.3,B
2026,Toledo,1,DL/EDGE,0.30039688175767226,69.5,C+
2026,Toledo,1,OL,-0.4419932411129895,58.4,D+
2026,Toledo,1,QB,-0.35117414928411117,59.7,D+
2026,Toledo,1,RB,0.7259614105829115,75.9,B
2026,Toledo,1,Secondary,-0.05275734963746707,64.2,C
2026,Toledo,1,WR/TE,0.2134579838961732,68.2,C+
2026,Troy,1,DL/EDGE,0.8338975401490651,77.5,B+
2026,Troy,1,OL,-0.8138553134509472,52.8,D-
2026,Troy,1,QB,-0.5765205189149318,56.4,D
2026,Troy,1,RB,-0.016960454964993738,64.7,C
2026,Troy,1,Secondary,-0.28231452076712676,60.8,C-
2026,Troy,1,WR/TE,-0.5066081145767372,57.4,D+
2026,Tulane,1,DL/EDGE,-1.0144265602718183,49.8,F
2026,Tulane,1,OL,-0.405688770593825,58.9,D+
2026,Tulane,1,QB,-0.4061655742889904,58.9,D+
2026,Tulane,1,RB,-1.186083722192703,47.2,F
2026,Tulane,1,Secondary,0.1809695634984052,67.7,C+
2026,Tulane,1,WR/TE,-0.603631266755938,55.9,D
2026,Tulsa,1,DL/EDGE,-0.8777770060797193,51.8,D-
2026,Tulsa,1,OL,-0.11320415064991257,63.3,C
2026,Tulsa,1,QB,0.037293957291633546,65.6,C
2026,Tulsa,1,RB,-0.2435831227672695,61.3,C-
2026,Tulsa,1,Secondary,0.7263486453435472,75.9,B
2026,Tulsa,1,WR/TE,0.11155749543934862,66.7,C
2026,UAB,1,DL/EDGE,-0.7553757989000403,53.7,D
2026,UAB,1,OL,-0.42018127743491657,58.7,D+
2026,UAB,1,QB,0.10230286811714291,66.5,C
2026,UAB,1,RB,-0.23038278788729066,61.5,C-
2026,UAB,1,Secondary,-1.1001348354392422,48.5,F
2026,UAB,1,WR/TE,-0.03797899920275452,64.4,C
2026,UCF,1,DL/EDGE,0.5907619167045505,73.9,B
2026,UCF,1,OL,1.4289428303349692,86.4,A
2026,UCF,1,QB,0.4256391762103077,71.4,B-
2026,UCF,1,RB,1.9036313234921103,93.6,A+
2026,UCF,1,Secondary,0.8310329655986555,77.5,B+
2026,UCF,1,WR/TE,0.09203813514892104,66.4,C
2026,UCLA,1,DL/EDGE,-0.08569613624072897,63.7,C
2026,UCLA,1,OL,1.10958073989975,81.6,A-
2026,UCLA,1,QB,-0.08231754059495335,63.8,C
2026,UCLA,1,RB,1.6899715637900694,90.3,A+
2026,UCLA,1,Secondary,-0.09361758095088435,63.6,C
2026,UCLA,1,WR/TE,0.1094283059705376,66.6,C
2026,UConn,1,DL/EDGE,-0.15215543221765002,62.7,C-
2026,UConn,1,OL,0.6891712409609342,75.3,B
2026,UConn,1,QB,0.832024230737084,77.5,B+
2026,UConn,1,RB,1.1558054763561132,82.3,A-
2026,UConn,1,Secondary,0.73199187239762,76.0,B
2026,UConn,1,WR/TE,1.0320231865866036,80.5,A-
2026,UL Monroe,1,DL/EDGE,-1.3117298328901015,45.3,F
2026,UL Monroe,1,OL,-0.4152221088990315,58.8,D+
2026,UL Monroe,1,QB,-0.6492385084411492,55.3,D
2026,UL Monroe,1,RB,-0.4561570695192166,58.2,D+
2026,UL Monroe,1,Secondary,-1.0837201181475897,48.7,F
2026,UL Monroe,1,WR/TE,-0.8310865903669478,52.5,D-
2026,UNLV,1,DL/EDGE,-0.4471636369441732,58.3,D+
2026,UNLV,1,OL,-0.0698909098417049,64.0,C
2026,UNLV,1,QB,-0.4548288303386786,58.2,D+
2026,UNLV,1,RB,0.7182794395348779,75.8,B
2026,UNLV,1,Secondary,0.18183576580405247,67.7,C+
2026,UNLV,1,WR/TE,-0.19847638145808746,62.0,C-
2026,USC,1,DL/EDGE,0.06978719423522994,66.0,C
2026,USC,1,OL,-0.25127117328852333,61.2,C-
2026,USC,1,QB,0.8488991812838808,77.7,B+
2026,USC,1,RB,-0.7077764465251393,54.4,D
2026,USC,1,Secondary,0.10789330631539455,66.6,C
2026,USC,1,WR/TE,1.3726031275368098,85.6,A
2026,UTEP,1,DL/EDGE,-0.3195844294858032,60.2,C-
2026,UTEP,1,OL,-1.5033672692449425,42.4,F
2026,UTEP,1,QB,-0.9656129237545008,50.5,D-
2026,UTEP,1,RB,-0.3614137700275398,59.6,D+
2026,UTEP,1,Secondary,-1.7081796296556817,39.4,F
2026,UTEP,1,WR/TE,-1.2579709432667356,46.1,F
2026,UTSA,1,DL/EDGE,-0.8185787509369546,52.7,D-
2026,UTSA,1,OL,1.0513528750838566,80.8,A-
2026,UTSA,1,QB,0.14962920424313153,67.2,C+
2026,UTSA,1,RB,1.6910140006556789,90.4,A+
2026,UTSA,1,Secondary,0.6162720461267208,74.2,B
2026,UTSA,1,WR/TE,0.5319163517604011,73.0,B-
2026,Utah,1,DL/EDGE,-0.28981191787961386,60.7,C-
2026,Utah,1,OL,0.7934334564133952,76.9,B
2026,Utah,1,QB,0.5138332627787701,72.7,B-
2026,Utah,1,RB,0.7434918910098023,76.2,B
2026,Utah,1,Secondary,0.6972030935228375,75.5,B
2026,Utah,1,WR/TE,0.5322750323033227,73.0,B-
2026,Utah State,1,DL/EDGE,-0.045882294511806726,64.3,C
2026,Utah State,1,OL,-0.22758169012861929,61.6,C-
2026,Utah State,1,QB,-1.1844228942250217,47.2,F
2026,Utah State,1,RB,-0.1277880446341079,63.1,C
2026,Utah State,1,Secondary,0.0799909146057652,66.2,C
2026,Utah State,1,WR/TE,-0.6128502977992164,55.8,D
2026,Vanderbilt,1,DL/EDGE,0.5398049788606728,73.1,B
2026,Vanderbilt,1,OL,0.27401240492427165,69.1,C+
2026,Vanderbilt,1,QB,0.03742918863631062,65.6,C
2026,Vanderbilt,1,RB,-0.14973479849610932,62.8,C-
2026,Vanderbilt,1,Secondary,0.11899254636322773,66.8,C
2026,Vanderbilt,1,WR/TE,-0.2817795055555907,60.8,C-
2026,Virginia,1,DL/EDGE,-0.28696087079112687,60.7,C-
2026,Virginia,1,OL,-0.16560776199926672,62.5,C-
2026,Virginia,1,QB,0.7305825623868263,76.0,B
2026,Virginia,1,RB,-0.154211428141463,62.7,C-
2026,Virginia,1,Secondary,0.7174631473062723,75.8,B
2026,Virginia,1,WR/TE,0.8435672728212757,77.7,B+
2026,Virginia Tech,1,DL/EDGE,3.6236560229215398,100.0,A+
2026,Virginia Tech,1,OL,0.9917345715178698,79.9,B+
2026,Virginia Tech,1,QB,0.7939584652561035,76.9,B
2026,Virginia Tech,1,RB,0.4578768291158646,71.9,B-
2026,Virginia Tech,1,Secondary,0.5400460130283793,73.1,B
2026,Virginia Tech,1,WR/TE,0.5993113592323881,74.0,B
2026,Wake Forest,1,DL/EDGE,0.11457818501113226,66.7,C
2026,Wake Forest,1,OL,0.8019048133905493,77.0,B+
2026,Wake Forest,1,QB,0.6890921298240892,75.3,B
2026,Wake Forest,1,RB,0.8823032642167528,78.2,B+
2026,Wake Forest,1,Secondary,0.34332790853292083,70.1,B-
2026,Wake Forest,1,WR/TE,1.1725112874406227,82.6,A-
2026,West Virginia,1,DL/EDGE,0.22570015896944995,68.4,C+
2026,West Virginia,1,OL,-0.5282942625576821,57.1,D+
2026,West Virginia,1,QB,0.8434899108611678,77.7,B+
2026,West Virginia,1,RB,0.33821937274002944,70.1,B-
2026,West Virginia,1,Secondary,-0.5632146253385246,56.6,D
2026,West Virginia,1,WR/TE,0.49780414659386263,72.5,B-
2026,Western Kentucky,1,DL/EDGE,-0.8846384260875235,51.7,D-
2026,Western Kentucky,1,OL,-0.10631143674009474,63.4,C
2026,Western Kentucky,1,QB,-0.4136220778346511,58.8,D+
2026,Western Kentucky,1,RB,-0.4828856468686685,57.8,D+
2026,Western Kentucky,1,Secondary,-0.5670363179481026,56.5,D
2026,Western Kentucky,1,WR/TE,-0.8742625840457595,51.9,D-
2026,Western Michigan,1,DL/EDGE,-0.738849911321409,53.9,D
2026,Western Michigan,1,OL,-0.8060172507516479,52.9,D-
2026,Western Michigan,1,QB,-0.40552337837623653,58.9,D+
2026,Western Michigan,1,RB,-0.6438825082573136,55.3,D
2026,Western Michigan,1,Secondary,-0.610459375296857,55.8,D
2026,Western Michigan,1,WR/TE,-1.0789302335368551,48.8,F
2026,Wyoming,1,DL/EDGE,-0.06862264569691831,64.0,C
2026,Wyoming,1,OL,-0.2581292338825405,61.1,C-
2026,Wyoming,1,QB,-0.8262727601521875,52.6,D-
2026,Wyoming,1,RB,-0.22915962360769299,61.6,C-
2026,Wyoming,1,Secondary,-0.39761133212193384,59.0,D+
2026,Wyoming,1,WR/TE,-0.978018386371823,50.3,D-
