game_id,season,week,season_type,home_team,away_team,spread,home_win_probability
400547644,2014,1,regular,Houston,UTSA,-12.5,0.806
400547728,2014,1,regular,Massachusetts,Boston College,12.5,0.194
400547802,2014,1,regular,NC State,Georgia Southern,-23.0,0.944
400547829,2014,1,regular,UL Monroe,Wake Forest,5.0,0.365
400547834,2014,1,regular,Oklahoma,Louisiana Tech,-37.5,0.995
400547836,2014,1,regular,Texas,North Texas,-26.5,0.966
400547943,2014,1,regular,Michigan,App State,-33.5,0.99
400547982,2014,1,regular,Navy,Ohio State,19.5,0.089
400548003,2014,1,regular,Western Kentucky,Bowling Green,7.5,0.302
400548009,2014,1,regular,Mississippi State,Southern Miss,-26.0,0.964
400548010,2014,1,regular,UAB,Troy,-1.0,0.527
400548011,2014,1,regular,New Mexico,UTEP,-6.5,0.673
400548097,2014,1,regular,Kent State,Ohio,-1.5,0.541
400548171,2014,1,regular,Colorado,Colorado State,-3.0,0.582
400548398,2014,1,regular,Auburn,Arkansas,-21.0,0.926
400547650,2014,2,regular,South Carolina,East Carolina,-15.5,0.857
400547652,2014,2,regular,UCLA,Memphis,-24.0,0.951
400547653,2014,2,regular,North Texas,SMU,-4.0,0.609
400547654,2014,2,regular,South Florida,Maryland,10.0,0.245
400547655,2014,2,regular,Temple,Navy,4.0,0.391
400547656,2014,2,regular,Tulane,Georgia Tech,10.5,0.234
400547657,2014,2,regular,Tulsa,Oklahoma,23.0,0.056
400547729,2014,2,regular,Boston College,Pittsburgh,-1.0,0.527
400547752,2014,2,regular,Troy,Duke,18.0,0.107
400547796,2014,2,regular,North Carolina,San Diego State,-13.5,0.824
400547803,2014,2,regular,NC State,Old Dominion,-17.0,0.879
400547826,2014,2,regular,Ohio State,Virginia Tech,-12.0,0.796
400547843,2014,2,regular,Iowa State,Kansas State,15.5,0.143
400547845,2014,2,regular,UTEP,Texas Tech,18.0,0.107
400547846,2014,2,regular,Texas,BYU,-4.5,0.622
400547905,2014,2,regular,Illinois,Western Kentucky,-1.5,0.541
400547929,2014,2,regular,Iowa,Ball State,-17.5,0.886
400547944,2014,2,regular,Notre Dame,Michigan,-6.0,0.66
400547953,2014,2,regular,Oregon,Michigan State,-11.0,0.776
400547961,2014,2,regular,Minnesota,Middle Tennessee,-14.0,0.833
400547976,2014,2,regular,Northwestern,Northern Illinois,-2.5,0.568
400547986,2014,2,regular,Penn State,Akron,-18.0,0.893
400547989,2014,2,regular,Purdue,Central Michigan,-2.5,0.568
400548013,2014,2,regular,Alabama,Florida Atlantic,-39.0,0.996
400548014,2014,2,regular,Louisiana,Louisiana Tech,-16.0,0.865
400548017,2014,2,regular,Mississippi State,UAB,-28.5,0.975
400548018,2014,2,regular,UTSA,Arizona,8.0,0.291
400548098,2014,2,regular,Army,Buffalo,1.0,0.473
400548099,2014,2,regular,Massachusetts,Colorado,17.0,0.121
400548101,2014,2,regular,Florida,Eastern Michigan,-38.0,0.996
400548102,2014,2,regular,Toledo,Missouri,5.5,0.352
400548103,2014,2,regular,Kentucky,Ohio,-6.0,0.66
400548180,2014,2,regular,Wyoming,Air Force,-1.0,0.527
400548181,2014,2,regular,Boise State,Colorado State,-8.0,0.709
400548182,2014,2,regular,Utah,Fresno State,-7.5,0.698
400548183,2014,2,regular,Hawai'i,Oregon State,11.0,0.224
400548184,2014,2,regular,Nevada,Washington State,3.0,0.418
400548185,2014,2,regular,New Mexico,Arizona State,27.0,0.031
400548186,2014,2,regular,Auburn,San José State,-29.0,0.977
400548260,2014,2,regular,Stanford,USC,-4.0,0.609
400548395,2014,2,regular,Vanderbilt,Ole Miss,14.0,0.167
400548396,2014,2,regular,Tennessee,Arkansas State,-14.5,0.841
400548409,2014,2,regular,Georgia State,New Mexico State,-3.0,0.582
400548411,2014,2,regular,UL Monroe,Idaho,-14.0,0.833
400547658,2014,3,regular,BYU,Houston,-14.0,0.833
400547659,2014,3,regular,Cincinnati,Toledo,-12.0,0.796
400547660,2014,3,regular,Missouri,UCF,-9.0,0.733
400547661,2014,3,regular,UConn,Boise State,16.0,0.135
400547662,2014,3,regular,Virginia Tech,East Carolina,-11.5,0.786
400547663,2014,3,regular,South Florida,NC State,1.5,0.459
400547665,2014,3,regular,Florida Atlantic,Tulsa,1.5,0.459
400547730,2014,3,regular,Boston College,USC,20.0,0.084
400547753,2014,3,regular,Duke,Kansas,-20.5,0.921
400547773,2014,3,regular,Georgia Tech,Georgia Southern,-24.0,0.951
400547781,2014,3,regular,Virginia,Louisville,10.0,0.245
400547788,2014,3,regular,Miami,Arkansas State,-17.0,0.879
400547809,2014,3,regular,Florida International,Pittsburgh,27.5,0.029
400547816,2014,3,regular,Central Michigan,Syracuse,7.5,0.302
400547831,2014,3,regular,Utah State,Wake Forest,-14.0,0.833
400547848,2014,3,regular,Texas,UCLA,6.0,0.34
400547849,2014,3,regular,Maryland,West Virginia,-4.5,0.622
400547850,2014,3,regular,Oklahoma,Tennessee,-21.0,0.926
400547851,2014,3,regular,Texas Tech,Arkansas,-4.5,0.622
400547852,2014,3,regular,Iowa,Iowa State,-15.5,0.857
400547853,2014,3,regular,Oklahoma State,UTSA,-13.5,0.824
400547855,2014,3,regular,TCU,Minnesota,-8.5,0.721
400547906,2014,3,regular,Washington,Illinois,-15.0,0.85
400547917,2014,3,regular,Bowling Green,Indiana,-3.0,0.582
400547945,2014,3,regular,Michigan,Miami (OH),-31.5,0.985
400547970,2014,3,regular,Fresno State,Nebraska,10.0,0.245
400547983,2014,3,regular,Ohio State,Kent State,-26.5,0.966
400547990,2014,3,regular,Notre Dame,Purdue,-29.5,0.979
400547995,2014,3,regular,Rutgers,Penn State,4.0,0.391
400548019,2014,3,regular,Marshall,Ohio,-19.0,0.905
400548020,2014,3,regular,Middle Tennessee,Western Kentucky,-1.0,0.527
400548021,2014,3,regular,North Texas,Louisiana Tech,-4.0,0.609
400548022,2014,3,regular,Old Dominion,Eastern Michigan,-11.5,0.786
400548023,2014,3,regular,Texas A&M,Rice,-30.0,0.981
400548024,2014,3,regular,Alabama,Southern Miss,-49.0,1.0
400548026,2014,3,regular,UTEP,New Mexico State,-11.0,0.776
400548106,2014,3,regular,Buffalo,Baylor,27.0,0.031
400548108,2014,3,regular,UNLV,Northern Illinois,12.0,0.204
400548109,2014,3,regular,Vanderbilt,Massachusetts,-17.0,0.879
400548110,2014,3,regular,Idaho,Western Michigan,-2.5,0.568
400548189,2014,3,regular,Georgia State,Air Force,9.5,0.256
400548192,2014,3,regular,Arizona,Nevada,-16.5,0.872
400548193,2014,3,regular,Oregon,Wyoming,-43.0,0.998
400548263,2014,3,regular,Colorado,Arizona State,13.5,0.176
400548265,2014,3,regular,Stanford,Army,-27.5,0.971
400548388,2014,3,regular,Florida,Kentucky,-17.0,0.879
400548389,2014,3,regular,LSU,UL Monroe,-28.0,0.973
400548391,2014,3,regular,South Alabama,Mississippi State,13.0,0.185
400548392,2014,3,regular,South Carolina,Georgia,3.0,0.418
400548412,2014,3,regular,Texas State,Navy,13.0,0.185
400547666,2014,4,regular,South Florida,UConn,-2.5,0.568
400547668,2014,4,regular,Cincinnati,Miami (OH),-32.0,0.986
400547669,2014,4,regular,East Carolina,North Carolina,2.0,0.445
400547670,2014,4,regular,Memphis,Middle Tennessee,-7.5,0.698
400547671,2014,4,regular,SMU,Texas A&M,28.0,0.027
400547673,2014,4,regular,Duke,Tulane,-17.5,0.886
400547742,2014,4,regular,Florida State,Clemson,-20.5,0.921
400547774,2014,4,regular,Virginia Tech,Georgia Tech,-6.0,0.66
400547782,2014,4,regular,Florida International,Louisville,27.0,0.031
400547789,2014,4,regular,Nebraska,Miami,-8.0,0.709
400547810,2014,4,regular,Pittsburgh,Iowa,-4.0,0.609
400547817,2014,4,regular,Syracuse,Maryland,-1.5,0.541
400547822,2014,4,regular,BYU,Virginia,-13.5,0.824
400547832,2014,4,regular,Wake Forest,Army,-3.0,0.582
400547856,2014,4,regular,Kansas State,Auburn,6.5,0.327
400547857,2014,4,regular,Kansas,Central Michigan,-2.5,0.568
400547858,2014,4,regular,West Virginia,Oklahoma,11.0,0.224
400547907,2014,4,regular,Illinois,Texas State,-14.0,0.833
400547918,2014,4,regular,Missouri,Indiana,-16.0,0.865
400547946,2014,4,regular,Michigan,Utah,-6.5,0.673
400547954,2014,4,regular,Michigan State,Eastern Michigan,-45.0,0.999
400547962,2014,4,regular,Minnesota,San José State,-6.5,0.673
400547987,2014,4,regular,Penn State,Massachusetts,-30.0,0.981
400547996,2014,4,regular,Navy,Rutgers,-5.5,0.648
400548002,2014,4,regular,Wisconsin,Bowling Green,-17.0,0.879
400548027,2014,4,regular,Wyoming,Florida Atlantic,-3.5,0.595
400548029,2014,4,regular,Akron,Marshall,12.5,0.194
400548031,2014,4,regular,Rice,Old Dominion,-10.0,0.755
400548032,2014,4,regular,Southern Miss,App State,-4.0,0.609
400548111,2014,4,regular,Toledo,Ball State,-9.0,0.733
400548112,2014,4,regular,Ohio,Idaho,-13.0,0.815
400548115,2014,4,regular,Arkansas,Northern Illinois,-8.0,0.709
400548196,2014,4,regular,Colorado,Hawai'i,-7.0,0.685
400548197,2014,4,regular,New Mexico State,New Mexico,3.0,0.418
400548198,2014,4,regular,Oregon State,San Diego State,-8.5,0.721
400548203,2014,4,regular,Arkansas State,Utah State,-1.5,0.541
400548266,2014,4,regular,Arizona,California,-16.0,0.865
400548267,2014,4,regular,Washington State,Oregon,19.5,0.089
400548268,2014,4,regular,Washington,Georgia State,-36.5,0.994
400548384,2014,4,regular,Alabama,Florida,-16.0,0.865
400548385,2014,4,regular,Georgia,Troy,-35.5,0.993
400548386,2014,4,regular,LSU,Mississippi State,-7.0,0.685
400548387,2014,4,regular,Vanderbilt,South Carolina,20.5,0.079
400548414,2014,4,regular,South Alabama,Georgia Southern,-2.5,0.568
400560174,2014,4,regular,Houston,UNLV,-19.5,0.911
400547674,2014,5,regular,Ohio State,Cincinnati,-12.5,0.806
400547675,2014,5,regular,UConn,Temple,3.5,0.405
400547676,2014,5,regular,Ole Miss,Memphis,-21.0,0.926
400547677,2014,5,regular,SMU,TCU,31.0,0.016
400547678,2014,5,regular,Wisconsin,South Florida,-32.0,0.986
400547679,2014,5,regular,Rutgers,Tulane,-11.5,0.786
400547680,2014,5,regular,Tulsa,Texas State,-5.5,0.648
400547732,2014,5,regular,Boston College,Colorado State,-3.0,0.582
400547743,2014,5,regular,Clemson,North Carolina,-10.0,0.755
400547754,2014,5,regular,Miami,Duke,-5.5,0.648
400547764,2014,5,regular,NC State,Florida State,23.0,0.056
400547811,2014,5,regular,Pittsburgh,Akron,-17.5,0.886
400547818,2014,5,regular,Syracuse,Notre Dame,13.0,0.185
400547823,2014,5,regular,Virginia,Kent State,-21.0,0.926
400547827,2014,5,regular,Virginia Tech,Western Michigan,-28.0,0.973
400547833,2014,5,regular,Louisville,Wake Forest,-21.0,0.926
400547859,2014,5,regular,Oklahoma State,Texas Tech,-14.0,0.833
400547860,2014,5,regular,Iowa State,Baylor,22.0,0.065
400547861,2014,5,regular,Kansas State,UTEP,-30.0,0.981
400547862,2014,5,regular,Kansas,Texas,14.0,0.167
400547908,2014,5,regular,Nebraska,Illinois,-19.0,0.905
400547919,2014,5,regular,Indiana,Maryland,-3.0,0.582
400547930,2014,5,regular,Purdue,Iowa,13.5,0.176
400547947,2014,5,regular,Michigan,Minnesota,-9.5,0.744
400547955,2014,5,regular,Michigan State,Wyoming,-32.0,0.986
400547978,2014,5,regular,Penn State,Northwestern,-9.0,0.733
400548033,2014,5,regular,UAB,Florida International,-14.0,0.833
400548034,2014,5,regular,Florida Atlantic,UTSA,4.0,0.391
400548035,2014,5,regular,Auburn,Louisiana Tech,-33.0,0.989
400548037,2014,5,regular,Southern Miss,Rice,10.5,0.234
400548038,2014,5,regular,Navy,Western Kentucky,-7.0,0.685
400548116,2014,5,regular,Massachusetts,Bowling Green,12.0,0.204
400548117,2014,5,regular,Toledo,Central Michigan,-15.0,0.85
400548119,2014,5,regular,Buffalo,Miami (OH),-6.5,0.673
400548199,2014,5,regular,Air Force,Boise State,15.0,0.15
400548200,2014,5,regular,New Mexico,Fresno State,3.0,0.418
400548201,2014,5,regular,San José State,Nevada,3.0,0.418
400548202,2014,5,regular,San Diego State,UNLV,-17.0,0.879
400548269,2014,5,regular,Arizona State,UCLA,3.0,0.418
400548270,2014,5,regular,USC,Oregon State,-13.0,0.815
400548271,2014,5,regular,California,Colorado,-12.5,0.806
400548272,2014,5,regular,Utah,Washington State,-10.0,0.755
400548273,2014,5,regular,Washington,Stanford,5.5,0.352
400548379,2014,5,regular,LSU,New Mexico State,-43.0,0.998
400548380,2014,5,regular,South Carolina,Missouri,-5.5,0.648
400548381,2014,5,regular,Georgia,Tennessee,-18.0,0.893
400548382,2014,5,regular,Texas A&M,Arkansas,-12.5,0.806
400548383,2014,5,regular,Kentucky,Vanderbilt,-14.0,0.833
400548416,2014,5,regular,Idaho,South Alabama,7.0,0.315
400548417,2014,5,regular,UL Monroe,Troy,-10.5,0.766
400550418,2014,5,regular,Georgia Southern,App State,-17.0,0.879
400547682,2014,6,regular,Houston,UCF,-2.5,0.568
400547683,2014,6,regular,Cincinnati,Memphis,-6.5,0.673
400547684,2014,6,regular,East Carolina,SMU,-35.5,0.993
400547685,2014,6,regular,Colorado State,Tulsa,-14.5,0.841
400547744,2014,6,regular,Clemson,NC State,-14.0,0.833
400547765,2014,6,regular,Florida State,Wake Forest,-38.0,0.996
400547783,2014,6,regular,Syracuse,Louisville,3.5,0.405
400547790,2014,6,regular,Georgia Tech,Miami,-1.0,0.527
400547797,2014,6,regular,North Carolina,Virginia Tech,1.5,0.459
400547812,2014,6,regular,Virginia,Pittsburgh,-4.0,0.609
400547863,2014,6,regular,Oklahoma State,Iowa State,-17.0,0.879
400547864,2014,6,regular,Kansas State,Texas Tech,-12.5,0.806
400547865,2014,6,regular,Texas,Baylor,13.0,0.185
400547866,2014,6,regular,West Virginia,Kansas,-23.5,0.947
400547867,2014,6,regular,TCU,Oklahoma,5.0,0.365
400547909,2014,6,regular,Illinois,Purdue,-10.5,0.766
400547920,2014,6,regular,Indiana,North Texas,-13.5,0.824
400547937,2014,6,regular,Maryland,Ohio State,8.5,0.279
400547956,2014,6,regular,Michigan State,Nebraska,-8.0,0.709
400547979,2014,6,regular,Northwestern,Wisconsin,9.5,0.256
400547997,2014,6,regular,Rutgers,Michigan,-3.5,0.595
400548039,2014,6,regular,Florida International,Florida Atlantic,9.0,0.267
400548040,2014,6,regular,Louisiana Tech,UTEP,-13.0,0.815
400548041,2014,6,regular,Old Dominion,Marshall,17.5,0.114
400548042,2014,6,regular,Middle Tennessee,Southern Miss,-16.5,0.872
400548043,2014,6,regular,Western Kentucky,UAB,-14.0,0.833
400548044,2014,6,regular,UTSA,New Mexico,-18.5,0.899
400548120,2014,6,regular,Army,Ball State,-3.0,0.582
400548121,2014,6,regular,Bowling Green,Buffalo,-5.0,0.635
400548122,2014,6,regular,Akron,Eastern Michigan,-21.0,0.926
400548123,2014,6,regular,Northern Illinois,Kent State,-22.0,0.935
400548124,2014,6,regular,Central Michigan,Ohio,-5.0,0.635
400548125,2014,6,regular,Western Michigan,Toledo,10.0,0.245
400548126,2014,6,regular,Miami (OH),Massachusetts,-4.5,0.622
400548204,2014,6,regular,BYU,Utah State,-21.0,0.926
400548205,2014,6,regular,Air Force,Navy,4.0,0.391
400548206,2014,6,regular,Nevada,Boise State,1.5,0.459
400548207,2014,6,regular,Fresno State,San Diego State,2.0,0.445
400548208,2014,6,regular,Rice,Hawai'i,-6.0,0.66
400548209,2014,6,regular,San José State,UNLV,-10.5,0.766
400548274,2014,6,regular,Oregon,Arizona,-22.5,0.94
400548275,2014,6,regular,USC,Arizona State,-10.5,0.766
400548276,2014,6,regular,UCLA,Utah,-12.5,0.806
400548277,2014,6,regular,Colorado,Oregon State,7.5,0.302
400548278,2014,6,regular,Washington State,California,-4.0,0.609
400548373,2014,6,regular,Auburn,LSU,-9.0,0.733
400548374,2014,6,regular,Ole Miss,Alabama,4.5,0.378
400548375,2014,6,regular,Kentucky,South Carolina,7.5,0.302
400548376,2014,6,regular,Tennessee,Florida,1.5,0.459
400548377,2014,6,regular,Mississippi State,Texas A&M,1.0,0.473
400548378,2014,6,regular,Georgia,Vanderbilt,-32.5,0.987
400548418,2014,6,regular,App State,South Alabama,5.5,0.352
400548419,2014,6,regular,Arkansas State,UL Monroe,-10.0,0.755
400548421,2014,6,regular,New Mexico State,Georgia Southern,16.5,0.128
400548422,2014,6,regular,Texas State,Idaho,-14.5,0.841
400547686,2014,7,regular,UCF,BYU,-3.0,0.582
400547687,2014,7,regular,Miami,Cincinnati,-13.0,0.815
400547688,2014,7,regular,Tulane,UConn,-4.0,0.609
400547689,2014,7,regular,South Florida,East Carolina,14.5,0.159
400547690,2014,7,regular,Memphis,Houston,-4.0,0.609
400547691,2014,7,regular,Temple,Tulsa,-13.0,0.815
400547733,2014,7,regular,NC State,Boston College,-3.5,0.595
400547745,2014,7,regular,Clemson,Louisville,-6.5,0.673
400547755,2014,7,regular,Georgia Tech,Duke,-6.0,0.66
400547766,2014,7,regular,Syracuse,Florida State,20.0,0.084
400547798,2014,7,regular,Notre Dame,North Carolina,-16.0,0.865
400547868,2014,7,regular,Baylor,TCU,-11.0,0.776
400547869,2014,7,regular,Texas Tech,West Virginia,2.0,0.445
400547870,2014,7,regular,Oklahoma,Texas,-14.5,0.841
400547871,2014,7,regular,Kansas,Oklahoma State,21.0,0.074
400547872,2014,7,regular,Iowa State,Toledo,-6.0,0.66
400547910,2014,7,regular,Wisconsin,Illinois,-24.0,0.951
400547921,2014,7,regular,Iowa,Indiana,-6.5,0.673
400547948,2014,7,regular,Michigan,Penn State,2.0,0.445
400547957,2014,7,regular,Purdue,Michigan State,21.5,0.069
400548045,2014,7,regular,UTSA,Florida International,-13.5,0.824
400548046,2014,7,regular,Marshall,Middle Tennessee,-21.5,0.931
400548047,2014,7,regular,UAB,North Texas,-3.0,0.582
400548048,2014,7,regular,UTEP,Old Dominion,-1.0,0.527
400548049,2014,7,regular,Army,Rice,-2.0,0.555
400548127,2014,7,regular,Ohio,Bowling Green,-2.0,0.555
400548128,2014,7,regular,Eastern Michigan,Buffalo,14.0,0.167
400548129,2014,7,regular,Northern Illinois,Central Michigan,-12.5,0.806
400548130,2014,7,regular,Akron,Miami (OH),-13.5,0.824
400548131,2014,7,regular,Kent State,Massachusetts,-1.5,0.541
400548132,2014,7,regular,Ball State,Western Michigan,-6.0,0.66
400548210,2014,7,regular,Utah State,Air Force,-7.5,0.698
400548212,2014,7,regular,UNLV,Fresno State,9.0,0.267
400548214,2014,7,regular,New Mexico,San Diego State,6.0,0.34
400548280,2014,7,regular,Stanford,Washington State,-18.0,0.893
400548281,2014,7,regular,Arizona,USC,2.5,0.432
400548282,2014,7,regular,UCLA,Oregon,3.0,0.418
400548283,2014,7,regular,California,Washington,-1.0,0.527
400548365,2014,7,regular,Arkansas,Alabama,9.0,0.267
400548366,2014,7,regular,Florida,LSU,1.0,0.473
400548367,2014,7,regular,Kentucky,UL Monroe,-20.5,0.921
400548368,2014,7,regular,Texas A&M,Ole Miss,-1.0,0.527
400548369,2014,7,regular,Mississippi State,Auburn,3.0,0.418
400548370,2014,7,regular,Missouri,Georgia,1.5,0.459
400548424,2014,7,regular,Georgia State,Arkansas State,13.5,0.176
400548425,2014,7,regular,Georgia Southern,Idaho,-21.0,0.926
400548426,2014,7,regular,Troy,New Mexico State,-7.5,0.698
400547692,2014,8,regular,UCF,Tulane,-19.0,0.905
400547693,2014,8,regular,SMU,Cincinnati,14.5,0.159
400547694,2014,8,regular,Houston,Temple,-9.0,0.733
400547734,2014,8,regular,Boston College,Clemson,7.5,0.302
400547756,2014,8,regular,Duke,Virginia,-5.0,0.635
400547767,2014,8,regular,Florida State,Notre Dame,-13.5,0.824
400547805,2014,8,regular,Louisville,NC State,-14.5,0.841
400547813,2014,8,regular,Pittsburgh,Virginia Tech,2.5,0.432
400547819,2014,8,regular,Wake Forest,Syracuse,4.0,0.391
400547873,2014,8,regular,Texas Tech,Kansas,-13.5,0.824
400547874,2014,8,regular,West Virginia,Baylor,9.5,0.256
400547875,2014,8,regular,Texas,Iowa State,-11.0,0.776
400547876,2014,8,regular,TCU,Oklahoma State,-10.0,0.755
400547877,2014,8,regular,Oklahoma,Kansas State,-12.0,0.796
400547922,2014,8,regular,Indiana,Michigan State,14.0,0.167
400547931,2014,8,regular,Maryland,Iowa,-2.5,0.568
400547964,2014,8,regular,Minnesota,Purdue,-14.5,0.841
400547971,2014,8,regular,Northwestern,Nebraska,6.5,0.327
400547984,2014,8,regular,Ohio State,Rutgers,-19.5,0.911
400548050,2014,8,regular,Florida International,Marshall,21.0,0.074
400548051,2014,8,regular,Florida Atlantic,Western Kentucky,3.0,0.418
400548052,2014,8,regular,Louisiana Tech,UTSA,-6.5,0.673
400548053,2014,8,regular,Middle Tennessee,UAB,-2.0,0.555
400548054,2014,8,regular,North Texas,Southern Miss,-10.5,0.766
400548133,2014,8,regular,Ohio,Akron,4.0,0.391
400548134,2014,8,regular,Kent State,Army,5.5,0.352
400548135,2014,8,regular,Central Michigan,Ball State,-6.5,0.673
400548136,2014,8,regular,Massachusetts,Eastern Michigan,-11.5,0.786
400548137,2014,8,regular,Northern Illinois,Miami (OH),-14.5,0.841
400548138,2014,8,regular,Bowling Green,Western Michigan,-2.5,0.568
400548215,2014,8,regular,Air Force,New Mexico,-12.0,0.796
400548216,2014,8,regular,Boise State,Fresno State,-16.0,0.865
400548217,2014,8,regular,Colorado State,Utah State,-5.5,0.648
400548218,2014,8,regular,San Diego State,Hawai'i,-10.5,0.766
400548219,2014,8,regular,BYU,Nevada,-11.5,0.786
400548220,2014,8,regular,Wyoming,San José State,-1.5,0.541
400548284,2014,8,regular,Oregon State,Utah,-1.5,0.541
400548285,2014,8,regular,Arizona State,Stanford,4.5,0.378
400548286,2014,8,regular,USC,Colorado,-20.5,0.921
400548287,2014,8,regular,California,UCLA,8.0,0.291
400548288,2014,8,regular,Oregon,Washington,-19.0,0.905
400548359,2014,8,regular,Arkansas,Georgia,3.0,0.418
400548360,2014,8,regular,LSU,Kentucky,-11.0,0.776
400548361,2014,8,regular,Ole Miss,Tennessee,-17.0,0.879
400548362,2014,8,regular,Florida,Missouri,-3.0,0.582
400548364,2014,8,regular,Alabama,Texas A&M,-12.0,0.796
400548428,2014,8,regular,Troy,App State,-6.0,0.66
400548429,2014,8,regular,South Alabama,Georgia State,-17.0,0.879
400548430,2014,8,regular,Idaho,New Mexico State,-4.0,0.609
400547696,2014,9,regular,East Carolina,UConn,-24.0,0.951
400547697,2014,9,regular,Cincinnati,South Florida,-10.0,0.755
400547698,2014,9,regular,UCF,Temple,-11.0,0.776
400547699,2014,9,regular,SMU,Memphis,24.0,0.049
400547735,2014,9,regular,Wake Forest,Boston College,12.0,0.204
400547746,2014,9,regular,Clemson,Syracuse,-16.5,0.872
400547776,2014,9,regular,Pittsburgh,Georgia Tech,-4.0,0.609
400547791,2014,9,regular,Virginia Tech,Miami,-2.0,0.555
400547799,2014,9,regular,Virginia,North Carolina,-7.5,0.698
400547878,2014,9,regular,Kansas State,Texas,-13.0,0.815
400547879,2014,9,regular,Oklahoma State,West Virginia,-4.0,0.609
400547880,2014,9,regular,TCU,Texas Tech,-20.0,0.916
400547911,2014,9,regular,Illinois,Minnesota,6.5,0.327
400547938,2014,9,regular,Wisconsin,Maryland,-10.0,0.755
400547949,2014,9,regular,Michigan State,Michigan,-15.5,0.857
400547972,2014,9,regular,Nebraska,Rutgers,-15.0,0.85
400547985,2014,9,regular,Penn State,Ohio State,11.5,0.214
400548055,2014,9,regular,Marshall,Florida Atlantic,-26.5,0.966
400548056,2014,9,regular,Southern Miss,Louisiana Tech,13.0,0.185
400548057,2014,9,regular,Rice,North Texas,-13.0,0.815
400548058,2014,9,regular,Western Kentucky,Old Dominion,-11.5,0.786
400548059,2014,9,regular,Arkansas,UAB,-21.0,0.926
400548060,2014,9,regular,UTSA,UTEP,-9.5,0.744
400548139,2014,9,regular,Ball State,Akron,1.0,0.473
400548140,2014,9,regular,Buffalo,Central Michigan,1.5,0.459
400548141,2014,9,regular,Miami (OH),Kent State,-4.5,0.622
400548142,2014,9,regular,Eastern Michigan,Northern Illinois,20.5,0.079
400548143,2014,9,regular,Western Michigan,Ohio,-8.0,0.709
400548144,2014,9,regular,Toledo,Massachusetts,-17.5,0.886
400548221,2014,9,regular,Boise State,BYU,-6.5,0.673
400548222,2014,9,regular,Colorado State,Wyoming,-21.5,0.931
400548223,2014,9,regular,Hawai'i,Nevada,4.0,0.391
400548224,2014,9,regular,Navy,San José State,-10.0,0.755
400548225,2014,9,regular,Utah State,UNLV,-18.0,0.893
400548289,2014,9,regular,California,Oregon,16.0,0.135
400548290,2014,9,regular,Washington State,Arizona,4.0,0.391
400548291,2014,9,regular,Washington,Arizona State,3.5,0.405
400548293,2014,9,regular,Stanford,Oregon State,-13.5,0.824
400548294,2014,9,regular,Colorado,UCLA,12.5,0.194
400548354,2014,9,regular,LSU,Ole Miss,3.0,0.418
400548355,2014,9,regular,Kentucky,Mississippi State,13.0,0.185
400548356,2014,9,regular,Auburn,South Carolina,-14.0,0.833
400548357,2014,9,regular,Tennessee,Alabama,15.5,0.143
400548358,2014,9,regular,Missouri,Vanderbilt,-24.0,0.951
400548432,2014,9,regular,Georgia State,Georgia Southern,15.0,0.15
400548433,2014,9,regular,UL Monroe,Texas State,-2.0,0.555
400550419,2014,9,regular,South Alabama,Troy,-12.0,0.796
400547700,2014,10,regular,Tulane,Cincinnati,2.5,0.432
400547701,2014,10,regular,Memphis,Tulsa,-21.0,0.926
400547702,2014,10,regular,UConn,UCF,12.0,0.204
400547703,2014,10,regular,Temple,East Carolina,7.0,0.315
400547704,2014,10,regular,South Florida,Houston,10.0,0.245
400547736,2014,10,regular,Virginia Tech,Boston College,-5.5,0.648
400547757,2014,10,regular,Pittsburgh,Duke,-2.5,0.568
400547768,2014,10,regular,Louisville,Florida State,8.5,0.279
400547777,2014,10,regular,Georgia Tech,Virginia,-2.5,0.568
400547792,2014,10,regular,Miami,North Carolina,-11.0,0.776
400547806,2014,10,regular,Syracuse,NC State,-5.0,0.635
400547881,2014,10,regular,Texas Tech,Texas,5.0,0.365
400547882,2014,10,regular,Kansas State,Oklahoma State,-12.5,0.806
400547883,2014,10,regular,Iowa State,Oklahoma,16.5,0.128
400547884,2014,10,regular,Baylor,Kansas,-33.5,0.99
400547885,2014,10,regular,West Virginia,TCU,4.0,0.391
400547912,2014,10,regular,Ohio State,Illinois,-28.5,0.975
400547923,2014,10,regular,Michigan,Indiana,-9.5,0.744
400547932,2014,10,regular,Iowa,Northwestern,-6.0,0.66
400547939,2014,10,regular,Penn State,Maryland,-2.5,0.568
400547973,2014,10,regular,Nebraska,Purdue,-24.5,0.954
400547998,2014,10,regular,Rutgers,Wisconsin,11.0,0.224
400548061,2014,10,regular,Florida International,Rice,8.0,0.291
400548062,2014,10,regular,Florida Atlantic,UAB,-4.5,0.622
400548063,2014,10,regular,Louisiana Tech,Western Kentucky,-3.0,0.582
400548064,2014,10,regular,Middle Tennessee,BYU,8.5,0.279
400548065,2014,10,regular,Vanderbilt,Old Dominion,-10.0,0.755
400548066,2014,10,regular,UTEP,Southern Miss,-6.5,0.673
400548145,2014,10,regular,Eastern Michigan,Central Michigan,17.0,0.121
400548146,2014,10,regular,Miami (OH),Western Michigan,5.0,0.365
400548226,2014,10,regular,Army,Air Force,5.5,0.352
400548227,2014,10,regular,San José State,Colorado State,8.5,0.279
400548228,2014,10,regular,Fresno State,Wyoming,-10.5,0.766
400548230,2014,10,regular,Nevada,San Diego State,-6.0,0.66
400548295,2014,10,regular,UCLA,Arizona,-4.5,0.622
400548296,2014,10,regular,Arizona State,Utah,-2.5,0.568
400548297,2014,10,regular,Washington State,USC,7.0,0.315
400548298,2014,10,regular,Colorado,Washington,4.0,0.391
400548299,2014,10,regular,Oregon,Stanford,-12.5,0.806
400548300,2014,10,regular,Oregon State,California,-4.5,0.622
400548348,2014,10,regular,Georgia,Florida,-10.0,0.755
400548349,2014,10,regular,Ole Miss,Auburn,-3.0,0.582
400548350,2014,10,regular,Mississippi State,Arkansas,-14.0,0.833
400548351,2014,10,regular,Missouri,Kentucky,-7.0,0.685
400548352,2014,10,regular,South Carolina,Tennessee,-8.0,0.709
400548353,2014,10,regular,Texas A&M,UL Monroe,-29.5,0.979
400548435,2014,10,regular,App State,Georgia State,-5.5,0.648
400548436,2014,10,regular,Idaho,Arkansas State,14.5,0.159
400548439,2014,10,regular,New Mexico State,Texas State,10.5,0.234
400548465,2014,10,regular,Navy,Notre Dame,13.5,0.176
400550420,2014,10,regular,Georgia Southern,Troy,20.5,0.079
400547705,2014,11,regular,Army,UConn,1.0,0.473
400547706,2014,11,regular,Houston,Tulane,-16.0,0.865
400547708,2014,11,regular,Tulsa,SMU,-9.5,0.744
400547737,2014,11,regular,Boston College,Louisville,2.5,0.432
400547747,2014,11,regular,Wake Forest,Clemson,20.0,0.084
400547758,2014,11,regular,Syracuse,Duke,4.0,0.391
400547769,2014,11,regular,Florida State,Virginia,-21.5,0.931
400547778,2014,11,regular,NC State,Georgia Tech,3.0,0.418
400547886,2014,11,regular,TCU,Kansas State,-6.0,0.66
400547887,2014,11,regular,Kansas,Iowa State,4.0,0.391
400547888,2014,11,regular,Oklahoma,Baylor,-3.0,0.582
400547889,2014,11,regular,Texas,West Virginia,5.5,0.352
400547924,2014,11,regular,Indiana,Penn State,4.0,0.391
400547933,2014,11,regular,Minnesota,Iowa,-1.0,0.527
400547950,2014,11,regular,Northwestern,Michigan,-2.0,0.555
400547958,2014,11,regular,Michigan State,Ohio State,-2.0,0.555
400547992,2014,11,regular,Purdue,Wisconsin,15.5,0.143
400548067,2014,11,regular,Old Dominion,Florida International,-2.5,0.568
400548068,2014,11,regular,North Texas,Florida Atlantic,3.5,0.405
400548069,2014,11,regular,UAB,Louisiana Tech,2.5,0.432
400548070,2014,11,regular,Southern Miss,Marshall,24.5,0.046
400548071,2014,11,regular,Rice,UTSA,-8.0,0.709
400548072,2014,11,regular,Western Kentucky,UTEP,-9.0,0.733
400548147,2014,11,regular,Akron,Bowling Green,-4.0,0.609
400548148,2014,11,regular,Kent State,Toledo,13.0,0.185
400548149,2014,11,regular,Ohio,Buffalo,-2.0,0.555
400548150,2014,11,regular,Ball State,Northern Illinois,1.5,0.459
400548232,2014,11,regular,UNLV,Air Force,4.5,0.378
400548233,2014,11,regular,New Mexico,Boise State,14.5,0.159
400548234,2014,11,regular,Colorado State,Hawai'i,-17.0,0.879
400548235,2014,11,regular,Fresno State,San José State,-4.0,0.609
400548236,2014,11,regular,San Diego State,Idaho,-21.0,0.926
400548237,2014,11,regular,Wyoming,Utah State,4.5,0.378
400548301,2014,11,regular,Arizona,Colorado,-15.5,0.857
400548302,2014,11,regular,Arizona State,Notre Dame,-1.0,0.527
400548303,2014,11,regular,Washington,UCLA,5.0,0.365
400548304,2014,11,regular,Utah,Oregon,9.5,0.256
400548305,2014,11,regular,Oregon State,Washington State,-9.5,0.744
400548342,2014,11,regular,LSU,Alabama,6.0,0.34
400548343,2014,11,regular,Kentucky,Georgia,13.0,0.185
400548346,2014,11,regular,Auburn,Texas A&M,-14.5,0.841
400548347,2014,11,regular,Vanderbilt,Florida,13.5,0.176
400548440,2014,11,regular,App State,UL Monroe,-2.0,0.555
400548441,2014,11,regular,Arkansas State,South Alabama,-9.5,0.744
400548442,2014,11,regular,Troy,Georgia State,-8.5,0.721
400548443,2014,11,regular,Texas State,Georgia Southern,8.0,0.291
400550749,2014,11,regular,Temple,Memphis,4.0,0.391
400547709,2014,12,regular,UCF,Tulsa,-18.5,0.899
400547710,2014,12,regular,Cincinnati,East Carolina,2.5,0.432
400547711,2014,12,regular,Tulane,Memphis,11.0,0.224
400547712,2014,12,regular,SMU,South Florida,12.0,0.204
400547713,2014,12,regular,Penn State,Temple,-10.5,0.766
400547748,2014,12,regular,Georgia Tech,Clemson,2.5,0.432
400547759,2014,12,regular,Duke,Virginia Tech,-7.0,0.685
400547770,2014,12,regular,Miami,Florida State,2.5,0.432
400547800,2014,12,regular,North Carolina,Pittsburgh,-1.5,0.541
400547807,2014,12,regular,NC State,Wake Forest,-12.0,0.796
400547890,2014,12,regular,Texas Tech,Oklahoma,12.5,0.194
400547891,2014,12,regular,Oklahoma State,Texas,-1.0,0.527
400547892,2014,12,regular,Kansas,TCU,24.5,0.046
400547913,2014,12,regular,Illinois,Iowa,3.0,0.418
400547925,2014,12,regular,Rutgers,Indiana,-6.0,0.66
400547940,2014,12,regular,Maryland,Michigan State,10.5,0.234
400547965,2014,12,regular,Minnesota,Ohio State,14.5,0.159
400547974,2014,12,regular,Wisconsin,Nebraska,-4.0,0.609
400547980,2014,12,regular,Notre Dame,Northwestern,-16.5,0.872
400548073,2014,12,regular,Florida International,Middle Tennessee,3.0,0.418
400548074,2014,12,regular,Marshall,Rice,-19.5,0.911
400548075,2014,12,regular,UTEP,North Texas,-8.5,0.721
400548076,2014,12,regular,UTSA,Southern Miss,-11.5,0.786
400548077,2014,12,regular,Western Kentucky,Army,-10.5,0.766
400548151,2014,12,regular,Buffalo,Akron,2.5,0.432
400548152,2014,12,regular,Northern Illinois,Toledo,-3.5,0.595
400548154,2014,12,regular,Bowling Green,Kent State,-13.0,0.815
400548155,2014,12,regular,Western Michigan,Eastern Michigan,-23.5,0.947
400548156,2014,12,regular,Central Michigan,Miami (OH),-13.5,0.824
400548238,2014,12,regular,Air Force,Nevada,2.5,0.432
400548239,2014,12,regular,Boise State,San Diego State,-15.0,0.85
400548240,2014,12,regular,San José State,Hawai'i,-10.0,0.755
400548241,2014,12,regular,Utah State,New Mexico,-16.0,0.865
400548242,2014,12,regular,BYU,UNLV,-22.0,0.935
400548306,2014,12,regular,USC,California,-12.0,0.796
400548307,2014,12,regular,Arizona,Washington,-9.0,0.733
400548308,2014,12,regular,Oregon State,Arizona State,6.5,0.327
400548309,2014,12,regular,Stanford,Utah,-7.5,0.698
400548336,2014,12,regular,Arkansas,LSU,-1.5,0.541
400548337,2014,12,regular,Georgia,Auburn,-2.0,0.555
400548338,2014,12,regular,Alabama,Mississippi State,-6.5,0.673
400548339,2014,12,regular,Florida,South Carolina,-3.5,0.595
400548340,2014,12,regular,Tennessee,Kentucky,-6.5,0.673
400548341,2014,12,regular,Texas A&M,Missouri,-6.5,0.673
400548445,2014,12,regular,Arkansas State,App State,-15.0,0.85
400548446,2014,12,regular,Navy,Georgia Southern,-3.5,0.595
400548447,2014,12,regular,Idaho,Troy,-3.5,0.595
400548449,2014,12,regular,South Alabama,Texas State,-4.0,0.609
400547714,2014,13,regular,UCF,SMU,-26.5,0.966
400547715,2014,13,regular,UConn,Cincinnati,11.0,0.224
400547716,2014,13,regular,East Carolina,Tulane,-17.5,0.886
400547717,2014,13,regular,Houston,Tulsa,-21.0,0.926
400547718,2014,13,regular,Memphis,South Florida,-19.0,0.905
400547738,2014,13,regular,Florida State,Boston College,-20.5,0.921
400547749,2014,13,regular,Clemson,Georgia State,-40.0,0.997
400547760,2014,13,regular,Duke,North Carolina,-6.0,0.66
400547784,2014,13,regular,Notre Dame,Louisville,-9.0,0.733
400547793,2014,13,regular,Virginia,Miami,7.0,0.315
400547814,2014,13,regular,Pittsburgh,Syracuse,-8.0,0.709
400547828,2014,13,regular,Wake Forest,Virginia Tech,14.0,0.167
400547894,2014,13,regular,Oklahoma,Kansas,-25.0,0.958
400547895,2014,13,regular,Iowa State,Texas Tech,-1.5,0.541
400547896,2014,13,regular,Baylor,Oklahoma State,-25.0,0.958
400547914,2014,13,regular,Illinois,Penn State,4.5,0.378
400547926,2014,13,regular,Ohio State,Indiana,-30.0,0.981
400547934,2014,13,regular,Iowa,Wisconsin,8.5,0.279
400547941,2014,13,regular,Michigan,Maryland,-3.0,0.582
400547966,2014,13,regular,Nebraska,Minnesota,-10.0,0.755
400547981,2014,13,regular,Purdue,Northwestern,2.0,0.445
400547999,2014,13,regular,Michigan State,Rutgers,-22.0,0.935
400548078,2014,13,regular,Rice,UTEP,-11.0,0.776
400548079,2014,13,regular,North Texas,Florida International,-2.0,0.555
400548080,2014,13,regular,Middle Tennessee,Florida Atlantic,-7.0,0.685
400548081,2014,13,regular,Old Dominion,Louisiana Tech,11.5,0.214
400548082,2014,13,regular,UAB,Marshall,20.0,0.084
400548083,2014,13,regular,Western Kentucky,UTSA,-6.0,0.66
400548157,2014,13,regular,Ohio,Northern Illinois,2.5,0.432
400548158,2014,13,regular,Akron,Massachusetts,-7.0,0.685
400548159,2014,13,regular,Toledo,Bowling Green,-6.5,0.673
400548161,2014,13,regular,Ball State,Eastern Michigan,-17.0,0.879
400548162,2014,13,regular,Central Michigan,Western Michigan,1.0,0.473
400548243,2014,13,regular,San Diego State,Air Force,-2.0,0.555
400548244,2014,13,regular,Wyoming,Boise State,16.0,0.135
400548245,2014,13,regular,Colorado State,New Mexico,-21.0,0.926
400548246,2014,13,regular,Nevada,Fresno State,-6.5,0.673
400548247,2014,13,regular,Hawai'i,UNLV,-8.0,0.709
400548248,2014,13,regular,Utah State,San José State,-9.5,0.744
400548310,2014,13,regular,Utah,Arizona,-3.5,0.595
400548311,2014,13,regular,Arizona State,Washington State,-17.0,0.879
400548312,2014,13,regular,UCLA,USC,-3.0,0.582
400548313,2014,13,regular,Oregon,Colorado,-34.0,0.99
400548314,2014,13,regular,Washington,Oregon State,-4.0,0.609
400548315,2014,13,regular,California,Stanford,6.5,0.327
400548332,2014,13,regular,Arkansas,Ole Miss,2.0,0.445
400548333,2014,13,regular,South Carolina,South Alabama,-25.5,0.961
400548334,2014,13,regular,Tennessee,Missouri,-3.0,0.582
400548335,2014,13,regular,Mississippi State,Vanderbilt,-30.5,0.982
400548452,2014,13,regular,New Mexico State,UL Monroe,8.0,0.291
400547719,2014,14,regular,South Florida,UCF,9.5,0.256
400547720,2014,14,regular,Tulsa,East Carolina,17.5,0.114
400547721,2014,14,regular,SMU,Houston,22.5,0.06
400547722,2014,14,regular,Temple,Cincinnati,3.5,0.405
400547723,2014,14,regular,Memphis,UConn,-18.0,0.893
400547739,2014,14,regular,Boston College,Syracuse,-10.0,0.755
400547750,2014,14,regular,Clemson,South Carolina,-4.5,0.622
400547761,2014,14,regular,Duke,Wake Forest,-18.0,0.893
400547771,2014,14,regular,Florida State,Florida,-10.0,0.755
400547779,2014,14,regular,Georgia,Georgia Tech,-14.5,0.841
400547785,2014,14,regular,Louisville,Kentucky,-14.0,0.833
400547794,2014,14,regular,Miami,Pittsburgh,-9.5,0.744
400547801,2014,14,regular,North Carolina,NC State,-6.0,0.66
400547897,2014,14,regular,Texas,TCU,7.5,0.302
400547898,2014,14,regular,Iowa State,West Virginia,13.0,0.185
400547899,2014,14,regular,Texas Tech,Baylor,21.5,0.069
400547900,2014,14,regular,Kansas State,Kansas,-28.5,0.975
400547915,2014,14,regular,Northwestern,Illinois,-9.0,0.733
400547927,2014,14,regular,Indiana,Purdue,-2.5,0.568
400547942,2014,14,regular,Maryland,Rutgers,-9.0,0.733
400547951,2014,14,regular,Ohio State,Michigan,-20.0,0.916
400547959,2014,14,regular,Penn State,Michigan State,11.5,0.214
400547967,2014,14,regular,Wisconsin,Minnesota,-12.5,0.806
400548084,2014,14,regular,Marshall,Western Kentucky,-23.0,0.944
400548085,2014,14,regular,Florida Atlantic,Old Dominion,-5.5,0.648
400548086,2014,14,regular,Louisiana Tech,Rice,-6.0,0.66
400548087,2014,14,regular,UTEP,Middle Tennessee,-3.0,0.582
400548088,2014,14,regular,UTSA,North Texas,-6.0,0.66
400548089,2014,14,regular,Southern Miss,UAB,3.5,0.405
400548163,2014,14,regular,Kent State,Akron,6.0,0.34
400548165,2014,14,regular,Bowling Green,Ball State,-9.0,0.733
400548166,2014,14,regular,Massachusetts,Buffalo,1.0,0.473
400548167,2014,14,regular,Western Michigan,Northern Illinois,-7.0,0.685
400548168,2014,14,regular,Eastern Michigan,Toledo,21.5,0.069
400548249,2014,14,regular,Air Force,Colorado State,5.0,0.365
400548250,2014,14,regular,Boise State,Utah State,-9.0,0.733
400548251,2014,14,regular,Fresno State,Hawai'i,-12.0,0.796
400548252,2014,14,regular,UNLV,Nevada,10.0,0.245
400548253,2014,14,regular,New Mexico,Wyoming,-6.0,0.66
400548254,2014,14,regular,San Diego State,San José State,-13.5,0.824
400548316,2014,14,regular,Arizona,Arizona State,-2.5,0.568
400548317,2014,14,regular,UCLA,Stanford,-4.5,0.622
400548318,2014,14,regular,USC,Notre Dame,-7.0,0.685
400548319,2014,14,regular,Colorado,Utah,10.0,0.245
400548320,2014,14,regular,Oregon State,Oregon,17.5,0.114
400548321,2014,14,regular,Washington State,Washington,4.0,0.391
400548322,2014,14,regular,California,BYU,-3.5,0.595
400548323,2014,14,regular,Alabama,Auburn,-7.0,0.685
400548325,2014,14,regular,Missouri,Arkansas,1.5,0.459
400548326,2014,14,regular,Vanderbilt,Tennessee,14.5,0.159
400548327,2014,14,regular,Texas A&M,LSU,2.0,0.445
400548453,2014,14,regular,South Alabama,Navy,7.0,0.315
400548454,2014,14,regular,App State,Idaho,-14.0,0.833
400548455,2014,14,regular,Arkansas State,New Mexico State,-23.5,0.947
400548456,2014,14,regular,Georgia State,Texas State,11.0,0.224
400548457,2014,14,regular,Georgia Southern,UL Monroe,-14.0,0.833
400547724,2014,15,regular,East Carolina,UCF,-6.5,0.673
400547725,2014,15,regular,Cincinnati,Houston,-7.0,0.685
400547726,2014,15,regular,UConn,SMU,-10.5,0.766
400547727,2014,15,regular,Tulane,Temple,3.5,0.405
400547901,2014,15,regular,Oklahoma,Oklahoma State,-19.5,0.911
400547902,2014,15,regular,TCU,Iowa State,-33.0,0.989
400547903,2014,15,regular,Baylor,Kansas State,-9.0,0.733
400608167,2014,15,regular,Georgia Tech,Florida State,3.5,0.405
400609055,2014,15,regular,Bowling Green,Northern Illinois,2.5,0.432
400609076,2014,15,regular,Oregon,Arizona,-14.0,0.833
400609077,2014,15,regular,Marshall,Louisiana Tech,-14.5,0.841
400609096,2014,15,regular,Ohio State,Wisconsin,3.0,0.418
400609098,2014,15,regular,Missouri,Alabama,3.0,0.418
400609154,2014,15,regular,Boise State,Fresno State,-17.0,0.879
400548461,2014,16,regular,Army,Navy,15.0,0.15
400603827,2015,1,regular,Alabama,Wisconsin,-10.0,0.755
400603828,2015,1,regular,Arkansas,UTEP,-35.0,0.992
400603829,2015,1,regular,Auburn,Louisville,-10.5,0.766
400603830,2015,1,regular,Florida,New Mexico State,-38.0,0.996
400603831,2015,1,regular,Georgia,UL Monroe,-31.0,0.984
400603836,2015,1,regular,Southern Miss,Mississippi State,13.0,0.185
400603838,2015,1,regular,Texas A&M,Arizona State,-3.0,0.582
400603839,2015,1,regular,Vanderbilt,Western Kentucky,-17.5,0.886
400603840,2015,1,regular,South Carolina,North Carolina,-3.5,0.595
400756882,2015,1,regular,Arizona,UTSA,-30.5,0.982
400756883,2015,1,regular,Utah,Michigan,-3.0,0.582
400756884,2015,1,regular,USC,Arkansas State,-27.0,0.969
400756888,2015,1,regular,Boise State,Washington,-11.0,0.776
400756891,2015,1,regular,Northwestern,Stanford,10.0,0.245
400756894,2015,1,regular,Tulane,Duke,13.5,0.176
400756899,2015,1,regular,Florida State,Texas State,-37.0,0.995
400756901,2015,1,regular,NC State,Troy,-23.0,0.944
400756904,2015,1,regular,UCLA,Virginia,-14.5,0.841
400756905,2015,1,regular,Virginia Tech,Ohio State,14.0,0.167
400763398,2015,1,regular,Minnesota,TCU,16.0,0.135
400763399,2015,1,regular,Central Michigan,Oklahoma State,20.5,0.079
400763403,2015,1,regular,Notre Dame,Texas,-9.0,0.733
400763404,2015,1,regular,Oklahoma,Akron,-38.0,0.996
400763407,2015,1,regular,West Virginia,Georgia Southern,-38.0,0.996
400763470,2015,1,regular,Western Michigan,Michigan State,23.5,0.053
400763495,2015,1,regular,Nebraska,BYU,-7.5,0.698
400763497,2015,1,regular,Temple,Penn State,14.0,0.167
400763498,2015,1,regular,Marshall,Purdue,2.5,0.432
400763587,2015,1,regular,Georgia State,Charlotte,-4.0,0.609
400763588,2015,1,regular,Eastern Michigan,Old Dominion,-7.0,0.685
400763592,2015,1,regular,Tulsa,Florida Atlantic,-21.0,0.926
400763593,2015,1,regular,UCF,Florida International,-17.0,0.879
400764855,2015,1,regular,SMU,Baylor,20.0,0.084
400787107,2015,1,regular,Hawai'i,Colorado,-2.5,0.568
400787115,2015,1,regular,Northern Illinois,UNLV,-16.0,0.865
400787302,2015,1,regular,Idaho,Ohio,7.0,0.315
400834350,2015,1,regular,Tennessee,Bowling Green,-17.0,0.879
400603860,2015,2,regular,Alabama,Middle Tennessee,-34.0,0.99
400603861,2015,2,regular,Arkansas,Toledo,-21.0,0.926
400603862,2015,2,regular,Arkansas State,Missouri,13.0,0.185
400603864,2015,2,regular,Florida,East Carolina,-13.0,0.815
400603865,2015,2,regular,Mississippi State,LSU,3.0,0.418
400603866,2015,2,regular,Ole Miss,Fresno State,-23.0,0.944
400603867,2015,2,regular,South Carolina,Kentucky,-7.5,0.698
400603868,2015,2,regular,Tennessee,Oklahoma,3.0,0.418
400603869,2015,2,regular,Texas A&M,Ball State,-26.0,0.964
400603870,2015,2,regular,Vanderbilt,Georgia,17.0,0.121
400756892,2015,2,regular,Nevada,Arizona,10.5,0.234
400756907,2015,2,regular,Clemson,App State,-21.0,0.926
400756910,2015,2,regular,Georgia Tech,Tulane,-26.0,0.964
400756911,2015,2,regular,Louisville,Houston,-12.5,0.806
400756912,2015,2,regular,Florida Atlantic,Miami,16.5,0.128
400756915,2015,2,regular,Akron,Pittsburgh,11.5,0.214
400756916,2015,2,regular,Syracuse,Wake Forest,-5.5,0.648
400756917,2015,2,regular,Virginia,Notre Dame,11.5,0.214
400757014,2015,2,regular,USC,Idaho,-43.5,0.999
400757015,2015,2,regular,UNLV,UCLA,28.0,0.027
400757016,2015,2,regular,Colorado,Massachusetts,-16.0,0.865
400757019,2015,2,regular,Michigan,Oregon State,-14.0,0.833
400757021,2015,2,regular,Rutgers,Washington State,-5.5,0.648
400757022,2015,2,regular,California,San Diego State,-9.0,0.733
400757023,2015,2,regular,Stanford,UCF,-16.0,0.865
400760492,2015,2,regular,UConn,Army,-6.5,0.673
400763409,2015,2,regular,Iowa State,Iowa,4.0,0.391
400763410,2015,2,regular,Kansas,Memphis,10.5,0.234
400763413,2015,2,regular,Texas,Rice,-16.0,0.865
400763414,2015,2,regular,UTSA,Kansas State,22.5,0.06
400763415,2015,2,regular,Texas Tech,UTEP,-16.5,0.872
400763499,2015,2,regular,Colorado State,Minnesota,5.0,0.365
400763501,2015,2,regular,Indiana,Florida International,-7.5,0.698
400763502,2015,2,regular,Maryland,Bowling Green,-10.0,0.755
400763503,2015,2,regular,Nebraska,South Alabama,-27.0,0.969
400763505,2015,2,regular,Ohio State,Hawai'i,-38.0,0.996
400763506,2015,2,regular,Penn State,Buffalo,-16.5,0.872
400763508,2015,2,regular,Wisconsin,Miami (OH),-33.0,0.989
400763595,2015,2,regular,Ohio,Marshall,4.0,0.391
400763599,2015,2,regular,Western Kentucky,Louisiana Tech,-3.0,0.582
400764862,2015,2,regular,Cincinnati,Temple,-6.5,0.673
400764863,2015,2,regular,New Mexico,Tulsa,-3.0,0.582
400787117,2015,2,regular,Air Force,San José State,-7.0,0.685
400787118,2015,2,regular,BYU,Boise State,1.5,0.459
400787119,2015,2,regular,Wyoming,Eastern Michigan,-11.0,0.776
400787308,2015,2,regular,Georgia Southern,Western Michigan,4.5,0.378
400787415,2015,2,regular,New Mexico State,Georgia State,-4.0,0.609
400787981,2015,2,regular,Utah,Utah State,-11.0,0.776
400792601,2015,2,regular,Florida State,South Florida,-29.0,0.977
400603850,2015,3,regular,Alabama,Ole Miss,-8.5,0.721
400603851,2015,3,regular,Arkansas,Texas Tech,-10.5,0.766
400603852,2015,3,regular,Georgia,South Carolina,-15.5,0.857
400603853,2015,3,regular,Kentucky,Florida,4.5,0.378
400603854,2015,3,regular,LSU,Auburn,-6.5,0.673
400603856,2015,3,regular,Missouri,UConn,-24.0,0.951
400603858,2015,3,regular,Texas A&M,Nevada,-25.0,0.958
400756920,2015,3,regular,Boston College,Florida State,10.5,0.234
400756921,2015,3,regular,Duke,Northwestern,-2.5,0.568
400756922,2015,3,regular,Notre Dame,Georgia Tech,-2.0,0.555
400756923,2015,3,regular,Miami,Nebraska,-4.5,0.622
400756924,2015,3,regular,North Carolina,Illinois,-7.0,0.685
400756925,2015,3,regular,Old Dominion,NC State,15.0,0.15
400756926,2015,3,regular,Iowa,Pittsburgh,-3.0,0.582
400756927,2015,3,regular,Syracuse,Central Michigan,-6.0,0.66
400756929,2015,3,regular,Purdue,Virginia Tech,5.5,0.352
400756930,2015,3,regular,Army,Wake Forest,2.0,0.445
400757026,2015,3,regular,USC,Stanford,-8.0,0.709
400757027,2015,3,regular,UCLA,BYU,-14.5,0.841
400757028,2015,3,regular,Colorado State,Colorado,-1.0,0.527
400757029,2015,3,regular,Fresno State,Utah,15.5,0.143
400757030,2015,3,regular,Oregon,Georgia State,-48.5,1.0
400757031,2015,3,regular,Oregon State,San José State,-8.0,0.709
400757032,2015,3,regular,Washington,Utah State,-3.5,0.595
400757033,2015,3,regular,Washington State,Wyoming,-24.0,0.951
400757034,2015,3,regular,Texas,California,2.5,0.432
400763417,2015,3,regular,Kansas State,Louisiana Tech,-11.0,0.776
400763418,2015,3,regular,Oklahoma,Tulsa,-33.0,0.989
400763419,2015,3,regular,Oklahoma State,UTSA,-24.5,0.954
400763420,2015,3,regular,TCU,SMU,-38.0,0.996
400763421,2015,3,regular,Toledo,Iowa State,-6.5,0.673
400763509,2015,3,regular,Indiana,Western Kentucky,-3.0,0.582
400763510,2015,3,regular,Maryland,South Florida,-7.5,0.698
400763511,2015,3,regular,Michigan,UNLV,-34.0,0.99
400763512,2015,3,regular,Michigan State,Air Force,-27.5,0.971
400763513,2015,3,regular,Minnesota,Kent State,-23.0,0.944
400763514,2015,3,regular,Ohio State,Northern Illinois,-31.5,0.985
400763515,2015,3,regular,Penn State,Rutgers,-7.0,0.685
400763516,2015,3,regular,Wisconsin,Troy,-35.0,0.992
400763603,2015,3,regular,Middle Tennessee,Charlotte,-19.5,0.911
400763604,2015,3,regular,New Mexico State,UTEP,4.0,0.391
400763605,2015,3,regular,North Texas,Rice,6.0,0.34
400763606,2015,3,regular,Texas State,Southern Miss,-2.0,0.555
400764864,2015,3,regular,Bowling Green,Memphis,4.0,0.391
400764865,2015,3,regular,Miami (OH),Cincinnati,19.0,0.095
400764866,2015,3,regular,Navy,East Carolina,-1.5,0.541
400764869,2015,3,regular,Massachusetts,Temple,9.0,0.267
400787241,2015,3,regular,Arizona State,New Mexico,-24.0,0.951
400787243,2015,3,regular,San Diego State,South Alabama,-15.5,0.857
400787311,2015,3,regular,Eastern Michigan,Ball State,6.0,0.34
400603841,2015,4,regular,Alabama,UL Monroe,-39.0,0.996
400603842,2015,4,regular,Arkansas,Texas A&M,3.5,0.405
400603843,2015,4,regular,Auburn,Mississippi State,-3.5,0.595
400603844,2015,4,regular,Florida,Tennessee,-3.0,0.582
400603846,2015,4,regular,Kentucky,Missouri,-2.5,0.568
400603847,2015,4,regular,Ole Miss,Vanderbilt,-28.0,0.973
400603848,2015,4,regular,South Carolina,UCF,-12.5,0.806
400603849,2015,4,regular,Syracuse,LSU,24.0,0.049
400756931,2015,4,regular,Virginia,Boise State,4.0,0.391
400756932,2015,4,regular,Boston College,Northern Illinois,-4.5,0.622
400756933,2015,4,regular,Duke,Georgia Tech,10.0,0.245
400756936,2015,4,regular,South Alabama,NC State,16.5,0.128
400756937,2015,4,regular,East Carolina,Virginia Tech,6.0,0.34
400756938,2015,4,regular,Wake Forest,Indiana,3.5,0.405
400757035,2015,4,regular,Oregon State,Stanford,16.5,0.128
400757036,2015,4,regular,Arizona,UCLA,4.5,0.378
400757037,2015,4,regular,Arizona State,USC,6.0,0.34
400757039,2015,4,regular,Oregon,Utah,-14.0,0.833
400757040,2015,4,regular,Washington,California,2.0,0.445
400760493,2015,4,regular,Eastern Michigan,Army,2.0,0.445
400763422,2015,4,regular,Baylor,Rice,-33.0,0.989
400763423,2015,4,regular,Rutgers,Kansas,-13.0,0.815
400763424,2015,4,regular,Texas,Oklahoma State,5.0,0.365
400763425,2015,4,regular,Texas Tech,TCU,9.5,0.256
400763426,2015,4,regular,West Virginia,Maryland,-16.5,0.872
400763517,2015,4,regular,Illinois,Middle Tennessee,-7.0,0.685
400763518,2015,4,regular,Iowa,North Texas,-26.5,0.966
400763519,2015,4,regular,Michigan,BYU,-6.0,0.66
400763520,2015,4,regular,Michigan State,Central Michigan,-28.5,0.975
400763521,2015,4,regular,Minnesota,Ohio,-13.0,0.815
400763522,2015,4,regular,Nebraska,Southern Miss,-24.5,0.954
400763523,2015,4,regular,Northwestern,Ball State,-18.0,0.893
400763524,2015,4,regular,Ohio State,Western Michigan,-27.0,0.969
400763525,2015,4,regular,Penn State,San Diego State,-12.0,0.796
400763526,2015,4,regular,Purdue,Bowling Green,-1.5,0.541
400763527,2015,4,regular,Wisconsin,Hawai'i,-28.0,0.973
400763583,2015,4,regular,Notre Dame,Massachusetts,-28.5,0.975
400763607,2015,4,regular,Charlotte,Florida Atlantic,9.5,0.256
400763608,2015,4,regular,Kent State,Marshall,11.0,0.224
400763609,2015,4,regular,Louisiana Tech,Florida International,-14.0,0.833
400763610,2015,4,regular,Old Dominion,App State,7.0,0.315
400763612,2015,4,regular,UTSA,Colorado State,9.5,0.256
400763613,2015,4,regular,Western Kentucky,Miami (OH),-21.5,0.931
400764870,2015,4,regular,Memphis,Cincinnati,-4.5,0.622
400764871,2015,4,regular,UConn,Navy,8.0,0.291
400764872,2015,4,regular,Houston,Texas State,-16.5,0.872
400787244,2015,4,regular,San José State,Fresno State,-4.0,0.609
400787246,2015,4,regular,Wyoming,New Mexico,2.5,0.432
400787314,2015,4,regular,Toledo,Arkansas State,-10.0,0.755
400787443,2015,4,regular,Idaho,Georgia Southern,17.0,0.121
400603877,2015,5,regular,Auburn,San José State,-20.5,0.921
400603878,2015,5,regular,Florida,Ole Miss,6.5,0.327
400603881,2015,5,regular,LSU,Eastern Michigan,-45.0,0.999
400603882,2015,5,regular,Middle Tennessee,Vanderbilt,-4.5,0.622
400603883,2015,5,regular,Missouri,South Carolina,-3.5,0.595
400603884,2015,5,regular,Tennessee,Arkansas,-7.5,0.698
400603885,2015,5,regular,Texas A&M,Mississippi State,-6.0,0.66
400756939,2015,5,regular,Duke,Boston College,-7.0,0.685
400756941,2015,5,regular,Wake Forest,Florida State,18.0,0.107
400756942,2015,5,regular,Georgia Tech,North Carolina,-10.5,0.766
400756943,2015,5,regular,NC State,Louisville,-5.0,0.635
400756945,2015,5,regular,Virginia Tech,Pittsburgh,-4.5,0.622
400757041,2015,5,regular,Stanford,Arizona,-14.0,0.833
400757042,2015,5,regular,UCLA,Arizona State,-13.0,0.815
400757043,2015,5,regular,Colorado,Oregon,12.0,0.204
400757044,2015,5,regular,California,Washington State,-13.5,0.824
400760494,2015,5,regular,Penn State,Army,7.5,0.302
400763427,2015,5,regular,Iowa State,Kansas,-14.5,0.841
400763428,2015,5,regular,Oklahoma,West Virginia,-7.5,0.698
400763429,2015,5,regular,Oklahoma State,Kansas State,-3.5,0.595
400763430,2015,5,regular,TCU,Texas,-18.5,0.899
400763431,2015,5,regular,Baylor,Texas Tech,-15.5,0.857
400763528,2015,5,regular,Illinois,Nebraska,7.5,0.302
400763529,2015,5,regular,Indiana,Ohio State,17.5,0.114
400763530,2015,5,regular,Maryland,Michigan,12.0,0.204
400763531,2015,5,regular,Michigan State,Purdue,-24.5,0.954
400763532,2015,5,regular,Northwestern,Minnesota,-6.5,0.673
400763533,2015,5,regular,Wisconsin,Iowa,-8.0,0.709
400763614,2015,5,regular,Charlotte,Temple,23.5,0.053
400763616,2015,5,regular,Marshall,Old Dominion,-18.0,0.893
400763617,2015,5,regular,Rice,Western Kentucky,5.0,0.365
400763618,2015,5,regular,Southern Miss,North Texas,-13.5,0.824
400763619,2015,5,regular,UTEP,UTSA,2.0,0.445
400764873,2015,5,regular,Cincinnati,Miami,5.0,0.365
400764874,2015,5,regular,BYU,UConn,-3.5,0.595
400764875,2015,5,regular,South Florida,Memphis,10.5,0.234
400764876,2015,5,regular,Navy,Air Force,-6.0,0.66
400764877,2015,5,regular,SMU,East Carolina,6.5,0.327
400764878,2015,5,regular,Tulane,UCF,3.0,0.418
400764879,2015,5,regular,Tulsa,Houston,9.5,0.256
400787248,2015,5,regular,Boise State,Hawai'i,-23.5,0.947
400787249,2015,5,regular,Utah State,Colorado State,-7.0,0.685
400787250,2015,5,regular,San Diego State,Fresno State,-9.5,0.744
400787251,2015,5,regular,Nevada,UNLV,-11.5,0.786
400787252,2015,5,regular,New Mexico,New Mexico State,-14.0,0.833
400787253,2015,5,regular,App State,Wyoming,-17.5,0.886
400787315,2015,5,regular,Central Michigan,Northern Illinois,2.5,0.432
400787316,2015,5,regular,Akron,Ohio,4.0,0.391
400787317,2015,5,regular,Ball State,Toledo,9.5,0.256
400787318,2015,5,regular,Buffalo,Bowling Green,6.5,0.327
400787319,2015,5,regular,Kent State,Miami (OH),-10.5,0.766
400787444,2015,5,regular,Arkansas State,Idaho,-20.5,0.921
400787445,2015,5,regular,UL Monroe,Georgia Southern,6.0,0.34
400787447,2015,5,regular,Troy,South Alabama,-3.0,0.582
400603899,2015,6,regular,Alabama,Arkansas,-16.0,0.865
400603900,2015,6,regular,Mississippi State,Troy,-31.5,0.985
400603901,2015,6,regular,Missouri,Florida,3.5,0.405
400603902,2015,6,regular,Ole Miss,New Mexico State,-43.0,0.998
400603903,2015,6,regular,LSU,South Carolina,13.0,0.185
400603904,2015,6,regular,Tennessee,Georgia,2.5,0.432
400756946,2015,6,regular,Virginia Tech,NC State,-2.0,0.555
400756947,2015,6,regular,Boston College,Wake Forest,-9.0,0.733
400756948,2015,6,regular,Clemson,Georgia Tech,-7.5,0.698
400756949,2015,6,regular,Army,Duke,11.0,0.224
400756950,2015,6,regular,Florida State,Miami,-9.0,0.733
400756951,2015,6,regular,Pittsburgh,Virginia,-10.0,0.755
400756952,2015,6,regular,South Florida,Syracuse,-5.0,0.635
400757045,2015,6,regular,USC,Washington,-17.0,0.879
400757046,2015,6,regular,Arizona,Oregon State,-12.5,0.806
400757047,2015,6,regular,Arizona State,Colorado,-12.5,0.806
400757048,2015,6,regular,Utah,California,-7.0,0.685
400757049,2015,6,regular,Oregon,Washington State,-20.0,0.916
400763432,2015,6,regular,Kansas,Baylor,38.0,0.004
400763433,2015,6,regular,Kansas State,TCU,7.0,0.315
400763434,2015,6,regular,Texas,Oklahoma,13.5,0.176
400763435,2015,6,regular,Texas Tech,Iowa State,-11.5,0.786
400763436,2015,6,regular,West Virginia,Oklahoma State,-6.0,0.66
400763534,2015,6,regular,Iowa,Illinois,-10.0,0.755
400763535,2015,6,regular,Michigan,Northwestern,-10.0,0.755
400763536,2015,6,regular,Nebraska,Wisconsin,-1.0,0.527
400763537,2015,6,regular,Ohio State,Maryland,-28.5,0.975
400763538,2015,6,regular,Penn State,Indiana,-8.0,0.709
400763539,2015,6,regular,Purdue,Minnesota,2.5,0.432
400763540,2015,6,regular,Rutgers,Michigan State,17.0,0.121
400763584,2015,6,regular,Notre Dame,Navy,-16.0,0.865
400763621,2015,6,regular,Florida Atlantic,Rice,-1.5,0.541
400763622,2015,6,regular,Florida International,UTEP,-13.0,0.815
400763623,2015,6,regular,Marshall,Southern Miss,-6.5,0.673
400763625,2015,6,regular,UTSA,Louisiana Tech,11.5,0.214
400763626,2015,6,regular,Western Kentucky,Middle Tennessee,-7.5,0.698
400764880,2015,6,regular,Houston,SMU,-21.0,0.926
400764881,2015,6,regular,BYU,East Carolina,-8.5,0.721
400764882,2015,6,regular,Temple,Tulane,-14.5,0.841
400764883,2015,6,regular,Tulsa,UL Monroe,-7.0,0.685
400764884,2015,6,regular,UCF,UConn,-3.0,0.582
400787254,2015,6,regular,Air Force,Wyoming,-21.5,0.931
400787255,2015,6,regular,Colorado State,Boise State,12.0,0.204
400787256,2015,6,regular,Fresno State,Utah State,10.0,0.245
400787257,2015,6,regular,Hawai'i,San Diego State,2.0,0.445
400787258,2015,6,regular,Nevada,New Mexico,-6.0,0.66
400787320,2015,6,regular,Toledo,Kent State,-15.5,0.857
400787321,2015,6,regular,Bowling Green,Massachusetts,-13.5,0.824
400787322,2015,6,regular,Eastern Michigan,Akron,9.0,0.267
400787323,2015,6,regular,Western Michigan,Central Michigan,-5.0,0.635
400787324,2015,6,regular,Northern Illinois,Ball State,-10.5,0.766
400787325,2015,6,regular,Ohio,Miami (OH),-17.5,0.886
400787448,2015,6,regular,Georgia State,App State,18.0,0.107
400603892,2015,7,regular,Georgia,Missouri,-17.0,0.879
400603893,2015,7,regular,LSU,Florida,-6.5,0.673
400603894,2015,7,regular,Memphis,Ole Miss,10.5,0.234
400603895,2015,7,regular,Mississippi State,Louisiana Tech,-15.5,0.857
400603896,2015,7,regular,South Carolina,Vanderbilt,-7.0,0.685
400603897,2015,7,regular,Texas A&M,Alabama,3.0,0.418
400603898,2015,7,regular,Kentucky,Auburn,1.0,0.473
400756953,2015,7,regular,Clemson,Boston College,-15.5,0.857
400756954,2015,7,regular,Florida State,Louisville,-9.0,0.733
400756955,2015,7,regular,Georgia Tech,Pittsburgh,-3.0,0.582
400756956,2015,7,regular,Miami,Virginia Tech,-7.0,0.685
400756957,2015,7,regular,North Carolina,Wake Forest,-14.0,0.833
400756958,2015,7,regular,Virginia,Syracuse,-8.5,0.721
400757050,2015,7,regular,Stanford,UCLA,-5.0,0.635
400757051,2015,7,regular,Colorado,Arizona,7.0,0.315
400757052,2015,7,regular,Utah,Arizona State,-6.5,0.673
400757053,2015,7,regular,Notre Dame,USC,-3.0,0.582
400757055,2015,7,regular,Washington State,Oregon State,-8.0,0.709
400763437,2015,7,regular,Baylor,West Virginia,-18.0,0.893
400763438,2015,7,regular,Iowa State,TCU,18.0,0.107
400763439,2015,7,regular,Kansas,Texas Tech,27.0,0.031
400763440,2015,7,regular,Kansas State,Oklahoma,4.0,0.391
400763541,2015,7,regular,Indiana,Rutgers,-6.5,0.673
400763542,2015,7,regular,Michigan,Michigan State,-7.0,0.685
400763543,2015,7,regular,Minnesota,Nebraska,1.5,0.459
400763544,2015,7,regular,Northwestern,Iowa,2.5,0.432
400763545,2015,7,regular,Ohio State,Penn State,-17.5,0.886
400763546,2015,7,regular,Wisconsin,Purdue,-20.5,0.921
400763627,2015,7,regular,Florida Atlantic,Marshall,6.5,0.327
400763628,2015,7,regular,Middle Tennessee,Florida International,-7.0,0.685
400763629,2015,7,regular,North Texas,Western Kentucky,26.5,0.034
400763630,2015,7,regular,Old Dominion,Charlotte,-9.5,0.744
400763631,2015,7,regular,Southern Miss,UTSA,-7.5,0.698
400764885,2015,7,regular,Tulane,Houston,16.0,0.135
400764886,2015,7,regular,BYU,Cincinnati,-7.0,0.685
400764887,2015,7,regular,UConn,South Florida,-1.5,0.541
400764888,2015,7,regular,East Carolina,Tulsa,-11.0,0.776
400764889,2015,7,regular,Temple,UCF,-18.0,0.893
400787262,2015,7,regular,New Mexico,Hawai'i,-3.5,0.595
400787264,2015,7,regular,Wyoming,Nevada,7.0,0.315
400787265,2015,7,regular,San José State,San Diego State,-2.0,0.555
400787326,2015,7,regular,Massachusetts,Kent State,-5.0,0.635
400787327,2015,7,regular,Miami (OH),Northern Illinois,15.5,0.143
400787328,2015,7,regular,Ohio,Western Michigan,-4.0,0.609
400787329,2015,7,regular,Ball State,Georgia State,-16.5,0.872
400787330,2015,7,regular,Toledo,Eastern Michigan,-28.0,0.973
400787331,2015,7,regular,Bowling Green,Akron,-11.5,0.786
400787332,2015,7,regular,Central Michigan,Buffalo,-7.0,0.685
400787450,2015,7,regular,South Alabama,Arkansas State,6.0,0.34
400787451,2015,7,regular,UL Monroe,App State,8.5,0.279
400787452,2015,7,regular,Georgia Southern,New Mexico State,-26.0,0.964
400787453,2015,7,regular,Troy,Idaho,-12.5,0.806
400790882,2015,7,regular,Utah State,Boise State,8.5,0.279
400603886,2015,8,regular,Alabama,Tennessee,-14.5,0.841
400603887,2015,8,regular,Arkansas,Auburn,-4.0,0.609
400603888,2015,8,regular,LSU,Western Kentucky,-17.0,0.879
400603889,2015,8,regular,Mississippi State,Kentucky,-11.5,0.786
400603890,2015,8,regular,Ole Miss,Texas A&M,-6.0,0.66
400603891,2015,8,regular,Vanderbilt,Missouri,2.0,0.445
400756959,2015,8,regular,Louisville,Boston College,-8.5,0.721
400756960,2015,8,regular,Miami,Clemson,3.5,0.405
400756961,2015,8,regular,Virginia Tech,Duke,-6.0,0.66
400756962,2015,8,regular,Georgia Tech,Florida State,6.5,0.327
400756963,2015,8,regular,North Carolina,Virginia,-12.0,0.796
400756964,2015,8,regular,Wake Forest,NC State,8.5,0.279
400756965,2015,8,regular,Syracuse,Pittsburgh,6.5,0.327
400757056,2015,8,regular,UCLA,California,-6.5,0.673
400757057,2015,8,regular,Arizona,Washington State,-8.5,0.721
400757058,2015,8,regular,USC,Utah,-3.0,0.582
400757059,2015,8,regular,Oregon State,Colorado,-3.5,0.595
400757060,2015,8,regular,Stanford,Washington,-17.0,0.879
400760496,2015,8,regular,Rice,Army,14.0,0.167
400763441,2015,8,regular,Baylor,Iowa State,-37.0,0.995
400763442,2015,8,regular,Oklahoma,Texas Tech,-14.5,0.841
400763443,2015,8,regular,Oklahoma State,Kansas,-35.0,0.992
400763444,2015,8,regular,Texas,Kansas State,-3.5,0.595
400763547,2015,8,regular,Illinois,Wisconsin,7.0,0.315
400763548,2015,8,regular,Maryland,Penn State,7.5,0.302
400763549,2015,8,regular,Michigan State,Indiana,-17.0,0.879
400763550,2015,8,regular,Nebraska,Northwestern,-6.5,0.673
400763551,2015,8,regular,Rutgers,Ohio State,20.5,0.079
400763632,2015,8,regular,Charlotte,Southern Miss,16.5,0.128
400763633,2015,8,regular,Florida International,Old Dominion,-14.5,0.841
400763634,2015,8,regular,Louisiana Tech,Middle Tennessee,-8.5,0.721
400763635,2015,8,regular,Marshall,North Texas,-31.0,0.984
400763636,2015,8,regular,UTEP,Florida Atlantic,5.0,0.365
400764890,2015,8,regular,East Carolina,Temple,-2.0,0.555
400764891,2015,8,regular,Tulsa,Memphis,11.5,0.214
400764892,2015,8,regular,Cincinnati,UConn,-13.0,0.815
400764893,2015,8,regular,Navy,Tulane,-22.0,0.935
400764894,2015,8,regular,South Florida,SMU,-13.0,0.815
400764895,2015,8,regular,UCF,Houston,18.5,0.101
400787266,2015,8,regular,Air Force,Fresno State,-17.0,0.879
400787267,2015,8,regular,Boise State,Wyoming,-34.0,0.99
400787268,2015,8,regular,Nevada,Hawai'i,-6.5,0.673
400787269,2015,8,regular,San José State,New Mexico,-7.5,0.698
400787333,2015,8,regular,Buffalo,Ohio,2.0,0.445
400787334,2015,8,regular,Kent State,Bowling Green,9.5,0.256
400787335,2015,8,regular,Northern Illinois,Eastern Michigan,-27.5,0.971
400787336,2015,8,regular,Ball State,Central Michigan,6.0,0.34
400787337,2015,8,regular,Western Michigan,Miami (OH),-20.0,0.916
400787338,2015,8,regular,Massachusetts,Toledo,9.5,0.256
400787454,2015,8,regular,Arkansas State,Louisiana,-6.0,0.66
400787455,2015,8,regular,App State,Georgia Southern,-6.0,0.66
400787456,2015,8,regular,Idaho,UL Monroe,3.5,0.405
400787457,2015,8,regular,New Mexico State,Troy,3.5,0.405
400787458,2015,8,regular,Texas State,South Alabama,-5.0,0.635
400790884,2015,8,regular,San Diego State,Utah State,5.0,0.365
400603872,2015,9,regular,Auburn,Ole Miss,6.0,0.34
400603873,2015,9,regular,Florida,Georgia,-2.5,0.568
400603874,2015,9,regular,Houston,Vanderbilt,-13.5,0.824
400603875,2015,9,regular,Kentucky,Tennessee,7.5,0.302
400603876,2015,9,regular,Texas A&M,South Carolina,-16.0,0.865
400756966,2015,9,regular,Pittsburgh,North Carolina,2.5,0.432
400756967,2015,9,regular,Wake Forest,Louisville,9.5,0.256
400756968,2015,9,regular,Boston College,Virginia Tech,1.0,0.473
400756969,2015,9,regular,NC State,Clemson,9.5,0.256
400756970,2015,9,regular,Duke,Miami,-8.0,0.709
400756971,2015,9,regular,Florida State,Syracuse,-19.5,0.911
400756972,2015,9,regular,Virginia,Georgia Tech,2.5,0.432
400757063,2015,9,regular,California,USC,4.0,0.391
400757064,2015,9,regular,UCLA,Colorado,-18.5,0.899
400757065,2015,9,regular,Utah,Oregon State,-21.5,0.931
400757066,2015,9,regular,Washington State,Stanford,12.5,0.194
400763445,2015,9,regular,TCU,West Virginia,-14.5,0.841
400763446,2015,9,regular,Iowa State,Texas,9.5,0.256
400763447,2015,9,regular,Kansas,Oklahoma,39.0,0.004
400763448,2015,9,regular,Texas Tech,Oklahoma State,1.0,0.473
400763552,2015,9,regular,Iowa,Maryland,-16.0,0.865
400763553,2015,9,regular,Minnesota,Michigan,10.0,0.245
400763554,2015,9,regular,Penn State,Illinois,-4.0,0.609
400763555,2015,9,regular,Purdue,Nebraska,10.0,0.245
400763556,2015,9,regular,Wisconsin,Rutgers,-19.0,0.905
400763585,2015,9,regular,Temple,Notre Dame,10.5,0.234
400763637,2015,9,regular,Charlotte,Marshall,20.0,0.084
400763638,2015,9,regular,Florida Atlantic,Florida International,1.0,0.473
400763639,2015,9,regular,North Texas,UTSA,12.0,0.204
400763640,2015,9,regular,Old Dominion,Western Kentucky,24.0,0.049
400763641,2015,9,regular,Rice,Louisiana Tech,10.0,0.245
400763642,2015,9,regular,Southern Miss,UTEP,-18.5,0.899
400764896,2015,9,regular,UConn,East Carolina,7.0,0.315
400764897,2015,9,regular,Cincinnati,UCF,-20.5,0.921
400764898,2015,9,regular,Memphis,Tulane,-27.5,0.971
400764899,2015,9,regular,Navy,South Florida,-11.0,0.776
400764900,2015,9,regular,SMU,Tulsa,1.5,0.459
400787271,2015,9,regular,Hawai'i,Air Force,7.5,0.302
400787272,2015,9,regular,UNLV,Boise State,21.0,0.074
400787273,2015,9,regular,Colorado State,San Diego State,2.0,0.445
400787339,2015,9,regular,Eastern Michigan,Western Michigan,20.5,0.079
400787340,2015,9,regular,Miami (OH),Buffalo,9.5,0.256
400787341,2015,9,regular,Akron,Central Michigan,3.5,0.405
400787342,2015,9,regular,Ball State,Massachusetts,-4.0,0.609
400787459,2015,9,regular,Georgia Southern,Texas State,-18.5,0.899
400787460,2015,9,regular,App State,Troy,-24.0,0.951
400787461,2015,9,regular,Arkansas State,Georgia State,-18.5,0.899
400787462,2015,9,regular,New Mexico State,Idaho,3.0,0.418
400787463,2015,9,regular,Louisiana,UL Monroe,-9.0,0.733
400790885,2015,9,regular,Utah State,Wyoming,-24.0,0.951
400603905,2015,10,regular,Alabama,LSU,-7.0,0.685
400603906,2015,10,regular,Florida,Vanderbilt,-19.0,0.905
400603907,2015,10,regular,Georgia,Kentucky,-17.0,0.879
400603908,2015,10,regular,Ole Miss,Arkansas,-11.0,0.776
400603909,2015,10,regular,Tennessee,South Carolina,-15.0,0.85
400603910,2015,10,regular,Texas A&M,Auburn,-8.5,0.721
400603911,2015,10,regular,Missouri,Mississippi State,7.5,0.302
400756973,2015,10,regular,Boston College,NC State,1.0,0.473
400756974,2015,10,regular,Clemson,Florida State,-12.0,0.796
400756975,2015,10,regular,North Carolina,Duke,-8.0,0.709
400756976,2015,10,regular,Louisville,Syracuse,-12.0,0.796
400756977,2015,10,regular,Miami,Virginia,-7.5,0.698
400756978,2015,10,regular,Pittsburgh,Notre Dame,7.5,0.302
400757067,2015,10,regular,USC,Arizona,-16.5,0.872
400757068,2015,10,regular,Washington State,Arizona State,1.0,0.473
400757069,2015,10,regular,Oregon State,UCLA,15.5,0.143
400757070,2015,10,regular,Colorado,Stanford,16.0,0.135
400757072,2015,10,regular,Oregon,California,-7.5,0.698
400760497,2015,10,regular,Air Force,Army,-17.5,0.886
400763449,2015,10,regular,Kansas State,Baylor,18.5,0.101
400763450,2015,10,regular,Oklahoma,Iowa State,-26.0,0.964
400763451,2015,10,regular,Oklahoma State,TCU,5.0,0.365
400763452,2015,10,regular,Texas,Kansas,-31.5,0.985
400763453,2015,10,regular,West Virginia,Texas Tech,-7.0,0.685
400763557,2015,10,regular,Indiana,Iowa,8.0,0.291
400763558,2015,10,regular,Maryland,Wisconsin,13.0,0.185
400763559,2015,10,regular,Michigan,Rutgers,-21.5,0.931
400763560,2015,10,regular,Nebraska,Michigan State,4.5,0.378
400763561,2015,10,regular,Northwestern,Penn State,-2.0,0.555
400763562,2015,10,regular,Ohio State,Minnesota,-23.0,0.944
400763563,2015,10,regular,Purdue,Illinois,1.5,0.459
400763643,2015,10,regular,Florida International,Charlotte,-19.0,0.905
400763644,2015,10,regular,Louisiana Tech,North Texas,-30.0,0.981
400763645,2015,10,regular,Middle Tennessee,Marshall,-2.0,0.555
400763646,2015,10,regular,UTEP,Rice,6.5,0.327
400763647,2015,10,regular,UTSA,Old Dominion,-12.5,0.806
400763648,2015,10,regular,Western Kentucky,Florida Atlantic,-22.0,0.935
400764901,2015,10,regular,SMU,Temple,11.5,0.214
400764902,2015,10,regular,East Carolina,South Florida,-3.0,0.582
400764903,2015,10,regular,Houston,Cincinnati,-9.0,0.733
400764904,2015,10,regular,Memphis,Navy,-8.5,0.721
400764905,2015,10,regular,Tulane,UConn,6.0,0.34
400764906,2015,10,regular,Tulsa,UCF,-11.0,0.776
400787275,2015,10,regular,Wyoming,Colorado State,11.5,0.214
400787277,2015,10,regular,UNLV,Hawai'i,-6.0,0.66
400787278,2015,10,regular,New Mexico,Utah State,14.5,0.159
400787343,2015,10,regular,Toledo,Northern Illinois,-7.0,0.685
400787344,2015,10,regular,Bowling Green,Ohio,-13.5,0.824
400787345,2015,10,regular,Kent State,Buffalo,3.0,0.418
400787346,2015,10,regular,Western Michigan,Ball State,-13.5,0.824
400787347,2015,10,regular,Miami (OH),Eastern Michigan,-6.5,0.673
400787348,2015,10,regular,Massachusetts,Akron,-1.5,0.541
400787464,2015,10,regular,App State,Arkansas State,-12.5,0.806
400787465,2015,10,regular,Georgia State,Louisiana,6.5,0.327
400787466,2015,10,regular,South Alabama,Idaho,-5.5,0.648
400787467,2015,10,regular,Troy,UL Monroe,-5.0,0.635
400787468,2015,10,regular,Texas State,New Mexico State,-13.0,0.815
400790886,2015,10,regular,Fresno State,Nevada,3.5,0.405
400790887,2015,10,regular,San José State,BYU,12.0,0.204
400603931,2015,11,regular,Auburn,Georgia,2.0,0.445
400603932,2015,11,regular,LSU,Arkansas,-9.0,0.733
400603933,2015,11,regular,Mississippi State,Alabama,7.0,0.315
400603934,2015,11,regular,South Carolina,Florida,8.5,0.279
400603935,2015,11,regular,Tennessee,North Texas,-40.5,0.997
400603937,2015,11,regular,Vanderbilt,Kentucky,-2.5,0.568
400756979,2015,11,regular,Georgia Tech,Virginia Tech,-5.0,0.635
400756980,2015,11,regular,Syracuse,Clemson,26.5,0.034
400756981,2015,11,regular,Duke,Pittsburgh,-4.0,0.609
400756982,2015,11,regular,Florida State,NC State,-10.5,0.766
400756983,2015,11,regular,Louisville,Virginia,-8.5,0.721
400756984,2015,11,regular,North Carolina,Miami,-12.5,0.806
400756985,2015,11,regular,Notre Dame,Wake Forest,-27.0,0.969
400757073,2015,11,regular,Colorado,USC,14.5,0.159
400757074,2015,11,regular,Arizona,Utah,4.5,0.378
400757075,2015,11,regular,Arizona State,Washington,-3.5,0.595
400757076,2015,11,regular,UCLA,Washington State,-8.5,0.721
400757077,2015,11,regular,Stanford,Oregon,-8.5,0.721
400757078,2015,11,regular,California,Oregon State,-17.5,0.886
400760498,2015,11,regular,Army,Tulane,-2.5,0.568
400763454,2015,11,regular,Baylor,Oklahoma,-6.0,0.66
400763455,2015,11,regular,Iowa State,Oklahoma State,13.5,0.176
400763456,2015,11,regular,TCU,Kansas,-43.0,0.998
400763457,2015,11,regular,Texas Tech,Kansas State,-5.5,0.648
400763458,2015,11,regular,West Virginia,Texas,-7.0,0.685
400763564,2015,11,regular,Illinois,Ohio State,16.0,0.135
400763565,2015,11,regular,Indiana,Michigan,11.0,0.224
400763566,2015,11,regular,Iowa,Minnesota,-11.0,0.776
400763567,2015,11,regular,Michigan State,Maryland,-16.0,0.865
400763568,2015,11,regular,Northwestern,Purdue,-13.0,0.815
400763569,2015,11,regular,Rutgers,Nebraska,9.0,0.267
400763649,2015,11,regular,Charlotte,UTSA,7.0,0.315
400763650,2015,11,regular,Florida Atlantic,Middle Tennessee,6.0,0.34
400763651,2015,11,regular,Marshall,Florida International,-10.0,0.755
400763652,2015,11,regular,Old Dominion,UTEP,-2.0,0.555
400763653,2015,11,regular,Rice,Southern Miss,7.5,0.302
400764907,2015,11,regular,Cincinnati,Tulsa,-16.0,0.865
400764908,2015,11,regular,Houston,Memphis,-5.0,0.635
400764909,2015,11,regular,Navy,SMU,-20.0,0.916
400764910,2015,11,regular,South Florida,Temple,3.0,0.418
400785063,2015,11,regular,Missouri,BYU,3.0,0.418
400787280,2015,11,regular,Air Force,Utah State,1.5,0.459
400787281,2015,11,regular,Boise State,New Mexico,-29.5,0.979
400787282,2015,11,regular,Colorado State,UNLV,-6.5,0.673
400787283,2015,11,regular,Hawai'i,Fresno State,-4.0,0.609
400787284,2015,11,regular,Nevada,San José State,-1.0,0.527
400787285,2015,11,regular,San Diego State,Wyoming,-19.0,0.905
400787349,2015,11,regular,Ohio,Kent State,-7.0,0.685
400787350,2015,11,regular,Central Michigan,Toledo,6.0,0.34
400787351,2015,11,regular,Buffalo,Northern Illinois,5.0,0.365
400787352,2015,11,regular,Western Michigan,Bowling Green,4.5,0.378
400787353,2015,11,regular,Miami (OH),Akron,6.0,0.34
400787354,2015,11,regular,Eastern Michigan,Massachusetts,7.5,0.302
400787469,2015,11,regular,South Alabama,Louisiana,1.5,0.459
400787470,2015,11,regular,Idaho,App State,20.0,0.084
400787471,2015,11,regular,UL Monroe,Arkansas State,12.5,0.194
400787472,2015,11,regular,Troy,Georgia Southern,10.0,0.245
400787473,2015,11,regular,Texas State,Georgia State,-5.0,0.635
400603922,2015,12,regular,Arkansas,Mississippi State,-3.0,0.582
400603923,2015,12,regular,Auburn,Idaho,-32.5,0.987
400603924,2015,12,regular,Florida,Florida Atlantic,-31.0,0.984
400603925,2015,12,regular,Georgia,Georgia Southern,-16.0,0.865
400603926,2015,12,regular,Kentucky,Charlotte,-24.5,0.954
400603927,2015,12,regular,Missouri,Tennessee,9.0,0.267
400603928,2015,12,regular,Ole Miss,LSU,-4.5,0.622
400603930,2015,12,regular,Vanderbilt,Texas A&M,7.5,0.302
400756986,2015,12,regular,Notre Dame,Boston College,-16.0,0.865
400756987,2015,12,regular,Clemson,Wake Forest,-29.0,0.977
400756988,2015,12,regular,Virginia,Duke,-2.5,0.568
400756990,2015,12,regular,Miami,Georgia Tech,-1.0,0.527
400756991,2015,12,regular,Pittsburgh,Louisville,-1.5,0.541
400756992,2015,12,regular,Virginia Tech,North Carolina,7.5,0.302
400756993,2015,12,regular,NC State,Syracuse,-17.0,0.879
400757079,2015,12,regular,Arizona State,Arizona,-7.0,0.685
400757080,2015,12,regular,Oregon,USC,-2.5,0.568
400757081,2015,12,regular,Utah,UCLA,2.0,0.445
400757082,2015,12,regular,Washington State,Colorado,-15.5,0.857
400757083,2015,12,regular,Oregon State,Washington,16.0,0.135
400757084,2015,12,regular,Stanford,California,-12.5,0.806
400760499,2015,12,regular,Army,Rutgers,5.0,0.365
400763459,2015,12,regular,Kansas,West Virginia,28.0,0.027
400763460,2015,12,regular,Kansas State,Iowa State,-7.0,0.685
400763573,2015,12,regular,Ohio State,Michigan State,-13.0,0.815
400763574,2015,12,regular,Penn State,Michigan,5.0,0.365
400763575,2015,12,regular,Wisconsin,Northwestern,-10.5,0.766
400763654,2015,12,regular,Florida International,Western Kentucky,14.0,0.167
400763655,2015,12,regular,Middle Tennessee,North Texas,-24.0,0.951
400763656,2015,12,regular,Southern Miss,Old Dominion,-19.5,0.911
400763657,2015,12,regular,UTEP,Louisiana Tech,21.5,0.069
400764911,2015,12,regular,UCF,East Carolina,17.0,0.121
400764912,2015,12,regular,South Florida,Cincinnati,2.5,0.432
400764913,2015,12,regular,UConn,Houston,10.0,0.245
400764914,2015,12,regular,SMU,Tulane,-3.0,0.582
400764915,2015,12,regular,Temple,Memphis,1.5,0.459
400764916,2015,12,regular,Tulsa,Navy,9.5,0.256
400787287,2015,12,regular,New Mexico,Colorado State,2.0,0.445
400787288,2015,12,regular,BYU,Fresno State,-24.5,0.954
400787289,2015,12,regular,Hawai'i,San José State,9.0,0.267
400787290,2015,12,regular,Utah State,Nevada,-14.0,0.833
400787291,2015,12,regular,UNLV,San Diego State,11.0,0.224
400787355,2015,12,regular,Ohio,Ball State,-7.0,0.685
400787356,2015,12,regular,Bowling Green,Toledo,-9.0,0.733
400787357,2015,12,regular,Kent State,Central Michigan,8.5,0.279
400787358,2015,12,regular,Northern Illinois,Western Michigan,-3.5,0.595
400787359,2015,12,regular,Massachusetts,Miami (OH),-9.0,0.733
400787360,2015,12,regular,Akron,Buffalo,-2.5,0.568
400787474,2015,12,regular,Texas State,UL Monroe,-5.0,0.635
400787475,2015,12,regular,Georgia State,South Alabama,-1.0,0.527
400790881,2015,12,regular,Boise State,Air Force,-14.5,0.841
400603912,2015,13,regular,Arkansas,Missouri,-14.0,0.833
400603913,2015,13,regular,Auburn,Alabama,13.0,0.185
400603914,2015,13,regular,Florida,Florida State,-3.0,0.582
400603915,2015,13,regular,Georgia Tech,Georgia,4.5,0.378
400603916,2015,13,regular,Kentucky,Louisville,4.0,0.391
400603917,2015,13,regular,LSU,Texas A&M,-4.0,0.609
400603918,2015,13,regular,Mississippi State,Ole Miss,2.0,0.445
400603919,2015,13,regular,South Carolina,Clemson,15.5,0.143
400603920,2015,13,regular,Tennessee,Vanderbilt,-17.5,0.886
400756995,2015,13,regular,Syracuse,Boston College,4.5,0.378
400756996,2015,13,regular,Wake Forest,Duke,4.0,0.391
400756997,2015,13,regular,NC State,North Carolina,6.0,0.34
400756998,2015,13,regular,Virginia,Virginia Tech,3.5,0.405
400757085,2015,13,regular,Oregon,Oregon State,-30.0,0.981
400757086,2015,13,regular,Washington,Washington State,-5.5,0.648
400757087,2015,13,regular,California,Arizona State,-3.0,0.582
400757088,2015,13,regular,USC,UCLA,-3.5,0.595
400757089,2015,13,regular,Utah,Colorado,-15.5,0.857
400757090,2015,13,regular,Stanford,Notre Dame,2.0,0.445
400763463,2015,13,regular,Texas,Texas Tech,-2.0,0.555
400763465,2015,13,regular,Kansas,Kansas State,21.5,0.069
400763466,2015,13,regular,Oklahoma State,Oklahoma,3.5,0.405
400763467,2015,13,regular,West Virginia,Iowa State,-13.5,0.824
400763577,2015,13,regular,Illinois,Northwestern,3.5,0.405
400763578,2015,13,regular,Michigan,Ohio State,2.5,0.432
400763579,2015,13,regular,Michigan State,Penn State,-11.0,0.776
400763580,2015,13,regular,Minnesota,Wisconsin,2.5,0.432
400763581,2015,13,regular,Purdue,Indiana,5.0,0.365
400763582,2015,13,regular,Rutgers,Maryland,2.0,0.445
400763659,2015,13,regular,Louisiana Tech,Southern Miss,-6.5,0.673
400763660,2015,13,regular,North Texas,UTEP,-4.0,0.609
400763661,2015,13,regular,Old Dominion,Florida Atlantic,5.5,0.352
400763662,2015,13,regular,Rice,Charlotte,-9.5,0.744
400763663,2015,13,regular,UTSA,Middle Tennessee,11.0,0.224
400763664,2015,13,regular,Western Kentucky,Marshall,-10.5,0.766
400764917,2015,13,regular,Houston,Navy,-1.5,0.541
400764918,2015,13,regular,UCF,South Florida,22.5,0.06
400764919,2015,13,regular,East Carolina,Cincinnati,3.0,0.418
400764920,2015,13,regular,Memphis,SMU,-24.5,0.954
400764921,2015,13,regular,Temple,UConn,-12.5,0.806
400764922,2015,13,regular,Tulane,Tulsa,3.0,0.418
400787292,2015,13,regular,New Mexico,Air Force,10.5,0.234
400787294,2015,13,regular,Fresno State,Colorado State,8.5,0.279
400787296,2015,13,regular,San Diego State,Nevada,-14.0,0.833
400787297,2015,13,regular,Utah State,BYU,2.0,0.445
400787298,2015,13,regular,Wyoming,UNLV,3.0,0.418
400787361,2015,13,regular,Ball State,Bowling Green,20.5,0.079
400787362,2015,13,regular,Northern Illinois,Ohio,-13.5,0.824
400787364,2015,13,regular,Central Michigan,Eastern Michigan,-23.0,0.944
400787365,2015,13,regular,Buffalo,Massachusetts,-6.0,0.66
400787477,2015,13,regular,Georgia State,Troy,-1.0,0.527
400787479,2015,13,regular,New Mexico State,Arkansas State,17.0,0.121
400787480,2015,13,regular,Georgia Southern,South Alabama,-21.0,0.926
400790888,2015,13,regular,San José State,Boise State,10.0,0.245
400763468,2015,14,regular,Baylor,Texas,-20.5,0.921
400763469,2015,14,regular,Kansas State,West Virginia,5.5,0.352
400787482,2015,14,regular,South Alabama,App State,16.5,0.128
400787483,2015,14,regular,Arkansas State,Texas State,-21.5,0.931
400787484,2015,14,regular,Georgia Southern,Georgia State,-22.0,0.935
400787486,2015,14,regular,UL Monroe,New Mexico State,-3.0,0.582
400852672,2015,14,regular,Western Kentucky,Southern Miss,-7.5,0.698
400852675,2015,14,regular,San Diego State,Air Force,-3.5,0.595
400852676,2015,14,regular,Clemson,North Carolina,-6.5,0.673
400852677,2015,14,regular,Stanford,USC,-4.0,0.609
400852678,2015,14,regular,Houston,Temple,-7.0,0.685
400852680,2015,14,regular,Northern Illinois,Bowling Green,8.0,0.291
400852681,2015,14,regular,Alabama,Florida,-17.0,0.879
400852682,2015,14,regular,Iowa,Michigan State,4.0,0.391
400760500,2015,15,regular,Navy,Army,-23.0,0.944
400868910,2016,1,regular,Temple,Army,-21.5,0.931
400868922,2016,1,regular,Arizona,BYU,-2.5,0.568
400868946,2016,1,regular,Texas,Notre Dame,2.5,0.432
400868957,2016,1,regular,Florida,Massachusetts,-37.0,0.995
400868968,2016,1,regular,Vanderbilt,South Carolina,4.0,0.391
400868969,2016,1,regular,Alabama,USC,-9.0,0.733
400868970,2016,1,regular,Arkansas,Louisiana Tech,-20.5,0.921
400868971,2016,1,regular,Auburn,Clemson,7.5,0.302
400868972,2016,1,regular,North Carolina,Georgia,3.5,0.405
400868973,2016,1,regular,Kentucky,Southern Miss,-7.5,0.698
400868974,2016,1,regular,Wisconsin,LSU,9.5,0.256
400868975,2016,1,regular,Mississippi State,South Alabama,-34.0,0.99
400868976,2016,1,regular,West Virginia,Missouri,-11.5,0.786
400868977,2016,1,regular,Tennessee,App State,-23.0,0.944
400868978,2016,1,regular,Texas A&M,UCLA,-1.0,0.527
400868979,2016,1,regular,Florida State,Ole Miss,-5.0,0.635
400869090,2016,1,regular,California,Hawai'i,-23.0,0.944
400869092,2016,1,regular,Minnesota,Oregon State,-7.5,0.698
400869093,2016,1,regular,Colorado,Colorado State,-10.0,0.755
400869094,2016,1,regular,Stanford,Kansas State,-16.5,0.872
400869097,2016,1,regular,Washington,Rutgers,-22.5,0.94
400869176,2016,1,regular,Louisiana,Boise State,18.0,0.107
400869178,2016,1,regular,Wyoming,Northern Illinois,10.5,0.234
400869179,2016,1,regular,Nebraska,Fresno State,-29.5,0.979
400869180,2016,1,regular,Michigan,Hawai'i,-40.5,0.997
400869183,2016,1,regular,Tulsa,San José State,-6.0,0.66
400869258,2016,1,regular,Georgia State,Ball State,5.5,0.352
400869260,2016,1,regular,Ohio State,Bowling Green,-27.0,0.969
400869261,2016,1,regular,Penn State,Kent State,-19.0,0.905
400869262,2016,1,regular,Iowa,Miami (OH),-32.0,0.986
400869264,2016,1,regular,Ohio,Texas State,-19.0,0.905
400869265,2016,1,regular,Arkansas State,Toledo,-2.5,0.568
400869267,2016,1,regular,Northwestern,Western Michigan,-6.5,0.673
400869341,2016,1,regular,Louisville,Charlotte,-39.5,0.997
400869342,2016,1,regular,Florida International,Indiana,3.0,0.418
400869345,2016,1,regular,North Texas,SMU,12.0,0.204
400869347,2016,1,regular,Western Kentucky,Rice,-14.5,0.841
400869348,2016,1,regular,UTEP,New Mexico State,-3.5,0.595
400869421,2016,1,regular,Wake Forest,Tulane,-16.0,0.865
400869424,2016,1,regular,Boston College,Georgia Tech,3.0,0.418
400869507,2016,1,regular,Houston,Oklahoma,10.0,0.245
400868877,2016,2,regular,Baylor,SMU,-28.5,0.975
400868888,2016,2,regular,Iowa,Iowa State,-18.0,0.893
400868911,2016,2,regular,Army,Rice,-7.0,0.685
400868923,2016,2,regular,Utah,BYU,-4.5,0.622
400868947,2016,2,regular,Notre Dame,Nevada,-26.0,0.964
400868958,2016,2,regular,Massachusetts,Boston College,16.5,0.128
400868980,2016,2,regular,Alabama,Western Kentucky,-24.0,0.951
400868981,2016,2,regular,TCU,Arkansas,-6.0,0.66
400868982,2016,2,regular,Auburn,Arkansas State,-13.0,0.815
400868983,2016,2,regular,Florida,Kentucky,-16.5,0.872
400868987,2016,2,regular,Mississippi State,South Carolina,-9.5,0.744
400868988,2016,2,regular,Missouri,Eastern Michigan,-24.5,0.954
400868989,2016,2,regular,Tennessee,Virginia Tech,-9.0,0.733
400868991,2016,2,regular,Vanderbilt,Middle Tennessee,-5.0,0.635
400869100,2016,2,regular,Arizona State,Texas Tech,-5.0,0.635
400869101,2016,2,regular,USC,Utah State,-14.0,0.833
400869102,2016,2,regular,UCLA,UNLV,-25.5,0.961
400869104,2016,2,regular,Oregon,Virginia,-20.5,0.921
400869105,2016,2,regular,Washington,Idaho,-35.0,0.992
400869106,2016,2,regular,Boise State,Washington State,-12.0,0.796
400869107,2016,2,regular,San Diego State,California,-7.0,0.685
400869185,2016,2,regular,Colorado State,UTSA,-10.0,0.755
400869186,2016,2,regular,New Mexico State,New Mexico,11.5,0.214
400869187,2016,2,regular,Nebraska,Wyoming,-24.0,0.951
400869268,2016,2,regular,Wisconsin,Akron,-24.0,0.951
400869269,2016,2,regular,Indiana,Ball State,-17.5,0.886
400869270,2016,2,regular,Oklahoma State,Central Michigan,-19.0,0.905
400869273,2016,2,regular,South Florida,Northern Illinois,-11.5,0.786
400869277,2016,2,regular,Kansas,Ohio,9.0,0.267
400869351,2016,2,regular,Florida International,Maryland,7.0,0.315
400869357,2016,2,regular,Texas,UTEP,-26.0,0.964
400869429,2016,2,regular,Syracuse,Louisville,13.0,0.185
400869430,2016,2,regular,Clemson,Troy,-34.0,0.99
400869431,2016,2,regular,Duke,Wake Forest,-8.5,0.721
400869434,2016,2,regular,Illinois,North Carolina,7.0,0.315
400869435,2016,2,regular,East Carolina,NC State,3.5,0.405
400869436,2016,2,regular,Pittsburgh,Penn State,-4.5,0.622
400869510,2016,2,regular,Michigan,UCF,-34.5,0.991
400869511,2016,2,regular,Purdue,Cincinnati,7.0,0.315
400869512,2016,2,regular,Navy,UConn,-7.5,0.698
400869516,2016,2,regular,Ohio State,Tulsa,-28.5,0.975
400869612,2016,2,regular,Oklahoma,UL Monroe,-44.0,0.999
400869719,2016,2,regular,Miami,Florida Atlantic,-23.0,0.944
400869811,2016,2,regular,South Alabama,Georgia Southern,11.5,0.214
400868889,2016,3,regular,TCU,Iowa State,-23.5,0.947
400868924,2016,3,regular,BYU,UCLA,4.0,0.391
400868948,2016,3,regular,Notre Dame,Michigan State,-7.0,0.685
400868992,2016,3,regular,Arkansas,Texas State,-32.5,0.987
400868993,2016,3,regular,Auburn,Texas A&M,-4.0,0.609
400868994,2016,3,regular,Florida,North Texas,-35.0,0.992
400868995,2016,3,regular,Kentucky,New Mexico State,-21.5,0.931
400868997,2016,3,regular,Ole Miss,Alabama,9.5,0.256
400868998,2016,3,regular,Missouri,Georgia,6.0,0.34
400868999,2016,3,regular,South Carolina,East Carolina,-6.0,0.66
400869000,2016,3,regular,Tennessee,Ohio,-27.5,0.971
400869001,2016,3,regular,Georgia Tech,Vanderbilt,-7.5,0.698
400869109,2016,3,regular,UTSA,Arizona State,18.5,0.101
400869110,2016,3,regular,Stanford,USC,-6.5,0.673
400869111,2016,3,regular,Michigan,Colorado,-20.0,0.916
400869112,2016,3,regular,San José State,Utah,13.0,0.185
400869113,2016,3,regular,Nebraska,Oregon,-3.0,0.582
400869116,2016,3,regular,Washington State,Idaho,-27.5,0.971
400869117,2016,3,regular,California,Texas,6.0,0.34
400869192,2016,3,regular,Rutgers,New Mexico,-3.5,0.595
400869193,2016,3,regular,Utah State,Arkansas State,-8.0,0.709
400869195,2016,3,regular,Toledo,Fresno State,-20.0,0.916
400869196,2016,3,regular,Nevada,Buffalo,-9.0,0.733
400869197,2016,3,regular,Northern Illinois,San Diego State,8.0,0.291
400869198,2016,3,regular,Central Michigan,UNLV,-14.0,0.833
400869278,2016,3,regular,Marshall,Akron,-15.5,0.857
400869280,2016,3,regular,Charlotte,Eastern Michigan,1.5,0.459
400869281,2016,3,regular,Bowling Green,Middle Tennessee,3.5,0.405
400869283,2016,3,regular,Miami (OH),Western Kentucky,15.0,0.15
400869284,2016,3,regular,Illinois,Western Michigan,1.5,0.459
400869358,2016,3,regular,Kansas State,Florida Atlantic,-19.0,0.905
400869359,2016,3,regular,Texas Tech,Louisiana Tech,-12.0,0.796
400869360,2016,3,regular,NC State,Old Dominion,-20.5,0.921
400869361,2016,3,regular,Rice,Baylor,27.5,0.029
400869362,2016,3,regular,Southern Miss,Troy,-11.5,0.786
400869437,2016,3,regular,Virginia Tech,Boston College,-7.0,0.685
400869439,2016,3,regular,Northwestern,Duke,-4.0,0.609
400869440,2016,3,regular,Louisville,Florida State,4.5,0.378
400869442,2016,3,regular,Oklahoma State,Pittsburgh,-6.0,0.66
400869443,2016,3,regular,Syracuse,South Florida,13.5,0.176
400869444,2016,3,regular,UConn,Virginia,-6.5,0.673
400869517,2016,3,regular,Cincinnati,Houston,7.5,0.302
400869518,2016,3,regular,UCF,Maryland,9.0,0.267
400869519,2016,3,regular,Penn State,Temple,-7.0,0.685
400869520,2016,3,regular,Memphis,Kansas,-20.0,0.916
400869521,2016,3,regular,Tulane,Navy,10.5,0.234
400869613,2016,3,regular,Oklahoma,Ohio State,2.5,0.432
400869657,2016,3,regular,Wisconsin,Georgia State,-30.0,0.981
400869720,2016,3,regular,App State,Miami,4.0,0.391
400869813,2016,3,regular,Georgia Southern,UL Monroe,-27.0,0.969
400869814,2016,3,regular,Louisiana,South Alabama,-3.5,0.595
400868878,2016,4,regular,Baylor,Oklahoma State,-10.0,0.755
400868913,2016,4,regular,Buffalo,Army,16.0,0.135
400868925,2016,4,regular,West Virginia,BYU,-3.5,0.595
400868949,2016,4,regular,Notre Dame,Duke,-20.0,0.916
400868960,2016,4,regular,Massachusetts,Mississippi State,25.0,0.042
400869002,2016,4,regular,Alabama,Kent State,-41.5,0.998
400869003,2016,4,regular,Auburn,LSU,4.0,0.391
400869004,2016,4,regular,Kentucky,South Carolina,-1.5,0.541
400869005,2016,4,regular,Ole Miss,Georgia,-6.0,0.66
400869007,2016,4,regular,Tennessee,Florida,-8.0,0.709
400869008,2016,4,regular,Texas A&M,Arkansas,-3.0,0.582
400869009,2016,4,regular,Western Kentucky,Vanderbilt,-7.5,0.698
400869118,2016,4,regular,Utah,USC,-2.0,0.555
400869119,2016,4,regular,Arizona,Washington,10.0,0.245
400869120,2016,4,regular,Arizona State,California,-6.5,0.673
400869121,2016,4,regular,UCLA,Stanford,2.5,0.432
400869122,2016,4,regular,Oregon,Colorado,-11.0,0.776
400869123,2016,4,regular,Oregon State,Boise State,14.0,0.167
400869199,2016,4,regular,Utah State,Air Force,3.0,0.418
400869200,2016,4,regular,Minnesota,Colorado State,-15.5,0.857
400869201,2016,4,regular,Eastern Michigan,Wyoming,2.5,0.432
400869202,2016,4,regular,Fresno State,Tulsa,11.5,0.214
400869203,2016,4,regular,Purdue,Nevada,-5.0,0.635
400869204,2016,4,regular,Iowa State,San José State,-6.0,0.66
400869205,2016,4,regular,UNLV,Idaho,-13.0,0.815
400869285,2016,4,regular,Akron,App State,7.0,0.315
400869286,2016,4,regular,Florida Atlantic,Ball State,3.0,0.418
400869287,2016,4,regular,Memphis,Bowling Green,-16.5,0.872
400869288,2016,4,regular,Virginia,Central Michigan,2.0,0.445
400869290,2016,4,regular,Western Michigan,Georgia Southern,-4.0,0.609
400869291,2016,4,regular,Cincinnati,Miami (OH),-19.5,0.911
400869363,2016,4,regular,Temple,Charlotte,-29.5,0.979
400869364,2016,4,regular,Florida International,UCF,5.5,0.352
400869365,2016,4,regular,Middle Tennessee,Louisiana Tech,-4.0,0.609
400869366,2016,4,regular,Marshall,Louisville,23.0,0.056
400869367,2016,4,regular,Rice,North Texas,-7.5,0.698
400869368,2016,4,regular,Old Dominion,UTSA,-1.5,0.541
400869369,2016,4,regular,UTEP,Southern Miss,10.0,0.245
400869446,2016,4,regular,Georgia Tech,Clemson,11.0,0.224
400869448,2016,4,regular,South Florida,Florida State,5.5,0.352
400869449,2016,4,regular,North Carolina,Pittsburgh,-7.0,0.685
400869450,2016,4,regular,UConn,Syracuse,-6.0,0.66
400869451,2016,4,regular,Virginia Tech,East Carolina,-9.5,0.744
400869452,2016,4,regular,Indiana,Wake Forest,-5.5,0.648
400869524,2016,4,regular,SMU,TCU,24.0,0.049
400869525,2016,4,regular,Texas State,Houston,33.0,0.011
400869526,2016,4,regular,Tulane,Louisiana,-3.0,0.582
400869634,2016,4,regular,Rutgers,Iowa,13.5,0.176
400869658,2016,4,regular,Michigan,Penn State,-15.5,0.857
400869659,2016,4,regular,Michigan State,Wisconsin,-6.0,0.66
400869660,2016,4,regular,Northwestern,Nebraska,6.5,0.327
400869816,2016,4,regular,Troy,New Mexico State,-17.5,0.886
400868879,2016,5,regular,Iowa State,Baylor,17.0,0.121
400868926,2016,5,regular,BYU,Toledo,-4.5,0.622
400868950,2016,5,regular,Syracuse,Notre Dame,12.0,0.204
400868961,2016,5,regular,Massachusetts,Tulane,2.5,0.432
400869010,2016,5,regular,Alabama,Kentucky,-32.5,0.987
400869012,2016,5,regular,Auburn,UL Monroe,-34.0,0.99
400869013,2016,5,regular,Georgia,Tennessee,2.5,0.432
400869014,2016,5,regular,LSU,Missouri,-14.0,0.833
400869016,2016,5,regular,South Carolina,Texas A&M,14.0,0.167
400869017,2016,5,regular,Vanderbilt,Florida,8.5,0.279
400869124,2016,5,regular,Washington,Stanford,-3.5,0.595
400869125,2016,5,regular,UCLA,Arizona,3.0,0.418
400869126,2016,5,regular,USC,Arizona State,-8.0,0.709
400869127,2016,5,regular,Colorado,Oregon State,-16.0,0.865
400869128,2016,5,regular,California,Utah,-2.0,0.555
400869129,2016,5,regular,Washington State,Oregon,1.0,0.473
400869206,2016,5,regular,Air Force,Navy,-10.5,0.766
400869207,2016,5,regular,Boise State,Utah State,-19.5,0.911
400869208,2016,5,regular,Colorado State,Wyoming,-5.5,0.648
400869209,2016,5,regular,New Mexico,San José State,-4.5,0.622
400869210,2016,5,regular,UNLV,Fresno State,-11.5,0.786
400869212,2016,5,regular,South Alabama,San Diego State,17.5,0.114
400869293,2016,5,regular,Kent State,Akron,5.0,0.365
400869294,2016,5,regular,Boston College,Buffalo,-20.0,0.916
400869295,2016,5,regular,Bowling Green,Eastern Michigan,-6.5,0.673
400869296,2016,5,regular,Miami (OH),Ohio,3.5,0.405
400869297,2016,5,regular,Ball State,Northern Illinois,-1.0,0.527
400869298,2016,5,regular,Central Michigan,Western Michigan,4.0,0.391
400869370,2016,5,regular,Charlotte,Old Dominion,7.5,0.302
400869371,2016,5,regular,Florida International,Florida Atlantic,5.0,0.365
400869372,2016,5,regular,Louisiana Tech,UTEP,-21.0,0.926
400869373,2016,5,regular,Pittsburgh,Marshall,-14.0,0.833
400869374,2016,5,regular,North Texas,Middle Tennessee,16.0,0.135
400869375,2016,5,regular,Southern Miss,Rice,-21.0,0.926
400869453,2016,5,regular,Clemson,Louisville,-3.5,0.595
400869454,2016,5,regular,Duke,Virginia,-5.0,0.635
400869455,2016,5,regular,Florida State,North Carolina,-12.0,0.796
400869456,2016,5,regular,NC State,Wake Forest,-9.0,0.733
400869527,2016,5,regular,Houston,UConn,-24.5,0.954
400869528,2016,5,regular,East Carolina,UCF,-5.5,0.648
400869529,2016,5,regular,Cincinnati,South Florida,6.0,0.34
400869530,2016,5,regular,Temple,SMU,-13.5,0.824
400869598,2016,5,regular,Texas Tech,Kansas,-27.0,0.969
400869606,2016,5,regular,West Virginia,Kansas State,-5.5,0.648
400869620,2016,5,regular,Oklahoma State,Texas,-3.0,0.582
400869635,2016,5,regular,Ohio State,Rutgers,-37.0,0.995
400869661,2016,5,regular,Indiana,Michigan State,8.0,0.291
400869662,2016,5,regular,Iowa,Northwestern,-12.0,0.796
400869663,2016,5,regular,Maryland,Purdue,-9.0,0.733
400869664,2016,5,regular,Michigan,Wisconsin,-10.0,0.755
400869665,2016,5,regular,Nebraska,Illinois,-21.5,0.931
400869666,2016,5,regular,Penn State,Minnesota,-4.0,0.609
400869721,2016,5,regular,Georgia Tech,Miami,5.0,0.365
400869818,2016,5,regular,App State,Georgia State,-21.0,0.926
400869819,2016,5,regular,Idaho,Troy,13.5,0.176
400869820,2016,5,regular,New Mexico State,Louisiana,8.0,0.291
400868914,2016,6,regular,Duke,Army,-6.0,0.66
400868927,2016,6,regular,Michigan State,BYU,-5.0,0.635
400868951,2016,6,regular,NC State,Notre Dame,2.5,0.432
400868962,2016,6,regular,Old Dominion,Massachusetts,-7.0,0.685
400869018,2016,6,regular,Arkansas,Alabama,13.0,0.185
400869020,2016,6,regular,Kentucky,Vanderbilt,-2.0,0.555
400869021,2016,6,regular,Mississippi State,Auburn,-1.5,0.541
400869022,2016,6,regular,South Carolina,Georgia,8.5,0.279
400869023,2016,6,regular,Texas A&M,Tennessee,-6.5,0.673
400869130,2016,6,regular,Utah,Arizona,-9.0,0.733
400869131,2016,6,regular,Arizona State,UCLA,4.5,0.378
400869132,2016,6,regular,USC,Colorado,-4.0,0.609
400869133,2016,6,regular,Oregon,Washington,6.5,0.327
400869134,2016,6,regular,Oregon State,California,10.0,0.245
400869135,2016,6,regular,Stanford,Washington State,-12.5,0.806
400869213,2016,6,regular,Wyoming,Air Force,13.5,0.176
400869214,2016,6,regular,New Mexico,Boise State,16.5,0.128
400869215,2016,6,regular,Colorado State,Utah State,6.0,0.34
400869216,2016,6,regular,Nevada,Fresno State,-11.5,0.786
400869217,2016,6,regular,San José State,Hawai'i,-3.5,0.595
400869218,2016,6,regular,San Diego State,UNLV,-17.5,0.886
400869299,2016,6,regular,Central Michigan,Ball State,-13.5,0.824
400869300,2016,6,regular,Ohio,Bowling Green,-15.5,0.857
400869301,2016,6,regular,Buffalo,Kent State,-2.0,0.555
400869302,2016,6,regular,Akron,Miami (OH),-7.5,0.698
400869303,2016,6,regular,Western Michigan,Northern Illinois,-19.0,0.905
400869304,2016,6,regular,Eastern Michigan,Toledo,17.5,0.114
400869377,2016,6,regular,Florida Atlantic,Charlotte,-15.0,0.85
400869378,2016,6,regular,UTEP,Florida International,-2.5,0.568
400869379,2016,6,regular,Louisiana Tech,Western Kentucky,-1.0,0.527
400869380,2016,6,regular,North Texas,Marshall,11.0,0.224
400869381,2016,6,regular,UTSA,Southern Miss,14.5,0.159
400869457,2016,6,regular,Boston College,Clemson,17.0,0.121
400869458,2016,6,regular,Pittsburgh,Georgia Tech,-8.0,0.709
400869459,2016,6,regular,North Carolina,Virginia Tech,-5.5,0.648
400869460,2016,6,regular,Wake Forest,Syracuse,-3.0,0.582
400869531,2016,6,regular,Memphis,Temple,-6.5,0.673
400869533,2016,6,regular,Tulsa,SMU,-11.0,0.776
400869534,2016,6,regular,UConn,Cincinnati,2.5,0.432
400869535,2016,6,regular,South Florida,East Carolina,-20.0,0.916
400869536,2016,6,regular,Navy,Houston,17.0,0.121
400869590,2016,6,regular,Oklahoma State,Iowa State,-16.5,0.872
400869599,2016,6,regular,Kansas,TCU,29.5,0.021
400869607,2016,6,regular,Kansas State,Texas Tech,-9.0,0.733
400869615,2016,6,regular,Oklahoma,Texas,-6.5,0.673
400869636,2016,6,regular,Rutgers,Michigan,26.5,0.034
400869643,2016,6,regular,Ohio State,Indiana,-32.0,0.986
400869667,2016,6,regular,Illinois,Purdue,-9.0,0.733
400869668,2016,6,regular,Minnesota,Iowa,1.5,0.459
400869669,2016,6,regular,Penn State,Maryland,-3.0,0.582
400869722,2016,6,regular,Miami,Florida State,-1.5,0.541
400869822,2016,6,regular,Arkansas State,Georgia Southern,5.5,0.352
400869823,2016,6,regular,Georgia State,Texas State,-8.5,0.721
400869824,2016,6,regular,UL Monroe,Idaho,-3.0,0.582
400868880,2016,7,regular,Baylor,Kansas,-35.0,0.992
400868928,2016,7,regular,BYU,Mississippi State,-4.0,0.609
400868963,2016,7,regular,Massachusetts,Louisiana Tech,16.0,0.135
400869024,2016,7,regular,Arkansas,Ole Miss,6.5,0.327
400869025,2016,7,regular,Florida,Missouri,-13.0,0.815
400869026,2016,7,regular,Georgia,Vanderbilt,-14.5,0.841
400869027,2016,7,regular,LSU,Southern Miss,-21.0,0.926
400869028,2016,7,regular,Tennessee,Alabama,9.0,0.267
400869136,2016,7,regular,Arizona,USC,7.0,0.315
400869137,2016,7,regular,Colorado,Arizona State,-8.0,0.709
400869138,2016,7,regular,Washington State,UCLA,-2.0,0.555
400869139,2016,7,regular,Oregon State,Utah,13.0,0.185
400869219,2016,7,regular,Air Force,New Mexico,-15.0,0.85
400869220,2016,7,regular,Boise State,Colorado State,-25.5,0.961
400869221,2016,7,regular,Fresno State,San Diego State,17.5,0.114
400869223,2016,7,regular,San José State,Nevada,-5.0,0.635
400869305,2016,7,regular,Buffalo,Ball State,9.0,0.267
400869306,2016,7,regular,Toledo,Bowling Green,-24.0,0.951
400869307,2016,7,regular,Northern Illinois,Central Michigan,4.0,0.391
400869308,2016,7,regular,Ohio,Eastern Michigan,-10.0,0.755
400869310,2016,7,regular,Akron,Western Michigan,10.5,0.234
400869383,2016,7,regular,Marshall,Florida Atlantic,-12.0,0.796
400869384,2016,7,regular,Middle Tennessee,Western Kentucky,-2.5,0.568
400869385,2016,7,regular,Rice,UTSA,-1.5,0.541
400869461,2016,7,regular,Louisville,Duke,-27.5,0.971
400869462,2016,7,regular,Clemson,NC State,-17.0,0.879
400869463,2016,7,regular,Florida State,Wake Forest,-25.5,0.961
400869464,2016,7,regular,Georgia Tech,Georgia Southern,-8.0,0.709
400869465,2016,7,regular,Virginia,Pittsburgh,5.0,0.365
400869466,2016,7,regular,Syracuse,Virginia Tech,17.0,0.121
400869538,2016,7,regular,Tulane,Memphis,10.5,0.234
400869539,2016,7,regular,UCF,Temple,-1.0,0.527
400869540,2016,7,regular,South Florida,UConn,-17.0,0.879
400869541,2016,7,regular,Houston,Tulsa,-23.5,0.947
400869591,2016,7,regular,Texas,Iowa State,-13.5,0.824
400869608,2016,7,regular,Oklahoma,Kansas State,-13.0,0.815
400869627,2016,7,regular,Texas Tech,West Virginia,-1.0,0.527
400869637,2016,7,regular,Rutgers,Illinois,6.0,0.34
400869644,2016,7,regular,Wisconsin,Ohio State,9.5,0.256
400869670,2016,7,regular,Indiana,Nebraska,6.0,0.34
400869671,2016,7,regular,Maryland,Minnesota,-3.0,0.582
400869672,2016,7,regular,Michigan State,Northwestern,-6.5,0.673
400869673,2016,7,regular,Purdue,Iowa,13.0,0.185
400869723,2016,7,regular,Miami,North Carolina,-7.0,0.685
400869825,2016,7,regular,Louisiana,App State,10.5,0.234
400869826,2016,7,regular,Arkansas State,South Alabama,-6.0,0.66
400869827,2016,7,regular,Troy,Georgia State,-16.5,0.872
400869828,2016,7,regular,Idaho,New Mexico State,-3.0,0.582
400869829,2016,7,regular,UL Monroe,Texas State,-4.5,0.622
400868916,2016,8,regular,Army,North Texas,-17.5,0.886
400868964,2016,8,regular,South Carolina,Massachusetts,-21.0,0.926
400869029,2016,8,regular,Alabama,Texas A&M,-16.5,0.872
400869030,2016,8,regular,Auburn,Arkansas,-17.0,0.879
400869031,2016,8,regular,Kentucky,Mississippi State,1.5,0.459
400869032,2016,8,regular,LSU,Ole Miss,-4.5,0.622
400869033,2016,8,regular,Missouri,Middle Tennessee,-4.0,0.609
400869140,2016,8,regular,California,Oregon,-3.0,0.582
400869141,2016,8,regular,Arizona State,Washington State,6.5,0.327
400869142,2016,8,regular,UCLA,Utah,-7.0,0.685
400869143,2016,8,regular,Stanford,Colorado,-3.5,0.595
400869144,2016,8,regular,Washington,Oregon State,-31.5,0.985
400869224,2016,8,regular,Boise State,BYU,-9.5,0.744
400869225,2016,8,regular,Air Force,Hawai'i,-17.5,0.886
400869226,2016,8,regular,UNLV,Colorado State,-1.5,0.541
400869227,2016,8,regular,New Mexico,UL Monroe,-14.5,0.841
400869228,2016,8,regular,Utah State,Fresno State,-14.0,0.833
400869229,2016,8,regular,Nevada,Wyoming,3.0,0.418
400869230,2016,8,regular,San Diego State,San José State,-22.5,0.94
400869311,2016,8,regular,Ball State,Akron,-2.0,0.555
400869312,2016,8,regular,Northern Illinois,Buffalo,-20.0,0.916
400869313,2016,8,regular,Toledo,Central Michigan,-10.0,0.755
400869314,2016,8,regular,Western Michigan,Eastern Michigan,-23.5,0.947
400869315,2016,8,regular,Kent State,Ohio,4.0,0.391
400869316,2016,8,regular,Bowling Green,Miami (OH),-3.5,0.595
400869386,2016,8,regular,Marshall,Charlotte,-17.0,0.879
400869387,2016,8,regular,Florida International,Louisiana Tech,16.0,0.135
400869388,2016,8,regular,Western Kentucky,Old Dominion,-13.0,0.815
400869390,2016,8,regular,UTSA,UTEP,-7.0,0.685
400869467,2016,8,regular,Virginia Tech,Miami,-4.5,0.622
400869468,2016,8,regular,Boston College,Syracuse,-4.5,0.622
400869469,2016,8,regular,Louisville,NC State,-20.0,0.916
400869470,2016,8,regular,Virginia,North Carolina,9.0,0.267
400869542,2016,8,regular,Temple,South Florida,6.0,0.34
400869543,2016,8,regular,UConn,UCF,2.0,0.445
400869544,2016,8,regular,Cincinnati,East Carolina,-2.0,0.555
400869545,2016,8,regular,SMU,Houston,24.0,0.049
400869546,2016,8,regular,Navy,Memphis,2.0,0.445
400869547,2016,8,regular,Tulsa,Tulane,-10.0,0.755
400869600,2016,8,regular,Kansas,Oklahoma State,28.0,0.027
400869609,2016,8,regular,Kansas State,Texas,-3.0,0.582
400869616,2016,8,regular,Texas Tech,Oklahoma,13.0,0.185
400869628,2016,8,regular,West Virginia,TCU,-5.0,0.635
400869638,2016,8,regular,Minnesota,Rutgers,-21.0,0.926
400869645,2016,8,regular,Penn State,Ohio State,20.0,0.084
400869674,2016,8,regular,Iowa,Wisconsin,2.5,0.432
400869675,2016,8,regular,Maryland,Michigan State,2.5,0.432
400869676,2016,8,regular,Michigan,Illinois,-28.0,0.973
400869677,2016,8,regular,Nebraska,Purdue,-23.5,0.947
400869678,2016,8,regular,Northwestern,Indiana,-2.5,0.568
400869830,2016,8,regular,South Alabama,Troy,9.0,0.267
400869831,2016,8,regular,App State,Idaho,-22.0,0.935
400869832,2016,8,regular,New Mexico State,Georgia Southern,14.0,0.167
400869834,2016,8,regular,Texas State,Louisiana,11.5,0.214
400868881,2016,9,regular,Texas,Baylor,3.5,0.405
400868917,2016,9,regular,Wake Forest,Army,-8.0,0.709
400868953,2016,9,regular,Notre Dame,Miami,-1.0,0.527
400869035,2016,9,regular,Georgia,Florida,7.5,0.302
400869036,2016,9,regular,Ole Miss,Auburn,2.0,0.445
400869038,2016,9,regular,Missouri,Kentucky,-4.5,0.622
400869039,2016,9,regular,South Carolina,Tennessee,14.0,0.167
400869040,2016,9,regular,Texas A&M,New Mexico State,-43.5,0.999
400869145,2016,9,regular,USC,California,-14.5,0.841
400869146,2016,9,regular,Arizona,Stanford,-3.0,0.582
400869147,2016,9,regular,Oregon,Arizona State,-7.5,0.698
400869148,2016,9,regular,Utah,Washington,11.5,0.214
400869149,2016,9,regular,Oregon State,Washington State,17.5,0.114
400869231,2016,9,regular,Fresno State,Air Force,13.5,0.176
400869232,2016,9,regular,Wyoming,Boise State,12.5,0.194
400869234,2016,9,regular,Utah State,San Diego State,3.0,0.418
400869317,2016,9,regular,Buffalo,Akron,14.5,0.159
400869318,2016,9,regular,Toledo,Ohio,-17.5,0.886
400869319,2016,9,regular,Central Michigan,Kent State,-14.0,0.833
400869391,2016,9,regular,Florida International,Middle Tennessee,17.0,0.121
400869392,2016,9,regular,Florida Atlantic,Western Kentucky,18.0,0.107
400869393,2016,9,regular,Louisiana Tech,Rice,-23.0,0.944
400869394,2016,9,regular,Southern Miss,Marshall,-10.0,0.755
400869395,2016,9,regular,UTSA,North Texas,-4.0,0.609
400869396,2016,9,regular,UTEP,Old Dominion,5.5,0.352
400869471,2016,9,regular,Pittsburgh,Virginia Tech,4.0,0.391
400869472,2016,9,regular,NC State,Boston College,-15.5,0.857
400869473,2016,9,regular,Florida State,Clemson,3.0,0.418
400869474,2016,9,regular,Georgia Tech,Duke,-8.5,0.721
400869475,2016,9,regular,Virginia,Louisville,27.0,0.031
400869548,2016,9,regular,South Florida,Navy,-9.0,0.733
400869549,2016,9,regular,Houston,UCF,-12.5,0.806
400869550,2016,9,regular,Temple,Cincinnati,-8.5,0.721
400869551,2016,9,regular,East Carolina,UConn,-7.5,0.698
400869552,2016,9,regular,Memphis,Tulsa,-7.5,0.698
400869553,2016,9,regular,Tulane,SMU,-1.0,0.527
400869592,2016,9,regular,Iowa State,Kansas State,6.0,0.34
400869601,2016,9,regular,Oklahoma,Kansas,-38.5,0.996
400869621,2016,9,regular,Oklahoma State,West Virginia,3.0,0.418
400869629,2016,9,regular,TCU,Texas Tech,-8.5,0.721
400869646,2016,9,regular,Ohio State,Northwestern,-24.0,0.951
400869679,2016,9,regular,Illinois,Minnesota,10.0,0.245
400869680,2016,9,regular,Indiana,Maryland,-5.0,0.635
400869681,2016,9,regular,Michigan State,Michigan,21.0,0.074
400869682,2016,9,regular,Purdue,Penn State,10.5,0.234
400869683,2016,9,regular,Wisconsin,Nebraska,-7.5,0.698
400869717,2016,9,regular,Eastern Michigan,Miami (OH),-7.0,0.685
400869835,2016,9,regular,Georgia Southern,App State,4.0,0.391
400869836,2016,9,regular,Arkansas State,UL Monroe,-17.0,0.879
400869837,2016,9,regular,South Alabama,Georgia State,-3.5,0.595
400868882,2016,10,regular,Baylor,TCU,-9.0,0.733
400868918,2016,10,regular,Army,Air Force,3.0,0.418
400868930,2016,10,regular,Cincinnati,BYU,10.0,0.245
400868954,2016,10,regular,Navy,Notre Dame,-4.5,0.622
400868966,2016,10,regular,Troy,Massachusetts,-23.0,0.944
400869041,2016,10,regular,Arkansas,Florida,3.5,0.405
400869042,2016,10,regular,Auburn,Vanderbilt,-26.0,0.964
400869043,2016,10,regular,Kentucky,Georgia,2.5,0.432
400869044,2016,10,regular,LSU,Alabama,7.0,0.315
400869045,2016,10,regular,Ole Miss,Georgia Southern,-20.5,0.921
400869046,2016,10,regular,Mississippi State,Texas A&M,13.0,0.185
400869047,2016,10,regular,South Carolina,Missouri,-5.0,0.635
400869150,2016,10,regular,Colorado,UCLA,-10.0,0.755
400869151,2016,10,regular,Washington State,Arizona,-16.5,0.872
400869152,2016,10,regular,USC,Oregon,-14.0,0.833
400869153,2016,10,regular,Stanford,Oregon State,-16.5,0.872
400869154,2016,10,regular,California,Washington,17.0,0.121
400869236,2016,10,regular,Boise State,San José State,-26.5,0.966
400869237,2016,10,regular,Colorado State,Fresno State,-13.0,0.815
400869238,2016,10,regular,New Mexico,Nevada,-11.0,0.776
400869239,2016,10,regular,Wyoming,Utah State,-4.0,0.609
400869240,2016,10,regular,San Diego State,Hawai'i,-19.5,0.911
400869320,2016,10,regular,Northern Illinois,Bowling Green,-17.0,0.879
400869321,2016,10,regular,Ball State,Western Michigan,16.0,0.135
400869322,2016,10,regular,Akron,Toledo,8.0,0.291
400869323,2016,10,regular,Ohio,Buffalo,-19.0,0.905
400869324,2016,10,regular,Miami (OH),Central Michigan,6.0,0.34
400869397,2016,10,regular,Southern Miss,Charlotte,-18.0,0.893
400869398,2016,10,regular,Western Kentucky,Florida International,-25.0,0.958
400869399,2016,10,regular,Rice,Florida Atlantic,-2.0,0.555
400869400,2016,10,regular,North Texas,Louisiana Tech,21.0,0.074
400869401,2016,10,regular,Old Dominion,Marshall,-7.0,0.685
400869403,2016,10,regular,Middle Tennessee,UTSA,-19.0,0.905
400869476,2016,10,regular,Boston College,Louisville,24.5,0.046
400869477,2016,10,regular,Clemson,Syracuse,-28.0,0.973
400869478,2016,10,regular,Duke,Virginia Tech,10.0,0.245
400869479,2016,10,regular,NC State,Florida State,6.5,0.327
400869480,2016,10,regular,North Carolina,Georgia Tech,-9.5,0.744
400869481,2016,10,regular,Miami,Pittsburgh,-6.0,0.66
400869482,2016,10,regular,Wake Forest,Virginia,-2.5,0.568
400869554,2016,10,regular,UConn,Temple,9.5,0.256
400869556,2016,10,regular,SMU,Memphis,6.5,0.327
400869593,2016,10,regular,Iowa State,Oklahoma,19.5,0.089
400869602,2016,10,regular,West Virginia,Kansas,-32.0,0.986
400869610,2016,10,regular,Kansas State,Oklahoma State,-2.5,0.568
400869630,2016,10,regular,Texas Tech,Texas,4.0,0.391
400869639,2016,10,regular,Rutgers,Indiana,13.0,0.185
400869647,2016,10,regular,Ohio State,Nebraska,-15.5,0.857
400869684,2016,10,regular,Illinois,Michigan State,7.0,0.315
400869685,2016,10,regular,Michigan,Maryland,-26.5,0.966
400869686,2016,10,regular,Minnesota,Purdue,-16.5,0.872
400869687,2016,10,regular,Northwestern,Wisconsin,6.5,0.327
400869688,2016,10,regular,Penn State,Iowa,-6.5,0.673
400869838,2016,10,regular,Georgia State,Arkansas State,2.0,0.445
400869839,2016,10,regular,App State,Texas State,-30.0,0.981
400869840,2016,10,regular,Louisiana,Idaho,-7.5,0.698
400869841,2016,10,regular,UL Monroe,South Alabama,13.5,0.176
400921256,2016,10,regular,UCF,Tulane,-16.5,0.872
400868883,2016,11,regular,Oklahoma,Baylor,-15.5,0.857
400868919,2016,11,regular,Notre Dame,Army,-11.5,0.786
400869049,2016,11,regular,Alabama,Mississippi State,-28.5,0.975
400869050,2016,11,regular,Arkansas,LSU,7.0,0.315
400869051,2016,11,regular,Florida,South Carolina,-16.0,0.865
400869052,2016,11,regular,Georgia,Auburn,8.0,0.291
400869053,2016,11,regular,Missouri,Vanderbilt,-1.0,0.527
400869054,2016,11,regular,Tennessee,Kentucky,-10.5,0.766
400869055,2016,11,regular,Texas A&M,Ole Miss,-11.0,0.776
400869155,2016,11,regular,Arizona State,Utah,5.5,0.352
400869156,2016,11,regular,Arizona,Colorado,16.5,0.128
400869157,2016,11,regular,Washington,USC,-10.0,0.755
400869158,2016,11,regular,UCLA,Oregon State,-10.0,0.755
400869159,2016,11,regular,Oregon,Stanford,1.0,0.473
400869160,2016,11,regular,Washington State,California,-16.5,0.872
400869241,2016,11,regular,Air Force,Colorado State,-6.0,0.66
400869242,2016,11,regular,Hawai'i,Boise State,16.5,0.128
400869243,2016,11,regular,Utah State,New Mexico,-2.5,0.568
400869244,2016,11,regular,UNLV,Wyoming,9.0,0.267
400869245,2016,11,regular,Nevada,San Diego State,20.5,0.079
400869325,2016,11,regular,Ball State,Eastern Michigan,-3.5,0.595
400869326,2016,11,regular,Kent State,Western Michigan,18.5,0.101
400869327,2016,11,regular,Akron,Bowling Green,-11.5,0.786
400869328,2016,11,regular,Northern Illinois,Toledo,7.5,0.302
400869329,2016,11,regular,Buffalo,Miami (OH),12.0,0.204
400869404,2016,11,regular,Charlotte,Rice,-10.0,0.755
400869405,2016,11,regular,Florida Atlantic,UTEP,-2.0,0.555
400869406,2016,11,regular,Louisiana Tech,UTSA,-19.0,0.905
400869407,2016,11,regular,Marshall,Middle Tennessee,11.5,0.214
400869408,2016,11,regular,Western Kentucky,North Texas,-30.0,0.981
400869409,2016,11,regular,Old Dominion,Southern Miss,-2.0,0.555
400869483,2016,11,regular,Duke,North Carolina,10.5,0.234
400869484,2016,11,regular,Florida State,Boston College,-23.0,0.944
400869485,2016,11,regular,Clemson,Pittsburgh,-19.0,0.905
400869486,2016,11,regular,Virginia Tech,Georgia Tech,-14.5,0.841
400869487,2016,11,regular,Louisville,Wake Forest,-33.0,0.989
400869488,2016,11,regular,Syracuse,NC State,7.0,0.315
400869557,2016,11,regular,UCF,Cincinnati,-10.0,0.755
400869558,2016,11,regular,East Carolina,SMU,-5.0,0.635
400869559,2016,11,regular,Memphis,South Florida,3.0,0.418
400869560,2016,11,regular,Houston,Tulane,-22.0,0.935
400869561,2016,11,regular,Navy,Tulsa,-1.0,0.527
400869594,2016,11,regular,Kansas,Iowa State,11.5,0.214
400869622,2016,11,regular,Oklahoma State,Texas Tech,-11.0,0.776
400869631,2016,11,regular,Texas,West Virginia,1.0,0.473
400869640,2016,11,regular,Michigan State,Rutgers,-15.5,0.857
400869648,2016,11,regular,Maryland,Ohio State,28.0,0.027
400869689,2016,11,regular,Indiana,Penn State,6.5,0.327
400869690,2016,11,regular,Iowa,Michigan,18.5,0.101
400869691,2016,11,regular,Nebraska,Minnesota,-8.0,0.709
400869692,2016,11,regular,Purdue,Northwestern,10.5,0.234
400869693,2016,11,regular,Wisconsin,Illinois,-26.5,0.966
400869724,2016,11,regular,Virginia,Miami,11.0,0.224
400869842,2016,11,regular,Troy,App State,-1.5,0.541
400869843,2016,11,regular,Arkansas State,New Mexico State,-20.5,0.921
400869844,2016,11,regular,Georgia Southern,Louisiana,-10.5,0.766
400869845,2016,11,regular,Georgia State,UL Monroe,-12.5,0.806
400869846,2016,11,regular,Texas State,Idaho,8.0,0.291
400868884,2016,12,regular,Baylor,Kansas State,2.0,0.445
400868932,2016,12,regular,BYU,Massachusetts,-30.0,0.981
400868955,2016,12,regular,Notre Dame,Virginia Tech,-3.0,0.582
400869059,2016,12,regular,Georgia,Louisiana,-21.0,0.926
400869064,2016,12,regular,Tennessee,Missouri,-14.5,0.841
400869065,2016,12,regular,Texas A&M,UTSA,-28.0,0.973
400869066,2016,12,regular,Vanderbilt,Ole Miss,9.5,0.256
400869162,2016,12,regular,Washington,Arizona State,-26.0,0.964
400869163,2016,12,regular,UCLA,USC,10.5,0.234
400869164,2016,12,regular,Colorado,Washington State,-6.0,0.66
400869165,2016,12,regular,Utah,Oregon,-10.5,0.766
400869166,2016,12,regular,California,Stanford,11.0,0.224
400869246,2016,12,regular,Boise State,UNLV,-26.5,0.966
400869247,2016,12,regular,San José State,Air Force,11.0,0.224
400869248,2016,12,regular,Colorado State,New Mexico,-5.0,0.635
400869249,2016,12,regular,Nevada,Utah State,5.0,0.365
400869250,2016,12,regular,Wyoming,San Diego State,7.5,0.302
400869251,2016,12,regular,Fresno State,Hawai'i,2.5,0.432
400869330,2016,12,regular,Bowling Green,Kent State,3.0,0.418
400869331,2016,12,regular,Central Michigan,Ohio,-1.0,0.527
400869332,2016,12,regular,Toledo,Ball State,-19.0,0.905
400869333,2016,12,regular,Eastern Michigan,Northern Illinois,4.0,0.391
400869334,2016,12,regular,Western Michigan,Buffalo,-34.0,0.99
400869410,2016,12,regular,Charlotte,Middle Tennessee,6.0,0.34
400869411,2016,12,regular,Florida International,Marshall,3.0,0.418
400869412,2016,12,regular,Florida Atlantic,Old Dominion,7.5,0.302
400869413,2016,12,regular,North Texas,Southern Miss,5.5,0.352
400869414,2016,12,regular,Rice,UTEP,1.5,0.459
400869490,2016,12,regular,Boston College,UConn,-7.0,0.685
400869491,2016,12,regular,Wake Forest,Clemson,23.5,0.053
400869492,2016,12,regular,Pittsburgh,Duke,-6.5,0.673
400869493,2016,12,regular,Syracuse,Florida State,20.0,0.084
400869494,2016,12,regular,Georgia Tech,Virginia,-10.5,0.766
400869563,2016,12,regular,Cincinnati,Memphis,7.5,0.302
400869564,2016,12,regular,UCF,Tulsa,-1.5,0.541
400869565,2016,12,regular,SMU,South Florida,12.5,0.194
400869566,2016,12,regular,Tulane,Temple,14.5,0.159
400869595,2016,12,regular,Iowa State,Texas Tech,3.0,0.418
400869603,2016,12,regular,Kansas,Texas,21.0,0.074
400869617,2016,12,regular,West Virginia,Oklahoma,2.5,0.432
400869623,2016,12,regular,TCU,Oklahoma State,-4.5,0.622
400869641,2016,12,regular,Rutgers,Penn State,22.5,0.06
400869649,2016,12,regular,Michigan State,Ohio State,23.5,0.053
400869694,2016,12,regular,Illinois,Iowa,10.0,0.245
400869695,2016,12,regular,Michigan,Indiana,-28.0,0.973
400869696,2016,12,regular,Minnesota,Northwestern,-2.0,0.555
400869697,2016,12,regular,Nebraska,Maryland,-14.5,0.841
400869698,2016,12,regular,Purdue,Wisconsin,26.5,0.034
400869847,2016,12,regular,Troy,Arkansas State,-8.5,0.721
400869848,2016,12,regular,App State,UL Monroe,-27.5,0.971
400869849,2016,12,regular,Georgia State,Georgia Southern,3.5,0.405
400869850,2016,12,regular,New Mexico State,Texas State,-6.5,0.673
400922541,2016,12,regular,East Carolina,Navy,8.0,0.291
400922862,2016,12,regular,LSU,Florida,-10.5,0.766
400868885,2016,13,regular,Texas Tech,Baylor,2.5,0.432
400868933,2016,13,regular,BYU,Utah State,-17.0,0.879
400868956,2016,13,regular,USC,Notre Dame,-17.0,0.879
400868967,2016,13,regular,Hawai'i,Massachusetts,-10.5,0.766
400869067,2016,13,regular,Texas A&M,LSU,4.0,0.391
400869068,2016,13,regular,Alabama,Auburn,-20.0,0.916
400869069,2016,13,regular,Florida State,Florida,-5.0,0.635
400869070,2016,13,regular,Georgia,Georgia Tech,-4.5,0.622
400869071,2016,13,regular,Louisville,Kentucky,-26.0,0.964
400869072,2016,13,regular,Ole Miss,Mississippi State,-8.0,0.709
400869073,2016,13,regular,Missouri,Arkansas,7.5,0.302
400869074,2016,13,regular,Clemson,South Carolina,-24.5,0.954
400869075,2016,13,regular,Vanderbilt,Tennessee,10.0,0.245
400869167,2016,13,regular,Arizona,Arizona State,6.0,0.34
400869168,2016,13,regular,Washington State,Washington,6.0,0.34
400869169,2016,13,regular,California,UCLA,5.5,0.352
400869170,2016,13,regular,Colorado,Utah,-11.0,0.776
400869171,2016,13,regular,Oregon State,Oregon,3.0,0.418
400869172,2016,13,regular,Stanford,Rice,-33.0,0.989
400869252,2016,13,regular,Air Force,Boise State,9.0,0.267
400869253,2016,13,regular,San Diego State,Colorado State,-12.5,0.806
400869254,2016,13,regular,New Mexico,Wyoming,2.0,0.445
400869255,2016,13,regular,Fresno State,San José State,4.0,0.391
400869256,2016,13,regular,UNLV,Nevada,-7.0,0.685
400869335,2016,13,regular,Ohio,Akron,-7.5,0.698
400869336,2016,13,regular,Miami (OH),Ball State,-6.0,0.66
400869338,2016,13,regular,Bowling Green,Buffalo,-11.0,0.776
400869339,2016,13,regular,Kent State,Northern Illinois,5.0,0.365
400869340,2016,13,regular,Western Michigan,Toledo,-9.5,0.744
400869415,2016,13,regular,UTSA,Charlotte,-7.0,0.685
400869416,2016,13,regular,Old Dominion,Florida International,-14.0,0.833
400869417,2016,13,regular,Middle Tennessee,Florida Atlantic,-12.5,0.806
400869418,2016,13,regular,Southern Miss,Louisiana Tech,13.5,0.176
400869419,2016,13,regular,Marshall,Western Kentucky,21.0,0.074
400869497,2016,13,regular,North Carolina,NC State,-10.0,0.755
400869498,2016,13,regular,Wake Forest,Boston College,-2.0,0.555
400869499,2016,13,regular,Miami,Duke,-14.0,0.833
400869500,2016,13,regular,Pittsburgh,Syracuse,-23.5,0.947
400869501,2016,13,regular,Virginia Tech,Virginia,-18.5,0.899
400869567,2016,13,regular,Tulsa,Cincinnati,-18.5,0.899
400869568,2016,13,regular,Memphis,Houston,3.0,0.418
400869569,2016,13,regular,South Florida,UCF,-9.5,0.744
400869570,2016,13,regular,UConn,Tulane,-2.0,0.555
400869571,2016,13,regular,Temple,East Carolina,-19.0,0.905
400869572,2016,13,regular,SMU,Navy,8.0,0.291
400869596,2016,13,regular,Iowa State,West Virginia,9.0,0.267
400869604,2016,13,regular,Kansas State,Kansas,-24.5,0.954
400869642,2016,13,regular,Maryland,Rutgers,-2.0,0.555
400869650,2016,13,regular,Ohio State,Michigan,-7.0,0.685
400869699,2016,13,regular,Iowa,Nebraska,-2.5,0.568
400869700,2016,13,regular,Indiana,Purdue,-16.0,0.865
400869701,2016,13,regular,Northwestern,Illinois,-15.0,0.85
400869702,2016,13,regular,Penn State,Michigan State,-13.5,0.824
400869703,2016,13,regular,Wisconsin,Minnesota,-14.0,0.833
400869851,2016,13,regular,New Mexico State,App State,17.0,0.121
400869852,2016,13,regular,Louisiana,Arkansas State,6.5,0.327
400869853,2016,13,regular,Idaho,South Alabama,-2.5,0.568
400869854,2016,13,regular,Texas State,Troy,26.5,0.034
400868886,2016,14,regular,West Virginia,Baylor,-14.5,0.841
400869611,2016,14,regular,TCU,Kansas State,-4.5,0.622
400869618,2016,14,regular,Oklahoma,Oklahoma State,-14.0,0.833
400869855,2016,14,regular,Texas State,Arkansas State,21.5,0.069
400869856,2016,14,regular,Georgia Southern,Troy,9.0,0.267
400869857,2016,14,regular,Idaho,Georgia State,-7.0,0.685
400869858,2016,14,regular,UL Monroe,Louisiana,9.5,0.256
400869859,2016,14,regular,South Alabama,New Mexico State,-12.0,0.796
400926941,2016,14,regular,Ohio,Western Michigan,17.0,0.121
400926942,2016,14,regular,Washington,Colorado,-6.0,0.66
400926943,2016,14,regular,Florida,Alabama,21.5,0.069
400926944,2016,14,regular,Virginia Tech,Clemson,8.5,0.279
400926946,2016,14,regular,Penn State,Wisconsin,1.0,0.473
400926947,2016,14,regular,Navy,Temple,-1.5,0.541
400926948,2016,14,regular,Western Kentucky,Louisiana Tech,-7.5,0.698
400926949,2016,14,regular,Wyoming,San Diego State,7.0,0.315
400868921,2016,15,regular,Army,Navy,11.5,0.214
400933827,2017,1,regular,Alabama,Florida State,-7.5,0.698
400933829,2017,1,regular,Auburn,Georgia Southern,-34.5,0.991
400933830,2017,1,regular,Florida,Michigan,4.5,0.378
400933831,2017,1,regular,Georgia,App State,-12.5,0.806
400933832,2017,1,regular,Southern Miss,Kentucky,10.0,0.245
400933833,2017,1,regular,LSU,BYU,-14.5,0.841
400933834,2017,1,regular,Ole Miss,South Alabama,-22.0,0.935
400933837,2017,1,regular,South Carolina,NC State,-7.5,0.698
400933838,2017,1,regular,UCLA,Texas A&M,-6.5,0.673
400933839,2017,1,regular,Middle Tennessee,Vanderbilt,2.5,0.432
400933840,2017,1,regular,Georgia Tech,Tennessee,4.0,0.391
400934492,2017,1,regular,Oklahoma,UTEP,-43.5,0.999
400934493,2017,1,regular,Oklahoma State,Tulsa,-19.5,0.911
400934495,2017,1,regular,Texas,Maryland,-18.5,0.899
400934497,2017,1,regular,Virginia Tech,West Virginia,-4.5,0.622
400934573,2017,1,regular,Notre Dame,Temple,-19.5,0.911
400935229,2017,1,regular,Indiana,Ohio State,21.0,0.074
400935230,2017,1,regular,Minnesota,Buffalo,-23.0,0.944
400935231,2017,1,regular,Wisconsin,Utah State,-27.5,0.971
400935232,2017,1,regular,Illinois,Ball State,-5.0,0.635
400935233,2017,1,regular,Iowa,Wyoming,-12.0,0.796
400935234,2017,1,regular,Michigan State,Bowling Green,-17.0,0.879
400935235,2017,1,regular,Nebraska,Arkansas State,-14.5,0.841
400935236,2017,1,regular,Northwestern,Nevada,-24.0,0.951
400935237,2017,1,regular,Penn State,Akron,-30.0,0.981
400935238,2017,1,regular,Purdue,Louisville,25.5,0.039
400935247,2017,1,regular,Arizona State,New Mexico State,-24.0,0.951
400935249,2017,1,regular,Colorado,Colorado State,-3.0,0.582
400935250,2017,1,regular,Rutgers,Washington,28.0,0.027
400935252,2017,1,regular,USC,Western Michigan,-28.0,0.973
400935256,2017,1,regular,North Carolina,California,-12.5,0.806
400935257,2017,1,regular,Rice,Stanford,33.5,0.01
400935282,2017,1,regular,Colorado State,Oregon State,,
400937446,2017,1,regular,Northern Illinois,Boston College,3.5,0.405
400937447,2017,1,regular,Clemson,Kent State,-38.0,0.996
400938591,2017,1,regular,UCF,Florida International,-17.0,0.879
400938592,2017,1,regular,Florida Atlantic,Navy,9.0,0.267
400938594,2017,1,regular,Marshall,Miami (OH),4.0,0.391
400938887,2017,1,regular,Massachusetts,Hawai'i,,
400938888,2017,1,regular,Coastal Carolina,Massachusetts,2.5,0.432
400941786,2017,1,regular,San José State,South Florida,,
400941789,2017,1,regular,Memphis,UL Monroe,-27.0,0.969
400944830,2017,1,regular,Boise State,Troy,-11.0,0.776
400944891,2017,1,regular,Eastern Michigan,Charlotte,-14.0,0.833
400933841,2017,2,regular,Alabama,Fresno State,-42.5,0.998
400933842,2017,2,regular,Arkansas,TCU,3.0,0.418
400933843,2017,2,regular,Clemson,Auburn,-6.0,0.66
400933845,2017,2,regular,Notre Dame,Georgia,-5.5,0.648
400933849,2017,2,regular,Louisiana Tech,Mississippi State,10.5,0.234
400933850,2017,2,regular,Missouri,South Carolina,-2.5,0.568
400934498,2017,2,regular,Baylor,UTSA,-12.0,0.796
400934499,2017,2,regular,Iowa State,Iowa,3.5,0.405
400934500,2017,2,regular,Kansas,Central Michigan,-3.0,0.582
400934501,2017,2,regular,Kansas State,Charlotte,-33.5,0.99
400934502,2017,2,regular,Ohio State,Oklahoma,-7.5,0.698
400934503,2017,2,regular,South Alabama,Oklahoma State,28.0,0.027
400934504,2017,2,regular,Texas,San José State,-26.5,0.966
400934505,2017,2,regular,West Virginia,East Carolina,-24.5,0.954
400934562,2017,2,regular,Army,Buffalo,-15.5,0.857
400935239,2017,2,regular,Purdue,Ohio,-3.0,0.582
400935240,2017,2,regular,Duke,Northwestern,1.5,0.459
400935241,2017,2,regular,Illinois,Western Kentucky,6.5,0.327
400935243,2017,2,regular,Michigan,Cincinnati,-32.5,0.987
400935244,2017,2,regular,Michigan State,Western Michigan,-7.0,0.685
400935245,2017,2,regular,Penn State,Pittsburgh,-20.0,0.916
400935246,2017,2,regular,Rutgers,Eastern Michigan,-5.5,0.648
400935258,2017,2,regular,Arizona,Houston,1.5,0.459
400935259,2017,2,regular,Arizona State,San Diego State,-3.0,0.582
400935260,2017,2,regular,USC,Stanford,-4.0,0.609
400935261,2017,2,regular,UCLA,Hawai'i,-24.0,0.951
400935262,2017,2,regular,Colorado,Texas State,-36.0,0.993
400935263,2017,2,regular,BYU,Utah,4.5,0.378
400935264,2017,2,regular,Oregon,Nebraska,-10.5,0.766
400935265,2017,2,regular,Oregon State,Minnesota,-2.5,0.568
400935267,2017,2,regular,Washington State,Boise State,-7.5,0.698
400935347,2017,2,regular,Virginia,Indiana,3.5,0.405
400935348,2017,2,regular,Wisconsin,Florida Atlantic,-34.5,0.991
400937453,2017,2,regular,Boston College,Wake Forest,-1.0,0.527
400937456,2017,2,regular,North Carolina,Louisville,11.5,0.214
400937458,2017,2,regular,NC State,Marshall,-21.0,0.926
400937459,2017,2,regular,Syracuse,Middle Tennessee,-7.5,0.698
400938601,2017,2,regular,SMU,North Texas,-13.0,0.815
400938602,2017,2,regular,Massachusetts,Old Dominion,3.5,0.405
400938603,2017,2,regular,UTEP,Rice,-1.0,0.527
400938605,2017,2,regular,Ball State,UAB,-14.0,0.833
400941794,2017,2,regular,Navy,Tulane,-8.5,0.721
400941798,2017,2,regular,Tulsa,Louisiana,-14.0,0.833
400944833,2017,2,regular,Idaho,UNLV,-4.5,0.622
400944834,2017,2,regular,New Mexico,New Mexico State,-7.0,0.685
400944898,2017,2,regular,Nevada,Toledo,10.5,0.234
400933854,2017,3,regular,Alabama,Colorado State,-31.0,0.984
400933856,2017,3,regular,Florida,Tennessee,-6.5,0.673
400933858,2017,3,regular,California,Ole Miss,7.0,0.315
400933859,2017,3,regular,Mississippi State,LSU,7.5,0.302
400933860,2017,3,regular,Missouri,Purdue,-5.5,0.648
400933861,2017,3,regular,South Carolina,Kentucky,-6.0,0.66
400933862,2017,3,regular,Texas A&M,Louisiana,-24.0,0.951
400933863,2017,3,regular,Vanderbilt,Kansas State,5.0,0.365
400934506,2017,3,regular,Duke,Baylor,-10.5,0.766
400934507,2017,3,regular,Ohio,Kansas,-7.5,0.698
400934508,2017,3,regular,Oklahoma,Tulane,-33.0,0.989
400934509,2017,3,regular,Pittsburgh,Oklahoma State,11.0,0.224
400934510,2017,3,regular,TCU,SMU,-22.0,0.935
400934511,2017,3,regular,USC,Texas,-17.0,0.879
400934512,2017,3,regular,Texas Tech,Arizona State,-7.0,0.685
400934517,2017,3,regular,Akron,Iowa State,10.0,0.245
400934563,2017,3,regular,Ohio State,Army,-31.5,0.985
400934574,2017,3,regular,Boston College,Notre Dame,14.0,0.167
400935269,2017,3,regular,UTEP,Arizona,25.5,0.039
400935270,2017,3,regular,Memphis,UCLA,3.0,0.418
400935272,2017,3,regular,Utah,San José State,-28.0,0.973
400935273,2017,3,regular,Wyoming,Oregon,13.5,0.176
400935274,2017,3,regular,Washington State,Oregon State,-19.5,0.911
400935275,2017,3,regular,Washington,Fresno State,-34.0,0.99
400935276,2017,3,regular,San Diego State,Stanford,9.0,0.267
400935349,2017,3,regular,BYU,Wisconsin,14.0,0.167
400935351,2017,3,regular,Iowa,North Texas,-20.0,0.916
400935352,2017,3,regular,Michigan,Air Force,-23.0,0.944
400935353,2017,3,regular,Minnesota,Middle Tennessee,-13.5,0.824
400935354,2017,3,regular,Nebraska,Northern Illinois,-10.5,0.766
400935355,2017,3,regular,Northwestern,Bowling Green,-21.0,0.926
400935356,2017,3,regular,Penn State,Georgia State,-37.5,0.995
400937461,2017,3,regular,Louisville,Clemson,3.0,0.418
400937464,2017,3,regular,Old Dominion,North Carolina,11.5,0.214
400937466,2017,3,regular,Syracuse,Central Michigan,-7.5,0.698
400937467,2017,3,regular,Virginia,UConn,-11.0,0.776
400937468,2017,3,regular,East Carolina,Virginia Tech,27.0,0.031
400937469,2017,3,regular,Wake Forest,Utah State,-14.0,0.833
400938608,2017,3,regular,Western Kentucky,Louisiana Tech,-4.5,0.622
400938609,2017,3,regular,Marshall,Kent State,-14.0,0.833
400938610,2017,3,regular,Houston,Rice,-23.0,0.944
400938611,2017,3,regular,UL Monroe,Southern Miss,7.0,0.315
400938612,2017,3,regular,UAB,Coastal Carolina,-1.0,0.527
400941799,2017,3,regular,South Florida,Illinois,-16.5,0.872
400941800,2017,3,regular,Temple,Massachusetts,-14.5,0.841
400941801,2017,3,regular,Miami (OH),Cincinnati,-3.5,0.595
400941802,2017,3,regular,Toledo,Tulsa,-7.0,0.685
400944836,2017,3,regular,Texas State,App State,21.5,0.069
400944837,2017,3,regular,New Mexico State,Troy,9.5,0.256
400944839,2017,3,regular,Western Michigan,Idaho,-17.5,0.886
400945256,2017,3,regular,Boise State,New Mexico,-16.0,0.865
400933864,2017,4,regular,Arkansas,Texas A&M,-2.5,0.568
400933865,2017,4,regular,Georgia,Mississippi State,-2.5,0.568
400933866,2017,4,regular,Kentucky,Florida,3.0,0.418
400933867,2017,4,regular,LSU,Syracuse,-21.5,0.931
400933868,2017,4,regular,Missouri,Auburn,18.5,0.101
400933869,2017,4,regular,South Carolina,Louisiana Tech,-9.0,0.733
400933870,2017,4,regular,Tennessee,Massachusetts,-28.0,0.973
400933871,2017,4,regular,Vanderbilt,Alabama,20.0,0.084
400934514,2017,4,regular,Kansas,West Virginia,24.0,0.049
400934515,2017,4,regular,Baylor,Oklahoma,28.5,0.025
400934516,2017,4,regular,Oklahoma State,TCU,-10.5,0.766
400934518,2017,4,regular,Houston,Texas Tech,-7.0,0.685
400934561,2017,4,regular,Tulane,Army,-3.0,0.582
400934575,2017,4,regular,Michigan State,Notre Dame,3.5,0.405
400935277,2017,4,regular,Arizona,Utah,4.5,0.378
400935278,2017,4,regular,Arizona State,Oregon,14.5,0.159
400935279,2017,4,regular,California,USC,17.0,0.121
400935280,2017,4,regular,Stanford,UCLA,-6.5,0.673
400935281,2017,4,regular,Colorado,Washington,11.0,0.224
400935283,2017,4,regular,Washington State,Nevada,-28.5,0.975
400935359,2017,4,regular,Indiana,Georgia Southern,-22.0,0.935
400935360,2017,4,regular,Iowa,Penn State,13.0,0.185
400935361,2017,4,regular,Maryland,UCF,-4.5,0.622
400935362,2017,4,regular,Nebraska,Rutgers,-11.0,0.776
400935363,2017,4,regular,Ohio State,UNLV,-40.0,0.997
400935364,2017,4,regular,Purdue,Michigan,13.0,0.185
400937470,2017,4,regular,Clemson,Boston College,-33.5,0.99
400937471,2017,4,regular,North Carolina,Duke,-1.5,0.541
400937472,2017,4,regular,Florida State,NC State,-11.5,0.786
400937473,2017,4,regular,Georgia Tech,Pittsburgh,-7.5,0.698
400937474,2017,4,regular,Louisville,Kent State,-41.5,0.998
400937475,2017,4,regular,Miami,Toledo,-13.5,0.824
400937477,2017,4,regular,Virginia Tech,Old Dominion,-28.5,0.975
400937478,2017,4,regular,App State,Wake Forest,5.5,0.352
400938614,2017,4,regular,Charlotte,Georgia State,-1.0,0.527
400938615,2017,4,regular,Rice,Florida International,-1.0,0.527
400938616,2017,4,regular,Buffalo,Florida Atlantic,-2.0,0.555
400938617,2017,4,regular,Middle Tennessee,Bowling Green,-7.0,0.685
400938618,2017,4,regular,North Texas,UAB,-10.0,0.755
400938619,2017,4,regular,New Mexico State,UTEP,-17.5,0.886
400938620,2017,4,regular,Texas State,UTSA,13.5,0.176
400938621,2017,4,regular,Western Kentucky,Ball State,-12.5,0.806
400941803,2017,4,regular,South Florida,Temple,-18.0,0.893
400941804,2017,4,regular,Navy,Cincinnati,-8.5,0.721
400941806,2017,4,regular,SMU,Arkansas State,-3.0,0.582
400941807,2017,4,regular,Tulsa,New Mexico,-9.0,0.733
400941838,2017,4,regular,UConn,East Carolina,-5.0,0.635
400944818,2017,4,regular,Troy,Akron,-17.0,0.879
400944841,2017,4,regular,South Alabama,Idaho,-6.5,0.673
400944842,2017,4,regular,Louisiana,UL Monroe,-4.0,0.609
400944901,2017,4,regular,Central Michigan,Miami (OH),1.5,0.459
400944902,2017,4,regular,Eastern Michigan,Ohio,-1.0,0.527
400945258,2017,4,regular,Boise State,Virginia,-13.5,0.824
400945259,2017,4,regular,Air Force,San Diego State,1.5,0.459
400945260,2017,4,regular,San José State,Utah State,1.5,0.459
400945261,2017,4,regular,Wyoming,Hawai'i,-5.5,0.648
400933872,2017,5,regular,Alabama,Ole Miss,-30.0,0.981
400933874,2017,5,regular,Auburn,Mississippi State,-7.5,0.698
400933875,2017,5,regular,Florida,Vanderbilt,-9.0,0.733
400933876,2017,5,regular,Kentucky,Eastern Michigan,-14.0,0.833
400933877,2017,5,regular,LSU,Troy,-20.5,0.921
400933878,2017,5,regular,Tennessee,Georgia,10.0,0.245
400933879,2017,5,regular,Texas A&M,South Carolina,-8.0,0.709
400934519,2017,5,regular,Kansas State,Baylor,-15.0,0.85
400934520,2017,5,regular,Texas Tech,Oklahoma State,10.5,0.234
400934521,2017,5,regular,Iowa State,Texas,5.0,0.365
400934566,2017,5,regular,Army,UTEP,-23.0,0.944
400934576,2017,5,regular,Notre Dame,Miami (OH),-21.0,0.926
400935284,2017,5,regular,Washington State,USC,4.5,0.378
400935285,2017,5,regular,Stanford,Arizona State,-17.0,0.879
400935286,2017,5,regular,UCLA,Colorado,-7.5,0.698
400935287,2017,5,regular,Oregon,California,-17.0,0.879
400935288,2017,5,regular,Oregon State,Washington,27.5,0.029
400935365,2017,5,regular,Illinois,Nebraska,6.5,0.327
400935366,2017,5,regular,Michigan State,Iowa,-3.5,0.595
400935367,2017,5,regular,Minnesota,Maryland,-13.5,0.824
400935368,2017,5,regular,Penn State,Indiana,-19.5,0.911
400935369,2017,5,regular,Rutgers,Ohio State,28.5,0.025
400935370,2017,5,regular,Wisconsin,Northwestern,-16.5,0.872
400937479,2017,5,regular,Duke,Miami,5.5,0.352
400937480,2017,5,regular,Boston College,Central Michigan,-10.5,0.766
400937481,2017,5,regular,Virginia Tech,Clemson,7.0,0.315
400937482,2017,5,regular,Wake Forest,Florida State,7.5,0.302
400937483,2017,5,regular,Georgia Tech,North Carolina,-10.0,0.755
400937485,2017,5,regular,NC State,Syracuse,-14.0,0.833
400937486,2017,5,regular,Pittsburgh,Rice,-20.5,0.921
400938622,2017,5,regular,Florida International,Charlotte,-10.0,0.755
400938623,2017,5,regular,Florida Atlantic,Middle Tennessee,-2.5,0.568
400938624,2017,5,regular,Louisiana Tech,South Alabama,-11.5,0.786
400938625,2017,5,regular,Cincinnati,Marshall,-3.0,0.582
400938626,2017,5,regular,Southern Miss,North Texas,-8.0,0.709
400938890,2017,5,regular,Massachusetts,Ohio,4.5,0.378
400941809,2017,5,regular,SMU,UConn,-16.5,0.872
400941810,2017,5,regular,East Carolina,South Florida,22.5,0.06
400941811,2017,5,regular,Temple,Houston,11.0,0.224
400941813,2017,5,regular,Tulsa,Navy,7.5,0.302
400944844,2017,5,regular,UL Monroe,Coastal Carolina,-7.5,0.698
400944845,2017,5,regular,Wyoming,Texas State,-16.5,0.872
400944904,2017,5,regular,Bowling Green,Akron,3.0,0.418
400944905,2017,5,regular,Western Michigan,Ball State,-13.0,0.815
400944986,2017,5,regular,Kent State,Buffalo,7.5,0.302
400944987,2017,5,regular,San Diego State,Northern Illinois,-9.5,0.744
400945262,2017,5,regular,Utah State,BYU,-1.0,0.527
400945263,2017,5,regular,New Mexico,Air Force,3.0,0.418
400945264,2017,5,regular,Hawai'i,Colorado State,7.0,0.315
400945265,2017,5,regular,Fresno State,Nevada,-7.5,0.698
400945266,2017,5,regular,UNLV,San José State,-16.5,0.872
400985406,2017,5,regular,UCF,Memphis,-5.5,0.648
400933880,2017,6,regular,Auburn,Ole Miss,-21.5,0.931
400933881,2017,6,regular,Kentucky,Missouri,-8.5,0.721
400933882,2017,6,regular,Florida,LSU,1.5,0.459
400933883,2017,6,regular,South Carolina,Arkansas,3.5,0.405
400933884,2017,6,regular,Texas A&M,Alabama,26.5,0.034
400933885,2017,6,regular,Vanderbilt,Georgia,17.0,0.121
400934522,2017,6,regular,TCU,West Virginia,-12.5,0.806
400934523,2017,6,regular,Oklahoma,Iowa State,-30.5,0.982
400934524,2017,6,regular,Texas,Kansas State,-5.5,0.648
400934525,2017,6,regular,Kansas,Texas Tech,14.5,0.159
400934564,2017,6,regular,Rice,Army,12.5,0.194
400934577,2017,6,regular,North Carolina,Notre Dame,13.0,0.185
400935289,2017,6,regular,Colorado,Arizona,-7.0,0.685
400935290,2017,6,regular,USC,Oregon State,-33.0,0.989
400935291,2017,6,regular,Utah,Stanford,3.0,0.418
400935292,2017,6,regular,Oregon,Washington State,1.5,0.459
400935293,2017,6,regular,Washington,California,-28.5,0.975
400935371,2017,6,regular,Iowa,Illinois,-16.0,0.865
400935372,2017,6,regular,Michigan,Michigan State,-12.5,0.806
400935373,2017,6,regular,Nebraska,Wisconsin,12.5,0.194
400935374,2017,6,regular,Northwestern,Penn State,14.5,0.159
400935375,2017,6,regular,Ohio State,Maryland,-30.0,0.981
400935376,2017,6,regular,Purdue,Minnesota,-3.5,0.595
400937487,2017,6,regular,NC State,Louisville,3.5,0.405
400937488,2017,6,regular,Boston College,Virginia Tech,16.5,0.128
400937489,2017,6,regular,Clemson,Wake Forest,-21.0,0.926
400937490,2017,6,regular,Virginia,Duke,1.5,0.459
400937491,2017,6,regular,Syracuse,Pittsburgh,-3.0,0.582
400938627,2017,6,regular,Charlotte,Marshall,14.5,0.159
400938628,2017,6,regular,Middle Tennessee,Florida International,-9.0,0.733
400938629,2017,6,regular,Old Dominion,Florida Atlantic,5.5,0.352
400938630,2017,6,regular,UAB,Louisiana Tech,9.5,0.256
400938631,2017,6,regular,UTEP,Western Kentucky,16.5,0.128
400938676,2017,6,regular,UTSA,Southern Miss,-10.5,0.766
400941814,2017,6,regular,UConn,Memphis,16.0,0.135
400941815,2017,6,regular,Navy,Air Force,-8.5,0.721
400941817,2017,6,regular,East Carolina,Temple,3.5,0.405
400941818,2017,6,regular,Houston,SMU,-10.0,0.755
400941819,2017,6,regular,Tulane,Tulsa,-6.0,0.66
400944846,2017,6,regular,Georgia Southern,Arkansas State,9.0,0.267
400944847,2017,6,regular,Coastal Carolina,Georgia State,1.0,0.473
400944848,2017,6,regular,Idaho,Louisiana,-6.5,0.673
400944849,2017,6,regular,Texas State,UL Monroe,6.0,0.34
400944850,2017,6,regular,App State,New Mexico State,-13.5,0.824
400944988,2017,6,regular,Akron,Ball State,-4.5,0.622
400944989,2017,6,regular,Miami (OH),Bowling Green,-16.5,0.872
400944990,2017,6,regular,Ohio,Central Michigan,-11.0,0.776
400944991,2017,6,regular,Toledo,Eastern Michigan,-13.5,0.824
400944992,2017,6,regular,Northern Illinois,Kent State,-23.5,0.947
400944993,2017,6,regular,Buffalo,Western Michigan,7.0,0.315
400945267,2017,6,regular,BYU,Boise State,7.5,0.302
400945268,2017,6,regular,Utah State,Colorado State,9.5,0.256
400945269,2017,6,regular,San José State,Fresno State,17.0,0.121
400945270,2017,6,regular,Nevada,Hawai'i,4.5,0.378
400945271,2017,6,regular,UNLV,San Diego State,9.5,0.256
400981507,2017,6,regular,Florida State,Miami,3.0,0.418
400933886,2017,7,regular,Alabama,Arkansas,-37.0,0.995
400933887,2017,7,regular,Florida,Texas A&M,-3.5,0.595
400933888,2017,7,regular,Georgia,Missouri,-29.0,0.977
400933889,2017,7,regular,LSU,Auburn,6.5,0.327
400933890,2017,7,regular,Ole Miss,Vanderbilt,-3.5,0.595
400933891,2017,7,regular,Mississippi State,BYU,-23.0,0.944
400933892,2017,7,regular,Tennessee,South Carolina,-2.5,0.568
400934526,2017,7,regular,Oklahoma State,Baylor,-26.0,0.964
400934527,2017,7,regular,Iowa State,Kansas,-22.5,0.94
400934528,2017,7,regular,Texas,Oklahoma,9.0,0.267
400934529,2017,7,regular,West Virginia,Texas Tech,-5.5,0.648
400934530,2017,7,regular,Kansas State,TCU,7.5,0.302
400934567,2017,7,regular,Army,Eastern Michigan,-4.5,0.622
400935294,2017,7,regular,California,Washington State,16.5,0.128
400935295,2017,7,regular,Arizona,UCLA,3.0,0.418
400935296,2017,7,regular,Arizona State,Washington,18.0,0.107
400935297,2017,7,regular,USC,Utah,-13.0,0.815
400935298,2017,7,regular,Oregon State,Colorado,9.5,0.256
400935299,2017,7,regular,Stanford,Oregon,-10.0,0.755
400935377,2017,7,regular,Maryland,Northwestern,2.5,0.432
400935378,2017,7,regular,Illinois,Rutgers,-1.0,0.527
400935379,2017,7,regular,Indiana,Michigan,7.0,0.315
400935380,2017,7,regular,Minnesota,Michigan State,4.0,0.391
400935381,2017,7,regular,Nebraska,Ohio State,24.0,0.049
400935382,2017,7,regular,Wisconsin,Purdue,-17.0,0.879
400937493,2017,7,regular,Syracuse,Clemson,24.0,0.049
400937494,2017,7,regular,Louisville,Boston College,-20.0,0.916
400937495,2017,7,regular,Duke,Florida State,7.0,0.315
400937496,2017,7,regular,North Carolina,Virginia,3.0,0.418
400937497,2017,7,regular,Pittsburgh,NC State,11.0,0.224
400938632,2017,7,regular,Western Kentucky,Charlotte,-17.5,0.886
400938633,2017,7,regular,Florida International,Tulane,12.5,0.194
400938634,2017,7,regular,Marshall,Old Dominion,-12.5,0.806
400938635,2017,7,regular,UAB,Middle Tennessee,4.5,0.378
400938636,2017,7,regular,North Texas,UTSA,2.5,0.432
400938637,2017,7,regular,Southern Miss,UTEP,-23.0,0.944
400941820,2017,7,regular,UCF,East Carolina,-35.0,0.992
400941821,2017,7,regular,Temple,UConn,-10.5,0.766
400941822,2017,7,regular,Tulsa,Houston,13.5,0.176
400941823,2017,7,regular,Memphis,Navy,-3.5,0.595
400941832,2017,7,regular,South Florida,Cincinnati,-24.0,0.951
400944851,2017,7,regular,Troy,South Alabama,-18.0,0.893
400944852,2017,7,regular,Louisiana,Texas State,-14.0,0.833
400944853,2017,7,regular,Idaho,App State,11.5,0.214
400944854,2017,7,regular,Arkansas State,Coastal Carolina,-16.5,0.872
400944855,2017,7,regular,Georgia Southern,New Mexico State,5.5,0.352
400944856,2017,7,regular,UL Monroe,Georgia State,-3.5,0.595
400944994,2017,7,regular,Western Michigan,Akron,-12.5,0.806
400944995,2017,7,regular,Kent State,Miami (OH),8.5,0.279
400944996,2017,7,regular,Buffalo,Northern Illinois,8.0,0.291
400944997,2017,7,regular,Bowling Green,Ohio,9.5,0.256
400944998,2017,7,regular,Central Michigan,Toledo,9.5,0.256
400945272,2017,7,regular,Air Force,UNLV,-9.5,0.744
400945273,2017,7,regular,San Diego State,Boise State,-5.5,0.648
400945274,2017,7,regular,Colorado State,Nevada,-24.5,0.954
400945275,2017,7,regular,Fresno State,New Mexico,2.5,0.432
400945276,2017,7,regular,Utah State,Wyoming,-1.0,0.527
400945277,2017,7,regular,Hawai'i,San José State,-17.0,0.879
400981508,2017,7,regular,Miami,Georgia Tech,-6.5,0.673
400933893,2017,8,regular,Alabama,Tennessee,-36.5,0.994
400933894,2017,8,regular,Arkansas,Auburn,17.0,0.121
400933895,2017,8,regular,Ole Miss,LSU,6.5,0.327
400933896,2017,8,regular,Mississippi State,Kentucky,-14.0,0.833
400933897,2017,8,regular,Missouri,Idaho,-14.0,0.833
400934531,2017,8,regular,Texas Tech,Iowa State,-7.0,0.685
400934532,2017,8,regular,TCU,Kansas,-37.5,0.995
400934533,2017,8,regular,Baylor,West Virginia,10.5,0.234
400934534,2017,8,regular,Kansas State,Oklahoma,15.0,0.15
400934535,2017,8,regular,Texas,Oklahoma State,7.0,0.315
400934568,2017,8,regular,Army,Temple,-7.0,0.685
400934578,2017,8,regular,Notre Dame,USC,-4.0,0.609
400935300,2017,8,regular,California,Arizona,4.5,0.378
400935301,2017,8,regular,Utah,Arizona State,-10.0,0.755
400935302,2017,8,regular,UCLA,Oregon,-6.5,0.673
400935303,2017,8,regular,Washington State,Colorado,-9.0,0.733
400935383,2017,8,regular,Michigan State,Indiana,-6.5,0.673
400935384,2017,8,regular,Minnesota,Illinois,-14.5,0.841
400935385,2017,8,regular,Northwestern,Iowa,-2.5,0.568
400935386,2017,8,regular,Penn State,Michigan,-7.5,0.698
400935387,2017,8,regular,Rutgers,Purdue,9.5,0.256
400935388,2017,8,regular,Wisconsin,Maryland,-24.0,0.951
400937498,2017,8,regular,Virginia,Boston College,-6.5,0.673
400937499,2017,8,regular,Duke,Pittsburgh,-9.0,0.733
400937500,2017,8,regular,Florida State,Louisville,-7.0,0.685
400937501,2017,8,regular,Georgia Tech,Wake Forest,-3.5,0.595
400937502,2017,8,regular,Miami,Syracuse,-17.5,0.886
400937503,2017,8,regular,Virginia Tech,North Carolina,-20.0,0.916
400938638,2017,8,regular,Charlotte,UAB,9.5,0.256
400938639,2017,8,regular,Florida Atlantic,North Texas,-3.5,0.595
400938640,2017,8,regular,Louisiana Tech,Southern Miss,-1.5,0.541
400938641,2017,8,regular,Old Dominion,Western Kentucky,6.5,0.327
400938642,2017,8,regular,UTSA,Rice,-20.0,0.916
400938674,2017,8,regular,Middle Tennessee,Marshall,1.5,0.459
400938892,2017,8,regular,Massachusetts,Georgia Southern,-7.5,0.698
400941824,2017,8,regular,Houston,Memphis,-1.0,0.527
400941825,2017,8,regular,Navy,UCF,9.5,0.256
400941826,2017,8,regular,Cincinnati,SMU,6.0,0.34
400941827,2017,8,regular,UConn,Tulsa,4.0,0.391
400941828,2017,8,regular,East Carolina,BYU,5.5,0.352
400941829,2017,8,regular,Tulane,South Florida,11.0,0.224
400944857,2017,8,regular,Arkansas State,Louisiana,-12.0,0.796
400944858,2017,8,regular,App State,Coastal Carolina,-20.0,0.916
400944859,2017,8,regular,South Alabama,UL Monroe,-3.5,0.595
400944860,2017,8,regular,Georgia State,Troy,7.0,0.315
400944999,2017,8,regular,Toledo,Akron,-15.5,0.857
400945000,2017,8,regular,Miami (OH),Buffalo,-3.0,0.582
400945001,2017,8,regular,Ball State,Central Michigan,3.0,0.418
400945002,2017,8,regular,Ohio,Kent State,-17.5,0.886
400945003,2017,8,regular,Bowling Green,Northern Illinois,14.5,0.159
400945004,2017,8,regular,Eastern Michigan,Western Michigan,2.0,0.445
400945278,2017,8,regular,Nevada,Air Force,6.5,0.327
400945279,2017,8,regular,Boise State,Wyoming,-15.0,0.85
400945280,2017,8,regular,New Mexico,Colorado State,10.0,0.245
400945281,2017,8,regular,UNLV,Utah State,-3.5,0.595
400945282,2017,8,regular,San Diego State,Fresno State,-6.5,0.673
400933898,2017,9,regular,Florida,Georgia,13.5,0.176
400933899,2017,9,regular,Kentucky,Tennessee,-4.0,0.609
400933900,2017,9,regular,Ole Miss,Arkansas,-2.5,0.568
400933901,2017,9,regular,UConn,Missouri,13.5,0.176
400933902,2017,9,regular,South Carolina,Vanderbilt,-7.0,0.685
400933903,2017,9,regular,Texas A&M,Mississippi State,3.5,0.405
400934536,2017,9,regular,Kansas,Kansas State,24.5,0.046
400934537,2017,9,regular,West Virginia,Oklahoma State,9.0,0.267
400934538,2017,9,regular,Baylor,Texas,10.0,0.245
400934539,2017,9,regular,Oklahoma,Texas Tech,-20.5,0.921
400934540,2017,9,regular,Iowa State,TCU,7.0,0.315
400934579,2017,9,regular,Notre Dame,NC State,-7.0,0.685
400935304,2017,9,regular,Oregon State,Stanford,18.0,0.107
400935305,2017,9,regular,Arizona,Washington State,-1.0,0.527
400935306,2017,9,regular,Arizona State,USC,4.5,0.378
400935307,2017,9,regular,Washington,UCLA,-18.0,0.893
400935308,2017,9,regular,Colorado,California,-3.5,0.595
400935309,2017,9,regular,Oregon,Utah,2.0,0.445
400935389,2017,9,regular,Northwestern,Michigan State,2.0,0.445
400935390,2017,9,regular,Illinois,Wisconsin,28.5,0.025
400935391,2017,9,regular,Iowa,Minnesota,-7.0,0.685
400935392,2017,9,regular,Maryland,Indiana,6.5,0.327
400935393,2017,9,regular,Michigan,Rutgers,-22.5,0.94
400935394,2017,9,regular,Ohio State,Penn State,-7.0,0.685
400935395,2017,9,regular,Purdue,Nebraska,-4.0,0.609
400937504,2017,9,regular,Boston College,Florida State,6.0,0.34
400937505,2017,9,regular,Clemson,Georgia Tech,-14.0,0.833
400937506,2017,9,regular,Virginia Tech,Duke,-17.0,0.879
400937507,2017,9,regular,Wake Forest,Louisville,3.0,0.418
400937508,2017,9,regular,North Carolina,Miami,21.0,0.074
400937509,2017,9,regular,Pittsburgh,Virginia,-1.0,0.527
400938643,2017,9,regular,Marshall,Florida International,-14.5,0.841
400938644,2017,9,regular,Western Kentucky,Florida Atlantic,6.5,0.327
400938645,2017,9,regular,Rice,Louisiana Tech,12.0,0.204
400938646,2017,9,regular,North Texas,Old Dominion,-11.5,0.786
400938647,2017,9,regular,Southern Miss,UAB,-11.0,0.776
400938648,2017,9,regular,UTEP,UTSA,15.5,0.143
400938893,2017,9,regular,Massachusetts,App State,4.0,0.391
400941830,2017,9,regular,Memphis,Tulane,-11.5,0.786
400941831,2017,9,regular,SMU,Tulsa,-11.5,0.786
400941839,2017,9,regular,South Florida,Houston,-10.0,0.755
400944861,2017,9,regular,Georgia State,South Alabama,-1.0,0.527
400944862,2017,9,regular,New Mexico State,Arkansas State,3.5,0.405
400944863,2017,9,regular,Coastal Carolina,Texas State,-9.5,0.744
400944864,2017,9,regular,Troy,Georgia Southern,-23.5,0.947
400944865,2017,9,regular,Idaho,UL Monroe,-2.0,0.555
400945005,2017,9,regular,Northern Illinois,Eastern Michigan,-7.5,0.698
400945006,2017,9,regular,Ball State,Toledo,26.5,0.034
400945007,2017,9,regular,Akron,Buffalo,3.0,0.418
400945283,2017,9,regular,Colorado State,Air Force,-9.5,0.744
400945284,2017,9,regular,Utah State,Boise State,13.0,0.185
400945285,2017,9,regular,Wyoming,New Mexico,-2.5,0.568
400945286,2017,9,regular,Fresno State,UNLV,-21.5,0.931
400945287,2017,9,regular,Hawai'i,San Diego State,8.0,0.291
400945288,2017,9,regular,BYU,San José State,-10.0,0.755
400933904,2017,10,regular,Alabama,LSU,-20.5,0.921
400933905,2017,10,regular,Arkansas,Coastal Carolina,-24.5,0.954
400933906,2017,10,regular,Georgia,South Carolina,-23.5,0.947
400933907,2017,10,regular,Kentucky,Ole Miss,-3.5,0.595
400933908,2017,10,regular,Mississippi State,Massachusetts,-34.0,0.99
400933909,2017,10,regular,Missouri,Florida,-1.5,0.541
400933910,2017,10,regular,Tennessee,Southern Miss,-7.0,0.685
400933911,2017,10,regular,Texas A&M,Auburn,15.0,0.15
400933912,2017,10,regular,Vanderbilt,Western Kentucky,-13.0,0.815
400934541,2017,10,regular,Kansas,Baylor,7.0,0.315
400934542,2017,10,regular,West Virginia,Iowa State,-3.5,0.595
400934543,2017,10,regular,Texas Tech,Kansas State,-3.5,0.595
400934544,2017,10,regular,Oklahoma State,Oklahoma,-1.5,0.541
400934545,2017,10,regular,TCU,Texas,-7.5,0.698
400934569,2017,10,regular,Air Force,Army,-6.5,0.673
400934580,2017,10,regular,Notre Dame,Wake Forest,-16.5,0.872
400935310,2017,10,regular,Utah,UCLA,-9.0,0.733
400935311,2017,10,regular,USC,Arizona,-6.5,0.673
400935312,2017,10,regular,Arizona State,Colorado,-6.5,0.673
400935313,2017,10,regular,Washington,Oregon,-17.5,0.886
400935314,2017,10,regular,California,Oregon State,-7.0,0.685
400935315,2017,10,regular,Washington State,Stanford,1.5,0.459
400935396,2017,10,regular,Indiana,Wisconsin,11.5,0.214
400935397,2017,10,regular,Iowa,Ohio State,21.0,0.074
400935398,2017,10,regular,Michigan,Minnesota,-16.0,0.865
400935399,2017,10,regular,Michigan State,Penn State,10.0,0.245
400935400,2017,10,regular,Nebraska,Northwestern,-1.0,0.527
400935401,2017,10,regular,Purdue,Illinois,-14.0,0.833
400935402,2017,10,regular,Rutgers,Maryland,4.5,0.378
400937510,2017,10,regular,NC State,Clemson,9.5,0.256
400937511,2017,10,regular,Florida State,Syracuse,-7.5,0.698
400937512,2017,10,regular,Virginia,Georgia Tech,8.5,0.279
400937513,2017,10,regular,Miami,Virginia Tech,-2.0,0.555
400938649,2017,10,regular,Old Dominion,Charlotte,-10.0,0.755
400938650,2017,10,regular,Florida International,UTSA,6.5,0.327
400938651,2017,10,regular,Louisiana Tech,North Texas,-1.5,0.541
400938652,2017,10,regular,Middle Tennessee,UTEP,-20.0,0.916
400938653,2017,10,regular,UAB,Rice,-9.0,0.733
400938675,2017,10,regular,Florida Atlantic,Marshall,-6.5,0.673
400941833,2017,10,regular,Houston,East Carolina,-23.5,0.947
400941834,2017,10,regular,Temple,Navy,6.5,0.327
400941835,2017,10,regular,Tulsa,Memphis,14.5,0.159
400941836,2017,10,regular,SMU,UCF,14.0,0.167
400941837,2017,10,regular,Tulane,Cincinnati,-5.5,0.648
400944866,2017,10,regular,Troy,Idaho,-18.0,0.893
400944867,2017,10,regular,UL Monroe,App State,8.0,0.291
400944868,2017,10,regular,Georgia Southern,Georgia State,5.5,0.352
400944869,2017,10,regular,South Alabama,Louisiana,-6.0,0.66
400944870,2017,10,regular,Texas State,New Mexico State,9.5,0.256
400945008,2017,10,regular,Kent State,Bowling Green,1.0,0.473
400945009,2017,10,regular,Ohio,Miami (OH),-7.0,0.685
400945010,2017,10,regular,Western Michigan,Central Michigan,-3.5,0.595
400945011,2017,10,regular,Eastern Michigan,Ball State,-24.5,0.954
400945012,2017,10,regular,Toledo,Northern Illinois,-7.5,0.698
400945289,2017,10,regular,Boise State,Nevada,-20.5,0.921
400945290,2017,10,regular,Wyoming,Colorado State,4.0,0.391
400945291,2017,10,regular,New Mexico,Utah State,-3.5,0.595
400945292,2017,10,regular,Fresno State,BYU,-10.0,0.755
400945293,2017,10,regular,UNLV,Hawai'i,-7.0,0.685
400945294,2017,10,regular,San José State,San Diego State,24.0,0.049
400985386,2017,10,regular,UConn,South Florida,24.0,0.049
400933913,2017,11,regular,Auburn,Georgia,2.5,0.432
400933914,2017,11,regular,LSU,Arkansas,-19.0,0.905
400933915,2017,11,regular,Ole Miss,Louisiana,-22.5,0.94
400933916,2017,11,regular,Mississippi State,Alabama,14.5,0.159
400933917,2017,11,regular,Missouri,Tennessee,-13.0,0.815
400933918,2017,11,regular,South Carolina,Florida,-4.5,0.622
400933919,2017,11,regular,Texas A&M,New Mexico,-18.5,0.899
400933920,2017,11,regular,Vanderbilt,Kentucky,-2.5,0.568
400934546,2017,11,regular,Texas,Kansas,-32.0,0.986
400934547,2017,11,regular,Kansas State,West Virginia,3.0,0.418
400934548,2017,11,regular,Iowa State,Oklahoma State,7.5,0.302
400934549,2017,11,regular,Baylor,Texas Tech,9.5,0.256
400934550,2017,11,regular,Oklahoma,TCU,-6.0,0.66
400934565,2017,11,regular,Army,Duke,3.5,0.405
400934581,2017,11,regular,Miami,Notre Dame,3.5,0.405
400935316,2017,11,regular,Stanford,Washington,7.0,0.315
400935317,2017,11,regular,Arizona,Oregon State,-21.0,0.926
400935318,2017,11,regular,UCLA,Arizona State,-3.0,0.582
400935319,2017,11,regular,Colorado,USC,14.0,0.167
400935320,2017,11,regular,Utah,Washington State,1.0,0.473
400935403,2017,11,regular,Illinois,Indiana,10.0,0.245
400935404,2017,11,regular,Maryland,Michigan,16.5,0.128
400935405,2017,11,regular,Minnesota,Nebraska,-1.5,0.541
400935406,2017,11,regular,Northwestern,Purdue,-6.0,0.66
400935407,2017,11,regular,Ohio State,Michigan State,-17.5,0.886
400935408,2017,11,regular,Penn State,Rutgers,-31.5,0.985
400935409,2017,11,regular,Wisconsin,Iowa,-11.5,0.786
400937514,2017,11,regular,Pittsburgh,North Carolina,-10.0,0.755
400937515,2017,11,regular,Boston College,NC State,3.0,0.418
400937516,2017,11,regular,Clemson,Florida State,-16.5,0.872
400937517,2017,11,regular,Georgia Tech,Virginia Tech,3.0,0.418
400937518,2017,11,regular,Louisville,Virginia,-14.0,0.833
400937519,2017,11,regular,Syracuse,Wake Forest,2.5,0.432
400938654,2017,11,regular,Charlotte,Middle Tennessee,15.5,0.143
400938655,2017,11,regular,Florida International,Old Dominion,-10.0,0.755
400938656,2017,11,regular,Louisiana Tech,Florida Atlantic,3.5,0.405
400938657,2017,11,regular,Marshall,Western Kentucky,-10.5,0.766
400938658,2017,11,regular,North Texas,UTEP,-24.0,0.951
400938659,2017,11,regular,Rice,Southern Miss,11.0,0.224
400938660,2017,11,regular,UTSA,UAB,-7.0,0.685
400941840,2017,11,regular,Cincinnati,Temple,3.0,0.418
400941841,2017,11,regular,Navy,SMU,-1.5,0.541
400941842,2017,11,regular,UCF,UConn,-38.0,0.996
400941843,2017,11,regular,East Carolina,Tulane,6.5,0.327
400944871,2017,11,regular,App State,Georgia Southern,-17.5,0.886
400944872,2017,11,regular,South Alabama,Arkansas State,12.5,0.194
400944873,2017,11,regular,Texas State,Georgia State,5.5,0.352
400944874,2017,11,regular,Coastal Carolina,Troy,17.0,0.121
400945013,2017,11,regular,Miami (OH),Akron,-11.5,0.786
400945014,2017,11,regular,Buffalo,Bowling Green,-7.0,0.685
400945015,2017,11,regular,Central Michigan,Eastern Michigan,1.5,0.459
400945016,2017,11,regular,Western Michigan,Kent State,-20.5,0.921
400945017,2017,11,regular,Ohio,Toledo,3.0,0.418
400945018,2017,11,regular,Northern Illinois,Ball State,-28.5,0.975
400945295,2017,11,regular,Air Force,Wyoming,-2.5,0.568
400945296,2017,11,regular,Colorado State,Boise State,6.5,0.327
400945297,2017,11,regular,Hawai'i,Fresno State,10.0,0.245
400945298,2017,11,regular,Nevada,San José State,-17.5,0.886
400945299,2017,11,regular,UNLV,BYU,-1.0,0.527
400933922,2017,12,regular,Arkansas,Mississippi State,14.0,0.167
400933923,2017,12,regular,Auburn,UL Monroe,-38.0,0.996
400933924,2017,12,regular,Florida,UAB,-10.5,0.766
400933925,2017,12,regular,Georgia,Kentucky,-23.5,0.947
400933926,2017,12,regular,Ole Miss,Texas A&M,3.0,0.418
400933928,2017,12,regular,Tennessee,LSU,17.0,0.121
400933929,2017,12,regular,Vanderbilt,Missouri,8.5,0.279
400934551,2017,12,regular,Baylor,Iowa State,7.5,0.302
400934552,2017,12,regular,Oklahoma State,Kansas State,-19.5,0.911
400934553,2017,12,regular,Kansas,Oklahoma,39.5,0.003
400934554,2017,12,regular,West Virginia,Texas,-3.0,0.582
400934555,2017,12,regular,Texas Tech,TCU,6.5,0.327
400934571,2017,12,regular,North Texas,Army,-1.5,0.541
400934582,2017,12,regular,Notre Dame,Navy,-20.5,0.921
400935321,2017,12,regular,Oregon,Arizona,-3.0,0.582
400935322,2017,12,regular,Oregon State,Arizona State,7.5,0.302
400935323,2017,12,regular,USC,UCLA,-14.5,0.841
400935324,2017,12,regular,Washington,Utah,-17.5,0.886
400935325,2017,12,regular,Stanford,California,-14.0,0.833
400935410,2017,12,regular,Indiana,Rutgers,-11.0,0.776
400935411,2017,12,regular,Iowa,Purdue,-6.0,0.66
400935412,2017,12,regular,Michigan State,Maryland,-14.0,0.833
400935413,2017,12,regular,Northwestern,Minnesota,-7.0,0.685
400935414,2017,12,regular,Ohio State,Illinois,-41.0,0.998
400935415,2017,12,regular,Penn State,Nebraska,-27.5,0.971
400935416,2017,12,regular,Wisconsin,Michigan,-6.5,0.673
400937520,2017,12,regular,UConn,Boston College,21.0,0.074
400937522,2017,12,regular,Duke,Georgia Tech,6.5,0.327
400937524,2017,12,regular,Louisville,Syracuse,-15.0,0.85
400937525,2017,12,regular,Miami,Virginia,-20.0,0.916
400937527,2017,12,regular,Wake Forest,NC State,-3.0,0.582
400937528,2017,12,regular,Virginia Tech,Pittsburgh,-14.0,0.833
400938661,2017,12,regular,Southern Miss,Charlotte,-18.5,0.899
400938662,2017,12,regular,Florida Atlantic,Florida International,-14.5,0.841
400938663,2017,12,regular,UTEP,Louisiana Tech,16.5,0.128
400938664,2017,12,regular,UTSA,Marshall,-3.0,0.582
400938665,2017,12,regular,Western Kentucky,Middle Tennessee,1.0,0.473
400938666,2017,12,regular,Old Dominion,Rice,-7.0,0.685
400938895,2017,12,regular,BYU,Massachusetts,-3.5,0.595
400941844,2017,12,regular,Temple,UCF,13.0,0.185
400941845,2017,12,regular,East Carolina,Cincinnati,4.5,0.378
400941846,2017,12,regular,Tulane,Houston,9.5,0.256
400941847,2017,12,regular,Memphis,SMU,-10.5,0.766
400941848,2017,12,regular,South Florida,Tulsa,-23.5,0.947
400944875,2017,12,regular,Arkansas State,Texas State,-26.5,0.966
400944876,2017,12,regular,Idaho,Coastal Carolina,-7.0,0.685
400944877,2017,12,regular,Georgia Southern,South Alabama,6.0,0.34
400944878,2017,12,regular,Louisiana,New Mexico State,3.5,0.405
400945019,2017,12,regular,Kent State,Central Michigan,17.5,0.114
400945020,2017,12,regular,Akron,Ohio,14.5,0.159
400945021,2017,12,regular,Miami (OH),Eastern Michigan,-2.5,0.568
400945022,2017,12,regular,Bowling Green,Toledo,17.5,0.114
400945023,2017,12,regular,Northern Illinois,Western Michigan,-9.0,0.733
400945024,2017,12,regular,Ball State,Buffalo,18.5,0.101
400945300,2017,12,regular,Boise State,Air Force,-17.5,0.886
400945301,2017,12,regular,Colorado State,San José State,-32.0,0.986
400945302,2017,12,regular,New Mexico,UNLV,-3.0,0.582
400945303,2017,12,regular,Utah State,Hawai'i,-10.5,0.766
400945304,2017,12,regular,Wyoming,Fresno State,2.5,0.432
400945305,2017,12,regular,San Diego State,Nevada,-17.5,0.886
400933930,2017,13,regular,Mississippi State,Ole Miss,-14.0,0.833
400933931,2017,13,regular,Arkansas,Missouri,9.5,0.256
400933932,2017,13,regular,Auburn,Alabama,5.0,0.365
400933933,2017,13,regular,Florida,Florida State,4.5,0.378
400933934,2017,13,regular,Georgia Tech,Georgia,11.5,0.214
400933935,2017,13,regular,Kentucky,Louisville,10.0,0.245
400933936,2017,13,regular,LSU,Texas A&M,-11.0,0.776
400933937,2017,13,regular,South Carolina,Clemson,13.5,0.176
400933938,2017,13,regular,Tennessee,Vanderbilt,-2.5,0.568
400934556,2017,13,regular,TCU,Baylor,-25.5,0.961
400934557,2017,13,regular,Texas,Texas Tech,-7.5,0.698
400934558,2017,13,regular,Kansas State,Iowa State,-2.5,0.568
400934559,2017,13,regular,Oklahoma State,Kansas,-41.0,0.998
400934560,2017,13,regular,Oklahoma,West Virginia,-23.0,0.944
400934583,2017,13,regular,Stanford,Notre Dame,3.0,0.418
400935326,2017,13,regular,UCLA,California,-7.0,0.685
400935327,2017,13,regular,Oregon,Oregon State,-25.5,0.961
400935328,2017,13,regular,Arizona State,Arizona,2.0,0.445
400935329,2017,13,regular,Utah,Colorado,-9.5,0.744
400935330,2017,13,regular,Washington,Washington State,-9.5,0.744
400935417,2017,13,regular,Nebraska,Iowa,5.0,0.365
400935418,2017,13,regular,Illinois,Northwestern,16.5,0.128
400935419,2017,13,regular,Maryland,Penn State,23.5,0.053
400935420,2017,13,regular,Michigan,Ohio State,12.5,0.194
400935421,2017,13,regular,Minnesota,Wisconsin,18.5,0.101
400935422,2017,13,regular,Purdue,Indiana,-1.5,0.541
400935423,2017,13,regular,Rutgers,Michigan State,14.0,0.167
400937529,2017,13,regular,Pittsburgh,Miami,12.0,0.204
400937530,2017,13,regular,Virginia,Virginia Tech,7.0,0.315
400937531,2017,13,regular,Syracuse,Boston College,4.0,0.391
400937532,2017,13,regular,Wake Forest,Duke,-10.5,0.766
400937533,2017,13,regular,NC State,North Carolina,-14.5,0.841
400938667,2017,13,regular,Charlotte,Florida Atlantic,24.5,0.046
400938668,2017,13,regular,Florida International,Western Kentucky,3.0,0.418
400938669,2017,13,regular,Louisiana Tech,UTSA,1.0,0.473
400938670,2017,13,regular,Marshall,Southern Miss,-1.5,0.541
400938671,2017,13,regular,Middle Tennessee,Old Dominion,-13.0,0.815
400938672,2017,13,regular,Rice,North Texas,12.5,0.194
400938673,2017,13,regular,UAB,UTEP,-21.0,0.926
400941849,2017,13,regular,UCF,South Florida,-10.0,0.755
400941850,2017,13,regular,Houston,Navy,-6.5,0.673
400941851,2017,13,regular,Cincinnati,UConn,-6.0,0.66
400941852,2017,13,regular,Memphis,East Carolina,-29.5,0.979
400941853,2017,13,regular,Tulsa,Temple,4.5,0.378
400941854,2017,13,regular,SMU,Tulane,-7.5,0.698
400944879,2017,13,regular,Georgia State,App State,6.0,0.34
400944880,2017,13,regular,UL Monroe,Arkansas State,8.5,0.279
400944881,2017,13,regular,Louisiana,Georgia Southern,-5.5,0.648
400944882,2017,13,regular,New Mexico State,Idaho,-10.0,0.755
400944883,2017,13,regular,Troy,Texas State,-23.5,0.947
400945025,2017,13,regular,Eastern Michigan,Bowling Green,-14.5,0.841
400945026,2017,13,regular,Akron,Kent State,-14.5,0.841
400945027,2017,13,regular,Ball State,Miami (OH),17.5,0.114
400945028,2017,13,regular,Central Michigan,Northern Illinois,3.0,0.418
400945029,2017,13,regular,Buffalo,Ohio,7.0,0.315
400945030,2017,13,regular,Toledo,Western Michigan,-12.0,0.796
400945306,2017,13,regular,Air Force,Utah State,-2.5,0.568
400945307,2017,13,regular,Fresno State,Boise State,6.5,0.327
400945308,2017,13,regular,San Diego State,New Mexico,-20.5,0.921
400945309,2017,13,regular,San José State,Wyoming,19.0,0.095
400945310,2017,13,regular,Hawai'i,BYU,3.0,0.418
400945311,2017,13,regular,Nevada,UNLV,-3.0,0.582
400944884,2017,14,regular,App State,Louisiana,-14.0,0.833
400944885,2017,14,regular,Arkansas State,Troy,-1.0,0.527
400944886,2017,14,regular,Coastal Carolina,Georgia Southern,3.0,0.418
400944887,2017,14,regular,Georgia State,Idaho,-7.0,0.685
400944888,2017,14,regular,New Mexico State,South Alabama,-11.5,0.786
400955149,2017,14,regular,USC,Stanford,-3.5,0.595
400955150,2017,14,regular,Toledo,Akron,-20.5,0.921
400955151,2017,14,regular,UCF,Memphis,-7.0,0.685
400955152,2017,14,regular,Florida Atlantic,North Texas,-12.0,0.796
400955153,2017,14,regular,Auburn,Georgia,1.5,0.459
400955154,2017,14,regular,Boise State,Fresno State,-9.5,0.744
400955155,2017,14,regular,Clemson,Miami,-12.5,0.806
400955156,2017,14,regular,Wisconsin,Ohio State,3.5,0.405
400955157,2017,14,regular,Oklahoma,TCU,-7.5,0.698
400985387,2017,14,regular,Florida International,Massachusetts,2.5,0.432
401000149,2017,14,regular,Florida State,UL Monroe,-26.0,0.964
400934572,2017,15,regular,Navy,Army,-2.5,0.568
401012246,2018,1,regular,Alabama,Louisville,-24.0,0.951
401012248,2018,1,regular,Auburn,Washington,-1.0,0.527
401012253,2018,1,regular,Texas Tech,Ole Miss,1.5,0.459
401012256,2018,1,regular,South Carolina,Coastal Carolina,-30.5,0.982
401012257,2018,1,regular,Tennessee,West Virginia,10.0,0.245
401012259,2018,1,regular,Vanderbilt,Middle Tennessee,-3.0,0.582
401012676,2018,1,regular,Arizona,BYU,-11.0,0.776
401012677,2018,1,regular,Arizona State,UTSA,-17.5,0.886
401012678,2018,1,regular,USC,UNLV,-25.0,0.958
401012680,2018,1,regular,Colorado State,Colorado,-7.0,0.685
401012681,2018,1,regular,Oregon,Bowling Green,-34.0,0.99
401012682,2018,1,regular,Ohio State,Oregon State,-40.0,0.997
401012683,2018,1,regular,Wyoming,Washington State,3.0,0.418
401012684,2018,1,regular,California,North Carolina,-7.0,0.685
401012804,2018,1,regular,Illinois,Kent State,-18.0,0.893
401012820,2018,1,regular,Rutgers,Texas State,-16.5,0.872
401012851,2018,1,regular,Florida International,Indiana,13.0,0.185
401012862,2018,1,regular,Iowa,Northern Illinois,-9.5,0.744
401012872,2018,1,regular,Maryland,Texas,13.0,0.185
401012880,2018,1,regular,Michigan State,Utah State,-23.5,0.947
401012888,2018,1,regular,Notre Dame,Michigan,3.0,0.418
401013065,2018,1,regular,Oklahoma,Florida Atlantic,-19.0,0.905
401013086,2018,1,regular,Tulane,Wake Forest,7.5,0.302
401013087,2018,1,regular,Boston College,Massachusetts,-20.5,0.921
401013089,2018,1,regular,Duke,Army,-14.0,0.833
401013095,2018,1,regular,LSU,Miami,3.0,0.418
401013096,2018,1,regular,Florida State,Virginia Tech,-7.0,0.685
401013342,2018,1,regular,Purdue,Northwestern,-1.0,0.527
401013349,2018,1,regular,Penn State,App State,-24.5,0.954
401013354,2018,1,regular,Wisconsin,Western Kentucky,-36.0,0.993
401013448,2018,1,regular,Liberty,Old Dominion,5.0,0.365
401014974,2018,1,regular,South Alabama,Louisiana Tech,10.5,0.234
401014975,2018,1,regular,Miami (OH),Marshall,-1.5,0.541
401014976,2018,1,regular,North Texas,SMU,-3.5,0.595
401014977,2018,1,regular,Rice,Houston,26.0,0.036
401019470,2018,1,regular,UConn,UCF,22.5,0.06
401019475,2018,1,regular,Hawai'i,Navy,13.5,0.176
401020673,2018,1,regular,Western Michigan,Syracuse,5.0,0.365
401021656,2018,1,regular,Troy,Boise State,9.5,0.256
401022510,2018,1,regular,Colorado State,Hawai'i,-17.0,0.879
401022512,2018,1,regular,Stanford,San Diego State,-14.0,0.833
401012260,2018,2,regular,Alabama,Arkansas State,-37.0,0.995
401012261,2018,2,regular,Colorado State,Arkansas,14.0,0.167
401012263,2018,2,regular,Florida,Kentucky,-13.5,0.824
401012266,2018,2,regular,Kansas State,Mississippi State,7.0,0.315
401012267,2018,2,regular,Missouri,Wyoming,-19.5,0.911
401012268,2018,2,regular,South Carolina,Georgia,9.0,0.267
401012270,2018,2,regular,Texas A&M,Clemson,12.5,0.194
401012271,2018,2,regular,Vanderbilt,Nevada,-10.0,0.755
401012726,2018,2,regular,Houston,Arizona,-3.5,0.595
401012727,2018,2,regular,Arizona State,Michigan State,4.5,0.378
401012728,2018,2,regular,Oklahoma,UCLA,-31.0,0.984
401012729,2018,2,regular,Nebraska,Colorado,-3.5,0.595
401012730,2018,2,regular,Northern Illinois,Utah,12.0,0.204
401012735,2018,2,regular,BYU,California,-2.0,0.555
401012736,2018,2,regular,Stanford,USC,-4.5,0.622
401012821,2018,2,regular,Ohio State,Rutgers,-35.5,0.993
401012852,2018,2,regular,Indiana,Virginia,-5.0,0.635
401012863,2018,2,regular,Iowa,Iowa State,-3.5,0.595
401012873,2018,2,regular,Bowling Green,Maryland,14.0,0.167
401012889,2018,2,regular,Michigan,Western Michigan,-28.0,0.973
401013027,2018,2,regular,UTSA,Baylor,17.0,0.121
401013098,2018,2,regular,Northwestern,Duke,-2.5,0.568
401013100,2018,2,regular,South Florida,Georgia Tech,3.0,0.418
401013103,2018,2,regular,East Carolina,North Carolina,16.0,0.135
401013105,2018,2,regular,Pittsburgh,Penn State,7.5,0.302
401013319,2018,2,regular,Texas,Tulsa,-22.0,0.935
401013329,2018,2,regular,Minnesota,Fresno State,1.0,0.473
401013352,2018,2,regular,Purdue,Eastern Michigan,-15.5,0.857
401013355,2018,2,regular,Wisconsin,New Mexico,-35.5,0.993
401013358,2018,2,regular,Georgia Southern,Massachusetts,-1.5,0.541
401013367,2018,2,regular,Army,Liberty,-7.5,0.698
401013377,2018,2,regular,Notre Dame,Ball State,-34.5,0.991
401013490,2018,2,regular,Oklahoma State,South Alabama,-30.5,0.982
401014981,2018,2,regular,Charlotte,App State,15.0,0.15
401014982,2018,2,regular,Old Dominion,Florida International,3.0,0.418
401014983,2018,2,regular,Florida Atlantic,Air Force,-8.0,0.709
401014988,2018,2,regular,Hawai'i,Rice,-17.5,0.886
401014989,2018,2,regular,Southern Miss,UL Monroe,-5.5,0.648
401014990,2018,2,regular,Coastal Carolina,UAB,9.0,0.267
401014991,2018,2,regular,UNLV,UTEP,-23.0,0.944
401019477,2018,2,regular,SMU,TCU,23.5,0.053
401019479,2018,2,regular,Navy,Memphis,7.0,0.315
401019483,2018,2,regular,Boise State,UConn,-33.5,0.99
401012272,2018,3,regular,Arkansas,North Texas,-5.5,0.648
401012273,2018,3,regular,Auburn,LSU,-10.0,0.755
401012274,2018,3,regular,Florida,Colorado State,-21.0,0.926
401012275,2018,3,regular,Georgia,Middle Tennessee,-34.0,0.99
401012277,2018,3,regular,Ole Miss,Alabama,22.5,0.06
401012278,2018,3,regular,Mississippi State,Louisiana,-34.0,0.99
401012279,2018,3,regular,Purdue,Missouri,5.5,0.352
401012281,2018,3,regular,Tennessee,UTEP,-33.5,0.99
401012282,2018,3,regular,Texas A&M,UL Monroe,-27.5,0.971
401012283,2018,3,regular,Notre Dame,Vanderbilt,-14.0,0.833
401012738,2018,3,regular,San Diego State,Arizona State,5.0,0.365
401012739,2018,3,regular,Texas,USC,-3.0,0.582
401012740,2018,3,regular,UCLA,Fresno State,2.5,0.432
401012742,2018,3,regular,Utah,Washington,4.0,0.391
401012744,2018,3,regular,Nevada,Oregon State,-4.0,0.609
401012806,2018,3,regular,Illinois,South Florida,14.0,0.167
401012822,2018,3,regular,Kansas,Rutgers,-1.0,0.527
401012853,2018,3,regular,Indiana,Ball State,-15.5,0.857
401012874,2018,3,regular,Maryland,Temple,-16.0,0.865
401012890,2018,3,regular,Michigan,SMU,-37.0,0.995
401013028,2018,3,regular,Baylor,Duke,-2.5,0.568
401013039,2018,3,regular,Iowa State,Oklahoma,18.5,0.101
401013058,2018,3,regular,Kansas State,UTSA,-21.0,0.926
401013074,2018,3,regular,TCU,Ohio State,12.5,0.194
401013109,2018,3,regular,Wake Forest,Boston College,6.0,0.34
401013110,2018,3,regular,Clemson,Georgia Southern,-32.0,0.986
401013111,2018,3,regular,Syracuse,Florida State,3.5,0.405
401013112,2018,3,regular,Pittsburgh,Georgia Tech,3.5,0.405
401013113,2018,3,regular,Louisville,Western Kentucky,-23.5,0.947
401013114,2018,3,regular,Toledo,Miami,12.0,0.204
401013117,2018,3,regular,Virginia,Ohio,-5.0,0.635
401013323,2018,3,regular,Texas Tech,Houston,-1.0,0.527
401013330,2018,3,regular,Minnesota,Miami (OH),-13.5,0.824
401013337,2018,3,regular,Nebraska,Troy,-10.0,0.755
401013343,2018,3,regular,Northwestern,Akron,-21.0,0.926
401013350,2018,3,regular,Penn State,Kent State,-35.5,0.993
401013356,2018,3,regular,Wisconsin,BYU,-23.5,0.947
401013359,2018,3,regular,Florida International,Massachusetts,-3.5,0.595
401013368,2018,3,regular,Army,Hawai'i,-6.5,0.673
401013491,2018,3,regular,Oklahoma State,Boise State,2.0,0.445
401014993,2018,3,regular,Charlotte,Old Dominion,1.5,0.459
401014996,2018,3,regular,UAB,Tulane,3.5,0.405
401019488,2018,3,regular,Tulsa,Arkansas State,-1.5,0.541
401021660,2018,3,regular,South Alabama,Texas State,-9.5,0.744
401012284,2018,4,regular,Alabama,Texas A&M,-24.5,0.954
401012285,2018,4,regular,Auburn,Arkansas,-30.0,0.981
401012286,2018,4,regular,Kentucky,Mississippi State,10.0,0.245
401012287,2018,4,regular,LSU,Louisiana Tech,-19.5,0.911
401012288,2018,4,regular,Ole Miss,Kent State,-28.5,0.975
401012289,2018,4,regular,Missouri,Georgia,15.0,0.15
401012290,2018,4,regular,Tennessee,Florida,3.5,0.405
401012291,2018,4,regular,Vanderbilt,South Carolina,1.5,0.459
401012748,2018,4,regular,USC,Washington State,-4.5,0.622
401012749,2018,4,regular,Oregon,Stanford,3.0,0.418
401012750,2018,4,regular,Oregon State,Arizona,5.0,0.365
401012751,2018,4,regular,Washington,Arizona State,-18.5,0.899
401012807,2018,4,regular,Illinois,Penn State,26.5,0.034
401012854,2018,4,regular,Indiana,Michigan State,6.5,0.327
401012865,2018,4,regular,Iowa,Wisconsin,3.0,0.418
401012875,2018,4,regular,Maryland,Minnesota,-1.5,0.541
401012891,2018,4,regular,Michigan,Nebraska,-18.0,0.893
401013029,2018,4,regular,Baylor,Kansas,-7.5,0.698
401013040,2018,4,regular,Iowa State,Akron,-19.5,0.911
401013059,2018,4,regular,West Virginia,Kansas State,-16.0,0.865
401013066,2018,4,regular,Oklahoma,Army,-29.5,0.979
401013075,2018,4,regular,Texas,TCU,3.0,0.418
401013119,2018,4,regular,Purdue,Boston College,6.5,0.327
401013120,2018,4,regular,Georgia Tech,Clemson,16.5,0.128
401013122,2018,4,regular,Florida State,Northern Illinois,-10.0,0.755
401013123,2018,4,regular,Virginia,Louisville,-5.0,0.635
401013124,2018,4,regular,Miami,Florida International,-26.0,0.964
401013125,2018,4,regular,North Carolina,Pittsburgh,3.0,0.418
401013126,2018,4,regular,Marshall,NC State,6.0,0.34
401013127,2018,4,regular,Syracuse,UConn,-30.0,0.981
401013128,2018,4,regular,Old Dominion,Virginia Tech,28.5,0.025
401013129,2018,4,regular,Wake Forest,Notre Dame,6.5,0.327
401013324,2018,4,regular,Oklahoma State,Texas Tech,-14.5,0.841
401013346,2018,4,regular,Ohio State,Tulane,-37.5,0.995
401013360,2018,4,regular,Massachusetts,Charlotte,-6.0,0.66
401013450,2018,4,regular,Liberty,North Texas,11.0,0.224
401014998,2018,4,regular,Southern Miss,Rice,-13.5,0.824
401014999,2018,4,regular,UTSA,Texas State,-7.0,0.685
401015000,2018,4,regular,Ball State,Western Kentucky,-3.0,0.582
401019489,2018,4,regular,Temple,Tulsa,-6.5,0.673
401019492,2018,4,regular,South Florida,East Carolina,-20.0,0.916
401019494,2018,4,regular,Memphis,South Alabama,-31.5,0.985
401019495,2018,4,regular,SMU,Navy,6.5,0.327
401020683,2018,4,regular,San Diego State,Eastern Michigan,-10.5,0.766
401020685,2018,4,regular,Toledo,Nevada,-10.5,0.766
401020811,2018,4,regular,Bowling Green,Miami (OH),6.5,0.327
401021662,2018,4,regular,Arkansas State,UNLV,-8.0,0.709
401021663,2018,4,regular,Louisiana,Coastal Carolina,-3.0,0.582
401021664,2018,4,regular,UL Monroe,Troy,4.5,0.378
401022522,2018,4,regular,Utah State,Air Force,-10.0,0.755
401012292,2018,5,regular,Alabama,Louisiana,-49.0,1.0
401012293,2018,5,regular,Texas A&M,Arkansas,-20.5,0.921
401012294,2018,5,regular,Auburn,Southern Miss,-27.0,0.969
401012295,2018,5,regular,Georgia,Tennessee,-30.0,0.981
401012296,2018,5,regular,Kentucky,South Carolina,1.0,0.473
401012297,2018,5,regular,LSU,Ole Miss,-11.0,0.776
401012298,2018,5,regular,Mississippi State,Florida,-6.5,0.673
401012752,2018,5,regular,Colorado,UCLA,-9.0,0.733
401012753,2018,5,regular,Arizona,USC,3.5,0.405
401012754,2018,5,regular,Arizona State,Oregon State,-21.5,0.931
401012755,2018,5,regular,Washington,BYU,-18.5,0.899
401012756,2018,5,regular,Washington State,Utah,1.5,0.459
401012757,2018,5,regular,California,Oregon,1.5,0.459
401012758,2018,5,regular,Notre Dame,Stanford,-4.5,0.622
401012824,2018,5,regular,Rutgers,Indiana,15.0,0.15
401012892,2018,5,regular,Northwestern,Michigan,14.5,0.159
401013030,2018,5,regular,Oklahoma,Baylor,-22.5,0.94
401013041,2018,5,regular,TCU,Iowa State,-11.0,0.776
401013050,2018,5,regular,Kansas,Oklahoma State,17.5,0.114
401013060,2018,5,regular,Kansas State,Texas,8.5,0.279
401013130,2018,5,regular,Boston College,Temple,-13.0,0.815
401013131,2018,5,regular,Clemson,Syracuse,-24.5,0.954
401013132,2018,5,regular,Duke,Virginia Tech,-6.5,0.673
401013133,2018,5,regular,Louisville,Florida State,5.5,0.352
401013134,2018,5,regular,Georgia Tech,Bowling Green,-28.0,0.973
401013135,2018,5,regular,NC State,Virginia,-6.5,0.673
401013137,2018,5,regular,Wake Forest,Rice,-28.0,0.973
401013325,2018,5,regular,Texas Tech,West Virginia,3.5,0.405
401013338,2018,5,regular,Nebraska,Purdue,3.5,0.405
401013347,2018,5,regular,Penn State,Ohio State,3.5,0.405
401013361,2018,5,regular,Ohio,Massachusetts,-11.5,0.786
401013451,2018,5,regular,New Mexico,Liberty,-7.0,0.685
401013466,2018,5,regular,Miami,North Carolina,-18.5,0.899
401015001,2018,5,regular,UAB,Charlotte,-15.5,0.857
401015003,2018,5,regular,Middle Tennessee,Florida Atlantic,2.5,0.432
401015004,2018,5,regular,North Texas,Louisiana Tech,-7.0,0.685
401015005,2018,5,regular,Western Kentucky,Marshall,3.5,0.405
401015006,2018,5,regular,East Carolina,Old Dominion,-7.0,0.685
401015007,2018,5,regular,UTSA,UTEP,-10.0,0.755
401019496,2018,5,regular,Tulane,Memphis,14.5,0.159
401020687,2018,5,regular,Ball State,Kent State,-7.5,0.698
401020688,2018,5,regular,Eastern Michigan,Northern Illinois,-3.5,0.595
401020689,2018,5,regular,Fresno State,Toledo,-10.0,0.755
401020750,2018,5,regular,Miami (OH),Western Michigan,2.5,0.432
401021665,2018,5,regular,App State,South Alabama,-25.5,0.961
401021666,2018,5,regular,Georgia Southern,Arkansas State,3.0,0.418
401021667,2018,5,regular,Troy,Coastal Carolina,-14.0,0.833
401022525,2018,5,regular,Air Force,Nevada,-3.5,0.595
401022526,2018,5,regular,Wyoming,Boise State,16.0,0.135
401012300,2018,6,regular,Arkansas,Alabama,35.0,0.008
401012301,2018,6,regular,Florida,LSU,1.0,0.473
401012302,2018,6,regular,Georgia,Vanderbilt,-26.5,0.966
401012303,2018,6,regular,Ole Miss,UL Monroe,-23.0,0.944
401012304,2018,6,regular,Mississippi State,Auburn,3.0,0.418
401012305,2018,6,regular,South Carolina,Missouri,1.0,0.473
401012306,2018,6,regular,Texas A&M,Kentucky,-5.5,0.648
401012759,2018,6,regular,Arizona,California,2.0,0.445
401012760,2018,6,regular,UCLA,Washington,21.0,0.074
401012761,2018,6,regular,Colorado,Arizona State,-2.5,0.568
401012762,2018,6,regular,Oregon State,Washington State,18.5,0.101
401012763,2018,6,regular,Stanford,Utah,-4.0,0.609
401012808,2018,6,regular,Rutgers,Illinois,4.5,0.378
401012855,2018,6,regular,Ohio State,Indiana,-27.0,0.969
401012866,2018,6,regular,Minnesota,Iowa,7.0,0.315
401012876,2018,6,regular,Michigan,Maryland,-17.5,0.886
401012882,2018,6,regular,Michigan State,Northwestern,-10.5,0.766
401013031,2018,6,regular,Baylor,Kansas State,-4.0,0.609
401013042,2018,6,regular,Oklahoma State,Iowa State,-10.0,0.755
401013051,2018,6,regular,West Virginia,Kansas,-27.5,0.971
401013067,2018,6,regular,Oklahoma,Texas,-7.0,0.685
401013138,2018,6,regular,Louisville,Georgia Tech,5.5,0.352
401013139,2018,6,regular,NC State,Boston College,-6.5,0.673
401013140,2018,6,regular,Wake Forest,Clemson,20.5,0.079
401013141,2018,6,regular,Miami,Florida State,-14.0,0.833
401013142,2018,6,regular,Pittsburgh,Syracuse,3.5,0.405
401013143,2018,6,regular,Virginia Tech,Notre Dame,6.5,0.327
401013339,2018,6,regular,Wisconsin,Nebraska,-18.0,0.893
401013362,2018,6,regular,Massachusetts,South Florida,14.0,0.167
401015008,2018,6,regular,Florida Atlantic,Old Dominion,-13.5,0.824
401015009,2018,6,regular,Louisiana Tech,UAB,-7.5,0.698
401015010,2018,6,regular,Marshall,Middle Tennessee,-3.0,0.582
401015011,2018,6,regular,UTEP,North Texas,26.5,0.034
401015012,2018,6,regular,Rice,UTSA,-1.0,0.527
401016407,2018,6,regular,BYU,Utah State,1.0,0.473
401019499,2018,6,regular,Houston,Tulsa,-18.0,0.893
401019502,2018,6,regular,Memphis,UConn,-36.0,0.993
401019503,2018,6,regular,Temple,East Carolina,-10.0,0.755
401019504,2018,6,regular,Air Force,Navy,2.5,0.432
401020751,2018,6,regular,Toledo,Bowling Green,-22.0,0.935
401020753,2018,6,regular,Western Michigan,Eastern Michigan,-4.5,0.622
401020754,2018,6,regular,Ball State,Northern Illinois,3.0,0.418
401020755,2018,6,regular,Kent State,Ohio,12.0,0.204
401020812,2018,6,regular,Akron,Miami (OH),-5.0,0.635
401021670,2018,6,regular,Georgia Southern,South Alabama,-12.5,0.806
401021671,2018,6,regular,Texas State,Louisiana,3.0,0.418
401022528,2018,6,regular,Boise State,San Diego State,-13.5,0.824
401022530,2018,6,regular,UNLV,New Mexico,-8.0,0.709
401022531,2018,6,regular,Hawai'i,Wyoming,3.5,0.405
401022532,2018,6,regular,Nevada,Fresno State,16.0,0.135
401012307,2018,7,regular,Alabama,Missouri,-28.5,0.975
401012308,2018,7,regular,Arkansas,Ole Miss,6.5,0.327
401012309,2018,7,regular,Auburn,Tennessee,-15.5,0.857
401012310,2018,7,regular,LSU,Georgia,7.0,0.315
401012311,2018,7,regular,South Carolina,Texas A&M,2.5,0.432
401012312,2018,7,regular,Vanderbilt,Florida,9.5,0.256
401012764,2018,7,regular,Utah,Arizona,-14.0,0.833
401012765,2018,7,regular,USC,Colorado,-7.0,0.685
401012766,2018,7,regular,Oregon,Washington,3.5,0.405
401012767,2018,7,regular,California,UCLA,-7.0,0.685
401012809,2018,7,regular,Illinois,Purdue,10.5,0.234
401012825,2018,7,regular,Maryland,Rutgers,-24.0,0.951
401012856,2018,7,regular,Indiana,Iowa,3.5,0.405
401012883,2018,7,regular,Penn State,Michigan State,-13.5,0.824
401012893,2018,7,regular,Michigan,Wisconsin,-10.0,0.755
401013032,2018,7,regular,Texas,Baylor,-14.0,0.833
401013043,2018,7,regular,Iowa State,West Virginia,4.5,0.378
401013061,2018,7,regular,Kansas State,Oklahoma State,9.0,0.267
401013076,2018,7,regular,TCU,Texas Tech,-7.5,0.698
401013144,2018,7,regular,Boston College,Louisville,-12.0,0.796
401013145,2018,7,regular,Georgia Tech,Duke,-2.0,0.555
401013146,2018,7,regular,Virginia,Miami,7.0,0.315
401013147,2018,7,regular,North Carolina,Virginia Tech,6.5,0.327
401013148,2018,7,regular,Notre Dame,Pittsburgh,-21.0,0.926
401013331,2018,7,regular,Ohio State,Minnesota,-29.5,0.979
401013340,2018,7,regular,Northwestern,Nebraska,-3.5,0.595
401013452,2018,7,regular,Liberty,Troy,11.0,0.224
401015013,2018,7,regular,Charlotte,Western Kentucky,9.5,0.256
401015014,2018,7,regular,Florida International,Middle Tennessee,-2.0,0.555
401015015,2018,7,regular,UTSA,Louisiana Tech,12.5,0.194
401015016,2018,7,regular,Old Dominion,Marshall,3.5,0.405
401015017,2018,7,regular,North Texas,Southern Miss,-7.0,0.685
401015018,2018,7,regular,Rice,UAB,17.0,0.121
401016408,2018,7,regular,BYU,Hawai'i,-10.5,0.766
401019505,2018,7,regular,Tulsa,South Florida,9.5,0.256
401019507,2018,7,regular,East Carolina,Houston,16.0,0.135
401019508,2018,7,regular,Navy,Temple,6.5,0.327
401020758,2018,7,regular,Northern Illinois,Ohio,-5.5,0.648
401020759,2018,7,regular,Eastern Michigan,Toledo,2.0,0.445
401020760,2018,7,regular,Bowling Green,Western Michigan,14.5,0.159
401020810,2018,7,regular,Miami (OH),Kent State,-11.0,0.776
401021672,2018,7,regular,Arkansas State,App State,10.5,0.234
401021673,2018,7,regular,Texas State,Georgia Southern,17.5,0.114
401021674,2018,7,regular,Coastal Carolina,UL Monroe,-7.0,0.685
401022533,2018,7,regular,San Diego State,Air Force,-11.0,0.776
401022534,2018,7,regular,Nevada,Boise State,14.0,0.167
401022535,2018,7,regular,Colorado State,New Mexico,1.0,0.473
401022536,2018,7,regular,Utah State,UNLV,-27.0,0.969
401022537,2018,7,regular,Fresno State,Wyoming,-18.0,0.893
401012313,2018,8,regular,Arkansas,Tulsa,-6.0,0.66
401012314,2018,8,regular,Kentucky,Vanderbilt,-10.5,0.766
401012315,2018,8,regular,LSU,Mississippi State,-5.5,0.648
401012316,2018,8,regular,Ole Miss,Auburn,4.5,0.378
401012317,2018,8,regular,Missouri,Memphis,-9.5,0.744
401012318,2018,8,regular,Tennessee,Alabama,29.0,0.023
401012768,2018,8,regular,Arizona State,Stanford,2.0,0.445
401012769,2018,8,regular,UCLA,Arizona,-10.0,0.755
401012770,2018,8,regular,Utah,USC,-6.5,0.673
401012771,2018,8,regular,Oregon State,California,6.5,0.327
401012772,2018,8,regular,Washington,Colorado,-17.0,0.879
401012773,2018,8,regular,Washington State,Oregon,-3.0,0.582
401012810,2018,8,regular,Wisconsin,Illinois,-24.0,0.951
401012846,2018,8,regular,Rutgers,Northwestern,20.5,0.079
401012857,2018,8,regular,Indiana,Penn State,14.0,0.167
401012867,2018,8,regular,Iowa,Maryland,-9.5,0.744
401012884,2018,8,regular,Michigan State,Michigan,7.5,0.302
401013052,2018,8,regular,Texas Tech,Kansas,-17.5,0.886
401013068,2018,8,regular,TCU,Oklahoma,8.0,0.291
401013149,2018,8,regular,Clemson,NC State,-18.5,0.899
401013150,2018,8,regular,Duke,Virginia,-6.5,0.673
401013151,2018,8,regular,Florida State,Wake Forest,-10.5,0.766
401013152,2018,8,regular,Syracuse,North Carolina,-10.0,0.755
401013332,2018,8,regular,Nebraska,Minnesota,-5.0,0.635
401013348,2018,8,regular,Purdue,Ohio State,12.5,0.194
401013363,2018,8,regular,Massachusetts,Coastal Carolina,-2.5,0.568
401013371,2018,8,regular,Army,Miami (OH),-6.5,0.673
401013443,2018,8,regular,New Mexico State,Georgia Southern,9.5,0.256
401015019,2018,8,regular,Middle Tennessee,Charlotte,-15.5,0.857
401015020,2018,8,regular,Florida International,Rice,-23.5,0.947
401015021,2018,8,regular,Marshall,Florida Atlantic,2.5,0.432
401015022,2018,8,regular,Louisiana Tech,UTEP,-22.0,0.935
401015023,2018,8,regular,UAB,North Texas,-1.5,0.541
401015024,2018,8,regular,Western Kentucky,Old Dominion,-4.0,0.609
401015025,2018,8,regular,Southern Miss,UTSA,-15.5,0.857
401019509,2018,8,regular,East Carolina,UCF,21.5,0.069
401019510,2018,8,regular,Temple,Cincinnati,-2.5,0.568
401019511,2018,8,regular,South Florida,UConn,-31.5,0.985
401019512,2018,8,regular,Navy,Houston,11.5,0.214
401019513,2018,8,regular,Tulane,SMU,-7.5,0.698
401020761,2018,8,regular,Kent State,Akron,4.5,0.378
401020762,2018,8,regular,Ohio,Bowling Green,-16.5,0.872
401020763,2018,8,regular,Toledo,Buffalo,-3.0,0.582
401020764,2018,8,regular,Ball State,Eastern Michigan,3.0,0.418
401020765,2018,8,regular,Central Michigan,Western Michigan,5.0,0.365
401021676,2018,8,regular,Arkansas State,Georgia State,-13.0,0.815
401021677,2018,8,regular,App State,Louisiana,-25.5,0.961
401021678,2018,8,regular,UL Monroe,Texas State,-10.5,0.766
401022538,2018,8,regular,Boise State,Colorado State,-23.5,0.947
401022539,2018,8,regular,UNLV,Air Force,9.5,0.256
401022540,2018,8,regular,Wyoming,Utah State,13.5,0.176
401022541,2018,8,regular,New Mexico,Fresno State,14.0,0.167
401022542,2018,8,regular,Hawai'i,Nevada,-2.5,0.568
401012319,2018,9,regular,Arkansas,Vanderbilt,-1.0,0.527
401012320,2018,9,regular,Georgia,Florida,-7.0,0.685
401012321,2018,9,regular,Mississippi State,Texas A&M,-1.0,0.527
401012322,2018,9,regular,Missouri,Kentucky,-7.5,0.698
401012323,2018,9,regular,South Carolina,Tennessee,-10.0,0.755
401012774,2018,9,regular,UCLA,Utah,10.0,0.245
401012775,2018,9,regular,Arizona,Oregon,8.0,0.291
401012776,2018,9,regular,USC,Arizona State,-3.0,0.582
401012777,2018,9,regular,Colorado,Oregon State,-23.5,0.947
401012778,2018,9,regular,California,Washington,12.0,0.204
401012779,2018,9,regular,Stanford,Washington State,-2.5,0.568
401012811,2018,9,regular,Maryland,Illinois,-16.5,0.872
401012858,2018,9,regular,Minnesota,Indiana,2.5,0.432
401012868,2018,9,regular,Penn State,Iowa,-4.5,0.622
401012885,2018,9,regular,Michigan State,Purdue,2.5,0.432
401013033,2018,9,regular,West Virginia,Baylor,-14.5,0.841
401013044,2018,9,regular,Iowa State,Texas Tech,-5.5,0.648
401013053,2018,9,regular,Kansas,TCU,13.5,0.176
401013062,2018,9,regular,Oklahoma,Kansas State,-24.0,0.951
401013153,2018,9,regular,Virginia Tech,Georgia Tech,-3.0,0.582
401013154,2018,9,regular,Boston College,Miami,3.5,0.405
401013155,2018,9,regular,Florida State,Clemson,18.0,0.107
401013156,2018,9,regular,Pittsburgh,Duke,3.0,0.418
401013157,2018,9,regular,Louisville,Wake Forest,-2.5,0.568
401013158,2018,9,regular,Virginia,North Carolina,-8.0,0.709
401013159,2018,9,regular,Syracuse,NC State,2.0,0.445
401013189,2018,9,regular,Navy,Notre Dame,22.0,0.065
401013320,2018,9,regular,Oklahoma State,Texas,2.5,0.432
401013344,2018,9,regular,Northwestern,Wisconsin,4.0,0.391
401013364,2018,9,regular,UConn,Massachusetts,3.5,0.405
401013372,2018,9,regular,Eastern Michigan,Army,1.5,0.459
401013444,2018,9,regular,Texas State,New Mexico State,1.0,0.473
401015026,2018,9,regular,Charlotte,Southern Miss,6.5,0.327
401015027,2018,9,regular,Western Kentucky,Florida International,3.0,0.418
401015028,2018,9,regular,Florida Atlantic,Louisiana Tech,-3.5,0.595
401015029,2018,9,regular,Old Dominion,Middle Tennessee,4.0,0.391
401015030,2018,9,regular,North Texas,Rice,-30.0,0.981
401015031,2018,9,regular,UTEP,UAB,14.5,0.159
401016409,2018,9,regular,BYU,Northern Illinois,-6.5,0.673
401019514,2018,9,regular,SMU,Cincinnati,9.0,0.267
401019515,2018,9,regular,Houston,South Florida,-10.0,0.755
401019516,2018,9,regular,Tulsa,Tulane,-2.5,0.568
401020766,2018,9,regular,Ohio,Ball State,-10.5,0.766
401020767,2018,9,regular,Western Michigan,Toledo,-4.5,0.622
401020768,2018,9,regular,Akron,Central Michigan,-5.5,0.648
401021679,2018,9,regular,South Alabama,Troy,11.0,0.224
401021680,2018,9,regular,Georgia Southern,App State,11.0,0.224
401021681,2018,9,regular,Louisiana,Arkansas State,3.0,0.418
401021682,2018,9,regular,Georgia State,Coastal Carolina,2.5,0.432
401022544,2018,9,regular,Air Force,Boise State,10.0,0.245
401022545,2018,9,regular,Utah State,New Mexico,-20.0,0.916
401022546,2018,9,regular,Colorado State,Wyoming,3.0,0.418
401022547,2018,9,regular,Fresno State,Hawai'i,-25.5,0.961
401022548,2018,9,regular,Nevada,San Diego State,1.0,0.473
401012324,2018,10,regular,Auburn,Texas A&M,-3.5,0.595
401012325,2018,10,regular,Florida,Missouri,-6.0,0.66
401012326,2018,10,regular,Kentucky,Georgia,9.5,0.256
401012327,2018,10,regular,LSU,Alabama,14.0,0.167
401012328,2018,10,regular,Ole Miss,South Carolina,-2.0,0.555
401012329,2018,10,regular,Mississippi State,Louisiana Tech,-23.5,0.947
401012330,2018,10,regular,Tennessee,Charlotte,-21.0,0.926
401012780,2018,10,regular,Arizona,Colorado,-3.5,0.595
401012782,2018,10,regular,Oregon,UCLA,-10.5,0.766
401012784,2018,10,regular,Washington,Stanford,-9.5,0.744
401012785,2018,10,regular,Washington State,California,-7.5,0.698
401012812,2018,10,regular,Illinois,Minnesota,8.5,0.279
401012847,2018,10,regular,Wisconsin,Rutgers,-29.0,0.977
401012869,2018,10,regular,Purdue,Iowa,-2.0,0.555
401012877,2018,10,regular,Maryland,Michigan State,3.5,0.405
401012894,2018,10,regular,Michigan,Penn State,-13.0,0.815
401013034,2018,10,regular,Baylor,Oklahoma State,6.0,0.34
401013045,2018,10,regular,Kansas,Iowa State,18.0,0.107
401013063,2018,10,regular,TCU,Kansas State,-10.0,0.755
401013069,2018,10,regular,Texas Tech,Oklahoma,14.0,0.167
401013160,2018,10,regular,Virginia,Pittsburgh,-7.0,0.685
401013161,2018,10,regular,Virginia Tech,Boston College,2.0,0.445
401013162,2018,10,regular,Clemson,Louisville,-38.5,0.996
401013163,2018,10,regular,Miami,Duke,-9.5,0.744
401013164,2018,10,regular,NC State,Florida State,-9.5,0.744
401013165,2018,10,regular,North Carolina,Georgia Tech,4.0,0.391
401013166,2018,10,regular,Wake Forest,Syracuse,6.5,0.327
401013188,2018,10,regular,Texas,West Virginia,1.0,0.473
401013341,2018,10,regular,Ohio State,Nebraska,-17.5,0.886
401013345,2018,10,regular,Northwestern,Notre Dame,10.0,0.245
401013365,2018,10,regular,Massachusetts,Liberty,1.0,0.473
401013373,2018,10,regular,Army,Air Force,-5.5,0.648
401015032,2018,10,regular,Florida International,Florida Atlantic,-2.0,0.555
401015033,2018,10,regular,Southern Miss,Marshall,2.5,0.432
401015034,2018,10,regular,Middle Tennessee,Western Kentucky,-13.5,0.824
401015035,2018,10,regular,Rice,UTEP,1.5,0.459
401015036,2018,10,regular,UAB,UTSA,-21.5,0.931
401016410,2018,10,regular,Boise State,BYU,-13.0,0.815
401019517,2018,10,regular,UCF,Temple,-10.5,0.766
401019518,2018,10,regular,Cincinnati,Navy,-12.0,0.796
401019521,2018,10,regular,South Florida,Tulane,-6.0,0.66
401019522,2018,10,regular,SMU,Houston,14.0,0.167
401020769,2018,10,regular,Bowling Green,Kent State,-1.5,0.541
401020770,2018,10,regular,Buffalo,Miami (OH),-7.0,0.685
401020771,2018,10,regular,Toledo,Ball State,-19.5,0.911
401020772,2018,10,regular,Akron,Northern Illinois,6.0,0.34
401020773,2018,10,regular,Western Michigan,Ohio,3.5,0.405
401020774,2018,10,regular,Eastern Michigan,Central Michigan,-14.0,0.833
401021683,2018,10,regular,Coastal Carolina,App State,13.5,0.176
401021684,2018,10,regular,Arkansas State,South Alabama,-14.0,0.833
401021685,2018,10,regular,UL Monroe,Georgia Southern,7.0,0.315
401021686,2018,10,regular,Georgia State,Texas State,-7.0,0.685
401021687,2018,10,regular,Troy,Louisiana,-8.0,0.709
401022550,2018,10,regular,New Mexico,San Diego State,12.5,0.194
401022551,2018,10,regular,Hawai'i,Utah State,17.5,0.114
401022553,2018,10,regular,UNLV,Fresno State,27.0,0.031
401012331,2018,11,regular,Alabama,Mississippi State,-22.5,0.94
401012332,2018,11,regular,Arkansas,LSU,12.5,0.194
401012333,2018,11,regular,Florida,South Carolina,-6.5,0.673
401012334,2018,11,regular,Georgia,Auburn,-13.0,0.815
401012335,2018,11,regular,Missouri,Vanderbilt,-14.5,0.841
401012336,2018,11,regular,Tennessee,Kentucky,5.0,0.365
401012337,2018,11,regular,Texas A&M,Ole Miss,-13.0,0.815
401012786,2018,11,regular,Arizona State,UCLA,-12.0,0.796
401012787,2018,11,regular,USC,California,-5.0,0.635
401012788,2018,11,regular,Colorado,Washington State,5.5,0.352
401012789,2018,11,regular,Utah,Oregon,-3.5,0.595
401012813,2018,11,regular,Nebraska,Illinois,-17.5,0.886
401012848,2018,11,regular,Rutgers,Michigan,37.5,0.005
401012859,2018,11,regular,Indiana,Maryland,-1.0,0.527
401012870,2018,11,regular,Iowa,Northwestern,-11.0,0.776
401012886,2018,11,regular,Michigan State,Ohio State,3.5,0.405
401013035,2018,11,regular,Iowa State,Baylor,-17.0,0.879
401013054,2018,11,regular,Kansas State,Kansas,-9.0,0.733
401013070,2018,11,regular,Oklahoma,Oklahoma State,-22.0,0.935
401013077,2018,11,regular,West Virginia,TCU,-13.5,0.824
401013167,2018,11,regular,NC State,Wake Forest,-19.0,0.905
401013168,2018,11,regular,Syracuse,Louisville,-20.5,0.921
401013169,2018,11,regular,Boston College,Clemson,17.5,0.114
401013170,2018,11,regular,Duke,North Carolina,-7.5,0.698
401013171,2018,11,regular,Notre Dame,Florida State,-17.0,0.879
401013172,2018,11,regular,Georgia Tech,Miami,-1.0,0.527
401013173,2018,11,regular,Pittsburgh,Virginia Tech,-3.5,0.595
401013174,2018,11,regular,Virginia,Liberty,-24.0,0.951
401013321,2018,11,regular,Texas Tech,Texas,2.0,0.445
401013333,2018,11,regular,Minnesota,Purdue,10.0,0.245
401013351,2018,11,regular,Penn State,Wisconsin,-7.5,0.698
401013366,2018,11,regular,Massachusetts,BYU,14.0,0.167
401015037,2018,11,regular,Marshall,Charlotte,-12.5,0.806
401015038,2018,11,regular,UTSA,Florida International,10.5,0.234
401015039,2018,11,regular,Florida Atlantic,Western Kentucky,-18.0,0.893
401015040,2018,11,regular,Louisiana Tech,Rice,-24.0,0.951
401015041,2018,11,regular,UTEP,Middle Tennessee,13.5,0.176
401015042,2018,11,regular,Old Dominion,North Texas,14.5,0.159
401015043,2018,11,regular,UAB,Southern Miss,-13.0,0.815
401019523,2018,11,regular,UCF,Navy,-24.0,0.951
401019524,2018,11,regular,Cincinnati,South Florida,-14.0,0.833
401019525,2018,11,regular,UConn,SMU,17.0,0.121
401019526,2018,11,regular,Tulane,East Carolina,-10.5,0.766
401019527,2018,11,regular,Houston,Temple,-3.5,0.595
401019528,2018,11,regular,Memphis,Tulsa,-15.5,0.857
401020775,2018,11,regular,Buffalo,Kent State,-17.0,0.879
401020776,2018,11,regular,Miami (OH),Ohio,4.5,0.378
401020777,2018,11,regular,Northern Illinois,Toledo,-3.5,0.595
401020778,2018,11,regular,Eastern Michigan,Akron,-11.5,0.786
401020779,2018,11,regular,Central Michigan,Bowling Green,-7.5,0.698
401021688,2018,11,regular,Coastal Carolina,Arkansas State,6.5,0.327
401021689,2018,11,regular,Georgia Southern,Troy,2.5,0.432
401021690,2018,11,regular,Louisiana,Georgia State,-14.0,0.833
401021691,2018,11,regular,South Alabama,UL Monroe,7.5,0.302
401021702,2018,11,regular,Texas State,App State,19.0,0.095
401022554,2018,11,regular,Air Force,New Mexico,-13.5,0.824
401022555,2018,11,regular,Nevada,Colorado State,-14.0,0.833
401022556,2018,11,regular,Boise State,Fresno State,2.5,0.432
401022558,2018,11,regular,San Diego State,UNLV,-24.0,0.951
401012339,2018,12,regular,Auburn,Liberty,-29.5,0.979
401012341,2018,12,regular,Georgia,Massachusetts,-41.5,0.998
401012342,2018,12,regular,Kentucky,Middle Tennessee,-16.0,0.865
401012343,2018,12,regular,LSU,Rice,-42.0,0.998
401012344,2018,12,regular,Mississippi State,Arkansas,-23.0,0.944
401012346,2018,12,regular,Tennessee,Missouri,6.0,0.34
401012347,2018,12,regular,Texas A&M,UAB,-17.0,0.879
401012348,2018,12,regular,Vanderbilt,Ole Miss,-3.0,0.582
401012791,2018,12,regular,UCLA,USC,3.0,0.418
401012793,2018,12,regular,Oregon,Arizona State,-3.5,0.595
401012794,2018,12,regular,Washington,Oregon State,-32.5,0.987
401012795,2018,12,regular,Washington State,Arizona,-10.5,0.766
401012814,2018,12,regular,Illinois,Iowa,16.0,0.135
401012849,2018,12,regular,Rutgers,Penn State,27.0,0.031
401012860,2018,12,regular,Michigan,Indiana,-28.0,0.973
401012878,2018,12,regular,Maryland,Ohio State,14.0,0.167
401012887,2018,12,regular,Nebraska,Michigan State,-1.0,0.527
401013036,2018,12,regular,Baylor,TCU,,
401013046,2018,12,regular,Texas,Iowa State,-2.0,0.555
401013055,2018,12,regular,Oklahoma,Kansas,-35.0,0.992
401013064,2018,12,regular,Kansas State,Texas Tech,6.5,0.327
401013175,2018,12,regular,Florida State,Boston College,3.0,0.418
401013176,2018,12,regular,Clemson,Duke,-28.0,0.973
401013177,2018,12,regular,Georgia Tech,Virginia,-6.5,0.673
401013178,2018,12,regular,Louisville,NC State,16.0,0.135
401013179,2018,12,regular,Virginia Tech,Miami,6.5,0.327
401013181,2018,12,regular,Wake Forest,Pittsburgh,5.5,0.352
401013182,2018,12,regular,Notre Dame,Syracuse,-10.0,0.755
401013327,2018,12,regular,Oklahoma State,West Virginia,6.0,0.34
401013334,2018,12,regular,Minnesota,Northwestern,-3.0,0.582
401013353,2018,12,regular,Purdue,Wisconsin,-4.0,0.609
401015044,2018,12,regular,Charlotte,Florida International,4.0,0.391
401015045,2018,12,regular,North Texas,Florida Atlantic,-4.0,0.609
401015046,2018,12,regular,Southern Miss,Louisiana Tech,-2.0,0.555
401015047,2018,12,regular,Marshall,UTSA,-27.5,0.971
401015049,2018,12,regular,Western Kentucky,UTEP,-6.5,0.673
401019529,2018,12,regular,Houston,Tulane,-7.5,0.698
401019530,2018,12,regular,SMU,Memphis,7.5,0.302
401019532,2018,12,regular,East Carolina,UConn,-17.0,0.879
401019533,2018,12,regular,Temple,South Florida,-14.0,0.833
401019534,2018,12,regular,Navy,Tulsa,-6.0,0.66
401020780,2018,12,regular,Ball State,Western Michigan,9.5,0.256
401020782,2018,12,regular,Northern Illinois,Miami (OH),-6.0,0.66
401020783,2018,12,regular,Kent State,Toledo,11.5,0.214
401020784,2018,12,regular,Akron,Bowling Green,-6.5,0.673
401021693,2018,12,regular,Arkansas State,UL Monroe,-8.0,0.709
401021694,2018,12,regular,Coastal Carolina,Georgia Southern,7.5,0.302
401021695,2018,12,regular,Louisiana,South Alabama,-20.0,0.916
401021696,2018,12,regular,Troy,Texas State,-22.5,0.94
401022559,2018,12,regular,Wyoming,Air Force,-3.0,0.582
401022560,2018,12,regular,New Mexico,Boise State,21.5,0.069
401022561,2018,12,regular,Colorado State,Utah State,28.5,0.025
401022563,2018,12,regular,Fresno State,San Diego State,-10.5,0.766
401022564,2018,12,regular,Hawai'i,UNLV,-7.0,0.685
401012349,2018,13,regular,Ole Miss,Mississippi State,12.5,0.194
401012350,2018,13,regular,Alabama,Auburn,-26.5,0.966
401012351,2018,13,regular,Florida State,Florida,8.0,0.291
401012352,2018,13,regular,Georgia,Georgia Tech,-17.0,0.879
401012353,2018,13,regular,Louisville,Kentucky,17.0,0.121
401012354,2018,13,regular,Missouri,Arkansas,-24.0,0.951
401012355,2018,13,regular,Clemson,South Carolina,-26.0,0.964
401012356,2018,13,regular,Texas A&M,LSU,-3.0,0.582
401012357,2018,13,regular,Vanderbilt,Tennessee,-3.0,0.582
401012797,2018,13,regular,Oregon State,Oregon,17.5,0.114
401012798,2018,13,regular,Washington State,Washington,-3.0,0.582
401012799,2018,13,regular,Arizona,Arizona State,1.0,0.473
401012800,2018,13,regular,USC,Notre Dame,14.0,0.167
401012801,2018,13,regular,UCLA,Stanford,7.0,0.315
401012802,2018,13,regular,Utah,BYU,-10.5,0.766
401012803,2018,13,regular,California,Colorado,-10.5,0.766
401012815,2018,13,regular,Northwestern,Illinois,-16.0,0.865
401012850,2018,13,regular,Michigan State,Rutgers,-24.5,0.954
401012861,2018,13,regular,Indiana,Purdue,3.5,0.405
401012871,2018,13,regular,Iowa,Nebraska,-8.5,0.721
401012879,2018,13,regular,Penn State,Maryland,-13.0,0.815
401012895,2018,13,regular,Ohio State,Michigan,4.5,0.378
401013037,2018,13,regular,Texas Tech,Baylor,-6.0,0.66
401013047,2018,13,regular,Iowa State,Kansas State,-10.5,0.766
401013056,2018,13,regular,Kansas,Texas,15.5,0.143
401013071,2018,13,regular,West Virginia,Oklahoma,3.0,0.418
401013078,2018,13,regular,TCU,Oklahoma State,5.5,0.352
401013183,2018,13,regular,Virginia Tech,Virginia,5.5,0.352
401013184,2018,13,regular,Boston College,Syracuse,-5.0,0.635
401013185,2018,13,regular,Duke,Wake Forest,-10.0,0.755
401013186,2018,13,regular,Miami,Pittsburgh,-6.0,0.66
401013187,2018,13,regular,North Carolina,NC State,7.0,0.315
401013335,2018,13,regular,Wisconsin,Minnesota,-12.5,0.806
401015050,2018,13,regular,Florida Atlantic,Charlotte,-17.0,0.879
401015051,2018,13,regular,Florida International,Marshall,3.5,0.405
401015052,2018,13,regular,Louisiana Tech,Western Kentucky,-10.5,0.766
401015053,2018,13,regular,Middle Tennessee,UAB,3.0,0.418
401015054,2018,13,regular,UTSA,North Texas,24.5,0.046
401015055,2018,13,regular,Rice,Old Dominion,7.5,0.302
401015056,2018,13,regular,UTEP,Southern Miss,13.5,0.176
401019537,2018,13,regular,Memphis,Houston,-9.5,0.744
401019538,2018,13,regular,UConn,Temple,30.5,0.018
401019539,2018,13,regular,Tulane,Navy,-6.5,0.673
401019540,2018,13,regular,Tulsa,SMU,2.5,0.432
401020785,2018,13,regular,Miami (OH),Ball State,-15.0,0.85
401020786,2018,13,regular,Western Michigan,Northern Illinois,6.5,0.327
401020787,2018,13,regular,Ohio,Akron,-24.0,0.951
401020790,2018,13,regular,Kent State,Eastern Michigan,13.5,0.176
401021697,2018,13,regular,App State,Troy,-11.0,0.776
401021698,2018,13,regular,Texas State,Arkansas State,13.5,0.176
401021699,2018,13,regular,South Alabama,Coastal Carolina,-1.0,0.527
401021701,2018,13,regular,UL Monroe,Louisiana,-1.5,0.541
401022565,2018,13,regular,Air Force,Colorado State,-14.5,0.841
401022566,2018,13,regular,Boise State,Utah State,-2.5,0.568
401022567,2018,13,regular,New Mexico,Wyoming,7.0,0.315
401022568,2018,13,regular,San Diego State,Hawai'i,-17.5,0.886
401022569,2018,13,regular,UNLV,Nevada,14.0,0.167
401056697,2018,14,regular,Pittsburgh,Clemson,28.0,0.027
401056698,2018,14,regular,Oklahoma,Texas,-9.5,0.744
401056700,2018,14,regular,Boise State,Fresno State,-1.5,0.541
401056701,2018,14,regular,App State,Louisiana,-17.0,0.879
401056702,2018,14,regular,Ohio State,Northwestern,-16.5,0.872
401056703,2018,14,regular,Middle Tennessee,UAB,-1.0,0.527
401056704,2018,14,regular,Washington,Utah,-4.5,0.622
401056705,2018,14,regular,Georgia,Alabama,12.0,0.204
401088766,2018,14,regular,NC State,East Carolina,-25.5,0.961
401098253,2018,14,regular,South Carolina,Akron,-29.0,0.977
401099853,2018,14,regular,California,Stanford,3.0,0.418
401100159,2018,14,regular,Virginia Tech,Marshall,-3.5,0.595
401013376,2018,15,regular,Army,Navy,-7.0,0.685
401110720,2019,1,regular,Alabama,Duke,-34.5,0.991
401110722,2019,1,regular,Auburn,Oregon,-3.5,0.595
401110723,2019,1,regular,Florida,Miami,-7.0,0.685
401110724,2019,1,regular,Kentucky,Toledo,-10.0,0.755
401110725,2019,1,regular,LSU,Georgia Southern,-27.0,0.969
401110726,2019,1,regular,Memphis,Ole Miss,-3.5,0.595
401110727,2019,1,regular,Louisiana,Mississippi State,18.5,0.101
401110728,2019,1,regular,Wyoming,Missouri,17.0,0.121
401110729,2019,1,regular,North Carolina,South Carolina,12.0,0.204
401110730,2019,1,regular,Tennessee,Georgia State,-24.5,0.954
401110731,2019,1,regular,Texas A&M,Texas State,-33.0,0.989
401110732,2019,1,regular,Vanderbilt,Georgia,23.5,0.053
401111653,2019,1,regular,Clemson,Georgia Tech,-36.5,0.994
401112114,2019,1,regular,Oklahoma,Houston,-21.5,0.931
401112122,2019,1,regular,Oregon State,Oklahoma State,13.5,0.176
401112135,2019,1,regular,Texas,Louisiana Tech,-19.0,0.905
401112145,2019,1,regular,Illinois,Akron,-18.0,0.893
401112157,2019,1,regular,Ball State,Indiana,18.0,0.107
401112191,2019,1,regular,Iowa,Miami (OH),-25.0,0.958
401112212,2019,1,regular,Michigan State,Tulsa,-23.5,0.947
401112222,2019,1,regular,Michigan,Middle Tennessee,-36.0,0.993
401112238,2019,1,regular,Nebraska,South Alabama,-35.5,0.993
401112245,2019,1,regular,Stanford,Northwestern,-6.5,0.673
401112251,2019,1,regular,Ohio State,Florida Atlantic,-28.0,0.973
401112262,2019,1,regular,Nevada,Purdue,11.0,0.224
401112264,2019,1,regular,Rutgers,Massachusetts,-17.0,0.879
401112430,2019,1,regular,Wake Forest,Utah State,-4.5,0.622
401112431,2019,1,regular,Florida State,Boise State,-6.5,0.673
401112432,2019,1,regular,NC State,East Carolina,-17.5,0.886
401112433,2019,1,regular,Pittsburgh,Virginia,2.5,0.432
401112434,2019,1,regular,Liberty,Syracuse,19.5,0.089
401112435,2019,1,regular,Boston College,Virginia Tech,4.5,0.378
401112436,2019,1,regular,Louisville,Notre Dame,19.5,0.089
401114153,2019,1,regular,Arizona State,Kent State,-24.5,0.954
401114164,2019,1,regular,Hawai'i,Arizona,10.5,0.234
401114184,2019,1,regular,Colorado,Colorado State,-13.0,0.815
401114218,2019,1,regular,USC,Fresno State,-14.0,0.833
401114223,2019,1,regular,BYU,Utah,5.5,0.352
401114228,2019,1,regular,Washington State,New Mexico State,-33.0,0.989
401114236,2019,1,regular,Tulane,Florida International,-3.0,0.582
401114238,2019,1,regular,Army,Rice,-23.5,0.947
401117854,2019,1,regular,Cincinnati,UCLA,-2.5,0.568
401117856,2019,1,regular,South Florida,Wisconsin,10.5,0.234
401117858,2019,1,regular,Arkansas State,SMU,-1.5,0.541
401119256,2019,1,regular,Coastal Carolina,Eastern Michigan,5.0,0.365
401110773,2019,2,regular,Alabama,New Mexico State,-55.5,1.0
401110774,2019,2,regular,Auburn,Tulane,-16.5,0.872
401110777,2019,2,regular,Kentucky,Eastern Michigan,-15.5,0.857
401110778,2019,2,regular,Texas,LSU,6.5,0.327
401110779,2019,2,regular,Ole Miss,Arkansas,-5.5,0.648
401110780,2019,2,regular,Mississippi State,Southern Miss,-16.5,0.872
401110781,2019,2,regular,Missouri,West Virginia,-13.5,0.824
401110783,2019,2,regular,Tennessee,BYU,-3.5,0.595
401110784,2019,2,regular,Clemson,Texas A&M,-16.0,0.865
401110785,2019,2,regular,Purdue,Vanderbilt,-7.0,0.685
401112074,2019,2,regular,Baylor,UTSA,-25.0,0.958
401112097,2019,2,regular,Kansas,Coastal Carolina,-7.0,0.685
401112107,2019,2,regular,Kansas State,Bowling Green,-25.0,0.958
401112140,2019,2,regular,Texas Tech,UTEP,-35.0,0.992
401112146,2019,2,regular,UConn,Illinois,21.0,0.074
401112192,2019,2,regular,Iowa,Rutgers,-17.5,0.886
401112202,2019,2,regular,Maryland,Syracuse,-1.0,0.527
401112213,2019,2,regular,Michigan State,Western Michigan,-14.5,0.841
401112223,2019,2,regular,Michigan,Army,-22.0,0.935
401112230,2019,2,regular,Fresno State,Minnesota,3.0,0.418
401112239,2019,2,regular,Colorado,Nebraska,4.5,0.378
401112252,2019,2,regular,Ohio State,Cincinnati,-15.0,0.85
401112258,2019,2,regular,Penn State,Buffalo,-31.0,0.984
401112268,2019,2,regular,Wisconsin,Central Michigan,-35.0,0.992
401112440,2019,2,regular,Florida State,UL Monroe,-22.5,0.94
401112441,2019,2,regular,Georgia Tech,South Florida,-5.0,0.635
401112443,2019,2,regular,North Carolina,Miami,5.0,0.365
401112445,2019,2,regular,Pittsburgh,Ohio,-4.0,0.609
401112446,2019,2,regular,Virginia Tech,Old Dominion,-28.5,0.975
401112447,2019,2,regular,Rice,Wake Forest,20.0,0.084
401114175,2019,2,regular,Washington,California,-13.5,0.824
401114193,2019,2,regular,Oregon,Nevada,-25.0,0.958
401114200,2019,2,regular,Hawai'i,Oregon State,-7.0,0.685
401114207,2019,2,regular,USC,Stanford,-3.0,0.582
401114214,2019,2,regular,UCLA,San Diego State,-7.5,0.698
401114224,2019,2,regular,Utah,Northern Illinois,-22.5,0.94
401114247,2019,2,regular,App State,Charlotte,-23.5,0.947
401114248,2019,2,regular,Florida International,Western Kentucky,-7.5,0.698
401114249,2019,2,regular,Florida Atlantic,UCF,14.0,0.167
401114251,2019,2,regular,Boise State,Marshall,-13.5,0.824
401114253,2019,2,regular,SMU,North Texas,-3.5,0.595
401114254,2019,2,regular,Akron,UAB,7.5,0.302
401114347,2019,2,regular,Louisiana,Liberty,-14.0,0.833
401117500,2019,2,regular,Texas State,Wyoming,7.5,0.302
401117501,2019,2,regular,San José State,Tulsa,6.5,0.327
401117502,2019,2,regular,UNLV,Arkansas State,-1.0,0.527
401110786,2019,3,regular,Arkansas,Colorado State,-10.0,0.755
401110787,2019,3,regular,Auburn,Kent State,-35.5,0.993
401110788,2019,3,regular,Georgia,Arkansas State,-33.0,0.989
401110789,2019,3,regular,Kentucky,Florida,9.5,0.256
401110792,2019,3,regular,Mississippi State,Kansas State,-7.0,0.685
401110794,2019,3,regular,South Carolina,Alabama,26.5,0.034
401112086,2019,3,regular,Iowa State,Iowa,1.5,0.459
401112098,2019,3,regular,Boston College,Kansas,-20.5,0.921
401112116,2019,3,regular,UCLA,Oklahoma,23.5,0.053
401112124,2019,3,regular,Tulsa,Oklahoma State,14.0,0.167
401112130,2019,3,regular,Purdue,TCU,3.0,0.418
401112136,2019,3,regular,Rice,Texas,32.5,0.013
401112141,2019,3,regular,Arizona,Texas Tech,2.0,0.445
401112144,2019,3,regular,West Virginia,NC State,7.0,0.315
401112147,2019,3,regular,Illinois,Eastern Michigan,-7.5,0.698
401112159,2019,3,regular,Indiana,Ohio State,17.5,0.114
401112203,2019,3,regular,Temple,Maryland,5.0,0.365
401112214,2019,3,regular,Michigan State,Arizona State,-15.5,0.857
401112231,2019,3,regular,Minnesota,Georgia Southern,-16.5,0.872
401112240,2019,3,regular,Nebraska,Northern Illinois,-14.0,0.833
401112246,2019,3,regular,Northwestern,UNLV,-18.5,0.899
401112259,2019,3,regular,Penn State,Pittsburgh,-17.0,0.879
401112448,2019,3,regular,Wake Forest,North Carolina,-3.0,0.582
401112449,2019,3,regular,Syracuse,Clemson,28.0,0.027
401112450,2019,3,regular,Middle Tennessee,Duke,6.5,0.327
401112451,2019,3,regular,Virginia,Florida State,-7.0,0.685
401112453,2019,3,regular,Western Kentucky,Louisville,10.5,0.234
401114176,2019,3,regular,California,North Texas,-14.0,0.833
401114185,2019,3,regular,Colorado,Air Force,-3.0,0.582
401114208,2019,3,regular,UCF,Stanford,-10.0,0.755
401114219,2019,3,regular,BYU,USC,4.5,0.378
401114230,2019,3,regular,Houston,Washington State,9.0,0.267
401114234,2019,3,regular,Washington,Hawai'i,-21.5,0.931
401114255,2019,3,regular,Charlotte,Massachusetts,-21.0,0.926
401114257,2019,3,regular,Ball State,Florida Atlantic,2.5,0.432
401114258,2019,3,regular,Bowling Green,Louisiana Tech,13.0,0.185
401114259,2019,3,regular,Marshall,Ohio,-4.5,0.622
401114260,2019,3,regular,Troy,Southern Miss,-3.0,0.582
401114261,2019,3,regular,UTSA,Army,17.0,0.121
401114336,2019,3,regular,Notre Dame,New Mexico,-35.0,0.992
401114339,2019,3,regular,New Mexico State,San Diego State,16.5,0.128
401114348,2019,3,regular,Liberty,Buffalo,5.5,0.352
401117863,2019,3,regular,Cincinnati,Miami (OH),-17.0,0.879
401117864,2019,3,regular,Navy,East Carolina,-7.5,0.698
401117865,2019,3,regular,South Alabama,Memphis,20.5,0.079
401117867,2019,3,regular,SMU,Texas State,-17.5,0.886
401119263,2019,3,regular,Central Michigan,Akron,-2.5,0.568
401119264,2019,3,regular,Western Michigan,Georgia State,-9.0,0.733
401110797,2019,4,regular,Alabama,Southern Miss,-38.0,0.996
401110798,2019,4,regular,Arkansas,San José State,-20.0,0.916
401110799,2019,4,regular,Florida,Tennessee,-13.5,0.824
401110800,2019,4,regular,Georgia,Notre Dame,-16.0,0.865
401110801,2019,4,regular,Ole Miss,California,-3.0,0.582
401110802,2019,4,regular,Mississippi State,Kentucky,-6.0,0.66
401110803,2019,4,regular,Missouri,South Carolina,-9.5,0.744
401110804,2019,4,regular,Texas A&M,Auburn,-4.0,0.609
401110805,2019,4,regular,Vanderbilt,LSU,24.0,0.049
401112075,2019,4,regular,Rice,Baylor,27.0,0.031
401112087,2019,4,regular,Iowa State,UL Monroe,-17.5,0.886
401112099,2019,4,regular,Kansas,West Virginia,4.5,0.378
401112125,2019,4,regular,Texas,Oklahoma State,-7.0,0.685
401112131,2019,4,regular,TCU,SMU,-7.5,0.698
401112148,2019,4,regular,Illinois,Nebraska,13.0,0.185
401112160,2019,4,regular,Indiana,UConn,-27.0,0.969
401112215,2019,4,regular,Northwestern,Michigan State,7.5,0.302
401112224,2019,4,regular,Wisconsin,Michigan,-3.0,0.582
401112253,2019,4,regular,Ohio State,Miami (OH),-38.5,0.996
401112265,2019,4,regular,Rutgers,Boston College,7.5,0.302
401112456,2019,4,regular,Clemson,Charlotte,-41.5,0.998
401112457,2019,4,regular,Florida State,Louisville,-6.5,0.673
401112458,2019,4,regular,Miami,Central Michigan,-30.5,0.982
401112459,2019,4,regular,North Carolina,App State,-2.5,0.568
401112460,2019,4,regular,NC State,Ball State,-19.0,0.905
401112461,2019,4,regular,Pittsburgh,UCF,10.0,0.245
401112462,2019,4,regular,Syracuse,Western Michigan,-3.5,0.595
401112463,2019,4,regular,Virginia,Old Dominion,-27.0,0.969
401114155,2019,4,regular,Arizona State,Colorado,-8.0,0.709
401114195,2019,4,regular,Stanford,Oregon,12.5,0.194
401114215,2019,4,regular,Washington State,UCLA,-18.5,0.899
401114220,2019,4,regular,USC,Utah,3.5,0.405
401114235,2019,4,regular,BYU,Washington,6.5,0.327
401114262,2019,4,regular,Louisiana Tech,Florida International,-7.0,0.685
401114264,2019,4,regular,North Texas,UTSA,-17.5,0.886
401114265,2019,4,regular,UAB,South Alabama,-12.0,0.796
401114266,2019,4,regular,UTEP,Nevada,13.5,0.176
401114340,2019,4,regular,New Mexico,New Mexico State,-4.0,0.609
401114355,2019,4,regular,Massachusetts,Coastal Carolina,17.0,0.121
401117506,2019,4,regular,Boise State,Air Force,-7.5,0.698
401117507,2019,4,regular,Colorado State,Toledo,6.5,0.327
401117508,2019,4,regular,San Diego State,Utah State,4.0,0.391
401117509,2019,4,regular,Tulsa,Wyoming,-5.0,0.635
401117869,2019,4,regular,Tulane,Houston,-4.0,0.609
401117870,2019,4,regular,Buffalo,Temple,14.0,0.167
401119266,2019,4,regular,Kent State,Bowling Green,-12.0,0.796
401119268,2019,4,regular,Ohio,Louisiana,-3.0,0.582
401119269,2019,4,regular,Akron,Troy,19.0,0.095
401121942,2019,4,regular,Texas State,Georgia State,-3.0,0.582
401110806,2019,5,regular,Alabama,Ole Miss,-38.0,0.996
401110807,2019,5,regular,Arkansas,Texas A&M,23.0,0.056
401110808,2019,5,regular,Auburn,Mississippi State,-7.5,0.698
401110810,2019,5,regular,South Carolina,Kentucky,-3.5,0.595
401110811,2019,5,regular,Vanderbilt,Northern Illinois,-7.0,0.685
401112076,2019,5,regular,Baylor,Iowa State,2.5,0.432
401112100,2019,5,regular,TCU,Kansas,-15.0,0.85
401112108,2019,5,regular,Oklahoma State,Kansas State,-4.0,0.609
401112117,2019,5,regular,Oklahoma,Texas Tech,-27.0,0.969
401112161,2019,5,regular,Michigan State,Indiana,-14.0,0.833
401112193,2019,5,regular,Iowa,Middle Tennessee,-23.5,0.947
401112204,2019,5,regular,Maryland,Penn State,6.5,0.327
401112225,2019,5,regular,Michigan,Rutgers,-27.5,0.971
401112232,2019,5,regular,Purdue,Minnesota,-1.0,0.527
401112241,2019,5,regular,Nebraska,Ohio State,17.0,0.121
401112247,2019,5,regular,Wisconsin,Northwestern,-23.5,0.947
401112465,2019,5,regular,Virginia Tech,Duke,-2.5,0.568
401112466,2019,5,regular,Boston College,Wake Forest,4.5,0.378
401112467,2019,5,regular,North Carolina,Clemson,27.5,0.029
401112468,2019,5,regular,Florida State,NC State,-7.0,0.685
401112469,2019,5,regular,Temple,Georgia Tech,-9.5,0.744
401112472,2019,5,regular,Notre Dame,Virginia,-10.5,0.766
401114156,2019,5,regular,California,Arizona State,-4.0,0.609
401114166,2019,5,regular,Arizona,UCLA,-3.5,0.595
401114202,2019,5,regular,Oregon State,Stanford,3.5,0.405
401114221,2019,5,regular,Washington,USC,-11.0,0.776
401114226,2019,5,regular,Utah,Washington State,-5.5,0.648
401114267,2019,5,regular,Charlotte,Florida Atlantic,1.0,0.473
401114268,2019,5,regular,Rice,Louisiana Tech,9.0,0.267
401114269,2019,5,regular,Marshall,Cincinnati,4.0,0.391
401114270,2019,5,regular,North Texas,Houston,-8.0,0.709
401114271,2019,5,regular,Old Dominion,East Carolina,-3.0,0.582
401114272,2019,5,regular,Southern Miss,UTEP,-26.5,0.966
401114273,2019,5,regular,Western Kentucky,UAB,3.5,0.405
401114341,2019,5,regular,New Mexico State,Fresno State,21.0,0.074
401114350,2019,5,regular,Liberty,New Mexico,-7.5,0.698
401114356,2019,5,regular,Massachusetts,Akron,9.5,0.256
401117213,2019,5,regular,Toledo,BYU,2.5,0.432
401117512,2019,5,regular,Air Force,San José State,-19.5,0.911
401117513,2019,5,regular,Utah State,Colorado State,-23.0,0.944
401117514,2019,5,regular,Wyoming,UNLV,-8.0,0.709
401117515,2019,5,regular,Nevada,Hawai'i,-2.0,0.555
401117871,2019,5,regular,Memphis,Navy,-10.5,0.766
401117872,2019,5,regular,UCF,UConn,-42.0,0.998
401117873,2019,5,regular,South Florida,SMU,7.5,0.302
401119270,2019,5,regular,Miami (OH),Buffalo,2.5,0.432
401119271,2019,5,regular,Western Michigan,Central Michigan,-16.5,0.872
401121943,2019,5,regular,App State,Coastal Carolina,-16.0,0.865
401121944,2019,5,regular,Troy,Arkansas State,-7.0,0.685
401121945,2019,5,regular,Georgia Southern,Louisiana,3.5,0.405
401121946,2019,5,regular,UL Monroe,South Alabama,-14.5,0.841
401110812,2019,6,regular,Florida,Auburn,2.5,0.432
401110813,2019,6,regular,LSU,Utah State,-27.5,0.971
401110814,2019,6,regular,Ole Miss,Vanderbilt,-7.0,0.685
401110815,2019,6,regular,Missouri,Troy,-24.5,0.954
401110816,2019,6,regular,Tennessee,Georgia,24.5,0.046
401112077,2019,6,regular,Kansas State,Baylor,,
401112088,2019,6,regular,Iowa State,TCU,-3.0,0.582
401112101,2019,6,regular,Kansas,Oklahoma,32.5,0.013
401112126,2019,6,regular,Texas Tech,Oklahoma State,9.5,0.256
401112137,2019,6,regular,West Virginia,Texas,10.5,0.234
401112149,2019,6,regular,Minnesota,Illinois,-14.0,0.833
401112194,2019,6,regular,Michigan,Iowa,-4.0,0.609
401112205,2019,6,regular,Rutgers,Maryland,14.0,0.167
401112216,2019,6,regular,Ohio State,Michigan State,-20.0,0.916
401112242,2019,6,regular,Nebraska,Northwestern,-7.5,0.698
401112260,2019,6,regular,Penn State,Purdue,-28.5,0.975
401112269,2019,6,regular,Wisconsin,Kent State,-35.0,0.992
401112473,2019,6,regular,Louisville,Boston College,-4.0,0.609
401112474,2019,6,regular,Duke,Pittsburgh,-3.5,0.595
401112475,2019,6,regular,Georgia Tech,North Carolina,10.0,0.245
401112476,2019,6,regular,Miami,Virginia Tech,-14.0,0.833
401114167,2019,6,regular,Colorado,Arizona,-2.5,0.568
401114177,2019,6,regular,Oregon,California,-21.5,0.931
401114203,2019,6,regular,UCLA,Oregon State,-4.5,0.622
401114209,2019,6,regular,Stanford,Washington,12.5,0.194
401114274,2019,6,regular,Florida International,Massachusetts,-28.0,0.973
401114275,2019,6,regular,Middle Tennessee,Marshall,4.5,0.378
401114276,2019,6,regular,Old Dominion,Western Kentucky,3.0,0.418
401114277,2019,6,regular,UAB,Rice,-10.0,0.755
401114278,2019,6,regular,UTEP,UTSA,-1.5,0.541
401114328,2019,6,regular,Army,Tulane,2.0,0.445
401114337,2019,6,regular,Notre Dame,Bowling Green,-45.5,0.999
401114342,2019,6,regular,New Mexico State,Liberty,4.0,0.391
401117516,2019,6,regular,Navy,Air Force,3.0,0.418
401117517,2019,6,regular,UNLV,Boise State,24.0,0.049
401117518,2019,6,regular,Colorado State,San Diego State,6.5,0.327
401117519,2019,6,regular,San José State,New Mexico,-7.0,0.685
401117874,2019,6,regular,East Carolina,Temple,12.0,0.204
401117875,2019,6,regular,Cincinnati,UCF,3.5,0.405
401117876,2019,6,regular,UConn,South Florida,11.0,0.224
401117877,2019,6,regular,UL Monroe,Memphis,15.5,0.143
401117878,2019,6,regular,SMU,Tulsa,-12.0,0.796
401119272,2019,6,regular,Northern Illinois,Ball State,-3.5,0.595
401119273,2019,6,regular,Central Michigan,Eastern Michigan,4.0,0.391
401119274,2019,6,regular,Buffalo,Ohio,3.5,0.405
401119275,2019,6,regular,Toledo,Western Michigan,-1.5,0.541
401121948,2019,6,regular,South Alabama,Georgia Southern,9.5,0.256
401121949,2019,6,regular,Georgia State,Arkansas State,6.5,0.327
401110817,2019,7,regular,Georgia,South Carolina,-21.0,0.926
401110818,2019,7,regular,Kentucky,Arkansas,-4.0,0.609
401110819,2019,7,regular,LSU,Florida,-14.0,0.833
401110820,2019,7,regular,Missouri,Ole Miss,-12.5,0.806
401110821,2019,7,regular,Tennessee,Mississippi State,5.0,0.365
401110822,2019,7,regular,Texas A&M,Alabama,17.0,0.121
401110823,2019,7,regular,Vanderbilt,UNLV,-15.5,0.857
401112078,2019,7,regular,Baylor,Texas Tech,-10.5,0.766
401112089,2019,7,regular,West Virginia,Iowa State,9.5,0.256
401112118,2019,7,regular,Texas,Oklahoma,11.0,0.224
401112150,2019,7,regular,Illinois,Michigan,24.0,0.049
401112162,2019,7,regular,Indiana,Rutgers,-27.5,0.971
401112195,2019,7,regular,Iowa,Penn State,3.5,0.405
401112206,2019,7,regular,Purdue,Maryland,4.0,0.391
401112217,2019,7,regular,Wisconsin,Michigan State,-8.0,0.709
401112233,2019,7,regular,Minnesota,Nebraska,-7.5,0.698
401112477,2019,7,regular,NC State,Syracuse,-4.0,0.609
401112478,2019,7,regular,Miami,Virginia,-2.5,0.568
401112479,2019,7,regular,Clemson,Florida State,-26.5,0.966
401112480,2019,7,regular,Duke,Georgia Tech,-18.0,0.893
401112481,2019,7,regular,Wake Forest,Louisville,-7.0,0.685
401114157,2019,7,regular,Arizona State,Washington State,2.5,0.432
401114168,2019,7,regular,Arizona,Washington,6.0,0.34
401114186,2019,7,regular,Oregon,Colorado,-23.0,0.944
401114204,2019,7,regular,Oregon State,Utah,14.5,0.159
401114222,2019,7,regular,Notre Dame,USC,-10.5,0.766
401114279,2019,7,regular,Florida International,Charlotte,-6.0,0.66
401114280,2019,7,regular,Florida Atlantic,Middle Tennessee,-13.0,0.815
401114281,2019,7,regular,Louisiana Tech,Massachusetts,-31.5,0.985
401114282,2019,7,regular,Southern Miss,North Texas,-3.0,0.582
401114283,2019,7,regular,Marshall,Old Dominion,-16.0,0.865
401114284,2019,7,regular,UTSA,UAB,12.5,0.194
401114285,2019,7,regular,Western Kentucky,Army,5.5,0.352
401114343,2019,7,regular,Central Michigan,New Mexico State,-10.5,0.766
401117214,2019,7,regular,South Florida,BYU,4.5,0.378
401117520,2019,7,regular,Air Force,Fresno State,-3.0,0.582
401117521,2019,7,regular,Boise State,Hawai'i,-12.5,0.806
401117522,2019,7,regular,New Mexico,Colorado State,5.0,0.365
401117523,2019,7,regular,San Diego State,Wyoming,-3.5,0.595
401117524,2019,7,regular,Nevada,San José State,-3.0,0.582
401117879,2019,7,regular,Houston,Cincinnati,9.5,0.256
401117880,2019,7,regular,Tulane,UConn,-34.0,0.99
401117881,2019,7,regular,Temple,Memphis,4.0,0.391
401117882,2019,7,regular,Tulsa,Navy,-1.0,0.527
401119276,2019,7,regular,Eastern Michigan,Ball State,-2.0,0.555
401119277,2019,7,regular,Akron,Kent State,14.0,0.167
401119278,2019,7,regular,Western Michigan,Miami (OH),-12.5,0.806
401119279,2019,7,regular,Ohio,Northern Illinois,-5.0,0.635
401119280,2019,7,regular,Bowling Green,Toledo,27.0,0.031
401121950,2019,7,regular,Louisiana,App State,-2.5,0.568
401121951,2019,7,regular,Texas State,UL Monroe,3.5,0.405
401121952,2019,7,regular,Coastal Carolina,Georgia State,-3.5,0.595
401110824,2019,8,regular,Alabama,Tennessee,-35.0,0.992
401110825,2019,8,regular,Arkansas,Auburn,19.5,0.089
401110826,2019,8,regular,Georgia,Kentucky,-24.0,0.951
401110827,2019,8,regular,Ole Miss,Texas A&M,6.0,0.34
401110828,2019,8,regular,Mississippi State,LSU,19.0,0.095
401110829,2019,8,regular,South Carolina,Florida,3.5,0.405
401110830,2019,8,regular,Vanderbilt,Missouri,21.0,0.074
401112079,2019,8,regular,Oklahoma State,Baylor,-6.0,0.66
401112090,2019,8,regular,Texas Tech,Iowa State,8.5,0.279
401112102,2019,8,regular,Texas,Kansas,-21.0,0.926
401112109,2019,8,regular,Kansas State,TCU,4.0,0.391
401112119,2019,8,regular,Oklahoma,West Virginia,-32.0,0.986
401112151,2019,8,regular,Illinois,Wisconsin,30.0,0.019
401112163,2019,8,regular,Maryland,Indiana,6.5,0.327
401112196,2019,8,regular,Iowa,Purdue,-18.0,0.893
401112226,2019,8,regular,Penn State,Michigan,-7.5,0.698
401112234,2019,8,regular,Rutgers,Minnesota,29.0,0.023
401112248,2019,8,regular,Northwestern,Ohio State,27.0,0.031
401112483,2019,8,regular,Syracuse,Pittsburgh,3.5,0.405
401112484,2019,8,regular,Boston College,NC State,4.0,0.391
401112485,2019,8,regular,Louisville,Clemson,24.5,0.046
401112486,2019,8,regular,Virginia,Duke,-3.5,0.595
401112487,2019,8,regular,Wake Forest,Florida State,3.0,0.418
401112488,2019,8,regular,Miami,Georgia Tech,-18.5,0.899
401112489,2019,8,regular,Virginia Tech,North Carolina,4.5,0.378
401114158,2019,8,regular,Utah,Arizona State,-15.0,0.85
401114169,2019,8,regular,USC,Arizona,-10.0,0.755
401114178,2019,8,regular,California,Oregon State,-10.5,0.766
401114187,2019,8,regular,Washington State,Colorado,-13.5,0.824
401114196,2019,8,regular,Washington,Oregon,3.0,0.418
401114210,2019,8,regular,Stanford,UCLA,-4.5,0.622
401114286,2019,8,regular,Western Kentucky,Charlotte,-10.0,0.755
401114287,2019,8,regular,Florida International,UTEP,-24.5,0.954
401114288,2019,8,regular,Florida Atlantic,Marshall,-4.0,0.609
401114289,2019,8,regular,Louisiana Tech,Southern Miss,2.5,0.432
401114290,2019,8,regular,North Texas,Middle Tennessee,-7.5,0.698
401114291,2019,8,regular,UAB,Old Dominion,-16.5,0.872
401114292,2019,8,regular,UTSA,Rice,5.5,0.352
401114329,2019,8,regular,Georgia State,Army,4.0,0.391
401117215,2019,8,regular,BYU,Boise State,7.0,0.315
401117525,2019,8,regular,Hawai'i,Air Force,4.0,0.391
401117526,2019,8,regular,Wyoming,New Mexico,-17.5,0.886
401117527,2019,8,regular,Utah State,Nevada,-21.5,0.931
401117528,2019,8,regular,Fresno State,UNLV,-15.5,0.857
401117529,2019,8,regular,San José State,San Diego State,7.5,0.302
401117883,2019,8,regular,Navy,South Florida,-15.5,0.857
401117884,2019,8,regular,UCF,East Carolina,-34.5,0.991
401117885,2019,8,regular,Cincinnati,Tulsa,-16.0,0.865
401117886,2019,8,regular,UConn,Houston,22.0,0.065
401117887,2019,8,regular,SMU,Temple,-9.5,0.744
401117888,2019,8,regular,Memphis,Tulane,-2.0,0.555
401119281,2019,8,regular,Akron,Buffalo,17.5,0.114
401119282,2019,8,regular,Bowling Green,Central Michigan,11.0,0.224
401119283,2019,8,regular,Ohio,Kent State,-8.0,0.709
401119284,2019,8,regular,Miami (OH),Northern Illinois,2.5,0.432
401119285,2019,8,regular,Ball State,Toledo,-3.0,0.582
401119286,2019,8,regular,Eastern Michigan,Western Michigan,9.5,0.256
401121953,2019,8,regular,Troy,South Alabama,-17.5,0.886
401121954,2019,8,regular,Arkansas State,Louisiana,6.0,0.34
401121955,2019,8,regular,App State,UL Monroe,-15.5,0.857
401121956,2019,8,regular,Georgia Southern,Coastal Carolina,-7.0,0.685
401110831,2019,9,regular,Alabama,Arkansas,-32.0,0.986
401110832,2019,9,regular,Kentucky,Missouri,9.5,0.256
401110833,2019,9,regular,LSU,Auburn,-11.5,0.786
401110834,2019,9,regular,Tennessee,South Carolina,4.0,0.391
401110835,2019,9,regular,Texas A&M,Mississippi State,-11.0,0.776
401112091,2019,9,regular,Iowa State,Oklahoma State,-11.0,0.776
401112103,2019,9,regular,Kansas,Texas Tech,6.5,0.327
401112110,2019,9,regular,Kansas State,Oklahoma,23.5,0.053
401112132,2019,9,regular,TCU,Texas,-1.0,0.527
401112152,2019,9,regular,Purdue,Illinois,-9.5,0.744
401112164,2019,9,regular,Nebraska,Indiana,-2.5,0.568
401112197,2019,9,regular,Northwestern,Iowa,8.0,0.291
401112207,2019,9,regular,Minnesota,Maryland,-14.5,0.841
401112218,2019,9,regular,Michigan State,Penn State,5.5,0.352
401112227,2019,9,regular,Michigan,Notre Dame,-1.0,0.527
401112254,2019,9,regular,Ohio State,Wisconsin,-14.5,0.841
401112266,2019,9,regular,Rutgers,Liberty,7.5,0.302
401112490,2019,9,regular,Clemson,Boston College,-35.0,0.992
401112491,2019,9,regular,North Carolina,Duke,-3.0,0.582
401112492,2019,9,regular,Florida State,Syracuse,-11.0,0.776
401112493,2019,9,regular,Louisville,Virginia,3.5,0.405
401112494,2019,9,regular,Pittsburgh,Miami,-4.5,0.622
401114159,2019,9,regular,UCLA,Arizona State,3.0,0.418
401114170,2019,9,regular,Stanford,Arizona,-3.0,0.582
401114179,2019,9,regular,Utah,California,-21.0,0.926
401114188,2019,9,regular,Colorado,USC,10.5,0.234
401114197,2019,9,regular,Oregon,Washington State,-14.5,0.841
401114293,2019,9,regular,Charlotte,North Texas,4.0,0.391
401114294,2019,9,regular,Middle Tennessee,Florida International,1.0,0.473
401114295,2019,9,regular,Old Dominion,Florida Atlantic,14.0,0.167
401114296,2019,9,regular,UTEP,Louisiana Tech,18.5,0.101
401114297,2019,9,regular,Marshall,Western Kentucky,-4.0,0.609
401114298,2019,9,regular,Rice,Southern Miss,10.0,0.245
401114330,2019,9,regular,Army,San José State,-9.5,0.744
401114344,2019,9,regular,Georgia Southern,New Mexico State,-13.5,0.824
401114357,2019,9,regular,Massachusetts,UConn,9.5,0.256
401117530,2019,9,regular,Air Force,Utah State,-3.5,0.595
401117531,2019,9,regular,Fresno State,Colorado State,-13.5,0.824
401117532,2019,9,regular,New Mexico,Hawai'i,10.0,0.245
401117533,2019,9,regular,Wyoming,Nevada,-13.5,0.824
401117534,2019,9,regular,UNLV,San Diego State,11.5,0.214
401117889,2019,9,regular,Houston,SMU,12.5,0.194
401117890,2019,9,regular,Navy,Tulane,-4.5,0.622
401117891,2019,9,regular,Temple,UCF,11.5,0.214
401117892,2019,9,regular,East Carolina,South Florida,1.0,0.473
401117893,2019,9,regular,Tulsa,Memphis,10.0,0.245
401119287,2019,9,regular,Northern Illinois,Akron,-22.0,0.935
401119288,2019,9,regular,Western Michigan,Bowling Green,-27.0,0.969
401119289,2019,9,regular,Buffalo,Central Michigan,-2.5,0.568
401119290,2019,9,regular,Toledo,Eastern Michigan,-2.5,0.568
401119291,2019,9,regular,Kent State,Miami (OH),-2.5,0.568
401119292,2019,9,regular,Ball State,Ohio,-2.5,0.568
401121957,2019,9,regular,South Alabama,App State,27.5,0.029
401121958,2019,9,regular,Arkansas State,Texas State,-10.5,0.766
401121959,2019,9,regular,Georgia State,Troy,-1.0,0.527
401110836,2019,10,regular,Arkansas,Mississippi State,7.0,0.315
401110837,2019,10,regular,Auburn,Ole Miss,-17.5,0.886
401110838,2019,10,regular,Florida,Georgia,6.5,0.327
401110839,2019,10,regular,South Carolina,Vanderbilt,-15.0,0.85
401110840,2019,10,regular,Tennessee,UAB,-13.5,0.824
401110841,2019,10,regular,Texas A&M,UTSA,-37.5,0.995
401112080,2019,10,regular,Baylor,West Virginia,-18.0,0.893
401112104,2019,10,regular,Kansas,Kansas State,5.0,0.365
401112127,2019,10,regular,Oklahoma State,TCU,-1.5,0.541
401112153,2019,10,regular,Illinois,Rutgers,-18.5,0.899
401112165,2019,10,regular,Indiana,Northwestern,-8.0,0.709
401112208,2019,10,regular,Maryland,Michigan,21.5,0.069
401112243,2019,10,regular,Purdue,Nebraska,4.0,0.391
401112495,2019,10,regular,Syracuse,Boston College,-3.0,0.582
401112497,2019,10,regular,Florida State,Miami,-3.0,0.582
401112498,2019,10,regular,Georgia Tech,Pittsburgh,9.5,0.256
401112499,2019,10,regular,North Carolina,Virginia,-1.0,0.527
401112500,2019,10,regular,Wake Forest,NC State,-8.0,0.709
401112501,2019,10,regular,Notre Dame,Virginia Tech,-17.5,0.886
401114171,2019,10,regular,Arizona,Oregon State,-4.5,0.622
401114189,2019,10,regular,UCLA,Colorado,-6.5,0.673
401114198,2019,10,regular,USC,Oregon,3.5,0.405
401114227,2019,10,regular,Washington,Utah,3.0,0.418
401114299,2019,10,regular,Charlotte,Middle Tennessee,3.5,0.405
401114300,2019,10,regular,Florida International,Old Dominion,-17.5,0.886
401114301,2019,10,regular,Western Kentucky,Florida Atlantic,1.0,0.473
401114302,2019,10,regular,Rice,Marshall,11.5,0.214
401114303,2019,10,regular,North Texas,UTEP,-22.5,0.94
401114331,2019,10,regular,Air Force,Army,-17.0,0.879
401114352,2019,10,regular,Massachusetts,Liberty,24.0,0.049
401117216,2019,10,regular,Utah State,BYU,-3.0,0.582
401117535,2019,10,regular,San José State,Boise State,16.5,0.128
401117536,2019,10,regular,Nevada,New Mexico,-3.5,0.595
401117537,2019,10,regular,Hawai'i,Fresno State,-2.0,0.555
401117538,2019,10,regular,Colorado State,UNLV,-7.5,0.698
401117894,2019,10,regular,UConn,Navy,26.5,0.034
401117895,2019,10,regular,UCF,Houston,-21.5,0.931
401117896,2019,10,regular,East Carolina,Cincinnati,24.5,0.046
401117897,2019,10,regular,Memphis,SMU,-6.5,0.673
401117898,2019,10,regular,Tulane,Tulsa,-10.0,0.755
401119293,2019,10,regular,Bowling Green,Akron,-4.0,0.609
401119294,2019,10,regular,Eastern Michigan,Buffalo,1.5,0.459
401119295,2019,10,regular,Central Michigan,Northern Illinois,1.5,0.459
401121960,2019,10,regular,App State,Georgia Southern,-13.5,0.824
401121961,2019,10,regular,UL Monroe,Arkansas State,1.0,0.473
401121962,2019,10,regular,Coastal Carolina,Troy,2.0,0.445
401121963,2019,10,regular,Louisiana,Texas State,-23.0,0.944
401110842,2019,11,regular,Alabama,LSU,-6.0,0.66
401110843,2019,11,regular,Arkansas,Western Kentucky,-1.0,0.527
401110844,2019,11,regular,Florida,Vanderbilt,-27.0,0.969
401110845,2019,11,regular,Georgia,Missouri,-18.5,0.899
401110846,2019,11,regular,Kentucky,Tennessee,-1.5,0.541
401110847,2019,11,regular,Ole Miss,New Mexico State,-28.5,0.975
401110848,2019,11,regular,South Carolina,App State,-6.5,0.673
401111654,2019,11,regular,Duke,Notre Dame,7.0,0.315
401112081,2019,11,regular,TCU,Baylor,2.0,0.445
401112092,2019,11,regular,Oklahoma,Iowa State,-14.5,0.841
401112111,2019,11,regular,Texas,Kansas State,-7.0,0.685
401112142,2019,11,regular,West Virginia,Texas Tech,2.5,0.432
401112154,2019,11,regular,Michigan State,Illinois,-16.0,0.865
401112198,2019,11,regular,Wisconsin,Iowa,-7.5,0.698
401112209,2019,11,regular,Ohio State,Maryland,-42.5,0.998
401112235,2019,11,regular,Minnesota,Penn State,6.5,0.327
401112249,2019,11,regular,Northwestern,Purdue,-1.0,0.527
401112502,2019,11,regular,Boston College,Florida State,-1.0,0.527
401112503,2019,11,regular,NC State,Clemson,35.0,0.008
401112504,2019,11,regular,Virginia,Georgia Tech,-16.0,0.865
401112505,2019,11,regular,Miami,Louisville,-6.5,0.673
401112506,2019,11,regular,Virginia Tech,Wake Forest,2.5,0.432
401114160,2019,11,regular,Arizona State,USC,4.0,0.391
401114180,2019,11,regular,California,Washington State,8.5,0.279
401114190,2019,11,regular,Colorado,Stanford,4.0,0.391
401114205,2019,11,regular,Oregon State,Washington,10.5,0.234
401114304,2019,11,regular,UTEP,Charlotte,12.5,0.194
401114305,2019,11,regular,Florida Atlantic,Florida International,-11.5,0.786
401114306,2019,11,regular,Louisiana Tech,North Texas,-5.5,0.648
401114307,2019,11,regular,Old Dominion,UTSA,-3.0,0.582
401114308,2019,11,regular,Southern Miss,UAB,-7.5,0.698
401114332,2019,11,regular,Army,Massachusetts,-34.5,0.991
401114353,2019,11,regular,BYU,Liberty,-17.0,0.879
401117540,2019,11,regular,Fresno State,Utah State,-5.5,0.648
401117541,2019,11,regular,Boise State,Wyoming,-16.5,0.872
401117542,2019,11,regular,San Diego State,Nevada,-17.0,0.879
401117543,2019,11,regular,Hawai'i,San José State,-7.5,0.698
401117899,2019,11,regular,South Florida,Temple,-1.0,0.527
401117900,2019,11,regular,Tulsa,UCF,16.5,0.128
401117901,2019,11,regular,Cincinnati,UConn,-34.0,0.99
401117902,2019,11,regular,SMU,East Carolina,-22.0,0.935
401119296,2019,11,regular,Western Michigan,Ball State,-6.5,0.673
401119297,2019,11,regular,Toledo,Kent State,-4.0,0.609
401119298,2019,11,regular,Ohio,Miami (OH),-7.0,0.685
401121964,2019,11,regular,Coastal Carolina,Louisiana,14.0,0.167
401121965,2019,11,regular,Troy,Georgia Southern,2.5,0.432
401121966,2019,11,regular,UL Monroe,Georgia State,2.5,0.432
401121967,2019,11,regular,Texas State,South Alabama,-7.0,0.685
401110849,2019,12,regular,Auburn,Georgia,3.0,0.418
401110850,2019,12,regular,Ole Miss,LSU,21.0,0.074
401110851,2019,12,regular,Mississippi State,Alabama,19.0,0.095
401110852,2019,12,regular,Missouri,Florida,6.5,0.327
401110853,2019,12,regular,Texas A&M,South Carolina,-10.5,0.766
401110854,2019,12,regular,Vanderbilt,Kentucky,9.5,0.256
401112082,2019,12,regular,Baylor,Oklahoma,10.5,0.234
401112093,2019,12,regular,Iowa State,Texas,-7.0,0.685
401112105,2019,12,regular,Oklahoma State,Kansas,-17.5,0.886
401112112,2019,12,regular,Kansas State,West Virginia,-14.0,0.833
401112133,2019,12,regular,Texas Tech,TCU,3.5,0.405
401112166,2019,12,regular,Penn State,Indiana,-15.0,0.85
401112199,2019,12,regular,Iowa,Minnesota,-3.0,0.582
401112219,2019,12,regular,Michigan,Michigan State,-13.5,0.824
401112244,2019,12,regular,Nebraska,Wisconsin,14.0,0.167
401112250,2019,12,regular,Northwestern,Massachusetts,-39.5,0.997
401112255,2019,12,regular,Rutgers,Ohio State,52.0,0.0
401112507,2019,12,regular,Pittsburgh,North Carolina,-4.0,0.609
401112508,2019,12,regular,Clemson,Wake Forest,-34.5,0.991
401112509,2019,12,regular,Duke,Syracuse,-9.0,0.733
401112511,2019,12,regular,Georgia Tech,Virginia Tech,6.0,0.34
401112512,2019,12,regular,NC State,Louisville,4.5,0.378
401114161,2019,12,regular,Oregon State,Arizona State,1.0,0.473
401114172,2019,12,regular,Oregon,Arizona,-27.0,0.969
401114181,2019,12,regular,California,USC,4.0,0.391
401114216,2019,12,regular,Utah,UCLA,-21.0,0.926
401114231,2019,12,regular,Washington State,Stanford,-10.5,0.766
401114309,2019,12,regular,Marshall,Louisiana Tech,-6.5,0.673
401114310,2019,12,regular,Middle Tennessee,Rice,-13.0,0.815
401114311,2019,12,regular,UTSA,Southern Miss,17.0,0.121
401114312,2019,12,regular,UAB,UTEP,-14.5,0.841
401114338,2019,12,regular,Notre Dame,Navy,-7.5,0.698
401117544,2019,12,regular,Colorado State,Air Force,10.5,0.234
401117545,2019,12,regular,Boise State,New Mexico,-26.0,0.964
401117546,2019,12,regular,Utah State,Wyoming,-4.5,0.622
401117547,2019,12,regular,San Diego State,Fresno State,-2.0,0.555
401117548,2019,12,regular,UNLV,Hawai'i,6.5,0.327
401117903,2019,12,regular,South Florida,Cincinnati,13.0,0.185
401117904,2019,12,regular,Houston,Memphis,9.5,0.256
401117905,2019,12,regular,Temple,Tulane,6.5,0.327
401119299,2019,12,regular,Akron,Eastern Michigan,17.0,0.121
401119300,2019,12,regular,Ohio,Western Michigan,-1.5,0.541
401119301,2019,12,regular,Miami (OH),Bowling Green,-17.0,0.879
401119302,2019,12,regular,Toledo,Northern Illinois,-2.0,0.555
401119303,2019,12,regular,Kent State,Buffalo,6.0,0.34
401119304,2019,12,regular,Ball State,Central Michigan,-1.0,0.527
401121968,2019,12,regular,Georgia State,App State,15.0,0.15
401121969,2019,12,regular,Arkansas State,Coastal Carolina,-14.0,0.833
401121970,2019,12,regular,Georgia Southern,UL Monroe,-6.5,0.673
401121971,2019,12,regular,South Alabama,Louisiana,27.5,0.029
401121972,2019,12,regular,Texas State,Troy,7.0,0.315
401110857,2019,13,regular,Georgia,Texas A&M,-12.0,0.796
401110859,2019,13,regular,LSU,Arkansas,-41.5,0.998
401110861,2019,13,regular,Missouri,Tennessee,-2.5,0.568
401112083,2019,13,regular,Baylor,Texas,-4.0,0.609
401112094,2019,13,regular,Iowa State,Kansas,-26.5,0.966
401112113,2019,13,regular,Texas Tech,Kansas State,-1.0,0.527
401112120,2019,13,regular,Oklahoma,TCU,-18.0,0.893
401112128,2019,13,regular,West Virginia,Oklahoma State,6.5,0.327
401112155,2019,13,regular,Iowa,Illinois,-15.5,0.857
401112167,2019,13,regular,Indiana,Michigan,9.5,0.256
401112210,2019,13,regular,Maryland,Nebraska,6.5,0.327
401112220,2019,13,regular,Rutgers,Michigan State,21.5,0.069
401112236,2019,13,regular,Northwestern,Minnesota,16.0,0.135
401112256,2019,13,regular,Ohio State,Penn State,-20.0,0.916
401112263,2019,13,regular,Wisconsin,Purdue,-24.5,0.954
401112513,2019,13,regular,Georgia Tech,NC State,2.5,0.432
401112514,2019,13,regular,Notre Dame,Boston College,-20.5,0.921
401112515,2019,13,regular,Wake Forest,Duke,-6.5,0.673
401112516,2019,13,regular,Louisville,Syracuse,-7.5,0.698
401112517,2019,13,regular,Florida International,Miami,21.0,0.074
401112519,2019,13,regular,Virginia Tech,Pittsburgh,-3.5,0.595
401112520,2019,13,regular,Virginia,Liberty,-16.5,0.872
401114162,2019,13,regular,Arizona State,Oregon,13.5,0.176
401114173,2019,13,regular,Arizona,Utah,23.5,0.053
401114182,2019,13,regular,Stanford,California,-1.0,0.527
401114191,2019,13,regular,Colorado,Washington,14.0,0.167
401114206,2019,13,regular,Washington State,Oregon State,-10.5,0.766
401114217,2019,13,regular,USC,UCLA,-13.5,0.824
401114313,2019,13,regular,Charlotte,Marshall,6.5,0.327
401114314,2019,13,regular,UTSA,Florida Atlantic,21.5,0.069
401114315,2019,13,regular,UAB,Louisiana Tech,-6.5,0.673
401114316,2019,13,regular,Middle Tennessee,Old Dominion,-13.5,0.824
401114317,2019,13,regular,Rice,North Texas,6.5,0.327
401114318,2019,13,regular,Southern Miss,Western Kentucky,-3.5,0.595
401114319,2019,13,regular,New Mexico State,UTEP,-7.0,0.685
401114358,2019,13,regular,Massachusetts,BYU,41.5,0.002
401117549,2019,13,regular,Utah State,Boise State,4.0,0.391
401117550,2019,13,regular,Wyoming,Colorado State,-4.5,0.622
401117551,2019,13,regular,Fresno State,Nevada,-12.5,0.806
401117552,2019,13,regular,Hawai'i,San Diego State,-1.0,0.527
401117553,2019,13,regular,UNLV,San José State,7.0,0.315
401117906,2019,13,regular,Tulane,UCF,7.0,0.315
401117907,2019,13,regular,Cincinnati,Temple,-9.0,0.733
401117908,2019,13,regular,UConn,East Carolina,15.5,0.143
401117909,2019,13,regular,South Florida,Memphis,14.5,0.159
401117910,2019,13,regular,Tulsa,Houston,-6.0,0.66
401117911,2019,13,regular,Navy,SMU,-3.5,0.595
401119305,2019,13,regular,Northern Illinois,Eastern Michigan,-3.5,0.595
401119306,2019,13,regular,Bowling Green,Ohio,20.5,0.079
401119307,2019,13,regular,Miami (OH),Akron,-28.0,0.973
401119308,2019,13,regular,Buffalo,Toledo,-10.0,0.755
401119309,2019,13,regular,Kent State,Ball State,3.0,0.418
401121973,2019,13,regular,App State,Texas State,-28.0,0.973
401121974,2019,13,regular,Arkansas State,Georgia Southern,-1.5,0.541
401121975,2019,13,regular,UL Monroe,Coastal Carolina,-6.0,0.66
401121976,2019,13,regular,Georgia State,South Alabama,-9.0,0.733
401121977,2019,13,regular,Louisiana,Troy,-12.5,0.806
401183793,2019,13,regular,New Mexico,Air Force,24.0,0.049
401110863,2019,14,regular,Mississippi State,Ole Miss,1.5,0.459
401110864,2019,14,regular,Arkansas,Missouri,15.0,0.15
401110865,2019,14,regular,Auburn,Alabama,3.5,0.405
401110866,2019,14,regular,Florida,Florida State,-17.0,0.879
401110867,2019,14,regular,Georgia Tech,Georgia,28.5,0.025
401110868,2019,14,regular,Kentucky,Louisville,-3.5,0.595
401110869,2019,14,regular,LSU,Texas A&M,-17.5,0.886
401110870,2019,14,regular,South Carolina,Clemson,27.5,0.029
401110871,2019,14,regular,Tennessee,Vanderbilt,-23.0,0.944
401112084,2019,14,regular,Kansas,Baylor,14.0,0.167
401112095,2019,14,regular,Kansas State,Iowa State,5.0,0.365
401112121,2019,14,regular,Oklahoma State,Oklahoma,14.0,0.167
401112134,2019,14,regular,TCU,West Virginia,-13.5,0.824
401112138,2019,14,regular,Texas,Texas Tech,-8.0,0.709
401112156,2019,14,regular,Illinois,Northwestern,-6.0,0.66
401112168,2019,14,regular,Purdue,Indiana,7.0,0.315
401112200,2019,14,regular,Nebraska,Iowa,4.0,0.391
401112221,2019,14,regular,Michigan State,Maryland,-21.5,0.931
401112228,2019,14,regular,Michigan,Ohio State,9.0,0.267
401112237,2019,14,regular,Minnesota,Wisconsin,3.0,0.418
401112261,2019,14,regular,Penn State,Rutgers,-39.0,0.996
401112521,2019,14,regular,Virginia,Virginia Tech,1.5,0.459
401112522,2019,14,regular,Pittsburgh,Boston College,-8.5,0.721
401112523,2019,14,regular,Duke,Miami,9.5,0.256
401112524,2019,14,regular,NC State,North Carolina,11.0,0.224
401112525,2019,14,regular,Syracuse,Wake Forest,6.5,0.327
401114163,2019,14,regular,Arizona State,Arizona,-13.5,0.824
401114183,2019,14,regular,UCLA,California,-1.0,0.527
401114192,2019,14,regular,Utah,Colorado,-27.5,0.971
401114199,2019,14,regular,Oregon,Oregon State,-20.5,0.921
401114212,2019,14,regular,Stanford,Notre Dame,17.0,0.121
401114232,2019,14,regular,Washington,Washington State,-7.0,0.685
401114320,2019,14,regular,Old Dominion,Charlotte,10.5,0.234
401114321,2019,14,regular,Marshall,Florida International,-10.0,0.755
401114322,2019,14,regular,Florida Atlantic,Southern Miss,-9.5,0.744
401114323,2019,14,regular,Louisiana Tech,UTSA,-21.0,0.926
401114324,2019,14,regular,Western Kentucky,Middle Tennessee,-10.0,0.755
401114325,2019,14,regular,North Texas,UAB,3.5,0.405
401114326,2019,14,regular,UTEP,Rice,6.5,0.327
401114334,2019,14,regular,Hawai'i,Army,-2.0,0.555
401114346,2019,14,regular,Liberty,New Mexico State,-14.5,0.841
401117218,2019,14,regular,San Diego State,BYU,4.5,0.378
401117554,2019,14,regular,Colorado State,Boise State,13.5,0.176
401117555,2019,14,regular,New Mexico,Utah State,11.0,0.224
401117556,2019,14,regular,Air Force,Wyoming,-13.0,0.815
401117557,2019,14,regular,San José State,Fresno State,-2.5,0.568
401117558,2019,14,regular,Nevada,UNLV,-7.0,0.685
401117912,2019,14,regular,UCF,South Florida,-24.0,0.951
401117913,2019,14,regular,Memphis,Cincinnati,-13.5,0.824
401117914,2019,14,regular,Temple,UConn,-27.0,0.969
401117915,2019,14,regular,East Carolina,Tulsa,7.0,0.315
401117916,2019,14,regular,Houston,Navy,9.5,0.256
401117917,2019,14,regular,SMU,Tulane,-3.0,0.582
401119310,2019,14,regular,Akron,Ohio,27.5,0.029
401119311,2019,14,regular,Northern Illinois,Western Michigan,10.0,0.245
401119312,2019,14,regular,Buffalo,Bowling Green,-28.0,0.973
401119313,2019,14,regular,Eastern Michigan,Kent State,-3.5,0.595
401119314,2019,14,regular,Ball State,Miami (OH),-3.0,0.582
401119315,2019,14,regular,Central Michigan,Toledo,-14.5,0.841
401121978,2019,14,regular,Troy,App State,11.0,0.224
401121979,2019,14,regular,South Alabama,Arkansas State,10.5,0.234
401121980,2019,14,regular,Coastal Carolina,Texas State,-7.0,0.685
401121981,2019,14,regular,Georgia Southern,Georgia State,-6.5,0.673
401121982,2019,14,regular,Louisiana,UL Monroe,-20.0,0.916
401114335,2019,15,regular,Navy,Army,-11.5,0.786
401132973,2019,15,regular,Oregon,Utah,6.5,0.327
401132974,2019,15,regular,Oklahoma,Baylor,-9.5,0.744
401132975,2019,15,regular,Clemson,Virginia,-29.0,0.977
401132976,2019,15,regular,Memphis,Cincinnati,-9.0,0.733
401132979,2019,15,regular,Boise State,Hawai'i,-14.0,0.833
401132980,2019,15,regular,Florida Atlantic,UAB,-8.0,0.709
401132981,2019,15,regular,LSU,Georgia,-7.0,0.685
401132982,2019,15,regular,Central Michigan,Miami (OH),-6.5,0.673
401132983,2019,15,regular,Wisconsin,Ohio State,16.5,0.128
401132984,2019,15,regular,App State,Louisiana,-5.0,0.635
401207101,2020,1,regular,Southern Miss,South Alabama,-12.5,0.806
401212484,2020,1,regular,Texas State,SMU,24.5,0.046
401212553,2020,1,regular,Memphis,Arkansas State,-18.5,0.899
401234576,2020,1,regular,Navy,BYU,1.0,0.473
401235700,2020,1,regular,Army,Middle Tennessee,-3.5,0.595
401207113,2020,2,regular,Texas State,UTSA,-6.0,0.66
401234559,2020,2,regular,Miami,UAB,-15.5,0.857
401234562,2020,2,regular,Wake Forest,Clemson,34.5,0.009
401234563,2020,2,regular,Florida State,Georgia Tech,-12.5,0.806
401234564,2020,2,regular,Louisville,Western Kentucky,-13.0,0.815
401234565,2020,2,regular,North Carolina,Syracuse,-24.0,0.951
401234574,2020,2,regular,Notre Dame,Duke,-21.5,0.931
401236053,2020,2,regular,Kansas State,Arkansas State,-14.5,0.841
401236081,2020,2,regular,App State,Charlotte,-16.5,0.872
401236221,2020,2,regular,Iowa State,Louisiana,-13.5,0.824
401236222,2020,2,regular,Texas,UTEP,-45.0,0.999
401236658,2020,2,regular,Kansas,Coastal Carolina,-6.0,0.66
401239973,2020,2,regular,South Alabama,Tulane,11.5,0.214
401240113,2020,2,regular,Army,UL Monroe,-24.5,0.954
401207106,2020,3,regular,Southern Miss,Louisiana Tech,-7.0,0.685
401207120,2020,3,regular,North Texas,SMU,14.5,0.159
401207124,2020,3,regular,Western Kentucky,Liberty,-14.5,0.841
401212522,2020,3,regular,Tulane,Navy,-5.5,0.648
401215301,2020,3,regular,Georgia State,Louisiana,17.0,0.121
401215302,2020,3,regular,UL Monroe,Texas State,3.0,0.418
401234567,2020,3,regular,Duke,Boston College,-3.5,0.595
401234568,2020,3,regular,Georgia Tech,UCF,9.5,0.256
401234569,2020,3,regular,Louisville,Miami,2.5,0.432
401234570,2020,3,regular,NC State,Wake Forest,2.0,0.445
401234571,2020,3,regular,Pittsburgh,Syracuse,-21.0,0.926
401236041,2020,3,regular,Oklahoma State,Tulsa,-24.0,0.951
401236939,2020,3,regular,Marshall,App State,6.0,0.34
401240640,2020,3,regular,Middle Tennessee,Troy,2.0,0.445
401241282,2020,3,regular,Notre Dame,South Florida,-22.5,0.94
401207126,2020,4,regular,Liberty,Florida International,-9.5,0.744
401207132,2020,4,regular,South Alabama,UAB,7.5,0.302
401207134,2020,4,regular,UTSA,Middle Tennessee,-6.0,0.66
401212536,2020,4,regular,East Carolina,UCF,28.0,0.027
401215303,2020,4,regular,Louisiana,Georgia Southern,-11.5,0.786
401234566,2020,4,regular,Virginia Tech,NC State,-6.0,0.66
401234593,2020,4,regular,Miami,Florida State,-12.0,0.796
401234594,2020,4,regular,Syracuse,Georgia Tech,7.5,0.302
401234595,2020,4,regular,Pittsburgh,Louisville,-2.5,0.568
401234638,2020,4,regular,Virginia,Duke,-4.0,0.609
401234734,2020,4,regular,Southern Miss,Tulane,3.5,0.405
401235993,2020,4,regular,Baylor,Kansas,-17.0,0.879
401235994,2020,4,regular,TCU,Iowa State,3.5,0.405
401235995,2020,4,regular,Texas Tech,Texas,17.5,0.114
401235996,2020,4,regular,Oklahoma,Kansas State,-27.5,0.971
401235997,2020,4,regular,Oklahoma State,West Virginia,-6.5,0.673
401236223,2020,4,regular,BYU,Troy,-14.5,0.841
401236951,2020,4,regular,Missouri,Alabama,28.5,0.025
401236952,2020,4,regular,Ole Miss,Florida,14.0,0.167
401237033,2020,4,regular,Arkansas,Georgia,28.0,0.027
401237034,2020,4,regular,Auburn,Kentucky,-6.5,0.673
401237035,2020,4,regular,LSU,Mississippi State,-14.5,0.841
401237036,2020,4,regular,South Carolina,Tennessee,4.0,0.391
401237037,2020,4,regular,Texas A&M,Vanderbilt,-31.5,0.985
401240194,2020,4,regular,UL Monroe,UTEP,-9.5,0.744
401240996,2020,4,regular,Cincinnati,Army,-12.5,0.806
401241303,2020,4,regular,Boston College,Texas State,-21.5,0.931
401207136,2020,5,regular,Florida Atlantic,Charlotte,-5.0,0.635
401207138,2020,5,regular,Middle Tennessee,Western Kentucky,7.0,0.315
401207139,2020,5,regular,North Texas,Southern Miss,-1.5,0.541
401207141,2020,5,regular,UAB,UTSA,-21.5,0.931
401212476,2020,5,regular,Cincinnati,South Florida,-22.5,0.94
401212486,2020,5,regular,SMU,Memphis,-2.0,0.555
401212531,2020,5,regular,UCF,Tulsa,-20.5,0.921
401212547,2020,5,regular,Georgia State,East Carolina,1.5,0.459
401212557,2020,5,regular,Air Force,Navy,6.5,0.327
401215304,2020,5,regular,Coastal Carolina,Arkansas State,3.5,0.405
401215305,2020,5,regular,UL Monroe,Georgia Southern,19.5,0.089
401234597,2020,5,regular,Boston College,North Carolina,14.5,0.159
401234598,2020,5,regular,Clemson,Virginia,-28.0,0.973
401234599,2020,5,regular,Duke,Virginia Tech,11.0,0.224
401234600,2020,5,regular,Pittsburgh,NC State,-14.0,0.833
401235998,2020,5,regular,West Virginia,Baylor,1.5,0.459
401235999,2020,5,regular,Iowa State,Oklahoma,7.5,0.302
401236000,2020,5,regular,Kansas,Oklahoma State,21.5,0.069
401236001,2020,5,regular,Kansas State,Texas Tech,-1.0,0.527
401236002,2020,5,regular,Texas,TCU,-10.5,0.766
401237093,2020,5,regular,Alabama,Texas A&M,-18.0,0.893
401237094,2020,5,regular,Mississippi State,Arkansas,-16.5,0.872
401237095,2020,5,regular,Georgia,Auburn,-7.5,0.698
401237096,2020,5,regular,Florida,South Carolina,-14.5,0.841
401237097,2020,5,regular,Kentucky,Ole Miss,-7.0,0.685
401237098,2020,5,regular,Vanderbilt,LSU,21.0,0.074
401237099,2020,5,regular,Tennessee,Missouri,-10.0,0.755
401246275,2020,5,regular,BYU,Louisiana Tech,-24.0,0.951
401207142,2020,6,regular,North Texas,Charlotte,3.0,0.418
401207143,2020,6,regular,Florida International,Middle Tennessee,-6.5,0.673
401207145,2020,6,regular,Louisiana Tech,UTEP,-14.5,0.841
401207146,2020,6,regular,Western Kentucky,Marshall,6.5,0.327
401207215,2020,6,regular,Liberty,UL Monroe,-17.0,0.879
401212477,2020,6,regular,South Florida,East Carolina,-5.5,0.648
401212515,2020,6,regular,Navy,Temple,4.0,0.391
401212523,2020,6,regular,Houston,Tulane,-6.5,0.673
401215308,2020,6,regular,Troy,Texas State,-7.0,0.685
401234601,2020,6,regular,Georgia Tech,Louisville,4.5,0.378
401234603,2020,6,regular,Boston College,Pittsburgh,6.5,0.327
401234604,2020,6,regular,Clemson,Miami,-14.5,0.841
401234605,2020,6,regular,Syracuse,Duke,2.5,0.432
401234606,2020,6,regular,Notre Dame,Florida State,-20.5,0.921
401234607,2020,6,regular,North Carolina,Virginia Tech,-3.5,0.595
401234608,2020,6,regular,Virginia,NC State,-7.0,0.685
401236003,2020,6,regular,Iowa State,Texas Tech,-10.0,0.755
401236004,2020,6,regular,TCU,Kansas State,-11.0,0.776
401236005,2020,6,regular,Oklahoma,Texas,-3.0,0.582
401237100,2020,6,regular,Ole Miss,Alabama,24.0,0.049
401237101,2020,6,regular,Auburn,Arkansas,-13.5,0.824
401237102,2020,6,regular,Texas A&M,Florida,6.0,0.34
401237103,2020,6,regular,Georgia,Tennessee,-12.0,0.796
401237104,2020,6,regular,Kentucky,Mississippi State,-3.5,0.595
401237105,2020,6,regular,LSU,Missouri,14.0,0.167
401237106,2020,6,regular,Vanderbilt,South Carolina,14.0,0.167
401240997,2020,6,regular,BYU,UTSA,-34.0,0.99
401207149,2020,7,regular,Louisiana Tech,Marshall,12.0,0.204
401207150,2020,7,regular,Middle Tennessee,North Texas,-3.5,0.595
401207153,2020,7,regular,UAB,Western Kentucky,-11.5,0.786
401212478,2020,7,regular,Temple,South Florida,-14.0,0.833
401212487,2020,7,regular,Tulane,SMU,6.5,0.327
401212537,2020,7,regular,Memphis,UCF,3.0,0.418
401212548,2020,7,regular,East Carolina,Navy,3.5,0.405
401212551,2020,7,regular,Houston,BYU,3.0,0.418
401215310,2020,7,regular,Arkansas State,Georgia State,-3.5,0.595
401215311,2020,7,regular,Louisiana,Coastal Carolina,-9.5,0.744
401215313,2020,7,regular,South Alabama,Texas State,-5.0,0.635
401234609,2020,7,regular,Virginia Tech,Boston College,-13.0,0.815
401234610,2020,7,regular,Georgia Tech,Clemson,26.5,0.034
401234611,2020,7,regular,NC State,Duke,-3.5,0.595
401234612,2020,7,regular,Florida State,North Carolina,13.5,0.176
401234613,2020,7,regular,Notre Dame,Louisville,-15.5,0.857
401234614,2020,7,regular,Miami,Pittsburgh,-11.5,0.786
401234615,2020,7,regular,Syracuse,Liberty,3.0,0.418
401234616,2020,7,regular,Wake Forest,Virginia,-2.5,0.568
401236007,2020,7,regular,West Virginia,Kansas,-21.0,0.926
401237107,2020,7,regular,Alabama,Georgia,-6.0,0.66
401237108,2020,7,regular,Arkansas,Ole Miss,-1.0,0.527
401237109,2020,7,regular,South Carolina,Auburn,2.5,0.432
401237111,2020,7,regular,Tennessee,Kentucky,-6.5,0.673
401237112,2020,7,regular,Mississippi State,Texas A&M,4.5,0.378
401240115,2020,7,regular,UTSA,Army,8.5,0.279
401250215,2020,7,regular,Georgia Southern,Massachusetts,-31.0,0.984
401207154,2020,8,regular,Charlotte,UTEP,-17.5,0.886
401207156,2020,8,regular,Marshall,Florida Atlantic,-19.0,0.905
401207157,2020,8,regular,UTSA,Louisiana Tech,2.5,0.432
401207158,2020,8,regular,Rice,Middle Tennessee,-3.5,0.595
401207160,2020,8,regular,Liberty,Southern Miss,-14.0,0.833
401212479,2020,8,regular,South Florida,Tulsa,12.0,0.204
401212488,2020,8,regular,SMU,Cincinnati,-1.0,0.527
401212516,2020,8,regular,Memphis,Temple,-14.0,0.833
401212524,2020,8,regular,UCF,Tulane,-21.0,0.926
401212552,2020,8,regular,Navy,Houston,15.5,0.143
401215316,2020,8,regular,Coastal Carolina,Georgia Southern,-1.0,0.527
401215317,2020,8,regular,Troy,Georgia State,-2.5,0.568
401234617,2020,8,regular,Boston College,Georgia Tech,-3.5,0.595
401234618,2020,8,regular,Clemson,Syracuse,-47.5,0.999
401234619,2020,8,regular,Louisville,Florida State,-5.5,0.648
401234620,2020,8,regular,Miami,Virginia,-13.5,0.824
401234621,2020,8,regular,North Carolina,NC State,-15.0,0.85
401234622,2020,8,regular,Pittsburgh,Notre Dame,10.0,0.245
401234623,2020,8,regular,Wake Forest,Virginia Tech,10.5,0.234
401236008,2020,8,regular,Texas,Baylor,-11.0,0.776
401236009,2020,8,regular,Oklahoma State,Iowa State,-2.5,0.568
401236010,2020,8,regular,Kansas State,Kansas,-19.0,0.905
401236011,2020,8,regular,TCU,Oklahoma,6.5,0.327
401236012,2020,8,regular,Texas Tech,West Virginia,2.5,0.432
401237114,2020,8,regular,Tennessee,Alabama,21.5,0.069
401237115,2020,8,regular,Ole Miss,Auburn,3.5,0.405
401237118,2020,8,regular,LSU,South Carolina,-4.5,0.622
401237122,2020,8,regular,Missouri,Kentucky,3.0,0.418
401238036,2020,8,regular,UAB,Louisiana,2.5,0.432
401240642,2020,8,regular,App State,Arkansas State,-13.5,0.824
401240998,2020,8,regular,BYU,Texas State,-30.0,0.981
401247293,2020,8,regular,Ohio State,Nebraska,-27.5,0.971
401247294,2020,8,regular,Minnesota,Michigan,3.0,0.418
401247295,2020,8,regular,Indiana,Penn State,6.5,0.327
401247296,2020,8,regular,Purdue,Iowa,3.5,0.405
401247297,2020,8,regular,Wisconsin,Illinois,-20.5,0.921
401247298,2020,8,regular,Northwestern,Maryland,-13.0,0.815
401247299,2020,8,regular,Michigan State,Rutgers,-9.5,0.744
401248993,2020,8,regular,San José State,Air Force,7.5,0.302
401248994,2020,8,regular,Fresno State,Hawai'i,-3.0,0.582
401248996,2020,8,regular,San Diego State,UNLV,-14.0,0.833
401248997,2020,8,regular,Boise State,Utah State,-17.0,0.879
401248998,2020,8,regular,Nevada,Wyoming,3.0,0.418
401250784,2020,8,regular,South Alabama,UL Monroe,-14.5,0.841
401207162,2020,9,regular,Florida Atlantic,UTSA,-5.0,0.635
401207163,2020,9,regular,Louisiana Tech,UAB,13.0,0.185
401207166,2020,9,regular,Southern Miss,Rice,1.0,0.473
401212489,2020,9,regular,SMU,Navy,-13.0,0.815
401212517,2020,9,regular,Tulane,Temple,-7.0,0.685
401212533,2020,9,regular,Tulsa,East Carolina,-17.0,0.879
401212538,2020,9,regular,Houston,UCF,3.0,0.418
401212543,2020,9,regular,Cincinnati,Memphis,-6.5,0.673
401215318,2020,9,regular,Georgia State,Coastal Carolina,3.5,0.405
401215319,2020,9,regular,UL Monroe,App State,28.5,0.025
401215320,2020,9,regular,Arkansas State,Troy,-3.5,0.595
401215321,2020,9,regular,Georgia Southern,South Alabama,-3.5,0.595
401215322,2020,9,regular,Texas State,Louisiana,16.5,0.128
401234624,2020,9,regular,Clemson,Boston College,-26.5,0.966
401234625,2020,9,regular,Duke,Charlotte,-10.5,0.766
401234626,2020,9,regular,Georgia Tech,Notre Dame,20.5,0.079
401234627,2020,9,regular,Louisville,Virginia Tech,5.0,0.365
401234628,2020,9,regular,Virginia,North Carolina,7.5,0.302
401234629,2020,9,regular,Syracuse,Wake Forest,14.0,0.167
401236013,2020,9,regular,Baylor,TCU,2.5,0.432
401236014,2020,9,regular,Kansas,Iowa State,27.5,0.029
401236015,2020,9,regular,West Virginia,Kansas State,-5.0,0.635
401236016,2020,9,regular,Texas Tech,Oklahoma,16.0,0.135
401236017,2020,9,regular,Oklahoma State,Texas,-3.5,0.595
401237116,2020,9,regular,Florida,Missouri,-13.5,0.824
401237117,2020,9,regular,Kentucky,Georgia,17.0,0.121
401237119,2020,9,regular,Alabama,Mississippi State,-29.5,0.979
401237120,2020,9,regular,Texas A&M,Arkansas,-14.5,0.841
401237121,2020,9,regular,Auburn,LSU,-1.0,0.527
401237123,2020,9,regular,Vanderbilt,Ole Miss,17.0,0.121
401239887,2020,9,regular,BYU,Western Kentucky,-31.0,0.984
401247300,2020,9,regular,Rutgers,Indiana,11.5,0.214
401247301,2020,9,regular,Illinois,Purdue,9.5,0.256
401247302,2020,9,regular,Maryland,Minnesota,18.5,0.101
401247303,2020,9,regular,Iowa,Northwestern,1.0,0.473
401247305,2020,9,regular,Michigan,Michigan State,-21.5,0.931
401247306,2020,9,regular,Penn State,Ohio State,10.0,0.245
401248999,2020,9,regular,Air Force,Boise State,13.5,0.176
401249000,2020,9,regular,Fresno State,Colorado State,2.5,0.432
401249001,2020,9,regular,Wyoming,Hawai'i,3.0,0.418
401249002,2020,9,regular,UNLV,Nevada,13.5,0.176
401249003,2020,9,regular,New Mexico,San José State,-13.5,0.824
401249004,2020,9,regular,Utah State,San Diego State,9.0,0.267
401207169,2020,10,regular,Florida Atlantic,Western Kentucky,-7.0,0.685
401212480,2020,10,regular,Memphis,South Florida,-17.5,0.886
401212490,2020,10,regular,Temple,SMU,17.5,0.114
401212525,2020,10,regular,East Carolina,Tulane,3.5,0.405
401212544,2020,10,regular,Cincinnati,Houston,-12.5,0.806
401215324,2020,10,regular,Texas State,App State,21.5,0.069
401215325,2020,10,regular,Coastal Carolina,South Alabama,-17.0,0.879
401215326,2020,10,regular,Georgia Southern,Troy,3.0,0.418
401215327,2020,10,regular,Georgia State,UL Monroe,-18.5,0.899
401234630,2020,10,regular,NC State,Miami,10.5,0.234
401234631,2020,10,regular,Syracuse,Boston College,14.5,0.159
401234632,2020,10,regular,Notre Dame,Clemson,5.0,0.365
401234633,2020,10,regular,Duke,North Carolina,11.5,0.214
401234634,2020,10,regular,Florida State,Pittsburgh,1.5,0.459
401234636,2020,10,regular,Virginia Tech,Liberty,-17.0,0.879
401236018,2020,10,regular,Iowa State,Baylor,-14.0,0.833
401236019,2020,10,regular,Oklahoma,Kansas,-38.5,0.996
401236020,2020,10,regular,Kansas State,Oklahoma State,14.0,0.167
401236021,2020,10,regular,TCU,Texas Tech,-9.5,0.744
401236022,2020,10,regular,Texas,West Virginia,-6.5,0.673
401237124,2020,10,regular,Arkansas,Tennessee,2.0,0.445
401237125,2020,10,regular,Georgia,Florida,-3.0,0.582
401237126,2020,10,regular,Mississippi State,Vanderbilt,-18.0,0.893
401237127,2020,10,regular,South Carolina,Texas A&M,9.5,0.256
401247307,2020,10,regular,Northwestern,Nebraska,-4.0,0.609
401247308,2020,10,regular,Illinois,Minnesota,7.5,0.302
401247309,2020,10,regular,Indiana,Michigan,4.0,0.391
401247310,2020,10,regular,Ohio State,Rutgers,-37.5,0.995
401247312,2020,10,regular,Penn State,Maryland,-27.5,0.971
401247313,2020,10,regular,Iowa,Michigan State,-5.5,0.648
401249005,2020,10,regular,Boise State,BYU,4.5,0.378
401249006,2020,10,regular,UNLV,Fresno State,11.5,0.214
401249007,2020,10,regular,Hawai'i,New Mexico,-14.0,0.833
401249008,2020,10,regular,San Diego State,San José State,-10.5,0.766
401249009,2020,10,regular,Nevada,Utah State,-17.0,0.879
401249010,2020,10,regular,Colorado State,Wyoming,3.5,0.405
401249397,2020,10,regular,Oregon State,Washington State,-3.0,0.582
401249399,2020,10,regular,Oregon,Stanford,-11.5,0.786
401249400,2020,10,regular,USC,Arizona State,-11.5,0.786
401249402,2020,10,regular,Colorado,UCLA,6.5,0.327
401249856,2020,10,regular,Kent State,Eastern Michigan,-4.5,0.622
401249857,2020,10,regular,Akron,Western Michigan,20.5,0.079
401249858,2020,10,regular,Toledo,Bowling Green,-24.0,0.951
401249859,2020,10,regular,Northern Illinois,Buffalo,14.5,0.159
401249860,2020,10,regular,Central Michigan,Ohio,2.5,0.432
401249889,2020,10,regular,Miami (OH),Ball State,1.0,0.473
401251931,2020,10,regular,Marshall,Massachusetts,-44.5,0.999
401253924,2020,10,regular,Louisiana,Arkansas State,-14.5,0.841
401207174,2020,11,regular,Florida International,Florida Atlantic,9.5,0.256
401207176,2020,11,regular,Marshall,Middle Tennessee,-23.5,0.947
401207178,2020,11,regular,Western Kentucky,Southern Miss,-7.5,0.698
401207179,2020,11,regular,UTSA,UTEP,-6.0,0.66
401207200,2020,11,regular,Tulane,Army,-3.0,0.582
401212481,2020,11,regular,Houston,South Florida,-14.5,0.841
401212491,2020,11,regular,Tulsa,SMU,2.0,0.445
401212518,2020,11,regular,UCF,Temple,-28.5,0.975
401212545,2020,11,regular,Cincinnati,East Carolina,-27.5,0.971
401215328,2020,11,regular,App State,Georgia State,-17.5,0.886
401215331,2020,11,regular,Georgia Southern,Texas State,-11.5,0.786
401215332,2020,11,regular,Louisiana,South Alabama,-14.0,0.833
401234637,2020,11,regular,Boston College,Notre Dame,13.0,0.185
401234639,2020,11,regular,NC State,Florida State,-11.5,0.786
401234641,2020,11,regular,Virginia Tech,Miami,-2.0,0.555
401234642,2020,11,regular,North Carolina,Wake Forest,-12.5,0.806
401236023,2020,11,regular,Texas Tech,Baylor,-1.0,0.527
401236024,2020,11,regular,West Virginia,TCU,-3.0,0.582
401237129,2020,11,regular,Florida,Arkansas,-17.0,0.879
401237132,2020,11,regular,Kentucky,Vanderbilt,-17.5,0.886
401237133,2020,11,regular,Ole Miss,South Carolina,-12.5,0.806
401247314,2020,11,regular,Rutgers,Illinois,-5.5,0.648
401247315,2020,11,regular,Purdue,Northwestern,3.5,0.405
401247316,2020,11,regular,Michigan State,Indiana,7.5,0.302
401247317,2020,11,regular,Minnesota,Iowa,3.0,0.418
401247319,2020,11,regular,Michigan,Wisconsin,7.0,0.315
401247320,2020,11,regular,Nebraska,Penn State,2.5,0.432
401249012,2020,11,regular,Boise State,Colorado State,-14.0,0.833
401249013,2020,11,regular,Utah State,Fresno State,11.0,0.224
401249014,2020,11,regular,San Diego State,Hawai'i,-10.0,0.755
401249015,2020,11,regular,New Mexico,Nevada,17.5,0.114
401249016,2020,11,regular,San José State,UNLV,-17.0,0.879
401249403,2020,11,regular,Arizona,USC,15.0,0.15
401249404,2020,11,regular,Washington,Oregon State,-13.5,0.824
401249405,2020,11,regular,Washington State,Oregon,10.5,0.234
401249406,2020,11,regular,Stanford,Colorado,-9.5,0.744
401249861,2020,11,regular,Ohio,Akron,-27.5,0.971
401249862,2020,11,regular,Bowling Green,Kent State,20.5,0.079
401249864,2020,11,regular,Northern Illinois,Central Michigan,6.0,0.34
401249865,2020,11,regular,Ball State,Eastern Michigan,-8.5,0.721
401249866,2020,11,regular,Western Michigan,Toledo,-1.5,0.541
401249890,2020,11,regular,Buffalo,Miami (OH),-7.5,0.698
401257934,2020,11,regular,Virginia,Louisville,-6.0,0.66
401261454,2020,11,regular,UCLA,California,3.5,0.405
401207181,2020,12,regular,Western Kentucky,Florida International,-7.0,0.685
401207184,2020,12,regular,North Texas,Rice,-2.5,0.568
401207185,2020,12,regular,Southern Miss,UTSA,9.0,0.267
401212519,2020,12,regular,Temple,East Carolina,7.0,0.315
401212526,2020,12,regular,Tulsa,Tulane,-5.0,0.635
401212540,2020,12,regular,UCF,Cincinnati,4.5,0.378
401215333,2020,12,regular,Coastal Carolina,App State,-3.0,0.582
401215334,2020,12,regular,Texas State,Arkansas State,4.5,0.378
401215335,2020,12,regular,South Alabama,Georgia State,3.5,0.405
401234643,2020,12,regular,Louisville,Syracuse,-19.5,0.911
401234647,2020,12,regular,NC State,Liberty,-4.0,0.609
401234648,2020,12,regular,Pittsburgh,Virginia Tech,6.5,0.327
401235975,2020,12,regular,Army,Georgia Southern,-3.5,0.595
401236025,2020,12,regular,Iowa State,Kansas State,-13.5,0.824
401236027,2020,12,regular,Oklahoma,Oklahoma State,-6.5,0.673
401237135,2020,12,regular,Alabama,Kentucky,-31.5,0.985
401237136,2020,12,regular,Arkansas,LSU,1.5,0.459
401237137,2020,12,regular,Auburn,Tennessee,-10.5,0.766
401237138,2020,12,regular,Vanderbilt,Florida,31.5,0.015
401237139,2020,12,regular,Georgia,Mississippi State,-26.5,0.966
401237141,2020,12,regular,South Carolina,Missouri,4.5,0.378
401240641,2020,12,regular,Troy,Middle Tennessee,-11.0,0.776
401247321,2020,12,regular,Nebraska,Illinois,-16.5,0.872
401247323,2020,12,regular,Northwestern,Wisconsin,7.5,0.302
401247324,2020,12,regular,Rutgers,Michigan,12.0,0.204
401247325,2020,12,regular,Minnesota,Purdue,2.5,0.432
401247326,2020,12,regular,Ohio State,Indiana,-21.0,0.926
401247327,2020,12,regular,Penn State,Iowa,-1.0,0.527
401249017,2020,12,regular,Hawai'i,Boise State,13.5,0.176
401249018,2020,12,regular,Air Force,New Mexico,-8.0,0.709
401249019,2020,12,regular,Nevada,San Diego State,1.5,0.459
401249410,2020,12,regular,Utah,USC,-1.0,0.527
401249411,2020,12,regular,Oregon State,California,1.0,0.473
401249413,2020,12,regular,Washington,Arizona,-12.0,0.796
401249415,2020,12,regular,Oregon,UCLA,-17.5,0.886
401249867,2020,12,regular,Kent State,Akron,-26.0,0.964
401249868,2020,12,regular,Bowling Green,Buffalo,31.5,0.015
401249870,2020,12,regular,Ball State,Northern Illinois,-14.5,0.841
401249871,2020,12,regular,Eastern Michigan,Toledo,6.5,0.327
401249872,2020,12,regular,Central Michigan,Western Michigan,1.0,0.473
401261674,2020,12,regular,Florida Atlantic,Massachusetts,-34.0,0.99
401207191,2020,13,regular,UTSA,North Texas,-1.0,0.527
401212483,2020,13,regular,South Florida,UCF,25.0,0.042
401212513,2020,13,regular,East Carolina,SMU,11.5,0.214
401215336,2020,13,regular,App State,Troy,-14.0,0.833
401215337,2020,13,regular,Arkansas State,South Alabama,-7.5,0.698
401215338,2020,13,regular,Texas State,Coastal Carolina,16.5,0.128
401215339,2020,13,regular,Georgia State,Georgia Southern,-2.5,0.568
401215340,2020,13,regular,UL Monroe,Louisiana,29.5,0.021
401234649,2020,13,regular,Boston College,Louisville,-1.0,0.527
401234650,2020,13,regular,North Carolina,Notre Dame,4.5,0.378
401234651,2020,13,regular,Clemson,Pittsburgh,-24.0,0.951
401234652,2020,13,regular,Georgia Tech,Duke,2.5,0.432
401234655,2020,13,regular,Syracuse,NC State,17.0,0.121
401236028,2020,13,regular,Baylor,Kansas State,-5.5,0.648
401236029,2020,13,regular,Texas,Iowa State,1.5,0.459
401236030,2020,13,regular,Kansas,TCU,23.0,0.056
401236032,2020,13,regular,Oklahoma State,Texas Tech,-11.5,0.786
401237142,2020,13,regular,Alabama,Auburn,-24.5,0.954
401237143,2020,13,regular,Missouri,Vanderbilt,-14.0,0.833
401237144,2020,13,regular,Florida,Kentucky,-24.0,0.951
401237145,2020,13,regular,South Carolina,Georgia,22.0,0.065
401237146,2020,13,regular,Texas A&M,LSU,-15.5,0.857
401237147,2020,13,regular,Ole Miss,Mississippi State,-9.5,0.744
401247328,2020,13,regular,Purdue,Rutgers,-12.5,0.806
401247329,2020,13,regular,Indiana,Maryland,-11.5,0.786
401247330,2020,13,regular,Michigan State,Northwestern,13.5,0.176
401247332,2020,13,regular,Iowa,Nebraska,-12.5,0.806
401247333,2020,13,regular,Michigan,Penn State,-1.0,0.527
401249024,2020,13,regular,Hawai'i,Nevada,7.0,0.315
401249025,2020,13,regular,Utah State,New Mexico,6.0,0.34
401249028,2020,13,regular,UNLV,Wyoming,16.5,0.128
401249417,2020,13,regular,California,Stanford,1.5,0.459
401249418,2020,13,regular,Oregon State,Oregon,13.0,0.185
401249421,2020,13,regular,UCLA,Arizona,-7.5,0.698
401249873,2020,13,regular,Toledo,Ball State,-10.0,0.755
401249874,2020,13,regular,Eastern Michigan,Central Michigan,6.5,0.327
401249875,2020,13,regular,Western Michigan,Northern Illinois,-18.5,0.899
401249876,2020,13,regular,Ohio,Bowling Green,-22.5,0.94
401249877,2020,13,regular,Buffalo,Kent State,-7.5,0.698
401249892,2020,13,regular,Akron,Miami (OH),14.0,0.167
401251926,2020,13,regular,Liberty,Massachusetts,-35.5,0.993
401264080,2020,13,regular,Navy,Memphis,13.5,0.176
401265458,2020,13,regular,Washington,Utah,-9.0,0.733
401265734,2020,13,regular,Colorado,San Diego State,-5.0,0.635
401234656,2020,14,regular,Virginia,Boston College,-6.0,0.66
401234657,2020,14,regular,Virginia Tech,Clemson,23.0,0.056
401234659,2020,14,regular,NC State,Georgia Tech,-7.0,0.685
401234662,2020,14,regular,Notre Dame,Syracuse,-34.0,0.99
401236033,2020,14,regular,Oklahoma,Baylor,-23.5,0.947
401236034,2020,14,regular,Iowa State,West Virginia,-6.0,0.66
401236035,2020,14,regular,Texas Tech,Kansas,-26.5,0.966
401236036,2020,14,regular,Kansas State,Texas,7.5,0.302
401236037,2020,14,regular,TCU,Oklahoma State,2.5,0.432
401237150,2020,14,regular,Auburn,Texas A&M,6.0,0.34
401237151,2020,14,regular,Tennessee,Florida,18.0,0.107
401237153,2020,14,regular,Kentucky,South Carolina,-11.5,0.786
401237514,2020,14,regular,Coastal Carolina,BYU,10.5,0.234
401247335,2020,14,regular,Purdue,Nebraska,-1.0,0.527
401247336,2020,14,regular,Rutgers,Penn State,13.0,0.185
401247337,2020,14,regular,Illinois,Iowa,13.5,0.176
401247338,2020,14,regular,Wisconsin,Indiana,-13.5,0.824
401247340,2020,14,regular,Michigan State,Ohio State,22.5,0.06
401249029,2020,14,regular,Utah State,Air Force,13.5,0.176
401249031,2020,14,regular,San Diego State,Colorado State,-7.5,0.698
401249032,2020,14,regular,Nevada,Fresno State,-6.5,0.673
401249033,2020,14,regular,San José State,Hawai'i,2.5,0.432
401249034,2020,14,regular,New Mexico,Wyoming,15.5,0.143
401249422,2020,14,regular,Utah,Oregon State,-14.0,0.833
401249423,2020,14,regular,California,Oregon,9.0,0.267
401249424,2020,14,regular,Washington,Stanford,-12.0,0.796
401249425,2020,14,regular,Arizona State,UCLA,-2.5,0.568
401249426,2020,14,regular,Arizona,Colorado,9.5,0.256
401249427,2020,14,regular,USC,Washington State,-11.0,0.776
401249878,2020,14,regular,Central Michigan,Ball State,2.5,0.432
401249879,2020,14,regular,Western Michigan,Eastern Michigan,-13.5,0.824
401249880,2020,14,regular,Northern Illinois,Toledo,9.5,0.256
401249881,2020,14,regular,Akron,Bowling Green,-2.5,0.568
401252117,2020,14,regular,App State,Louisiana,-3.0,0.582
401257812,2020,14,regular,Marshall,Rice,-24.5,0.954
401261675,2020,14,regular,Georgia Southern,Florida Atlantic,2.5,0.432
401262493,2020,14,regular,Arkansas State,UL Monroe,-20.0,0.916
401262494,2020,14,regular,South Alabama,Troy,4.0,0.391
401264082,2020,14,regular,Tulane,Memphis,-3.0,0.582
401264083,2020,14,regular,Navy,Tulsa,12.0,0.204
401265703,2020,14,regular,North Texas,Louisiana Tech,1.0,0.473
401265817,2020,14,regular,LSU,Alabama,28.5,0.025
401265818,2020,14,regular,Missouri,Arkansas,-2.5,0.568
401266134,2020,14,regular,Duke,Miami,14.5,0.159
401266789,2020,14,regular,Charlotte,Western Kentucky,-2.5,0.568
401207203,2020,15,regular,Army,Navy,-7.5,0.698
401215309,2020,15,regular,Georgia Southern,App State,9.5,0.256
401234572,2020,15,regular,Virginia Tech,Virginia,-3.0,0.582
401234661,2020,15,regular,Miami,North Carolina,-3.0,0.582
401247342,2020,15,regular,Maryland,Rutgers,-3.0,0.582
401247344,2020,15,regular,Northwestern,Illinois,-13.5,0.824
401247345,2020,15,regular,Nebraska,Minnesota,-9.5,0.744
401247346,2020,15,regular,Penn State,Michigan State,-14.5,0.841
401247347,2020,15,regular,Iowa,Wisconsin,2.0,0.445
401249035,2020,15,regular,Wyoming,Boise State,9.5,0.256
401249036,2020,15,regular,New Mexico,Fresno State,14.5,0.159
401249037,2020,15,regular,San José State,Nevada,2.5,0.432
401249038,2020,15,regular,Hawai'i,UNLV,-18.5,0.899
401249428,2020,15,regular,Colorado,Utah,2.5,0.432
401249429,2020,15,regular,Arizona,Arizona State,9.0,0.267
401249431,2020,15,regular,UCLA,USC,3.5,0.405
401249432,2020,15,regular,Oregon State,Stanford,2.5,0.432
401249435,2020,15,regular,BYU,San Diego State,-16.5,0.872
401249883,2020,15,regular,Toledo,Central Michigan,-11.0,0.776
401249884,2020,15,regular,Eastern Michigan,Northern Illinois,-6.5,0.673
401249885,2020,15,regular,Ball State,Western Michigan,2.0,0.445
401249886,2020,15,regular,Buffalo,Akron,-33.0,0.989
401250713,2020,15,regular,Baylor,Oklahoma State,6.0,0.34
401251100,2020,15,regular,Florida,LSU,-23.0,0.944
401257813,2020,15,regular,Southern Miss,Florida Atlantic,9.5,0.256
401257815,2020,15,regular,Rice,UAB,7.0,0.315
401257816,2020,15,regular,UTEP,North Texas,-10.0,0.755
401259671,2020,15,regular,Troy,Coastal Carolina,12.5,0.194
401260157,2020,15,regular,Mississippi State,Auburn,5.5,0.352
401261245,2020,15,regular,Georgia Tech,Pittsburgh,7.5,0.302
401264084,2020,15,regular,Memphis,Houston,6.5,0.327
401266694,2020,15,regular,Florida State,Duke,-3.0,0.582
401266696,2020,15,regular,Louisville,Wake Forest,-2.5,0.568
401266711,2020,15,regular,TCU,Louisiana Tech,-21.5,0.931
401267161,2020,15,regular,Missouri,Georgia,14.0,0.167
401267163,2020,15,regular,Vanderbilt,Tennessee,14.5,0.159
401267164,2020,15,regular,Arkansas,Alabama,30.0,0.019
401237074,2020,16,regular,Florida,Alabama,16.0,0.135
401240101,2020,16,regular,Marshall,UAB,-4.5,0.622
401247349,2020,16,regular,Ohio State,Northwestern,-16.5,0.872
401249043,2020,16,regular,San José State,Boise State,6.5,0.327
401249434,2020,16,regular,USC,Oregon,-3.0,0.582
401249854,2020,16,regular,Buffalo,Ball State,-12.5,0.806
401256001,2020,16,regular,Notre Dame,Clemson,11.0,0.224
401260158,2020,16,regular,Tennessee,Texas A&M,13.5,0.176
401262060,2020,16,regular,Iowa State,Oklahoma,5.5,0.352
401264085,2020,16,regular,Cincinnati,Tulsa,-13.5,0.824
401265699,2020,16,regular,Army,Air Force,2.5,0.432
401267165,2020,16,regular,LSU,Ole Miss,1.0,0.473
401267166,2020,16,regular,Mississippi State,Missouri,1.5,0.459
401269375,2020,16,regular,Utah,Washington State,-11.5,0.786
401269376,2020,16,regular,UCLA,Stanford,-6.5,0.673
401269378,2020,16,regular,Oregon State,Arizona State,7.5,0.302
401269381,2020,16,regular,Penn State,Illinois,-16.0,0.865
401269382,2020,16,regular,Rutgers,Nebraska,6.5,0.327
401269384,2020,16,regular,Wisconsin,Minnesota,-10.5,0.766
401281942,2021,1,regular,Miami,Alabama,19.5,0.089
401281943,2021,1,regular,Arkansas,Rice,-19.5,0.911
401281944,2021,1,regular,Auburn,Akron,-37.0,0.995
401281945,2021,1,regular,Florida,Florida Atlantic,-23.5,0.947
401281946,2021,1,regular,Clemson,Georgia,-2.5,0.568
401281947,2021,1,regular,Kentucky,UL Monroe,-31.0,0.984
401281948,2021,1,regular,UCLA,LSU,2.0,0.445
401281949,2021,1,regular,Mississippi State,Louisiana Tech,-20.5,0.921
401281950,2021,1,regular,Missouri,Central Michigan,-14.0,0.833
401281952,2021,1,regular,Tennessee,Bowling Green,-37.0,0.995
401282049,2021,1,regular,New Mexico State,UTEP,9.5,0.256
401282052,2021,1,regular,Charlotte,Duke,6.5,0.327
401282053,2021,1,regular,Texas A&M,Kent State,-29.5,0.979
401282055,2021,1,regular,Ole Miss,Louisville,-9.0,0.733
401282174,2021,1,regular,Navy,Marshall,3.0,0.418
401282177,2021,1,regular,South Alabama,Southern Miss,-2.0,0.555
401282179,2021,1,regular,Illinois,UTSA,-4.5,0.622
401282607,2021,1,regular,NC State,South Florida,-19.0,0.905
401282608,2021,1,regular,Wake Forest,Old Dominion,-32.5,0.987
401282610,2021,1,regular,Georgia Tech,Northern Illinois,-19.0,0.905
401282611,2021,1,regular,Ohio,Syracuse,-2.0,0.555
401282612,2021,1,regular,Pittsburgh,Massachusetts,-37.5,0.995
401282614,2021,1,regular,Florida State,Notre Dame,7.5,0.302
401282714,2021,1,regular,Illinois,Nebraska,6.5,0.327
401282723,2021,1,regular,Iowa,Indiana,-3.5,0.595
401282764,2021,1,regular,Maryland,West Virginia,2.5,0.432
401282772,2021,1,regular,Michigan,Western Michigan,-16.5,0.872
401282782,2021,1,regular,Northwestern,Michigan State,-3.0,0.582
401282789,2021,1,regular,Minnesota,Ohio State,14.0,0.167
401282815,2021,1,regular,Wisconsin,Penn State,-5.5,0.648
401282819,2021,1,regular,Purdue,Oregon State,-7.0,0.685
401282822,2021,1,regular,Rutgers,Temple,-14.0,0.833
401286187,2021,1,regular,Fresno State,UConn,-27.5,0.971
401287886,2021,1,regular,Houston,Texas Tech,-2.5,0.568
401287889,2021,1,regular,Kansas State,Stanford,-3.0,0.582
401287892,2021,1,regular,Texas,Louisiana,-8.5,0.721
401287893,2021,1,regular,Texas State,Baylor,13.5,0.176
401287894,2021,1,regular,Oklahoma,Tulane,-31.0,0.984
401300993,2021,1,regular,App State,East Carolina,-9.0,0.733
401300995,2021,1,regular,UCF,Boise State,-6.5,0.673
401300996,2021,1,regular,Cincinnati,Miami (OH),-22.5,0.94
401309601,2021,1,regular,Georgia State,Army,-2.5,0.568
401309833,2021,1,regular,UCLA,Hawai'i,-17.5,0.886
401309837,2021,1,regular,California,Nevada,-3.0,0.582
401309838,2021,1,regular,Oregon,Fresno State,-19.5,0.911
401309840,2021,1,regular,Washington State,Utah State,-17.0,0.879
401309841,2021,1,regular,Arizona,BYU,13.5,0.176
401309842,2021,1,regular,USC,San José State,-14.0,0.833
401309937,2021,1,regular,Virginia Tech,North Carolina,5.5,0.352
401310699,2021,1,regular,San Diego State,New Mexico State,-31.0,0.984
401282057,2021,2,regular,Arkansas,Texas,6.0,0.34
401282059,2021,2,regular,South Florida,Florida,28.5,0.025
401282060,2021,2,regular,Georgia,UAB,-22.5,0.94
401282061,2021,2,regular,Kentucky,Missouri,-5.5,0.648
401282064,2021,2,regular,Mississippi State,NC State,1.5,0.459
401282065,2021,2,regular,East Carolina,South Carolina,2.5,0.432
401282066,2021,2,regular,Tennessee,Pittsburgh,3.5,0.405
401282067,2021,2,regular,Colorado,Texas A&M,17.0,0.121
401282068,2021,2,regular,Colorado State,Vanderbilt,-6.5,0.673
401282182,2021,2,regular,Florida International,Texas State,-2.0,0.555
401282183,2021,2,regular,Florida Atlantic,Georgia Southern,-7.0,0.685
401282186,2021,2,regular,Virginia Tech,Middle Tennessee,-20.0,0.916
401282187,2021,2,regular,SMU,North Texas,-22.5,0.94
401282189,2021,2,regular,Rice,Houston,7.5,0.302
401282191,2021,2,regular,Boise State,UTEP,-25.0,0.958
401282193,2021,2,regular,Army,Western Kentucky,-6.0,0.66
401282620,2021,2,regular,Miami,App State,-7.5,0.698
401282621,2021,2,regular,North Carolina,Georgia State,-26.0,0.964
401282622,2021,2,regular,Syracuse,Rutgers,2.5,0.432
401282623,2021,2,regular,Massachusetts,Boston College,39.0,0.004
401282624,2021,2,regular,Virginia,Illinois,-10.5,0.766
401282705,2021,2,regular,Notre Dame,Toledo,-16.5,0.872
401282754,2021,2,regular,Iowa State,Iowa,-4.0,0.609
401282773,2021,2,regular,Michigan,Washington,-6.5,0.673
401282790,2021,2,regular,Minnesota,Miami (OH),-19.0,0.905
401282797,2021,2,regular,Nebraska,Buffalo,-13.5,0.824
401282809,2021,2,regular,Ohio State,Oregon,-15.0,0.85
401282816,2021,2,regular,Penn State,Ball State,-22.5,0.94
401282820,2021,2,regular,UConn,Purdue,35.0,0.008
401282825,2021,2,regular,Wisconsin,Eastern Michigan,-26.0,0.964
401286295,2021,2,regular,Troy,Liberty,3.0,0.418
401287896,2021,2,regular,Coastal Carolina,Kansas,-27.0,0.969
401287899,2021,2,regular,Oklahoma State,Tulsa,-12.0,0.796
401287900,2021,2,regular,TCU,California,-11.5,0.786
401300999,2021,2,regular,Akron,Temple,6.5,0.327
401301003,2021,2,regular,Arkansas State,Memphis,5.5,0.352
401301004,2021,2,regular,Navy,Air Force,6.0,0.34
401309546,2021,2,regular,Bowling Green,South Alabama,14.5,0.159
401309547,2021,2,regular,Northern Illinois,Wyoming,7.0,0.315
401309843,2021,2,regular,USC,Stanford,-17.5,0.886
401309844,2021,2,regular,Oregon State,Hawai'i,-11.0,0.776
401309846,2021,2,regular,Arizona,San Diego State,-1.5,0.541
401309847,2021,2,regular,Arizona State,UNLV,-34.5,0.991
401309848,2021,2,regular,BYU,Utah,7.0,0.315
401310700,2021,2,regular,New Mexico,New Mexico State,-19.5,0.911
401282069,2021,3,regular,Arkansas,Georgia Southern,-23.0,0.944
401282070,2021,3,regular,Penn State,Auburn,-4.0,0.609
401282071,2021,3,regular,Florida,Alabama,14.0,0.167
401282072,2021,3,regular,Georgia,South Carolina,-31.5,0.985
401282074,2021,3,regular,LSU,Central Michigan,-19.5,0.911
401282075,2021,3,regular,Ole Miss,Tulane,-14.0,0.833
401282076,2021,3,regular,Memphis,Mississippi State,3.5,0.405
401282079,2021,3,regular,Texas A&M,New Mexico,-30.0,0.981
401282080,2021,3,regular,Vanderbilt,Stanford,12.5,0.194
401282194,2021,3,regular,UTSA,Middle Tennessee,-11.5,0.786
401282195,2021,3,regular,North Texas,UAB,12.5,0.194
401282196,2021,3,regular,Georgia State,Charlotte,-4.5,0.622
401282197,2021,3,regular,Texas Tech,Florida International,-20.5,0.921
401282199,2021,3,regular,Louisiana Tech,SMU,11.0,0.224
401282200,2021,3,regular,Marshall,East Carolina,-10.0,0.755
401282201,2021,3,regular,Liberty,Old Dominion,-27.5,0.971
401282202,2021,3,regular,Texas,Rice,-26.0,0.964
401282203,2021,3,regular,Southern Miss,Troy,11.0,0.224
401282626,2021,3,regular,Louisville,UCF,7.0,0.315
401282627,2021,3,regular,Clemson,Georgia Tech,-27.5,0.971
401282628,2021,3,regular,Duke,Northwestern,2.5,0.432
401282629,2021,3,regular,Miami,Michigan State,-7.0,0.685
401282631,2021,3,regular,North Carolina,Virginia,-7.5,0.698
401282632,2021,3,regular,Pittsburgh,Western Michigan,-14.5,0.841
401282634,2021,3,regular,Temple,Boston College,15.0,0.15
401282635,2021,3,regular,Wake Forest,Florida State,-4.5,0.622
401282636,2021,3,regular,West Virginia,Virginia Tech,-2.0,0.555
401282706,2021,3,regular,Notre Dame,Purdue,-7.5,0.698
401282715,2021,3,regular,Illinois,Maryland,7.0,0.315
401282725,2021,3,regular,Indiana,Cincinnati,4.0,0.391
401282755,2021,3,regular,Iowa,Kent State,-22.5,0.94
401282774,2021,3,regular,Michigan,Northern Illinois,-27.5,0.971
401282791,2021,3,regular,Colorado,Minnesota,-2.5,0.568
401282798,2021,3,regular,Oklahoma,Nebraska,-22.5,0.94
401282810,2021,3,regular,Ohio State,Tulsa,-24.5,0.954
401286189,2021,3,regular,Army,UConn,-34.5,0.991
401286300,2021,3,regular,Massachusetts,Eastern Michigan,22.0,0.065
401287903,2021,3,regular,Boise State,Oklahoma State,-3.5,0.595
401287904,2021,3,regular,Kansas,Baylor,17.0,0.121
401287905,2021,3,regular,Kansas State,Nevada,1.5,0.459
401287906,2021,3,regular,UNLV,Iowa State,32.0,0.014
401309549,2021,3,regular,Wyoming,Ball State,-6.5,0.673
401309552,2021,3,regular,Buffalo,Coastal Carolina,14.0,0.167
401309553,2021,3,regular,Toledo,Colorado State,-14.5,0.841
401309605,2021,3,regular,Washington,Arkansas State,-17.5,0.886
401309606,2021,3,regular,Louisiana,Ohio,-19.0,0.905
401309852,2021,3,regular,Washington State,USC,7.0,0.315
401309854,2021,3,regular,BYU,Arizona State,3.0,0.418
401309855,2021,3,regular,UCLA,Fresno State,-11.0,0.776
401309856,2021,3,regular,San Diego State,Utah,8.0,0.291
401310704,2021,3,regular,Air Force,Utah State,-9.0,0.733
401310705,2021,3,regular,Hawai'i,San José State,8.0,0.291
401282081,2021,4,regular,Alabama,Southern Miss,-45.0,0.999
401282082,2021,4,regular,Arkansas,Texas A&M,4.5,0.378
401282083,2021,4,regular,Auburn,Georgia State,-27.5,0.971
401282084,2021,4,regular,Florida,Tennessee,-19.0,0.905
401282085,2021,4,regular,Mississippi State,LSU,1.5,0.459
401282086,2021,4,regular,Boston College,Missouri,-1.0,0.527
401282087,2021,4,regular,South Carolina,Kentucky,4.5,0.378
401282088,2021,4,regular,Vanderbilt,Georgia,36.0,0.007
401282204,2021,4,regular,Charlotte,Middle Tennessee,-2.5,0.568
401282205,2021,4,regular,Louisiana Tech,North Texas,-10.5,0.766
401282206,2021,4,regular,Central Michigan,Florida International,-12.0,0.796
401282207,2021,4,regular,Air Force,Florida Atlantic,-3.5,0.595
401282208,2021,4,regular,App State,Marshall,-7.0,0.685
401282209,2021,4,regular,Old Dominion,Buffalo,13.0,0.185
401282211,2021,4,regular,Tulane,UAB,-2.5,0.568
401282212,2021,4,regular,UTEP,New Mexico,2.5,0.432
401282213,2021,4,regular,Memphis,UTSA,-3.0,0.582
401282214,2021,4,regular,Western Kentucky,Indiana,9.5,0.256
401282637,2021,4,regular,Syracuse,Liberty,6.5,0.327
401282638,2021,4,regular,Virginia,Wake Forest,-3.5,0.595
401282639,2021,4,regular,Duke,Kansas,-16.5,0.872
401282640,2021,4,regular,Florida State,Louisville,-1.5,0.541
401282641,2021,4,regular,Georgia Tech,North Carolina,14.5,0.159
401282643,2021,4,regular,NC State,Clemson,10.5,0.234
401282707,2021,4,regular,Wisconsin,Notre Dame,-6.0,0.66
401282716,2021,4,regular,Purdue,Illinois,-10.5,0.766
401282756,2021,4,regular,Iowa,Colorado State,-23.5,0.947
401282765,2021,4,regular,Maryland,Kent State,-13.0,0.815
401282775,2021,4,regular,Michigan,Rutgers,-20.5,0.921
401282784,2021,4,regular,Michigan State,Nebraska,-3.5,0.595
401282792,2021,4,regular,Minnesota,Bowling Green,-30.5,0.982
401282805,2021,4,regular,Northwestern,Ohio,-13.5,0.824
401282811,2021,4,regular,Ohio State,Akron,-48.5,1.0
401286190,2021,4,regular,UConn,Wyoming,31.5,0.015
401286301,2021,4,regular,Coastal Carolina,Massachusetts,-36.0,0.993
401287907,2021,4,regular,Baylor,Iowa State,7.0,0.315
401287908,2021,4,regular,Oklahoma,West Virginia,-17.5,0.886
401287909,2021,4,regular,Oklahoma State,Kansas State,-6.0,0.66
401287910,2021,4,regular,TCU,SMU,-9.5,0.744
401287911,2021,4,regular,Texas,Texas Tech,-9.0,0.733
401301008,2021,4,regular,Houston,Navy,-20.0,0.916
401301009,2021,4,regular,BYU,South Florida,-23.5,0.947
401301011,2021,4,regular,Tulsa,Arkansas State,-14.5,0.841
401308834,2021,4,regular,Army,Miami (OH),-7.5,0.698
401309554,2021,4,regular,Western Michigan,San José State,-2.5,0.568
401309555,2021,4,regular,Ball State,Toledo,4.5,0.378
401309557,2021,4,regular,Eastern Michigan,Texas State,-7.5,0.698
401309610,2021,4,regular,Georgia Southern,Louisiana,14.5,0.159
401309611,2021,4,regular,UL Monroe,Troy,23.5,0.053
401309857,2021,4,regular,Washington,California,-7.5,0.698
401309858,2021,4,regular,Stanford,UCLA,4.0,0.391
401309859,2021,4,regular,Oregon,Arizona,-29.5,0.979
401309860,2021,4,regular,USC,Oregon State,-11.0,0.776
401309861,2021,4,regular,Utah,Washington State,-15.0,0.85
401309862,2021,4,regular,Arizona State,Colorado,-14.0,0.833
401310706,2021,4,regular,Utah State,Boise State,9.5,0.256
401310707,2021,4,regular,Fresno State,UNLV,-30.0,0.981
401310708,2021,4,regular,New Mexico State,Hawai'i,17.0,0.121
401282089,2021,5,regular,Alabama,Ole Miss,-15.0,0.85
401282090,2021,5,regular,Georgia,Arkansas,-16.5,0.872
401282091,2021,5,regular,Kentucky,Florida,7.5,0.302
401282092,2021,5,regular,LSU,Auburn,-3.0,0.582
401282093,2021,5,regular,Missouri,Tennessee,-2.5,0.568
401282094,2021,5,regular,South Carolina,Troy,-6.5,0.673
401282095,2021,5,regular,Texas A&M,Mississippi State,-7.0,0.685
401282096,2021,5,regular,Vanderbilt,UConn,-14.5,0.841
401282215,2021,5,regular,Florida Atlantic,Florida International,-10.5,0.766
401282216,2021,5,regular,Middle Tennessee,Marshall,10.5,0.234
401282217,2021,5,regular,UTEP,Old Dominion,-5.5,0.648
401282218,2021,5,regular,Rice,Southern Miss,-1.5,0.541
401282219,2021,5,regular,Illinois,Charlotte,-10.5,0.766
401282220,2021,5,regular,NC State,Louisiana Tech,-17.5,0.886
401282221,2021,5,regular,UAB,Liberty,-3.0,0.582
401282222,2021,5,regular,UTSA,UNLV,-21.5,0.931
401282223,2021,5,regular,Michigan State,Western Kentucky,-10.5,0.766
401282646,2021,5,regular,Miami,Virginia,-3.5,0.595
401282647,2021,5,regular,Clemson,Boston College,-14.5,0.841
401282648,2021,5,regular,Florida State,Syracuse,-5.5,0.648
401282649,2021,5,regular,Georgia Tech,Pittsburgh,3.0,0.418
401282650,2021,5,regular,North Carolina,Duke,-19.5,0.911
401282651,2021,5,regular,Wake Forest,Louisville,-7.0,0.685
401282708,2021,5,regular,Notre Dame,Cincinnati,2.0,0.445
401282729,2021,5,regular,Penn State,Indiana,-12.5,0.806
401282759,2021,5,regular,Maryland,Iowa,3.0,0.418
401282776,2021,5,regular,Wisconsin,Michigan,-2.5,0.568
401282793,2021,5,regular,Purdue,Minnesota,-2.5,0.568
401282800,2021,5,regular,Nebraska,Northwestern,-11.5,0.786
401282813,2021,5,regular,Rutgers,Ohio State,15.0,0.15
401286302,2021,5,regular,Massachusetts,Toledo,27.0,0.031
401287912,2021,5,regular,Iowa State,Kansas,-34.5,0.991
401287913,2021,5,regular,Kansas State,Oklahoma,12.5,0.194
401287914,2021,5,regular,Oklahoma State,Baylor,-4.0,0.609
401287915,2021,5,regular,TCU,Texas,4.0,0.391
401287916,2021,5,regular,West Virginia,Texas Tech,-7.5,0.698
401301012,2021,5,regular,Tulsa,Houston,-3.5,0.595
401301013,2021,5,regular,Navy,UCF,15.0,0.15
401301014,2021,5,regular,East Carolina,Tulane,3.0,0.418
401301015,2021,5,regular,Temple,Memphis,11.0,0.224
401301016,2021,5,regular,SMU,South Florida,-21.0,0.926
401308835,2021,5,regular,Miami (OH),Central Michigan,1.5,0.459
401309558,2021,5,regular,Northern Illinois,Eastern Michigan,-1.5,0.541
401309559,2021,5,regular,Ball State,Army,10.0,0.245
401309560,2021,5,regular,Akron,Ohio,9.5,0.256
401309561,2021,5,regular,Buffalo,Western Michigan,7.0,0.315
401309562,2021,5,regular,Kent State,Bowling Green,-16.5,0.872
401309612,2021,5,regular,Georgia State,App State,10.0,0.245
401309613,2021,5,regular,Georgia Southern,Arkansas State,-2.0,0.555
401309614,2021,5,regular,Coastal Carolina,UL Monroe,-33.5,0.99
401309615,2021,5,regular,South Alabama,Louisiana,12.0,0.204
401309863,2021,5,regular,California,Washington State,-7.5,0.698
401309864,2021,5,regular,Stanford,Oregon,8.5,0.279
401309865,2021,5,regular,Oregon State,Washington,-2.5,0.568
401309866,2021,5,regular,UCLA,Arizona State,-3.0,0.582
401309867,2021,5,regular,Colorado,USC,9.0,0.267
401309912,2021,5,regular,Utah State,BYU,8.0,0.291
401310710,2021,5,regular,New Mexico,Air Force,11.5,0.214
401310711,2021,5,regular,Boise State,Nevada,-3.5,0.595
401310712,2021,5,regular,Hawai'i,Fresno State,10.5,0.234
401310713,2021,5,regular,San José State,New Mexico State,-25.5,0.961
401282097,2021,6,regular,Auburn,Georgia,14.5,0.159
401282098,2021,6,regular,Florida,Vanderbilt,-39.0,0.996
401282099,2021,6,regular,Kentucky,LSU,-2.0,0.555
401282100,2021,6,regular,Ole Miss,Arkansas,-5.0,0.635
401282101,2021,6,regular,Missouri,North Texas,-18.5,0.899
401282102,2021,6,regular,Tennessee,South Carolina,-10.5,0.766
401282103,2021,6,regular,Texas A&M,Alabama,18.5,0.101
401282224,2021,6,regular,Florida International,Charlotte,3.5,0.405
401282225,2021,6,regular,UAB,Florida Atlantic,-3.5,0.595
401282226,2021,6,regular,Marshall,Old Dominion,-21.0,0.926
401282227,2021,6,regular,Southern Miss,UTEP,1.5,0.459
401282228,2021,6,regular,Western Kentucky,UTSA,-3.5,0.595
401282229,2021,6,regular,Liberty,Middle Tennessee,-20.0,0.916
401282652,2021,6,regular,Duke,Georgia Tech,4.5,0.378
401282653,2021,6,regular,Louisville,Virginia,-2.5,0.568
401282654,2021,6,regular,North Carolina,Florida State,-17.5,0.886
401282655,2021,6,regular,Syracuse,Wake Forest,6.0,0.34
401282656,2021,6,regular,Virginia Tech,Notre Dame,-1.0,0.527
401282718,2021,6,regular,Illinois,Wisconsin,12.0,0.204
401282758,2021,6,regular,Iowa,Penn State,-2.5,0.568
401282769,2021,6,regular,Ohio State,Maryland,-21.5,0.931
401282778,2021,6,regular,Nebraska,Michigan,2.5,0.432
401282788,2021,6,regular,Rutgers,Michigan State,4.0,0.391
401286191,2021,6,regular,Massachusetts,UConn,3.0,0.418
401287917,2021,6,regular,Baylor,West Virginia,-1.0,0.527
401287918,2021,6,regular,Texas,Oklahoma,4.0,0.391
401287919,2021,6,regular,Texas Tech,TCU,2.5,0.432
401301017,2021,6,regular,Tulane,Houston,6.5,0.327
401301018,2021,6,regular,Cincinnati,Temple,-30.0,0.981
401301019,2021,6,regular,UCF,East Carolina,-10.0,0.755
401301020,2021,6,regular,Tulsa,Memphis,-3.0,0.582
401301021,2021,6,regular,Navy,SMU,13.5,0.176
401308836,2021,6,regular,Eastern Michigan,Miami (OH),2.5,0.432
401309563,2021,6,regular,Western Michigan,Ball State,-12.5,0.806
401309564,2021,6,regular,Toledo,Northern Illinois,-13.0,0.815
401309565,2021,6,regular,Kent State,Buffalo,-7.0,0.685
401309566,2021,6,regular,Bowling Green,Akron,-14.0,0.833
401309567,2021,6,regular,Ohio,Central Michigan,5.0,0.365
401309616,2021,6,regular,Arkansas State,Coastal Carolina,20.0,0.084
401309617,2021,6,regular,Troy,Georgia Southern,-5.5,0.648
401309618,2021,6,regular,UL Monroe,Georgia State,16.0,0.135
401309619,2021,6,regular,Texas State,South Alabama,4.0,0.391
401309868,2021,6,regular,Arizona State,Stanford,-13.5,0.824
401309869,2021,6,regular,Washington State,Oregon State,4.0,0.391
401309870,2021,6,regular,Arizona,UCLA,16.0,0.135
401309871,2021,6,regular,USC,Utah,-3.0,0.582
401309913,2021,6,regular,BYU,Boise State,-6.0,0.66
401310714,2021,6,regular,Air Force,Wyoming,-5.5,0.648
401310715,2021,6,regular,Colorado State,San José State,-3.5,0.595
401310716,2021,6,regular,San Diego State,New Mexico,-19.5,0.911
401310717,2021,6,regular,Nevada,New Mexico State,-28.5,0.975
401282104,2021,7,regular,Arkansas,Auburn,-4.5,0.622
401282105,2021,7,regular,Georgia,Kentucky,-21.5,0.931
401282106,2021,7,regular,LSU,Florida,12.5,0.194
401282107,2021,7,regular,Mississippi State,Alabama,17.5,0.114
401282108,2021,7,regular,Missouri,Texas A&M,11.5,0.214
401282109,2021,7,regular,South Carolina,Vanderbilt,-18.5,0.899
401282110,2021,7,regular,Tennessee,Ole Miss,1.0,0.473
401282230,2021,7,regular,UTEP,Louisiana Tech,6.5,0.327
401282231,2021,7,regular,North Texas,Marshall,11.0,0.224
401282232,2021,7,regular,Old Dominion,Western Kentucky,13.5,0.176
401282233,2021,7,regular,UTSA,Rice,-17.0,0.879
401282234,2021,7,regular,Southern Miss,UAB,17.0,0.121
401282657,2021,7,regular,Syracuse,Clemson,13.5,0.176
401282658,2021,7,regular,Boston College,NC State,3.0,0.418
401282659,2021,7,regular,North Carolina,Miami,-7.5,0.698
401282660,2021,7,regular,Virginia,Duke,-10.5,0.766
401282661,2021,7,regular,Virginia Tech,Pittsburgh,6.5,0.327
401282731,2021,7,regular,Indiana,Michigan State,3.5,0.405
401282760,2021,7,regular,Iowa,Purdue,-11.5,0.786
401282796,2021,7,regular,Minnesota,Nebraska,4.5,0.378
401282807,2021,7,regular,Northwestern,Rutgers,2.5,0.432
401282826,2021,7,regular,Wisconsin,Army,-14.0,0.833
401286296,2021,7,regular,UL Monroe,Liberty,32.5,0.013
401287920,2021,7,regular,Baylor,BYU,-5.5,0.648
401287921,2021,7,regular,Kansas,Texas Tech,18.5,0.101
401287922,2021,7,regular,Kansas State,Iowa State,6.5,0.327
401287923,2021,7,regular,Oklahoma,TCU,-12.5,0.806
401287924,2021,7,regular,Texas,Oklahoma State,-3.5,0.595
401301022,2021,7,regular,Memphis,Navy,-11.0,0.776
401301023,2021,7,regular,Cincinnati,UCF,-21.5,0.931
401301024,2021,7,regular,South Florida,Tulsa,7.0,0.315
401308837,2021,7,regular,Miami (OH),Akron,-20.0,0.916
401309568,2021,7,regular,Eastern Michigan,Ball State,1.0,0.473
401309569,2021,7,regular,Central Michigan,Toledo,5.0,0.365
401309570,2021,7,regular,Northern Illinois,Bowling Green,-9.0,0.733
401309571,2021,7,regular,Buffalo,Ohio,-7.5,0.698
401309572,2021,7,regular,Western Michigan,Kent State,-7.0,0.685
401309620,2021,7,regular,Louisiana,App State,4.0,0.391
401309621,2021,7,regular,South Alabama,Georgia Southern,-2.5,0.568
401309622,2021,7,regular,Texas State,Troy,7.5,0.302
401309872,2021,7,regular,Oregon,California,-13.5,0.824
401309873,2021,7,regular,Washington State,Stanford,-1.0,0.527
401309874,2021,7,regular,Washington,UCLA,-1.5,0.541
401309875,2021,7,regular,Colorado,Arizona,-6.0,0.66
401309876,2021,7,regular,Utah,Arizona State,-1.5,0.541
401310718,2021,7,regular,Boise State,Air Force,-3.0,0.582
401310719,2021,7,regular,New Mexico,Colorado State,13.0,0.185
401310720,2021,7,regular,UNLV,Utah State,7.0,0.315
401310721,2021,7,regular,Wyoming,Fresno State,3.0,0.418
401310722,2021,7,regular,Nevada,Hawai'i,-14.0,0.833
401310723,2021,7,regular,San José State,San Diego State,9.5,0.256
401282111,2021,8,regular,Alabama,Tennessee,-25.5,0.961
401282113,2021,8,regular,Ole Miss,LSU,-9.0,0.733
401282114,2021,8,regular,Texas A&M,South Carolina,-19.5,0.911
401282115,2021,8,regular,Vanderbilt,Mississippi State,20.5,0.079
401282235,2021,8,regular,Charlotte,Florida Atlantic,6.5,0.327
401282236,2021,8,regular,Florida International,Western Kentucky,16.5,0.128
401282237,2021,8,regular,Louisiana Tech,UTSA,5.5,0.352
401282238,2021,8,regular,UAB,Rice,-23.5,0.947
401282239,2021,8,regular,UConn,Middle Tennessee,14.0,0.167
401282240,2021,8,regular,North Texas,Liberty,21.0,0.074
401282662,2021,8,regular,Army,Wake Forest,3.0,0.418
401282663,2021,8,regular,Florida State,Massachusetts,-35.5,0.993
401282664,2021,8,regular,Louisville,Boston College,-4.0,0.609
401282665,2021,8,regular,Miami,NC State,3.5,0.405
401282666,2021,8,regular,Pittsburgh,Clemson,-3.5,0.595
401282667,2021,8,regular,Virginia,Georgia Tech,-6.5,0.673
401282668,2021,8,regular,Virginia Tech,Syracuse,-3.5,0.595
401282709,2021,8,regular,Notre Dame,USC,-7.5,0.698
401282717,2021,8,regular,Penn State,Illinois,-24.5,0.954
401282730,2021,8,regular,Indiana,Ohio State,21.0,0.074
401282767,2021,8,regular,Minnesota,Maryland,-4.0,0.609
401282779,2021,8,regular,Michigan,Northwestern,-23.5,0.947
401282821,2021,8,regular,Purdue,Wisconsin,3.5,0.405
401287925,2021,8,regular,Iowa State,Oklahoma State,-7.0,0.685
401287926,2021,8,regular,Kansas,Oklahoma,38.5,0.004
401287927,2021,8,regular,TCU,West Virginia,-4.5,0.622
401287928,2021,8,regular,Texas Tech,Kansas State,1.0,0.473
401301025,2021,8,regular,SMU,Tulane,-14.0,0.833
401301026,2021,8,regular,UCF,Memphis,-1.0,0.527
401301027,2021,8,regular,Navy,Cincinnati,28.5,0.025
401301028,2021,8,regular,Houston,East Carolina,-13.5,0.824
401301029,2021,8,regular,South Florida,Temple,-1.5,0.541
401308838,2021,8,regular,Ball State,Miami (OH),-3.5,0.595
401309573,2021,8,regular,Toledo,Western Michigan,1.5,0.459
401309574,2021,8,regular,Bowling Green,Eastern Michigan,4.0,0.391
401309575,2021,8,regular,Akron,Buffalo,13.5,0.176
401309576,2021,8,regular,Ohio,Kent State,5.5,0.352
401309577,2021,8,regular,Central Michigan,Northern Illinois,-6.0,0.66
401309623,2021,8,regular,App State,Coastal Carolina,4.5,0.378
401309624,2021,8,regular,Arkansas State,Louisiana,18.0,0.107
401309625,2021,8,regular,Georgia State,Texas State,-10.5,0.766
401309626,2021,8,regular,UL Monroe,South Alabama,13.5,0.176
401309877,2021,8,regular,Arizona,Washington,17.0,0.121
401309878,2021,8,regular,California,Colorado,-8.5,0.721
401309879,2021,8,regular,UCLA,Oregon,-1.0,0.527
401309880,2021,8,regular,Oregon State,Utah,3.0,0.418
401309881,2021,8,regular,Washington State,BYU,3.5,0.405
401310724,2021,8,regular,Air Force,San Diego State,-3.0,0.582
401310725,2021,8,regular,Utah State,Colorado State,3.0,0.418
401310726,2021,8,regular,Wyoming,New Mexico,-20.0,0.916
401310727,2021,8,regular,Fresno State,Nevada,-3.5,0.595
401310728,2021,8,regular,Hawai'i,New Mexico State,-19.0,0.905
401310729,2021,8,regular,UNLV,San José State,6.0,0.34
401282116,2021,9,regular,Auburn,Ole Miss,-3.0,0.582
401282117,2021,9,regular,Florida,Georgia,14.0,0.167
401282118,2021,9,regular,Mississippi State,Kentucky,-1.0,0.527
401282119,2021,9,regular,Vanderbilt,Missouri,16.0,0.135
401282241,2021,9,regular,Western Kentucky,Charlotte,-19.5,0.911
401282242,2021,9,regular,Marshall,Florida International,-21.5,0.931
401282243,2021,9,regular,Florida Atlantic,UTEP,-10.5,0.766
401282244,2021,9,regular,Old Dominion,Louisiana Tech,4.0,0.391
401282245,2021,9,regular,Middle Tennessee,Southern Miss,-12.5,0.806
401282246,2021,9,regular,Rice,North Texas,-1.5,0.541
401282669,2021,9,regular,BYU,Virginia,-2.5,0.568
401282670,2021,9,regular,Clemson,Florida State,-9.5,0.744
401282671,2021,9,regular,Georgia Tech,Virginia Tech,-3.5,0.595
401282672,2021,9,regular,NC State,Louisville,-6.0,0.66
401282673,2021,9,regular,Notre Dame,North Carolina,-3.5,0.595
401282674,2021,9,regular,Pittsburgh,Miami,-9.5,0.744
401282675,2021,9,regular,Syracuse,Boston College,-6.5,0.673
401282676,2021,9,regular,Wake Forest,Duke,-16.5,0.872
401282719,2021,9,regular,Illinois,Rutgers,1.5,0.459
401282726,2021,9,regular,Maryland,Indiana,-3.5,0.595
401282763,2021,9,regular,Wisconsin,Iowa,-3.0,0.582
401282777,2021,9,regular,Michigan State,Michigan,4.0,0.391
401282795,2021,9,regular,Northwestern,Minnesota,7.5,0.302
401282801,2021,9,regular,Nebraska,Purdue,-7.5,0.698
401282814,2021,9,regular,Ohio State,Penn State,-18.5,0.899
401286297,2021,9,regular,Liberty,Massachusetts,-35.5,0.993
401287929,2021,9,regular,Baylor,Texas,-2.5,0.568
401287930,2021,9,regular,Kansas State,TCU,-3.5,0.595
401287931,2021,9,regular,Oklahoma,Texas Tech,-19.0,0.905
401287932,2021,9,regular,Oklahoma State,Kansas,-29.0,0.977
401287933,2021,9,regular,West Virginia,Iowa State,7.5,0.302
401301030,2021,9,regular,Tulsa,Navy,-11.0,0.776
401301031,2021,9,regular,Temple,UCF,11.5,0.214
401301032,2021,9,regular,Tulane,Cincinnati,28.0,0.027
401301033,2021,9,regular,East Carolina,South Florida,-9.5,0.744
401301034,2021,9,regular,Houston,SMU,1.0,0.473
401309578,2021,9,regular,Buffalo,Bowling Green,-13.5,0.824
401309627,2021,9,regular,Coastal Carolina,Troy,-17.0,0.879
401309628,2021,9,regular,App State,UL Monroe,-27.0,0.969
401309629,2021,9,regular,South Alabama,Arkansas State,-9.0,0.733
401309630,2021,9,regular,Georgia Southern,Georgia State,6.0,0.34
401309631,2021,9,regular,Louisiana,Texas State,-21.0,0.926
401309882,2021,9,regular,California,Oregon State,2.0,0.445
401309883,2021,9,regular,Stanford,Washington,-2.5,0.568
401309884,2021,9,regular,Oregon,Colorado,-24.5,0.954
401309885,2021,9,regular,Arizona State,Washington State,-16.5,0.872
401309886,2021,9,regular,USC,Arizona,-21.5,0.931
401309887,2021,9,regular,Utah,UCLA,-6.5,0.673
401310730,2021,9,regular,Colorado State,Boise State,2.0,0.445
401310731,2021,9,regular,Utah State,Hawai'i,-4.5,0.622
401310732,2021,9,regular,San José State,Wyoming,-3.0,0.582
401310733,2021,9,regular,San Diego State,Fresno State,2.5,0.432
401310734,2021,9,regular,Nevada,UNLV,-19.0,0.905
401282120,2021,10,regular,Alabama,LSU,-29.0,0.977
401282121,2021,10,regular,Arkansas,Mississippi State,-4.0,0.609
401282122,2021,10,regular,Georgia,Missouri,-40.0,0.997
401282123,2021,10,regular,Kentucky,Tennessee,1.0,0.473
401282124,2021,10,regular,Ole Miss,Liberty,-7.5,0.698
401282125,2021,10,regular,South Carolina,Florida,20.5,0.079
401282126,2021,10,regular,Texas A&M,Auburn,-4.5,0.622
401282247,2021,10,regular,Charlotte,Rice,-6.5,0.673
401282248,2021,10,regular,Florida International,Old Dominion,3.0,0.418
401282249,2021,10,regular,Florida Atlantic,Marshall,1.5,0.459
401282250,2021,10,regular,UAB,Louisiana Tech,-13.5,0.824
401282251,2021,10,regular,Western Kentucky,Middle Tennessee,-17.5,0.886
401282252,2021,10,regular,Southern Miss,North Texas,5.5,0.352
401282253,2021,10,regular,UTEP,UTSA,11.5,0.214
401282677,2021,10,regular,Boston College,Virginia Tech,1.0,0.473
401282678,2021,10,regular,Duke,Pittsburgh,21.0,0.074
401282679,2021,10,regular,Florida State,NC State,3.0,0.418
401282680,2021,10,regular,Louisville,Clemson,3.5,0.405
401282681,2021,10,regular,Miami,Georgia Tech,-10.0,0.755
401282682,2021,10,regular,North Carolina,Wake Forest,-2.5,0.568
401282710,2021,10,regular,Notre Dame,Navy,-21.0,0.926
401282720,2021,10,regular,Minnesota,Illinois,-14.5,0.841
401282727,2021,10,regular,Michigan,Indiana,-20.5,0.921
401282757,2021,10,regular,Northwestern,Iowa,12.0,0.204
401282768,2021,10,regular,Maryland,Penn State,10.0,0.245
401282787,2021,10,regular,Purdue,Michigan State,2.5,0.432
401282799,2021,10,regular,Nebraska,Ohio State,14.0,0.167
401282824,2021,10,regular,Rutgers,Wisconsin,13.0,0.185
401287934,2021,10,regular,Iowa State,Texas,-6.0,0.66
401287935,2021,10,regular,Kansas,Kansas State,24.0,0.049
401287936,2021,10,regular,TCU,Baylor,7.5,0.302
401287937,2021,10,regular,West Virginia,Oklahoma State,3.5,0.405
401301035,2021,10,regular,East Carolina,Temple,-15.5,0.857
401301036,2021,10,regular,UCF,Tulane,-13.5,0.824
401301037,2021,10,regular,Cincinnati,Tulsa,-22.5,0.94
401301038,2021,10,regular,South Florida,Houston,13.5,0.176
401301039,2021,10,regular,Memphis,SMU,3.5,0.405
401308839,2021,10,regular,Ohio,Miami (OH),7.0,0.315
401309579,2021,10,regular,Akron,Ball State,20.0,0.084
401309580,2021,10,regular,Toledo,Eastern Michigan,-9.5,0.744
401309581,2021,10,regular,Western Michigan,Central Michigan,-9.0,0.733
401309582,2021,10,regular,Kent State,Northern Illinois,-3.5,0.595
401309632,2021,10,regular,Louisiana,Georgia State,-13.5,0.824
401309633,2021,10,regular,Arkansas State,App State,21.5,0.069
401309634,2021,10,regular,Georgia Southern,Coastal Carolina,16.0,0.135
401309635,2021,10,regular,Texas State,UL Monroe,-3.0,0.582
401309636,2021,10,regular,Troy,South Alabama,-3.5,0.595
401309888,2021,10,regular,Stanford,Utah,11.0,0.224
401309889,2021,10,regular,Arizona,California,7.0,0.315
401309890,2021,10,regular,Washington,Oregon,7.0,0.315
401309891,2021,10,regular,Colorado,Oregon State,11.5,0.214
401309892,2021,10,regular,Arizona State,USC,-9.5,0.744
401310253,2021,10,regular,Air Force,Army,-2.5,0.568
401310735,2021,10,regular,Fresno State,Boise State,-4.0,0.609
401310736,2021,10,regular,Wyoming,Colorado State,3.0,0.418
401310737,2021,10,regular,New Mexico,UNLV,-1.5,0.541
401310738,2021,10,regular,New Mexico State,Utah State,18.5,0.101
401310739,2021,10,regular,Hawai'i,San Diego State,7.0,0.315
401310740,2021,10,regular,Nevada,San José State,-11.5,0.786
401282127,2021,11,regular,Alabama,New Mexico State,-50.5,1.0
401282128,2021,11,regular,Auburn,Mississippi State,-5.5,0.648
401282130,2021,11,regular,LSU,Arkansas,3.0,0.418
401282131,2021,11,regular,Ole Miss,Texas A&M,1.0,0.473
401282132,2021,11,regular,Missouri,South Carolina,1.5,0.459
401282133,2021,11,regular,Tennessee,Georgia,19.5,0.089
401282134,2021,11,regular,Vanderbilt,Kentucky,21.5,0.069
401282254,2021,11,regular,Louisiana Tech,Charlotte,-7.0,0.685
401282255,2021,11,regular,Middle Tennessee,Florida International,-10.5,0.766
401282256,2021,11,regular,Old Dominion,Florida Atlantic,6.5,0.327
401282257,2021,11,regular,Marshall,UAB,-4.5,0.622
401282258,2021,11,regular,North Texas,UTEP,-1.0,0.527
401282259,2021,11,regular,Rice,Western Kentucky,19.0,0.095
401282260,2021,11,regular,UTSA,Southern Miss,-32.5,0.987
401282683,2021,11,regular,Pittsburgh,North Carolina,-6.5,0.673
401282684,2021,11,regular,Clemson,UConn,-40.5,0.997
401282685,2021,11,regular,Florida State,Miami,2.5,0.432
401282686,2021,11,regular,Georgia Tech,Boston College,1.5,0.459
401282687,2021,11,regular,Louisville,Syracuse,-3.0,0.582
401282688,2021,11,regular,Virginia,Notre Dame,8.5,0.279
401282689,2021,11,regular,Virginia Tech,Duke,-13.0,0.815
401282690,2021,11,regular,Wake Forest,NC State,-1.0,0.527
401282728,2021,11,regular,Indiana,Rutgers,-6.5,0.673
401282762,2021,11,regular,Iowa,Minnesota,-4.0,0.609
401282771,2021,11,regular,Michigan State,Maryland,-11.5,0.786
401282780,2021,11,regular,Penn State,Michigan,2.5,0.432
401282806,2021,11,regular,Wisconsin,Northwestern,-25.5,0.961
401282812,2021,11,regular,Ohio State,Purdue,-19.0,0.905
401287938,2021,11,regular,Baylor,Oklahoma,4.0,0.391
401287939,2021,11,regular,Kansas State,West Virginia,-6.0,0.66
401287940,2021,11,regular,Oklahoma State,TCU,-11.0,0.776
401287941,2021,11,regular,Texas,Kansas,-31.0,0.984
401287942,2021,11,regular,Texas Tech,Iowa State,12.5,0.194
401301040,2021,11,regular,South Florida,Cincinnati,23.5,0.053
401301041,2021,11,regular,SMU,UCF,-7.0,0.685
401301042,2021,11,regular,Memphis,East Carolina,-4.0,0.609
401301043,2021,11,regular,Temple,Houston,24.5,0.046
401301044,2021,11,regular,Tulane,Tulsa,3.0,0.418
401308840,2021,11,regular,Miami (OH),Buffalo,-7.0,0.685
401309583,2021,11,regular,Eastern Michigan,Ohio,-6.0,0.66
401309584,2021,11,regular,Western Michigan,Akron,-24.5,0.954
401309585,2021,11,regular,Bowling Green,Toledo,10.5,0.234
401309586,2021,11,regular,Central Michigan,Kent State,-2.5,0.568
401309587,2021,11,regular,Northern Illinois,Ball State,2.5,0.432
401309637,2021,11,regular,App State,South Alabama,-21.5,0.931
401309638,2021,11,regular,UL Monroe,Arkansas State,-3.0,0.582
401309639,2021,11,regular,Coastal Carolina,Georgia State,-12.5,0.806
401309640,2021,11,regular,Texas State,Georgia Southern,-2.0,0.555
401309641,2021,11,regular,Troy,Louisiana,6.5,0.327
401309894,2021,11,regular,Oregon State,Stanford,-12.5,0.806
401309895,2021,11,regular,Oregon,Washington State,-13.5,0.824
401309896,2021,11,regular,Arizona,Utah,24.0,0.049
401309897,2021,11,regular,Washington,Arizona State,6.0,0.34
401309898,2021,11,regular,UCLA,Colorado,-18.0,0.893
401310741,2021,11,regular,Colorado State,Air Force,3.0,0.418
401310742,2021,11,regular,Boise State,Wyoming,-13.5,0.824
401310743,2021,11,regular,Fresno State,New Mexico,-24.0,0.951
401310744,2021,11,regular,San José State,Utah State,-4.5,0.622
401310745,2021,11,regular,UNLV,Hawai'i,3.5,0.405
401310746,2021,11,regular,San Diego State,Nevada,-2.5,0.568
401282135,2021,12,regular,Alabama,Arkansas,-20.5,0.921
401282137,2021,12,regular,Kentucky,New Mexico State,-35.5,0.993
401282138,2021,12,regular,LSU,UL Monroe,-29.0,0.977
401282139,2021,12,regular,Ole Miss,Vanderbilt,-36.0,0.993
401282141,2021,12,regular,Missouri,Florida,9.0,0.267
401282142,2021,12,regular,South Carolina,Auburn,7.0,0.315
401282143,2021,12,regular,Tennessee,South Alabama,-28.5,0.975
401282261,2021,12,regular,Charlotte,Marshall,14.5,0.159
401282262,2021,12,regular,Florida International,North Texas,10.0,0.245
401282263,2021,12,regular,Western Kentucky,Florida Atlantic,-10.5,0.766
401282264,2021,12,regular,Louisiana Tech,Southern Miss,-15.5,0.857
401282265,2021,12,regular,Middle Tennessee,Old Dominion,-3.0,0.582
401282266,2021,12,regular,UTEP,Rice,-9.0,0.733
401282267,2021,12,regular,UTSA,UAB,-4.0,0.609
401282691,2021,12,regular,Duke,Louisville,20.0,0.084
401282692,2021,12,regular,Boston College,Florida State,-3.0,0.582
401282693,2021,12,regular,Clemson,Wake Forest,-3.5,0.595
401282694,2021,12,regular,Miami,Virginia Tech,-7.0,0.685
401282695,2021,12,regular,NC State,Syracuse,-11.5,0.786
401282697,2021,12,regular,Notre Dame,Georgia Tech,-17.5,0.886
401282698,2021,12,regular,Pittsburgh,Virginia,-13.5,0.824
401282721,2021,12,regular,Iowa,Illinois,-12.0,0.796
401282732,2021,12,regular,Indiana,Minnesota,7.5,0.302
401282770,2021,12,regular,Maryland,Michigan,15.5,0.143
401282786,2021,12,regular,Ohio State,Michigan State,-19.5,0.911
401282803,2021,12,regular,Wisconsin,Nebraska,-10.0,0.755
401282808,2021,12,regular,Northwestern,Purdue,11.0,0.224
401282818,2021,12,regular,Penn State,Rutgers,-14.0,0.833
401286293,2021,12,regular,UCF,UConn,-30.0,0.981
401286298,2021,12,regular,Liberty,Louisiana,-4.5,0.622
401286305,2021,12,regular,Army,Massachusetts,-37.0,0.995
401287943,2021,12,regular,Kansas State,Baylor,-2.5,0.568
401287944,2021,12,regular,Oklahoma,Iowa State,-3.0,0.582
401287945,2021,12,regular,TCU,Kansas,-21.0,0.926
401287946,2021,12,regular,Texas Tech,Oklahoma State,10.0,0.245
401287947,2021,12,regular,West Virginia,Texas,-2.5,0.568
401301045,2021,12,regular,Houston,Memphis,-9.5,0.744
401301046,2021,12,regular,Cincinnati,SMU,-10.0,0.755
401301047,2021,12,regular,Navy,East Carolina,3.5,0.405
401301048,2021,12,regular,Tulane,South Florida,-5.5,0.648
401301049,2021,12,regular,Tulsa,Temple,-21.5,0.931
401308841,2021,12,regular,Miami (OH),Bowling Green,-17.0,0.879
401309588,2021,12,regular,Eastern Michigan,Western Michigan,6.0,0.34
401309589,2021,12,regular,Ohio,Toledo,7.5,0.302
401309590,2021,12,regular,Buffalo,Northern Illinois,1.5,0.459
401309591,2021,12,regular,Ball State,Central Michigan,2.5,0.432
401309592,2021,12,regular,Akron,Kent State,13.5,0.176
401309642,2021,12,regular,Troy,App State,9.5,0.256
401309643,2021,12,regular,Georgia State,Arkansas State,-15.5,0.857
401309644,2021,12,regular,Coastal Carolina,Texas State,-24.5,0.954
401309645,2021,12,regular,Georgia Southern,BYU,20.0,0.084
401309899,2021,12,regular,Washington State,Arizona,-14.5,0.841
401309900,2021,12,regular,Stanford,California,2.5,0.432
401309901,2021,12,regular,Utah,Oregon,-3.0,0.582
401309902,2021,12,regular,Oregon State,Arizona State,3.0,0.418
401309903,2021,12,regular,Colorado,Washington,6.5,0.327
401309904,2021,12,regular,USC,UCLA,3.5,0.405
401310747,2021,12,regular,Nevada,Air Force,1.5,0.459
401310748,2021,12,regular,Boise State,New Mexico,-27.5,0.971
401310749,2021,12,regular,Hawai'i,Colorado State,3.0,0.418
401310750,2021,12,regular,Utah State,Wyoming,-5.5,0.648
401310751,2021,12,regular,UNLV,San Diego State,11.0,0.224
401282145,2021,13,regular,Arkansas,Missouri,-14.5,0.841
401282146,2021,13,regular,Auburn,Alabama,20.5,0.079
401282147,2021,13,regular,Florida,Florida State,-4.0,0.609
401282148,2021,13,regular,Georgia Tech,Georgia,35.5,0.007
401282149,2021,13,regular,Louisville,Kentucky,-3.0,0.582
401282150,2021,13,regular,LSU,Texas A&M,6.5,0.327
401282151,2021,13,regular,Mississippi State,Ole Miss,-2.0,0.555
401282152,2021,13,regular,South Carolina,Clemson,11.5,0.214
401282153,2021,13,regular,Tennessee,Vanderbilt,-32.0,0.986
401282268,2021,13,regular,Old Dominion,Charlotte,-8.5,0.721
401282269,2021,13,regular,Southern Miss,Florida International,-14.5,0.841
401282270,2021,13,regular,Florida Atlantic,Middle Tennessee,-3.5,0.595
401282271,2021,13,regular,Rice,Louisiana Tech,4.0,0.391
401282272,2021,13,regular,Marshall,Western Kentucky,-1.5,0.541
401282273,2021,13,regular,North Texas,UTSA,8.5,0.279
401282274,2021,13,regular,UAB,UTEP,-13.5,0.824
401282699,2021,13,regular,NC State,North Carolina,-6.5,0.673
401282700,2021,13,regular,Boston College,Wake Forest,6.5,0.327
401282701,2021,13,regular,Duke,Miami,20.5,0.079
401282702,2021,13,regular,Syracuse,Pittsburgh,12.5,0.194
401282703,2021,13,regular,Virginia,Virginia Tech,-7.0,0.685
401282711,2021,13,regular,Stanford,Notre Dame,21.0,0.074
401282722,2021,13,regular,Illinois,Northwestern,-7.0,0.685
401282753,2021,13,regular,Purdue,Indiana,-17.5,0.886
401282761,2021,13,regular,Nebraska,Iowa,-1.0,0.527
401282766,2021,13,regular,Rutgers,Maryland,-1.5,0.541
401282781,2021,13,regular,Michigan,Ohio State,6.5,0.327
401282785,2021,13,regular,Michigan State,Penn State,4.5,0.378
401282794,2021,13,regular,Minnesota,Wisconsin,7.0,0.315
401286299,2021,13,regular,Liberty,Army,-3.5,0.595
401286306,2021,13,regular,New Mexico State,Massachusetts,-7.0,0.685
401287948,2021,13,regular,Baylor,Texas Tech,-14.0,0.833
401287949,2021,13,regular,Iowa State,TCU,-15.5,0.857
401287950,2021,13,regular,Kansas,West Virginia,15.5,0.143
401287951,2021,13,regular,Oklahoma State,Oklahoma,-4.0,0.609
401287952,2021,13,regular,Texas,Kansas State,-2.5,0.568
401301050,2021,13,regular,UCF,South Florida,-17.0,0.879
401301051,2021,13,regular,East Carolina,Cincinnati,14.5,0.159
401301052,2021,13,regular,UConn,Houston,32.0,0.014
401301053,2021,13,regular,Memphis,Tulane,-5.5,0.648
401301054,2021,13,regular,Temple,Navy,13.5,0.176
401301055,2021,13,regular,SMU,Tulsa,-6.5,0.673
401308842,2021,13,regular,Kent State,Miami (OH),1.5,0.459
401309593,2021,13,regular,Ball State,Buffalo,-6.0,0.66
401309594,2021,13,regular,Northern Illinois,Western Michigan,7.0,0.315
401309595,2021,13,regular,Central Michigan,Eastern Michigan,-8.5,0.721
401309596,2021,13,regular,Bowling Green,Ohio,6.5,0.327
401309597,2021,13,regular,Toledo,Akron,-28.5,0.975
401309646,2021,13,regular,App State,Georgia Southern,-24.5,0.954
401309647,2021,13,regular,Arkansas State,Texas State,-2.0,0.555
401309648,2021,13,regular,South Alabama,Coastal Carolina,15.0,0.15
401309649,2021,13,regular,Georgia State,Troy,-6.5,0.673
401309650,2021,13,regular,Louisiana,UL Monroe,-21.5,0.931
401309905,2021,13,regular,Washington,Washington State,1.0,0.473
401309906,2021,13,regular,Utah,Colorado,-24.0,0.951
401309907,2021,13,regular,UCLA,California,-6.5,0.673
401309908,2021,13,regular,Oregon,Oregon State,-7.5,0.698
401309909,2021,13,regular,Arizona State,Arizona,-20.0,0.916
401309910,2021,13,regular,USC,BYU,8.5,0.279
401310752,2021,13,regular,Air Force,UNLV,-18.5,0.899
401310753,2021,13,regular,San Diego State,Boise State,3.0,0.418
401310754,2021,13,regular,Colorado State,Nevada,3.0,0.418
401310755,2021,13,regular,New Mexico,Utah State,17.0,0.121
401310756,2021,13,regular,Wyoming,Hawai'i,-13.0,0.815
401310757,2021,13,regular,San José State,Fresno State,7.0,0.315
401282154,2021,14,regular,Alabama,Georgia,6.5,0.327
401282156,2021,14,regular,UTSA,Western Kentucky,3.5,0.405
401287953,2021,14,regular,Oklahoma State,Baylor,-7.0,0.685
401310676,2021,14,regular,San Diego State,Utah State,-6.5,0.673
401331159,2021,14,regular,Utah,Oregon,-3.0,0.582
401331160,2021,14,regular,Northern Illinois,Kent State,4.0,0.391
401331161,2021,14,regular,Louisiana,App State,2.5,0.432
401331162,2021,14,regular,Cincinnati,Houston,-10.5,0.766
401331163,2021,14,regular,Wake Forest,Pittsburgh,3.5,0.405
401331447,2021,14,regular,Iowa,Michigan,12.0,0.204
401387250,2021,14,regular,California,USC,-4.5,0.622
401301056,2021,15,regular,Army,Navy,7.0,0.315
401403853,2022,1,regular,Hawai'i,Vanderbilt,9.0,0.267
401403854,2022,1,regular,Alabama,Utah State,-42.0,0.998
401403855,2022,1,regular,Arkansas,Cincinnati,-6.5,0.673
401403857,2022,1,regular,Florida,Utah,2.5,0.432
401403858,2022,1,regular,Georgia,Oregon,-16.0,0.865
401403859,2022,1,regular,Kentucky,Miami (OH),-15.0,0.85
401403860,2022,1,regular,Ole Miss,Troy,-21.5,0.931
401403861,2022,1,regular,Mississippi State,Memphis,-17.0,0.879
401403863,2022,1,regular,South Carolina,Georgia State,-12.5,0.806
401403864,2022,1,regular,Tennessee,Ball State,-35.5,0.993
401403867,2022,1,regular,Florida State,LSU,4.5,0.378
401403966,2022,1,regular,Colorado,TCU,13.5,0.176
401403967,2022,1,regular,San Diego State,Arizona,-6.5,0.673
401403969,2022,1,regular,Oregon State,Boise State,-1.5,0.541
401403971,2022,1,regular,UCLA,Bowling Green,-24.0,0.951
401403973,2022,1,regular,Washington,Kent State,-23.5,0.947
401404059,2022,1,regular,Texas,UL Monroe,-37.5,0.995
401404124,2022,1,regular,Ohio State,Notre Dame,-17.0,0.879
401404134,2022,1,regular,Coastal Carolina,Army,-1.5,0.541
401404146,2022,1,regular,Utah State,UConn,-24.0,0.951
401404157,2022,1,regular,Southern Miss,Liberty,3.5,0.405
401405058,2022,1,regular,Illinois,Wyoming,-14.0,0.833
401405059,2022,1,regular,Northwestern,Nebraska,12.5,0.194
401405060,2022,1,regular,Minnesota,New Mexico State,-36.0,0.993
401405061,2022,1,regular,Indiana,Illinois,-1.0,0.527
401405064,2022,1,regular,Purdue,Penn State,3.5,0.405
401405066,2022,1,regular,Maryland,Buffalo,-24.0,0.951
401405067,2022,1,regular,Michigan,Colorado State,-31.0,0.984
401405069,2022,1,regular,Boston College,Rutgers,-9.0,0.733
401409235,2022,1,regular,New Mexico State,Nevada,7.0,0.315
401411092,2022,1,regular,Pittsburgh,West Virginia,-7.5,0.698
401411094,2022,1,regular,Duke,Temple,-9.5,0.744
401411095,2022,1,regular,App State,North Carolina,-3.0,0.582
401411096,2022,1,regular,East Carolina,NC State,12.5,0.194
401411099,2022,1,regular,Syracuse,Louisville,6.0,0.34
401411101,2022,1,regular,Georgia Tech,Clemson,24.5,0.046
401414778,2022,1,regular,Tulane,Massachusetts,-28.5,0.975
401415211,2022,1,regular,Wyoming,Tulsa,6.5,0.327
401415212,2022,1,regular,Nevada,Texas State,2.0,0.445
401415612,2022,1,regular,South Florida,BYU,11.5,0.214
401416569,2022,1,regular,Oklahoma State,Central Michigan,-20.5,0.921
401416591,2022,1,regular,Michigan State,Western Michigan,-21.5,0.931
401426330,2022,1,regular,Old Dominion,Virginia Tech,6.0,0.34
401426530,2022,1,regular,Florida Atlantic,Charlotte,-7.0,0.685
401426531,2022,1,regular,UTEP,North Texas,1.5,0.459
401426536,2022,1,regular,Ohio,Florida Atlantic,6.0,0.34
401426537,2022,1,regular,Missouri,Louisiana Tech,-20.5,0.921
401426538,2022,1,regular,James Madison,Middle Tennessee,-4.5,0.622
401426539,2022,1,regular,North Texas,SMU,9.5,0.256
401426540,2022,1,regular,USC,Rice,-32.5,0.987
401426541,2022,1,regular,Oklahoma,UTEP,-31.0,0.984
401426542,2022,1,regular,UTSA,Houston,3.5,0.405
401426543,2022,1,regular,Hawai'i,Western Kentucky,16.5,0.128
401403868,2022,2,regular,Texas,Alabama,21.0,0.074
401403869,2022,2,regular,Arkansas,South Carolina,-8.5,0.721
401403870,2022,2,regular,Auburn,San José State,-24.0,0.951
401403871,2022,2,regular,Florida,Kentucky,-6.0,0.66
401403875,2022,2,regular,Arizona,Mississippi State,12.5,0.194
401403876,2022,2,regular,Kansas State,Missouri,-7.5,0.698
401403877,2022,2,regular,Pittsburgh,Tennessee,6.0,0.34
401403878,2022,2,regular,Texas A&M,App State,-18.0,0.893
401403879,2022,2,regular,Vanderbilt,Wake Forest,13.5,0.176
401403975,2022,2,regular,Oklahoma State,Arizona State,-11.5,0.786
401403976,2022,2,regular,California,UNLV,-12.5,0.806
401403977,2022,2,regular,Air Force,Colorado,-17.5,0.886
401403979,2022,2,regular,Fresno State,Oregon State,-1.0,0.527
401403980,2022,2,regular,Stanford,USC,9.5,0.256
401403984,2022,2,regular,Wisconsin,Washington State,-17.5,0.886
401404062,2022,2,regular,BYU,Baylor,-2.5,0.568
401404063,2022,2,regular,Texas Tech,Houston,-4.0,0.609
401404064,2022,2,regular,Iowa,Iowa State,-3.5,0.595
401404065,2022,2,regular,West Virginia,Kansas,-14.0,0.833
401404066,2022,2,regular,Oklahoma,Kent State,-33.0,0.989
401404125,2022,2,regular,Notre Dame,Marshall,-20.5,0.921
401404148,2022,2,regular,UConn,Syracuse,23.5,0.053
401405070,2022,2,regular,Illinois,Virginia,-4.0,0.609
401405072,2022,2,regular,Nebraska,Georgia Southern,-23.5,0.947
401405073,2022,2,regular,Northwestern,Duke,-10.0,0.755
401405077,2022,2,regular,Michigan,Hawai'i,-52.5,1.0
401405078,2022,2,regular,Michigan State,Akron,-34.5,0.991
401405079,2022,2,regular,Ohio State,Arkansas State,-44.5,0.999
401405080,2022,2,regular,Penn State,Ohio,-28.0,0.973
401411103,2022,2,regular,Georgia State,North Carolina,7.0,0.315
401411105,2022,2,regular,Miami,Southern Miss,-27.5,0.971
401411108,2022,2,regular,Virginia Tech,Boston College,-3.0,0.582
401414779,2022,2,regular,Toledo,Massachusetts,-28.0,0.973
401415024,2022,2,regular,East Carolina,Old Dominion,-13.0,0.815
401415214,2022,2,regular,New Mexico,Boise State,17.0,0.121
401415613,2022,2,regular,UCF,Louisville,-5.5,0.648
401415617,2022,2,regular,Navy,Memphis,4.5,0.378
401415620,2022,2,regular,Tulsa,Northern Illinois,-6.5,0.673
401416594,2022,2,regular,Ball State,Western Michigan,6.5,0.327
401416597,2022,2,regular,Central Michigan,South Alabama,-6.0,0.66
401416598,2022,2,regular,Louisiana,Eastern Michigan,-11.0,0.776
401426544,2022,2,regular,Texas State,Florida International,-13.5,0.824
401426545,2022,2,regular,Charlotte,Maryland,28.0,0.027
401426548,2022,2,regular,Colorado State,Middle Tennessee,-13.5,0.824
401426551,2022,2,regular,Liberty,UAB,6.0,0.34
401426552,2022,2,regular,UTEP,New Mexico State,-17.5,0.886
401426553,2022,2,regular,Army,UTSA,2.0,0.445
401403880,2022,3,regular,Alabama,UL Monroe,-49.5,1.0
401403882,2022,3,regular,Auburn,Penn State,2.5,0.432
401403883,2022,3,regular,Florida,South Florida,-23.5,0.947
401403885,2022,3,regular,LSU,Mississippi State,3.0,0.418
401403886,2022,3,regular,Georgia Tech,Ole Miss,17.0,0.121
401403888,2022,3,regular,South Carolina,Georgia,25.5,0.039
401403889,2022,3,regular,Tennessee,Akron,-47.5,0.999
401403890,2022,3,regular,Texas A&M,Miami,-6.5,0.673
401403891,2022,3,regular,Northern Illinois,Vanderbilt,-2.5,0.568
401403986,2022,3,regular,Arizona State,Eastern Michigan,-20.5,0.921
401403987,2022,3,regular,Notre Dame,California,-13.5,0.824
401403988,2022,3,regular,Minnesota,Colorado,-28.0,0.973
401403989,2022,3,regular,Oregon,BYU,-3.5,0.595
401403991,2022,3,regular,UCLA,South Alabama,-15.5,0.857
401403992,2022,3,regular,USC,Fresno State,-11.5,0.786
401403993,2022,3,regular,Utah,San Diego State,-22.5,0.94
401403994,2022,3,regular,Washington,Michigan State,-3.5,0.595
401403995,2022,3,regular,Washington State,Colorado State,-17.0,0.879
401404068,2022,3,regular,Houston,Kansas,-8.5,0.721
401404069,2022,3,regular,Iowa State,Ohio,-20.0,0.916
401404070,2022,3,regular,Nebraska,Oklahoma,10.5,0.234
401404071,2022,3,regular,Baylor,Texas State,-30.0,0.981
401404072,2022,3,regular,NC State,Texas Tech,-10.5,0.766
401404074,2022,3,regular,Kansas State,Tulane,-14.0,0.833
401404149,2022,3,regular,Michigan,UConn,-47.5,0.999
401404159,2022,3,regular,Wake Forest,Liberty,-17.5,0.886
401405082,2022,3,regular,Iowa,Nevada,-24.0,0.951
401405084,2022,3,regular,Syracuse,Purdue,-1.5,0.541
401405085,2022,3,regular,Wisconsin,New Mexico State,-37.5,0.995
401405087,2022,3,regular,Maryland,SMU,-2.5,0.568
401405088,2022,3,regular,Ohio State,Toledo,-31.0,0.984
401405089,2022,3,regular,Temple,Rutgers,18.0,0.107
401411109,2022,3,regular,Louisville,Florida State,2.5,0.432
401411113,2022,3,regular,Virginia,Old Dominion,-8.5,0.721
401411115,2022,3,regular,Western Michigan,Pittsburgh,10.0,0.245
401415029,2022,3,regular,Bowling Green,Marshall,17.0,0.121
401415217,2022,3,regular,Wyoming,Air Force,16.5,0.128
401415622,2022,3,regular,Memphis,Arkansas State,-14.5,0.841
401415623,2022,3,regular,Miami (OH),Cincinnati,24.0,0.049
401416601,2022,3,regular,Coastal Carolina,Buffalo,-12.0,0.796
401426333,2022,3,regular,App State,Troy,-14.0,0.833
401426554,2022,3,regular,Georgia State,Charlotte,-19.5,0.911
401426555,2022,3,regular,Florida Atlantic,UCF,7.5,0.302
401426556,2022,3,regular,Clemson,Louisiana Tech,-33.5,0.99
401426558,2022,3,regular,UNLV,North Texas,-2.5,0.568
401426559,2022,3,regular,Rice,Louisiana,11.5,0.214
401426560,2022,3,regular,UAB,Georgia Southern,-11.5,0.786
401426561,2022,3,regular,New Mexico,UTEP,2.0,0.445
401426562,2022,3,regular,Texas,UTSA,-13.0,0.815
401426563,2022,3,regular,Indiana,Western Kentucky,-7.0,0.685
401403892,2022,4,regular,Alabama,Vanderbilt,-40.5,0.997
401403893,2022,4,regular,Texas A&M,Arkansas,-1.5,0.541
401403894,2022,4,regular,Auburn,Missouri,-7.5,0.698
401403895,2022,4,regular,Georgia,Kent State,-45.0,0.999
401403896,2022,4,regular,Kentucky,Northern Illinois,-26.5,0.966
401403897,2022,4,regular,LSU,New Mexico,-31.5,0.985
401403898,2022,4,regular,Ole Miss,Tulsa,-21.0,0.926
401403899,2022,4,regular,Mississippi State,Bowling Green,-31.0,0.984
401403901,2022,4,regular,Tennessee,Florida,-11.0,0.776
401403996,2022,4,regular,California,Arizona,-3.5,0.595
401403997,2022,4,regular,Arizona State,Utah,16.5,0.128
401403998,2022,4,regular,Colorado,UCLA,22.0,0.065
401403999,2022,4,regular,Washington State,Oregon,6.5,0.327
401404000,2022,4,regular,Oregon State,USC,5.5,0.352
401404001,2022,4,regular,Washington,Stanford,-14.0,0.833
401404078,2022,4,regular,SMU,TCU,2.5,0.432
401404079,2022,4,regular,Kansas,Duke,-7.0,0.685
401404080,2022,4,regular,Iowa State,Baylor,-2.5,0.568
401404081,2022,4,regular,Oklahoma,Kansas State,-13.5,0.824
401404082,2022,4,regular,Texas Tech,Texas,7.0,0.315
401404126,2022,4,regular,North Carolina,Notre Dame,-2.5,0.568
401404150,2022,4,regular,NC State,UConn,-38.5,0.996
401404160,2022,4,regular,Liberty,Akron,-26.5,0.966
401405091,2022,4,regular,Rutgers,Iowa,7.5,0.302
401405092,2022,4,regular,Michigan State,Minnesota,3.0,0.418
401405093,2022,4,regular,Northwestern,Miami (OH),-7.5,0.698
401405095,2022,4,regular,Ohio State,Wisconsin,-18.5,0.899
401405096,2022,4,regular,Cincinnati,Indiana,-16.5,0.872
401405097,2022,4,regular,Michigan,Maryland,-17.0,0.879
401405098,2022,4,regular,Penn State,Central Michigan,-28.0,0.973
401409237,2022,4,regular,New Mexico State,Hawai'i,-4.5,0.622
401411116,2022,4,regular,Virginia Tech,West Virginia,2.0,0.445
401411117,2022,4,regular,Syracuse,Virginia,-9.5,0.744
401411118,2022,4,regular,Florida State,Boston College,-18.5,0.899
401411119,2022,4,regular,Louisville,South Florida,-15.5,0.857
401411122,2022,4,regular,UCF,Georgia Tech,-21.0,0.926
401411123,2022,4,regular,Wake Forest,Clemson,7.5,0.302
401414781,2022,4,regular,Temple,Massachusetts,-10.0,0.755
401415037,2022,4,regular,App State,James Madison,-6.5,0.673
401415040,2022,4,regular,Tulane,Southern Miss,-11.5,0.786
401415220,2022,4,regular,Air Force,Nevada,-24.0,0.951
401415222,2022,4,regular,Utah State,UNLV,3.0,0.418
401415223,2022,4,regular,BYU,Wyoming,-21.5,0.931
401415224,2022,4,regular,San Diego State,Toledo,3.0,0.418
401415225,2022,4,regular,San José State,Western Michigan,-6.5,0.673
401415624,2022,4,regular,East Carolina,Navy,-16.5,0.872
401416604,2022,4,regular,Eastern Michigan,Buffalo,-6.5,0.673
401416605,2022,4,regular,Georgia Southern,Ball State,-9.5,0.744
401426334,2022,4,regular,Georgia State,Coastal Carolina,2.5,0.432
401426335,2022,4,regular,Old Dominion,Arkansas State,-5.0,0.635
401426336,2022,4,regular,UL Monroe,Louisiana,9.5,0.256
401426393,2022,4,regular,Troy,Marshall,3.5,0.405
401426564,2022,4,regular,South Carolina,Charlotte,-23.5,0.947
401426565,2022,4,regular,Western Kentucky,Florida International,-31.0,0.984
401426566,2022,4,regular,Purdue,Florida Atlantic,-16.5,0.872
401426567,2022,4,regular,South Alabama,Louisiana Tech,-13.0,0.815
401426568,2022,4,regular,Miami,Middle Tennessee,-25.5,0.961
401426569,2022,4,regular,Memphis,North Texas,-12.5,0.806
401426570,2022,4,regular,Houston,Rice,-17.5,0.886
401426571,2022,4,regular,UTEP,Boise State,16.5,0.128
401403902,2022,5,regular,Arkansas,Alabama,17.0,0.121
401403903,2022,5,regular,Auburn,LSU,8.0,0.291
401403905,2022,5,regular,Ole Miss,Kentucky,-6.5,0.673
401403906,2022,5,regular,Mississippi State,Texas A&M,-4.0,0.609
401403907,2022,5,regular,Missouri,Georgia,30.5,0.018
401404002,2022,5,regular,Arizona,Colorado,-18.0,0.893
401404003,2022,5,regular,USC,Arizona State,-24.5,0.954
401404004,2022,5,regular,Washington State,California,-4.0,0.609
401404005,2022,5,regular,Oregon,Stanford,-17.5,0.886
401404006,2022,5,regular,Utah,Oregon State,-10.5,0.766
401404007,2022,5,regular,UCLA,Washington,2.5,0.432
401404083,2022,5,regular,Baylor,Oklahoma State,-2.5,0.568
401404084,2022,5,regular,Kansas,Iowa State,3.5,0.405
401404085,2022,5,regular,Kansas State,Texas Tech,-7.5,0.698
401404086,2022,5,regular,TCU,Oklahoma,5.0,0.365
401404087,2022,5,regular,Texas,West Virginia,-7.5,0.698
401404137,2022,5,regular,Army,Georgia State,-8.5,0.721
401404151,2022,5,regular,UConn,Fresno State,23.5,0.053
401404161,2022,5,regular,Old Dominion,Liberty,3.5,0.405
401405099,2022,5,regular,Wisconsin,Illinois,-6.5,0.673
401405100,2022,5,regular,Iowa,Michigan,10.5,0.234
401405101,2022,5,regular,Minnesota,Purdue,-9.5,0.744
401405102,2022,5,regular,Nebraska,Indiana,-6.5,0.673
401405103,2022,5,regular,Maryland,Michigan State,-7.5,0.698
401405104,2022,5,regular,Ohio State,Rutgers,-39.0,0.996
401405105,2022,5,regular,Penn State,Northwestern,-25.5,0.961
401411124,2022,5,regular,Boston College,Louisville,13.5,0.176
401411125,2022,5,regular,Clemson,NC State,-6.5,0.673
401411126,2022,5,regular,Duke,Virginia,-2.0,0.555
401411127,2022,5,regular,Florida State,Wake Forest,-6.0,0.66
401411128,2022,5,regular,North Carolina,Virginia Tech,-9.5,0.744
401411129,2022,5,regular,Pittsburgh,Georgia Tech,-21.5,0.931
401414782,2022,5,regular,Eastern Michigan,Massachusetts,-20.0,0.916
401415226,2022,5,regular,BYU,Utah State,-26.0,0.964
401415227,2022,5,regular,Air Force,Navy,-14.0,0.833
401415228,2022,5,regular,Boise State,San Diego State,-6.0,0.66
401415229,2022,5,regular,UNLV,New Mexico,-14.0,0.833
401415230,2022,5,regular,Wyoming,San José State,2.5,0.432
401415625,2022,5,regular,Houston,Tulane,-5.5,0.648
401415626,2022,5,regular,South Florida,East Carolina,9.5,0.256
401415627,2022,5,regular,Tulsa,Cincinnati,10.0,0.245
401415628,2022,5,regular,Memphis,Temple,-18.5,0.899
401416607,2022,5,regular,Toledo,Central Michigan,-6.5,0.673
401416608,2022,5,regular,Ball State,Northern Illinois,3.5,0.405
401416609,2022,5,regular,Akron,Bowling Green,9.5,0.256
401416610,2022,5,regular,Buffalo,Miami (OH),-3.0,0.582
401416611,2022,5,regular,Kent State,Ohio,-12.5,0.806
401426337,2022,5,regular,Coastal Carolina,Georgia Southern,-10.0,0.755
401426338,2022,5,regular,James Madison,Texas State,-21.5,0.931
401426340,2022,5,regular,Arkansas State,UL Monroe,-7.0,0.685
401426341,2022,5,regular,Louisiana,South Alabama,8.5,0.279
401426573,2022,5,regular,Charlotte,UTEP,3.5,0.405
401426574,2022,5,regular,New Mexico State,Florida International,-16.0,0.865
401426575,2022,5,regular,North Texas,Florida Atlantic,3.0,0.418
401426576,2022,5,regular,Middle Tennessee,UTSA,4.5,0.378
401426577,2022,5,regular,Rice,UAB,10.5,0.234
401426578,2022,5,regular,Western Kentucky,Troy,-5.5,0.648
401403909,2022,6,regular,Alabama,Texas A&M,-24.0,0.951
401403910,2022,6,regular,Florida,Missouri,-10.5,0.766
401403911,2022,6,regular,Georgia,Auburn,-28.0,0.973
401403912,2022,6,regular,Kentucky,South Carolina,-4.5,0.622
401403913,2022,6,regular,LSU,Tennessee,2.5,0.432
401403914,2022,6,regular,Mississippi State,Arkansas,-8.5,0.721
401403915,2022,6,regular,Vanderbilt,Ole Miss,17.0,0.121
401404008,2022,6,regular,Arizona,Oregon,13.5,0.176
401404009,2022,6,regular,Arizona State,Washington,13.5,0.176
401404010,2022,6,regular,Stanford,Oregon State,4.5,0.378
401404011,2022,6,regular,UCLA,Utah,3.0,0.418
401404012,2022,6,regular,USC,Washington State,-12.5,0.806
401404088,2022,6,regular,Iowa State,Kansas State,1.0,0.473
401404089,2022,6,regular,Kansas,TCU,7.0,0.315
401404090,2022,6,regular,Oklahoma,Texas,7.5,0.302
401404091,2022,6,regular,Oklahoma State,Texas Tech,-11.5,0.786
401404127,2022,6,regular,Notre Dame,BYU,-3.5,0.595
401404138,2022,6,regular,Wake Forest,Army,-16.0,0.865
401404164,2022,6,regular,Massachusetts,Liberty,22.5,0.06
401405106,2022,6,regular,Illinois,Iowa,-3.5,0.595
401405107,2022,6,regular,Northwestern,Wisconsin,10.0,0.245
401405108,2022,6,regular,Indiana,Michigan,23.5,0.053
401405109,2022,6,regular,Maryland,Purdue,-3.0,0.582
401405110,2022,6,regular,Michigan State,Ohio State,27.0,0.031
401405111,2022,6,regular,Rutgers,Nebraska,3.0,0.418
401411131,2022,6,regular,Boston College,Clemson,21.0,0.074
401411132,2022,6,regular,Georgia Tech,Duke,3.5,0.405
401411133,2022,6,regular,Miami,North Carolina,-4.0,0.609
401411134,2022,6,regular,NC State,Florida State,-3.5,0.595
401411135,2022,6,regular,Pittsburgh,Virginia Tech,-14.5,0.841
401411136,2022,6,regular,Virginia,Louisville,-1.5,0.541
401415231,2022,6,regular,Utah State,Air Force,11.5,0.214
401415232,2022,6,regular,Boise State,Fresno State,-10.5,0.766
401415233,2022,6,regular,Nevada,Colorado State,-3.5,0.595
401415234,2022,6,regular,New Mexico,Wyoming,3.0,0.418
401415235,2022,6,regular,San Diego State,Hawai'i,-23.5,0.947
401415236,2022,6,regular,San José State,UNLV,-6.5,0.673
401415629,2022,6,regular,UCF,SMU,-3.0,0.582
401415630,2022,6,regular,Memphis,Houston,-1.5,0.541
401415631,2022,6,regular,Tulane,East Carolina,-3.0,0.582
401415632,2022,6,regular,Navy,Tulsa,4.5,0.378
401415633,2022,6,regular,Cincinnati,South Florida,-27.0,0.969
401416613,2022,6,regular,Central Michigan,Ball State,-7.5,0.698
401416614,2022,6,regular,Western Michigan,Eastern Michigan,-4.5,0.622
401416615,2022,6,regular,Northern Illinois,Toledo,6.5,0.327
401416616,2022,6,regular,Ohio,Akron,-10.0,0.755
401416617,2022,6,regular,Bowling Green,Buffalo,2.0,0.445
401416618,2022,6,regular,Miami (OH),Kent State,5.5,0.352
401426342,2022,6,regular,Georgia State,Georgia Southern,-2.5,0.568
401426343,2022,6,regular,Arkansas State,James Madison,11.5,0.214
401426344,2022,6,regular,UL Monroe,Coastal Carolina,12.5,0.194
401426345,2022,6,regular,Texas State,App State,19.5,0.089
401426346,2022,6,regular,Troy,Southern Miss,-7.0,0.685
401426579,2022,6,regular,Florida International,UConn,5.5,0.352
401426580,2022,6,regular,Louisiana Tech,UTEP,-1.5,0.541
401426581,2022,6,regular,UAB,Middle Tennessee,-10.0,0.755
401426582,2022,6,regular,UTSA,Western Kentucky,-6.5,0.673
401403916,2022,7,regular,BYU,Arkansas,-1.0,0.527
401403917,2022,7,regular,Florida,LSU,-2.0,0.555
401403918,2022,7,regular,Georgia,Vanderbilt,-37.5,0.995
401403919,2022,7,regular,Kentucky,Mississippi State,3.5,0.405
401403920,2022,7,regular,Ole Miss,Auburn,-15.5,0.857
401403921,2022,7,regular,Tennessee,Alabama,9.0,0.267
401404013,2022,7,regular,Washington,Arizona,-14.5,0.841
401404014,2022,7,regular,Colorado,California,15.0,0.15
401404015,2022,7,regular,Oregon State,Washington State,-3.0,0.582
401404016,2022,7,regular,Notre Dame,Stanford,-16.5,0.872
401404017,2022,7,regular,Utah,USC,-3.5,0.595
401404092,2022,7,regular,West Virginia,Baylor,3.0,0.418
401404093,2022,7,regular,Texas,Iowa State,-15.5,0.857
401404094,2022,7,regular,Oklahoma,Kansas,-10.5,0.766
401404095,2022,7,regular,TCU,Oklahoma State,-5.0,0.635
401404153,2022,7,regular,Ball State,UConn,-9.5,0.744
401405112,2022,7,regular,Illinois,Minnesota,4.5,0.378
401405113,2022,7,regular,Purdue,Nebraska,-14.0,0.833
401405114,2022,7,regular,Indiana,Maryland,11.0,0.224
401405115,2022,7,regular,Michigan,Penn State,-7.0,0.685
401405116,2022,7,regular,Michigan State,Wisconsin,7.0,0.315
401409239,2022,7,regular,New Mexico State,New Mexico,7.0,0.315
401411137,2022,7,regular,Duke,North Carolina,7.0,0.315
401411138,2022,7,regular,Florida State,Clemson,4.5,0.378
401411139,2022,7,regular,Syracuse,NC State,-3.0,0.582
401411140,2022,7,regular,Virginia Tech,Miami,8.5,0.279
401414783,2022,7,regular,Massachusetts,Buffalo,17.0,0.121
401415237,2022,7,regular,UNLV,Air Force,10.0,0.245
401415238,2022,7,regular,Colorado State,Utah State,14.0,0.167
401415239,2022,7,regular,Fresno State,San José State,7.0,0.315
401415240,2022,7,regular,Hawai'i,Nevada,6.0,0.34
401415634,2022,7,regular,UCF,Temple,-23.5,0.947
401415635,2022,7,regular,SMU,Navy,-12.5,0.806
401415636,2022,7,regular,South Florida,Tulane,12.0,0.204
401415637,2022,7,regular,East Carolina,Memphis,-5.5,0.648
401416619,2022,7,regular,Akron,Central Michigan,12.0,0.204
401416620,2022,7,regular,Eastern Michigan,Northern Illinois,-3.5,0.595
401416621,2022,7,regular,Toledo,Kent State,-7.5,0.698
401416622,2022,7,regular,Bowling Green,Miami (OH),7.0,0.315
401416623,2022,7,regular,Western Michigan,Ohio,-2.0,0.555
401426347,2022,7,regular,Marshall,Louisiana,-10.5,0.766
401426348,2022,7,regular,Coastal Carolina,Old Dominion,-11.5,0.786
401426349,2022,7,regular,Georgia Southern,James Madison,13.0,0.185
401426350,2022,7,regular,South Alabama,UL Monroe,-17.0,0.879
401426351,2022,7,regular,Southern Miss,Arkansas State,-4.5,0.622
401426352,2022,7,regular,Troy,Texas State,-16.5,0.872
401426583,2022,7,regular,UAB,Charlotte,-22.5,0.94
401426584,2022,7,regular,Florida International,UTSA,33.5,0.01
401426585,2022,7,regular,Florida Atlantic,Rice,-4.0,0.609
401426586,2022,7,regular,North Texas,Louisiana Tech,-6.5,0.673
401426587,2022,7,regular,Middle Tennessee,Western Kentucky,7.5,0.302
401403922,2022,8,regular,Alabama,Mississippi State,-21.0,0.926
401403923,2022,8,regular,LSU,Ole Miss,0.0,0.5
401403924,2022,8,regular,Missouri,Vanderbilt,-14.0,0.833
401403925,2022,8,regular,South Carolina,Texas A&M,3.0,0.418
401404018,2022,8,regular,Stanford,Arizona State,-3.0,0.582
401404019,2022,8,regular,California,Washington,7.5,0.302
401404020,2022,8,regular,Oregon State,Colorado,-23.0,0.944
401404021,2022,8,regular,Oregon,UCLA,-7.0,0.685
401404096,2022,8,regular,Baylor,Kansas,-10.5,0.766
401404097,2022,8,regular,TCU,Kansas State,-3.5,0.595
401404098,2022,8,regular,Oklahoma State,Texas,6.5,0.327
401404099,2022,8,regular,Texas Tech,West Virginia,-5.0,0.635
401404128,2022,8,regular,Notre Dame,UNLV,-26.0,0.964
401404140,2022,8,regular,Army,UL Monroe,-6.5,0.673
401404163,2022,8,regular,Liberty,BYU,7.0,0.315
401405117,2022,8,regular,Wisconsin,Purdue,-1.5,0.541
401405118,2022,8,regular,Maryland,Northwestern,-14.5,0.841
401405119,2022,8,regular,Ohio State,Iowa,-29.5,0.979
401405120,2022,8,regular,Penn State,Minnesota,-5.5,0.648
401405121,2022,8,regular,Rutgers,Indiana,-3.0,0.582
401411141,2022,8,regular,Georgia Tech,Virginia,-3.5,0.595
401411142,2022,8,regular,Clemson,Syracuse,-14.0,0.833
401411143,2022,8,regular,Louisville,Pittsburgh,-1.5,0.541
401411144,2022,8,regular,Miami,Duke,-10.0,0.755
401411145,2022,8,regular,Wake Forest,Boston College,-20.0,0.916
401415241,2022,8,regular,Air Force,Boise State,-2.5,0.568
401415242,2022,8,regular,Colorado State,Hawai'i,-6.0,0.66
401415243,2022,8,regular,New Mexico,Fresno State,9.5,0.256
401415244,2022,8,regular,Wyoming,Utah State,-5.5,0.648
401415245,2022,8,regular,Nevada,San Diego State,7.5,0.302
401415638,2022,8,regular,Temple,Tulsa,13.5,0.176
401415639,2022,8,regular,Tulane,Memphis,-7.0,0.685
401415640,2022,8,regular,Navy,Houston,3.0,0.418
401415641,2022,8,regular,SMU,Cincinnati,3.5,0.405
401415642,2022,8,regular,East Carolina,UCF,5.5,0.352
401416624,2022,8,regular,Ball State,Eastern Michigan,-2.5,0.568
401416625,2022,8,regular,Ohio,Northern Illinois,2.5,0.432
401416626,2022,8,regular,Buffalo,Toledo,7.0,0.315
401416627,2022,8,regular,Miami (OH),Western Michigan,-7.0,0.685
401416628,2022,8,regular,Kent State,Akron,-15.5,0.857
401416629,2022,8,regular,Central Michigan,Bowling Green,-6.5,0.673
401426353,2022,8,regular,App State,Georgia State,-9.5,0.744
401426354,2022,8,regular,South Alabama,Troy,-3.0,0.582
401426355,2022,8,regular,James Madison,Marshall,-9.5,0.744
401426356,2022,8,regular,Old Dominion,Georgia Southern,-1.5,0.541
401426357,2022,8,regular,Louisiana,Arkansas State,-6.5,0.673
401426358,2022,8,regular,Texas State,Southern Miss,2.5,0.432
401426588,2022,8,regular,Charlotte,Florida International,-13.5,0.824
401426589,2022,8,regular,UTEP,Florida Atlantic,3.0,0.418
401426590,2022,8,regular,Louisiana Tech,Rice,3.0,0.418
401426591,2022,8,regular,UTSA,North Texas,-10.0,0.755
401426592,2022,8,regular,Western Kentucky,UAB,-1.0,0.527
401403927,2022,9,regular,Auburn,Arkansas,4.0,0.391
401403928,2022,9,regular,Georgia,Florida,-23.0,0.944
401403929,2022,9,regular,South Carolina,Missouri,-3.5,0.595
401403930,2022,9,regular,Tennessee,Kentucky,-10.5,0.766
401403931,2022,9,regular,Texas A&M,Ole Miss,3.0,0.418
401404022,2022,9,regular,Arizona,USC,14.0,0.167
401404023,2022,9,regular,Colorado,Arizona State,13.0,0.185
401404024,2022,9,regular,California,Oregon,16.5,0.128
401404025,2022,9,regular,UCLA,Stanford,-16.5,0.872
401404026,2022,9,regular,Washington State,Utah,7.0,0.315
401404100,2022,9,regular,Iowa State,Oklahoma,1.5,0.459
401404101,2022,9,regular,Texas Tech,Baylor,-1.5,0.541
401404102,2022,9,regular,Kansas State,Oklahoma State,-2.5,0.568
401404103,2022,9,regular,West Virginia,TCU,7.0,0.315
401404129,2022,9,regular,Syracuse,Notre Dame,1.0,0.473
401404154,2022,9,regular,UConn,Boston College,8.0,0.291
401405122,2022,9,regular,Iowa,Northwestern,-11.5,0.786
401405123,2022,9,regular,Minnesota,Rutgers,-14.0,0.833
401405124,2022,9,regular,Nebraska,Illinois,7.5,0.302
401405125,2022,9,regular,Michigan,Michigan State,-22.5,0.94
401405126,2022,9,regular,Penn State,Ohio State,15.5,0.143
401409242,2022,9,regular,Massachusetts,New Mexico State,1.0,0.473
401411146,2022,9,regular,NC State,Virginia Tech,-13.5,0.824
401411147,2022,9,regular,Florida State,Georgia Tech,-23.5,0.947
401411148,2022,9,regular,Louisville,Wake Forest,3.0,0.418
401411149,2022,9,regular,North Carolina,Pittsburgh,-2.5,0.568
401411150,2022,9,regular,Virginia,Miami,3.0,0.418
401415246,2022,9,regular,Boise State,Colorado State,-25.0,0.958
401415247,2022,9,regular,Hawai'i,Wyoming,11.5,0.214
401415248,2022,9,regular,Fresno State,San Diego State,-10.5,0.766
401415249,2022,9,regular,San José State,Nevada,-24.5,0.954
401415643,2022,9,regular,Houston,South Florida,-17.5,0.886
401415644,2022,9,regular,UCF,Cincinnati,-1.5,0.541
401415645,2022,9,regular,BYU,East Carolina,-3.5,0.595
401415646,2022,9,regular,Navy,Temple,-14.5,0.841
401415647,2022,9,regular,Tulsa,SMU,1.0,0.473
401416630,2022,9,regular,Eastern Michigan,Toledo,4.0,0.391
401416631,2022,9,regular,Akron,Miami (OH),9.0,0.267
401426359,2022,9,regular,Southern Miss,Louisiana,2.5,0.432
401426361,2022,9,regular,Georgia State,Old Dominion,-3.5,0.595
401426362,2022,9,regular,Marshall,Coastal Carolina,-2.5,0.568
401426363,2022,9,regular,Arkansas State,South Alabama,9.0,0.267
401426593,2022,9,regular,Rice,Charlotte,-15.5,0.857
401426594,2022,9,regular,Florida International,Louisiana Tech,6.5,0.327
401426595,2022,9,regular,Florida Atlantic,UAB,4.5,0.378
401426596,2022,9,regular,UTEP,Middle Tennessee,-2.5,0.568
401426597,2022,9,regular,Western Kentucky,North Texas,-10.0,0.755
401403932,2022,10,regular,Arkansas,Liberty,-14.5,0.841
401403933,2022,10,regular,Georgia,Tennessee,-10.0,0.755
401403934,2022,10,regular,LSU,Alabama,13.5,0.176
401403935,2022,10,regular,Mississippi State,Auburn,-12.5,0.806
401403936,2022,10,regular,Missouri,Kentucky,-1.0,0.527
401403937,2022,10,regular,Texas A&M,Florida,-1.5,0.541
401403938,2022,10,regular,Vanderbilt,South Carolina,6.5,0.327
401404027,2022,10,regular,Utah,Arizona,-17.5,0.886
401404028,2022,10,regular,Arizona State,UCLA,11.0,0.224
401404029,2022,10,regular,USC,California,-21.0,0.926
401404030,2022,10,regular,Colorado,Oregon,31.0,0.016
401404031,2022,10,regular,Washington,Oregon State,-4.5,0.622
401404032,2022,10,regular,Stanford,Washington State,3.0,0.418
401404104,2022,10,regular,Oklahoma,Baylor,-3.0,0.582
401404105,2022,10,regular,Iowa State,West Virginia,-6.5,0.673
401404106,2022,10,regular,Kansas,Oklahoma State,-3.0,0.582
401404107,2022,10,regular,Kansas State,Texas,3.0,0.418
401404108,2022,10,regular,TCU,Texas Tech,-8.5,0.721
401404130,2022,10,regular,Notre Dame,Clemson,3.5,0.405
401404141,2022,10,regular,Army,Air Force,7.0,0.315
401404155,2022,10,regular,UConn,Massachusetts,-15.0,0.85
401405127,2022,10,regular,Illinois,Michigan State,-16.0,0.865
401405128,2022,10,regular,Nebraska,Minnesota,14.5,0.159
401405129,2022,10,regular,Northwestern,Ohio State,37.5,0.005
401405130,2022,10,regular,Purdue,Iowa,-3.5,0.595
401405131,2022,10,regular,Wisconsin,Maryland,-5.0,0.635
401405132,2022,10,regular,Indiana,Penn State,13.5,0.176
401405133,2022,10,regular,Rutgers,Michigan,26.5,0.034
401411151,2022,10,regular,Boston College,Duke,11.5,0.214
401411152,2022,10,regular,Louisville,James Madison,-6.5,0.673
401411153,2022,10,regular,Miami,Florida State,6.5,0.327
401411154,2022,10,regular,NC State,Wake Forest,3.0,0.418
401411155,2022,10,regular,Pittsburgh,Syracuse,-3.5,0.595
401411156,2022,10,regular,Virginia,North Carolina,7.5,0.302
401411157,2022,10,regular,Virginia Tech,Georgia Tech,-4.0,0.609
401415250,2022,10,regular,Boise State,BYU,-9.5,0.744
401415251,2022,10,regular,San José State,Colorado State,-24.0,0.951
401415252,2022,10,regular,Utah State,New Mexico,-14.5,0.841
401415253,2022,10,regular,Fresno State,Hawai'i,-27.5,0.971
401415254,2022,10,regular,San Diego State,UNLV,-5.0,0.635
401415648,2022,10,regular,Temple,South Florida,3.5,0.405
401415649,2022,10,regular,Tulsa,Tulane,6.5,0.327
401415650,2022,10,regular,Cincinnati,Navy,-18.5,0.899
401415651,2022,10,regular,Memphis,UCF,3.0,0.418
401415652,2022,10,regular,SMU,Houston,-3.5,0.595
401416632,2022,10,regular,Kent State,Ball State,-7.0,0.685
401416633,2022,10,regular,Ohio,Buffalo,2.5,0.432
401416634,2022,10,regular,Northern Illinois,Central Michigan,-4.5,0.622
401416635,2022,10,regular,Bowling Green,Western Michigan,-5.0,0.635
401426364,2022,10,regular,Coastal Carolina,App State,3.0,0.418
401426365,2022,10,regular,Georgia Southern,South Alabama,3.5,0.405
401426366,2022,10,regular,Old Dominion,Marshall,3.5,0.405
401426367,2022,10,regular,Louisiana,Troy,3.5,0.405
401426368,2022,10,regular,UL Monroe,Texas State,-2.5,0.568
401426369,2022,10,regular,Southern Miss,Georgia State,-2.0,0.555
401426598,2022,10,regular,Charlotte,Western Kentucky,14.5,0.159
401426599,2022,10,regular,North Texas,Florida International,-21.5,0.931
401426600,2022,10,regular,Louisiana Tech,Middle Tennessee,2.5,0.432
401426601,2022,10,regular,Rice,UTEP,-3.5,0.595
401426602,2022,10,regular,UAB,UTSA,2.5,0.432
401403939,2022,11,regular,Arkansas,LSU,3.5,0.405
401403940,2022,11,regular,Auburn,Texas A&M,-1.5,0.541
401403941,2022,11,regular,Florida,South Carolina,-8.0,0.709
401404109,2022,11,regular,Baylor,Kansas State,-2.5,0.568
401411158,2022,11,regular,Clemson,Louisville,-7.0,0.685
401411159,2022,11,regular,Duke,Virginia Tech,-10.0,0.755
401411160,2022,11,regular,Georgia Tech,Miami,-2.0,0.555
401414784,2022,11,regular,Arkansas State,Massachusetts,-17.5,0.886
401415256,2022,11,regular,Air Force,New Mexico,-21.0,0.926
401415257,2022,11,regular,Hawai'i,Utah State,10.5,0.234
401415258,2022,11,regular,Colorado State,Wyoming,8.5,0.279
401415654,2022,11,regular,Cincinnati,East Carolina,-4.5,0.622
401416637,2022,11,regular,Akron,Eastern Michigan,6.5,0.327
401416640,2022,11,regular,Central Michigan,Buffalo,-2.5,0.568
401416641,2022,11,regular,Bowling Green,Kent State,2.5,0.432
401426371,2022,11,regular,Coastal Carolina,Southern Miss,-5.0,0.635
401426372,2022,11,regular,Georgia State,UL Monroe,-13.5,0.824
401426604,2022,11,regular,Florida International,Florida Atlantic,15.5,0.143
401520145,2023,1,regular,Jacksonville State,UTEP,1.0,0.473
401520146,2023,1,regular,Louisiana Tech,Florida International,-10.0,0.755
401520147,2023,1,regular,Vanderbilt,Hawai'i,-18.0,0.893
401520148,2023,1,regular,Minnesota,Nebraska,-7.0,0.685
401520149,2023,1,regular,Alabama,Middle Tennessee,-39.5,0.997
401520151,2023,1,regular,Auburn,Massachusetts,-39.0,0.996
401520152,2023,1,regular,BYU,Sam Houston,-20.0,0.916
401520155,2023,1,regular,Illinois,Toledo,-10.0,0.755
401520156,2023,1,regular,Indiana,Ohio State,27.5,0.029
401520157,2023,1,regular,Iowa,Utah State,-24.0,0.951
401520159,2023,1,regular,Kentucky,Ball State,-25.5,0.961
401520160,2023,1,regular,Liberty,Bowling Green,-7.0,0.685
401520162,2023,1,regular,Michigan,East Carolina,-34.5,0.991
401520163,2023,1,regular,Michigan State,Central Michigan,-15.0,0.85
401520167,2023,1,regular,North Carolina,South Carolina,2.5,0.432
401520169,2023,1,regular,Penn State,West Virginia,-20.5,0.921
401520170,2023,1,regular,Purdue,Fresno State,-5.5,0.648
401520171,2023,1,regular,Rutgers,Northwestern,-7.0,0.685
401520172,2023,1,regular,SMU,Louisiana Tech,-21.0,0.926
401520173,2023,1,regular,Texas A&M,New Mexico,-38.0,0.996
401520174,2023,1,regular,UConn,NC State,16.5,0.128
401520175,2023,1,regular,UL Monroe,Army,8.5,0.279
401520176,2023,1,regular,Utah,Florida,-8.0,0.709
401520179,2023,1,regular,Tennessee,Virginia,-28.0,0.973
401520180,2023,1,regular,Wisconsin,Buffalo,-24.0,0.951
401520181,2023,1,regular,Western Kentucky,South Florida,-13.0,0.815
401520182,2023,1,regular,Florida State,LSU,2.5,0.432
401523986,2023,1,regular,USC,San José State,-30.5,0.982
401523988,2023,1,regular,Hawai'i,Stanford,2.5,0.432
401523990,2023,1,regular,Colorado State,Washington State,8.5,0.279
401523991,2023,1,regular,North Texas,California,9.0,0.267
401523994,2023,1,regular,TCU,Colorado,-20.0,0.916
401523995,2023,1,regular,UCLA,Coastal Carolina,-15.5,0.857
401523996,2023,1,regular,USC,Nevada,-38.0,0.996
401523997,2023,1,regular,Washington,Boise State,-14.5,0.841
401525434,2023,1,regular,Notre Dame,Navy,-20.0,0.916
401525450,2023,1,regular,New Mexico State,Massachusetts,-8.0,0.709
401525462,2023,1,regular,Georgia Tech,Louisville,8.0,0.291
401525463,2023,1,regular,Miami,Miami (OH),-16.5,0.872
401525464,2023,1,regular,Boston College,Northern Illinois,-10.0,0.755
401525467,2023,1,regular,Virginia Tech,Old Dominion,-17.0,0.879
401525468,2023,1,regular,Duke,Clemson,12.5,0.194
401525816,2023,1,regular,UCF,Kent State,-33.5,0.99
401525817,2023,1,regular,Baylor,Texas State,-27.0,0.969
401525819,2023,1,regular,Houston,UTSA,0.0,0.5
401525822,2023,1,regular,Oklahoma,Arkansas State,-36.5,0.994
401525824,2023,1,regular,Texas,Rice,-35.5,0.993
401525825,2023,1,regular,Wyoming,Texas Tech,13.5,0.176
401531347,2023,1,regular,Tulane,South Alabama,-6.0,0.66
401531387,2023,1,regular,Temple,Akron,-9.5,0.744
401532392,2023,1,regular,San Diego State,Ohio,-3.5,0.595
401532573,2023,1,regular,San José State,Oregon State,14.0,0.167
401520183,2023,2,regular,Alabama,Texas,-7.5,0.698
401520184,2023,2,regular,Arkansas,Kent State,-38.5,0.996
401520186,2023,2,regular,California,Auburn,5.0,0.365
401520187,2023,2,regular,Coastal Carolina,Jacksonville State,-14.0,0.833
401520188,2023,2,regular,Colorado,Nebraska,-3.0,0.582
401520189,2023,2,regular,Florida International,North Texas,10.5,0.234
401520191,2023,2,regular,Georgia,Ball State,-42.0,0.998
401520192,2023,2,regular,Georgia State,UConn,-3.0,0.582
401520194,2023,2,regular,Iowa State,Iowa,3.5,0.405
401520195,2023,2,regular,Kansas,Illinois,-4.0,0.609
401520198,2023,2,regular,Liberty,New Mexico State,-9.5,0.744
401520200,2023,2,regular,Maryland,Charlotte,-24.5,0.954
401520201,2023,2,regular,Miami,Texas A&M,2.5,0.432
401520202,2023,2,regular,Michigan,UNLV,-37.5,0.995
401520204,2023,2,regular,Minnesota,Eastern Michigan,-19.5,0.911
401520205,2023,2,regular,Mississippi State,Arizona,-9.0,0.733
401520206,2023,2,regular,Missouri,Middle Tennessee,-21.0,0.926
401520207,2023,2,regular,Northwestern,UTEP,-1.0,0.527
401520210,2023,2,regular,Rutgers,Temple,-7.5,0.698
401520211,2023,2,regular,Sam Houston,Air Force,12.5,0.194
401520214,2023,2,regular,Tulane,Ole Miss,13.0,0.185
401520215,2023,2,regular,Virginia Tech,Purdue,-1.5,0.541
401520216,2023,2,regular,Wake Forest,Vanderbilt,-9.5,0.744
401520217,2023,2,regular,Washington State,Wisconsin,5.5,0.352
401523998,2023,2,regular,Arizona State,Oklahoma State,2.5,0.432
401523999,2023,2,regular,Baylor,Utah,7.0,0.315
401524001,2023,2,regular,San Diego State,UCLA,13.5,0.176
401524002,2023,2,regular,Texas Tech,Oregon,4.5,0.378
401524003,2023,2,regular,USC,Stanford,-28.5,0.975
401524004,2023,2,regular,Washington,Tulsa,-34.0,0.99
401525436,2023,2,regular,NC State,Notre Dame,7.0,0.315
401525493,2023,2,regular,Florida State,Southern Miss,-31.0,0.984
401525495,2023,2,regular,North Carolina,App State,-19.5,0.911
401525496,2023,2,regular,Pittsburgh,Cincinnati,-6.5,0.673
401525497,2023,2,regular,Syracuse,Western Michigan,-24.5,0.954
401525498,2023,2,regular,Virginia,James Madison,6.0,0.34
401525827,2023,2,regular,Boise State,UCF,3.0,0.418
401525829,2023,2,regular,Kansas State,Troy,-15.0,0.85
401525830,2023,2,regular,Oklahoma,SMU,-16.5,0.872
401525831,2023,2,regular,Rice,Houston,7.0,0.315
401526833,2023,2,regular,Massachusetts,Miami (OH),7.0,0.315
401531378,2023,2,regular,Georgia Southern,UAB,-6.5,0.673
401531395,2023,2,regular,UTSA,Texas State,-14.0,0.833
401531411,2023,2,regular,East Carolina,Marshall,3.0,0.418
401531419,2023,2,regular,Florida Atlantic,Ohio,-3.5,0.595
401531427,2023,2,regular,Arkansas State,Memphis,21.0,0.074
401531842,2023,2,regular,Old Dominion,Louisiana,6.5,0.327
401520219,2023,3,regular,Arizona,UTEP,-18.5,0.899
401520220,2023,3,regular,Arkansas,BYU,-7.5,0.698
401520222,2023,3,regular,Buffalo,Liberty,3.0,0.418
401520223,2023,3,regular,Duke,Northwestern,-17.0,0.879
401520224,2023,3,regular,Florida,Tennessee,5.0,0.365
401520225,2023,3,regular,Georgia,South Carolina,-26.5,0.966
401520226,2023,3,regular,Illinois,Penn State,14.0,0.167
401520227,2023,3,regular,Iowa,Western Michigan,-28.5,0.975
401520228,2023,3,regular,Kentucky,Akron,-25.5,0.961
401520229,2023,3,regular,Louisiana Tech,North Texas,-4.5,0.622
401520230,2023,3,regular,Indiana,Louisville,10.0,0.245
401520231,2023,3,regular,Maryland,Virginia,-16.0,0.865
401520232,2023,3,regular,Michigan,Bowling Green,-41.0,0.998
401520233,2023,3,regular,Michigan State,Washington,15.0,0.15
401520235,2023,3,regular,Mississippi State,LSU,9.5,0.256
401520236,2023,3,regular,Missouri,Kansas State,3.5,0.405
401520237,2023,3,regular,Nebraska,Northern Illinois,-11.5,0.786
401520238,2023,3,regular,New Mexico,New Mexico State,-3.0,0.582
401520239,2023,3,regular,North Carolina,Minnesota,-7.0,0.685
401520240,2023,3,regular,Ohio State,Western Kentucky,-29.5,0.979
401520241,2023,3,regular,Ole Miss,Georgia Tech,-17.0,0.879
401520242,2023,3,regular,Purdue,Syracuse,1.0,0.473
401520243,2023,3,regular,Rutgers,Virginia Tech,-6.5,0.673
401520244,2023,3,regular,South Florida,Alabama,34.5,0.009
401520245,2023,3,regular,Texas A&M,UL Monroe,-36.5,0.994
401520246,2023,3,regular,UConn,Florida International,-7.0,0.685
401520247,2023,3,regular,UNLV,Vanderbilt,4.5,0.378
401520249,2023,3,regular,Wisconsin,Georgia Southern,-20.5,0.921
401524005,2023,3,regular,Arizona State,Fresno State,3.5,0.405
401524007,2023,3,regular,Colorado,Colorado State,-24.0,0.951
401524008,2023,3,regular,Oregon,Hawai'i,-38.0,0.996
401524009,2023,3,regular,Oregon State,San Diego State,-24.5,0.954
401525437,2023,3,regular,Notre Dame,Central Michigan,-35.0,0.992
401525500,2023,3,regular,Boston College,Florida State,25.0,0.042
401525501,2023,3,regular,Clemson,Florida Atlantic,-25.0,0.958
401525503,2023,3,regular,West Virginia,Pittsburgh,-2.5,0.568
401525504,2023,3,regular,Old Dominion,Wake Forest,14.0,0.167
401525835,2023,3,regular,Cincinnati,Miami (OH),-14.0,0.833
401525836,2023,3,regular,Houston,TCU,7.0,0.315
401525837,2023,3,regular,Nevada,Kansas,28.5,0.025
401525838,2023,3,regular,Ohio,Iowa State,2.5,0.432
401525839,2023,3,regular,Oklahoma State,South Alabama,-7.0,0.685
401525840,2023,3,regular,Texas,Wyoming,-31.0,0.984
401525842,2023,3,regular,Tulsa,Oklahoma,28.0,0.027
401526834,2023,3,regular,Eastern Michigan,Massachusetts,-8.0,0.709
401531348,2023,3,regular,Southern Miss,Tulane,7.5,0.302
401531379,2023,3,regular,UAB,Louisiana,-2.0,0.555
401531396,2023,3,regular,UTSA,Army,-7.0,0.685
401531403,2023,3,regular,Charlotte,Georgia State,6.0,0.34
401531412,2023,3,regular,App State,East Carolina,-7.5,0.698
401531428,2023,3,regular,Memphis,Navy,-12.0,0.796
401531848,2023,3,regular,Troy,James Madison,-2.5,0.568
401532403,2023,3,regular,Toledo,San José State,-9.0,0.733
401532581,2023,3,regular,Air Force,Utah State,-8.5,0.721
401520250,2023,4,regular,Alabama,Ole Miss,-7.0,0.685
401520251,2023,4,regular,Florida,Charlotte,-27.5,0.971
401520252,2023,4,regular,Georgia,UAB,-41.0,0.998
401520253,2023,4,regular,Hawai'i,New Mexico State,-4.0,0.609
401520254,2023,4,regular,Houston,Sam Houston,-11.5,0.786
401520255,2023,4,regular,Illinois,Florida Atlantic,-16.5,0.872
401520256,2023,4,regular,Indiana,Akron,-16.5,0.872
401520257,2023,4,regular,Jacksonville State,Eastern Michigan,-6.5,0.673
401520258,2023,4,regular,LSU,Arkansas,-18.0,0.893
401520259,2023,4,regular,Missouri,Memphis,-6.5,0.673
401520260,2023,4,regular,Michigan,Rutgers,-23.5,0.947
401520261,2023,4,regular,Michigan State,Maryland,7.5,0.302
401520262,2023,4,regular,Middle Tennessee,Colorado State,-4.0,0.609
401520263,2023,4,regular,Nebraska,Louisiana Tech,-21.0,0.926
401520264,2023,4,regular,Northwestern,Minnesota,10.5,0.234
401520265,2023,4,regular,Penn State,Iowa,-14.0,0.833
401520266,2023,4,regular,Purdue,Wisconsin,6.0,0.34
401520267,2023,4,regular,South Carolina,Mississippi State,-6.0,0.66
401520268,2023,4,regular,Syracuse,Army,-13.0,0.815
401520269,2023,4,regular,Tennessee,UTSA,-24.5,0.954
401520270,2023,4,regular,Texas A&M,Auburn,-9.0,0.733
401520271,2023,4,regular,Troy,Western Kentucky,-3.5,0.595
401520272,2023,4,regular,UConn,Duke,22.0,0.065
401520273,2023,4,regular,UTEP,UNLV,-2.0,0.555
401520274,2023,4,regular,Vanderbilt,Kentucky,13.0,0.185
401520275,2023,4,regular,Florida International,Liberty,10.0,0.245
401521330,2023,4,regular,Notre Dame,Ohio State,3.0,0.418
401524014,2023,4,regular,Arizona State,USC,34.0,0.01
401524015,2023,4,regular,Oregon,Colorado,-21.0,0.926
401524016,2023,4,regular,Stanford,Arizona,13.0,0.185
401524017,2023,4,regular,Utah,UCLA,-3.0,0.582
401524018,2023,4,regular,Washington,California,-20.0,0.916
401524019,2023,4,regular,Washington State,Oregon State,3.0,0.418
401525505,2023,4,regular,Virginia,NC State,8.0,0.291
401525506,2023,4,regular,Louisville,Boston College,-13.5,0.824
401525507,2023,4,regular,Clemson,Florida State,2.0,0.445
401525508,2023,4,regular,Wake Forest,Georgia Tech,-3.5,0.595
401525509,2023,4,regular,Temple,Miami,23.5,0.053
401525510,2023,4,regular,Pittsburgh,North Carolina,7.0,0.315
401525511,2023,4,regular,Marshall,Virginia Tech,-6.0,0.66
401525844,2023,4,regular,Baylor,Texas,17.5,0.114
401525845,2023,4,regular,Cincinnati,Oklahoma,14.0,0.167
401525846,2023,4,regular,Iowa State,Oklahoma State,-3.5,0.595
401525847,2023,4,regular,Kansas,BYU,-9.5,0.744
401525848,2023,4,regular,Kansas State,UCF,-6.5,0.673
401525849,2023,4,regular,TCU,SMU,-7.0,0.685
401525850,2023,4,regular,West Virginia,Texas Tech,5.5,0.352
401526835,2023,4,regular,Massachusetts,New Mexico,-3.5,0.595
401531338,2023,4,regular,Northern Illinois,Tulsa,-4.0,0.609
401531423,2023,4,regular,South Florida,Rice,2.5,0.432
401531849,2023,4,regular,Coastal Carolina,Georgia State,-6.5,0.673
401531870,2023,4,regular,Wyoming,App State,-3.0,0.582
401531871,2023,4,regular,Ball State,Georgia Southern,6.0,0.34
401531872,2023,4,regular,Utah State,James Madison,5.0,0.365
401531874,2023,4,regular,Arkansas State,Southern Miss,7.0,0.315
401531875,2023,4,regular,Louisiana,Buffalo,-10.5,0.766
401531876,2023,4,regular,South Alabama,Central Michigan,-16.0,0.865
401531877,2023,4,regular,Texas State,Nevada,-17.0,0.879
401532405,2023,4,regular,Bowling Green,Ohio,13.0,0.185
401532406,2023,4,regular,Toledo,Western Michigan,-21.5,0.931
401532407,2023,4,regular,Fresno State,Kent State,-27.0,0.969
401532583,2023,4,regular,San Diego State,Boise State,4.5,0.378
401532584,2023,4,regular,San José State,Air Force,6.5,0.327
401520276,2023,5,regular,Sam Houston,Jacksonville State,6.5,0.327
401520277,2023,5,regular,Western Kentucky,Middle Tennessee,-5.5,0.648
401520278,2023,5,regular,UTEP,Louisiana Tech,1.0,0.473
401520279,2023,5,regular,Arkansas,Texas A&M,6.5,0.327
401520280,2023,5,regular,Auburn,Georgia,14.5,0.159
401520281,2023,5,regular,Iowa,Michigan State,-12.0,0.796
401520282,2023,5,regular,Kentucky,Florida,-2.5,0.568
401520283,2023,5,regular,Maryland,Indiana,-14.0,0.833
401520284,2023,5,regular,Minnesota,Louisiana,-10.0,0.755
401520285,2023,5,regular,Mississippi State,Alabama,14.0,0.167
401520286,2023,5,regular,Nebraska,Michigan,17.5,0.114
401520287,2023,5,regular,Northwestern,Penn State,25.5,0.039
401520288,2023,5,regular,Ole Miss,LSU,3.0,0.418
401520289,2023,5,regular,Purdue,Illinois,-1.0,0.527
401520291,2023,5,regular,Tennessee,South Carolina,-13.0,0.815
401520292,2023,5,regular,UConn,Utah State,4.5,0.378
401520293,2023,5,regular,Vanderbilt,Missouri,13.5,0.176
401524020,2023,5,regular,Oregon State,Utah,-3.0,0.582
401524021,2023,5,regular,Arizona,Washington,17.5,0.114
401524022,2023,5,regular,California,Arizona State,-11.5,0.786
401524023,2023,5,regular,Colorado,USC,21.5,0.069
401524024,2023,5,regular,Stanford,Oregon,27.0,0.031
401525438,2023,5,regular,Duke,Notre Dame,5.5,0.352
401525512,2023,5,regular,NC State,Louisville,3.0,0.418
401525513,2023,5,regular,Boston College,Virginia,-3.0,0.582
401525514,2023,5,regular,Syracuse,Clemson,7.0,0.315
401525515,2023,5,regular,Georgia Tech,Bowling Green,-22.5,0.94
401525516,2023,5,regular,Virginia Tech,Pittsburgh,2.5,0.432
401525851,2023,5,regular,BYU,Cincinnati,-2.5,0.568
401525852,2023,5,regular,Oklahoma,Iowa State,-20.0,0.916
401525853,2023,5,regular,TCU,West Virginia,-11.0,0.776
401525854,2023,5,regular,Texas,Kansas,-17.0,0.879
401525855,2023,5,regular,Texas Tech,Houston,-10.0,0.755
401525856,2023,5,regular,UCF,Baylor,-11.5,0.786
401526836,2023,5,regular,Massachusetts,Arkansas State,-1.5,0.541
401531339,2023,5,regular,Tulsa,Temple,-3.5,0.595
401531370,2023,5,regular,Tulane,UAB,-22.0,0.935
401531404,2023,5,regular,SMU,Charlotte,-23.5,0.947
401531414,2023,5,regular,Rice,East Carolina,-3.0,0.582
401531424,2023,5,regular,Navy,South Florida,-4.0,0.609
401531429,2023,5,regular,Memphis,Boise State,-3.5,0.595
401531878,2023,5,regular,Georgia Southern,Coastal Carolina,-6.0,0.66
401531879,2023,5,regular,Georgia State,Troy,-1.0,0.527
401531880,2023,5,regular,James Madison,South Alabama,-3.5,0.595
401531881,2023,5,regular,Marshall,Old Dominion,-14.0,0.833
401531882,2023,5,regular,UL Monroe,App State,13.5,0.176
401531883,2023,5,regular,Southern Miss,Texas State,7.0,0.315
401532409,2023,5,regular,Western Michigan,Ball State,-1.0,0.527
401532410,2023,5,regular,Central Michigan,Eastern Michigan,-7.5,0.698
401532411,2023,5,regular,Toledo,Northern Illinois,-13.5,0.824
401532412,2023,5,regular,Akron,Buffalo,-2.5,0.568
401532413,2023,5,regular,Kent State,Miami (OH),14.5,0.159
401532586,2023,5,regular,UNLV,Hawai'i,-11.0,0.776
401532587,2023,5,regular,Fresno State,Nevada,-24.5,0.954
401532588,2023,5,regular,Wyoming,New Mexico,-14.0,0.833
401532589,2023,5,regular,Air Force,San Diego State,-11.0,0.776
401520294,2023,6,regular,Middle Tennessee,Jacksonville State,-3.0,0.582
401520295,2023,6,regular,Louisiana Tech,Western Kentucky,6.0,0.34
401520296,2023,6,regular,Liberty,Sam Houston,-21.5,0.931
401520297,2023,6,regular,New Mexico State,Florida International,-6.5,0.673
401520298,2023,6,regular,Army,Boston College,-2.0,0.555
401520299,2023,6,regular,Florida,Vanderbilt,-18.5,0.899
401520300,2023,6,regular,Georgia,Kentucky,-14.5,0.841
401520301,2023,6,regular,Illinois,Nebraska,-3.0,0.582
401520302,2023,6,regular,Iowa,Purdue,-2.0,0.555
401520303,2023,6,regular,Minnesota,Michigan,18.5,0.101
401520304,2023,6,regular,Mississippi State,Western Michigan,-21.0,0.926
401520305,2023,6,regular,Missouri,LSU,6.5,0.327
401520307,2023,6,regular,Ohio State,Maryland,-17.0,0.879
401520308,2023,6,regular,Ole Miss,Arkansas,-13.5,0.824
401520309,2023,6,regular,Rice,UConn,-10.0,0.755
401520310,2023,6,regular,Texas A&M,Alabama,2.5,0.432
401520311,2023,6,regular,Wisconsin,Rutgers,-13.0,0.815
401524025,2023,6,regular,USC,Arizona,-21.0,0.926
401524026,2023,6,regular,Arizona State,Colorado,3.0,0.418
401524027,2023,6,regular,California,Oregon State,7.5,0.302
401524028,2023,6,regular,UCLA,Washington State,-3.5,0.595
401525439,2023,6,regular,Louisville,Notre Dame,6.0,0.34
401525517,2023,6,regular,Clemson,Wake Forest,-21.0,0.926
401525518,2023,6,regular,Florida State,Virginia Tech,-24.0,0.951
401525519,2023,6,regular,Miami,Georgia Tech,-19.0,0.905
401525520,2023,6,regular,North Carolina,Syracuse,-9.0,0.733
401525521,2023,6,regular,NC State,Marshall,-6.5,0.673
401525857,2023,6,regular,Oklahoma State,Kansas State,11.5,0.214
401525858,2023,6,regular,Baylor,Texas Tech,2.5,0.432
401525859,2023,6,regular,Iowa State,TCU,6.5,0.327
401525860,2023,6,regular,Kansas,UCF,2.0,0.445
401525861,2023,6,regular,Texas,Oklahoma,-4.0,0.609
401526837,2023,6,regular,Massachusetts,Toledo,19.0,0.095
401531340,2023,6,regular,Florida Atlantic,Tulsa,-2.5,0.568
401531380,2023,6,regular,UAB,South Florida,3.0,0.418
401531389,2023,6,regular,Temple,UTSA,14.0,0.167
401531433,2023,6,regular,Navy,North Texas,-6.5,0.673
401531884,2023,6,regular,Louisiana,Texas State,-1.0,0.527
401531885,2023,6,regular,UL Monroe,South Alabama,11.0,0.224
401531886,2023,6,regular,Southern Miss,Old Dominion,-3.0,0.582
401531887,2023,6,regular,Troy,Arkansas State,-15.5,0.857
401532414,2023,6,regular,Eastern Michigan,Ball State,-2.0,0.555
401532415,2023,6,regular,Buffalo,Central Michigan,2.5,0.432
401532416,2023,6,regular,Miami (OH),Bowling Green,-7.5,0.698
401532417,2023,6,regular,Ohio,Kent State,-24.0,0.951
401532418,2023,6,regular,Akron,Northern Illinois,4.0,0.391
401532590,2023,6,regular,Utah State,Colorado State,3.0,0.418
401532591,2023,6,regular,Wyoming,Fresno State,6.0,0.34
401532592,2023,6,regular,Boise State,San José State,-7.5,0.698
401520312,2023,7,regular,Jacksonville State,Liberty,7.0,0.315
401520313,2023,7,regular,Middle Tennessee,Louisiana Tech,-3.0,0.582
401520314,2023,7,regular,Florida International,UTEP,-3.5,0.595
401520315,2023,7,regular,New Mexico State,Sam Houston,-4.0,0.609
401520316,2023,7,regular,Alabama,Arkansas,-19.5,0.911
401520317,2023,7,regular,Army,Troy,6.5,0.327
401520318,2023,7,regular,Kentucky,Missouri,-2.0,0.555
401520319,2023,7,regular,LSU,Auburn,-11.0,0.776
401520320,2023,7,regular,Maryland,Illinois,-13.0,0.815
401520321,2023,7,regular,Michigan,Indiana,-33.5,0.99
401520322,2023,7,regular,Penn State,Massachusetts,-42.0,0.998
401520323,2023,7,regular,Purdue,Ohio State,17.5,0.114
401520324,2023,7,regular,Rutgers,Michigan State,-4.5,0.622
401520325,2023,7,regular,South Carolina,Florida,1.0,0.473
401520326,2023,7,regular,Tennessee,Texas A&M,-3.0,0.582
401520327,2023,7,regular,Vanderbilt,Georgia,32.5,0.013
401520328,2023,7,regular,Wisconsin,Iowa,-8.0,0.709
401524029,2023,7,regular,Colorado,Stanford,-13.0,0.815
401524030,2023,7,regular,Washington State,Arizona,-8.0,0.709
401524031,2023,7,regular,Notre Dame,USC,-3.0,0.582
401524032,2023,7,regular,Oregon State,UCLA,-4.0,0.609
401524033,2023,7,regular,Utah,California,-9.0,0.733
401524034,2023,7,regular,Washington,Oregon,-3.5,0.595
401525523,2023,7,regular,Duke,NC State,-3.5,0.595
401525524,2023,7,regular,Florida State,Syracuse,-19.5,0.911
401525525,2023,7,regular,Pittsburgh,Louisville,7.0,0.315
401525526,2023,7,regular,North Carolina,Miami,-2.5,0.568
401525527,2023,7,regular,Virginia Tech,Wake Forest,-1.5,0.541
401525862,2023,7,regular,Houston,West Virginia,3.0,0.418
401525863,2023,7,regular,Cincinnati,Iowa State,-5.0,0.635
401525864,2023,7,regular,Oklahoma State,Kansas,3.0,0.418
401525865,2023,7,regular,TCU,BYU,-5.0,0.635
401525866,2023,7,regular,Texas Tech,Kansas State,-1.0,0.527
401531371,2023,7,regular,Memphis,Tulane,4.5,0.378
401531381,2023,7,regular,UTSA,UAB,-8.5,0.721
401531390,2023,7,regular,North Texas,Temple,-6.0,0.66
401531405,2023,7,regular,Charlotte,Navy,3.0,0.418
401531415,2023,7,regular,East Carolina,SMU,11.5,0.214
401531420,2023,7,regular,South Florida,Florida Atlantic,-2.5,0.568
401531888,2023,7,regular,App State,Coastal Carolina,-4.5,0.622
401531889,2023,7,regular,Georgia State,Marshall,-1.5,0.541
401531890,2023,7,regular,James Madison,Georgia Southern,-6.0,0.66
401531891,2023,7,regular,Texas State,UL Monroe,-19.0,0.905
401532419,2023,7,regular,Ball State,Toledo,17.5,0.114
401532420,2023,7,regular,Central Michigan,Akron,-10.5,0.766
401532421,2023,7,regular,Buffalo,Bowling Green,-3.0,0.582
401532422,2023,7,regular,Eastern Michigan,Kent State,-7.5,0.698
401532423,2023,7,regular,Western Michigan,Miami (OH),7.5,0.302
401532424,2023,7,regular,Northern Illinois,Ohio,5.5,0.352
401532593,2023,7,regular,Colorado State,Boise State,7.5,0.302
401532594,2023,7,regular,Utah State,Fresno State,5.5,0.352
401532595,2023,7,regular,Hawai'i,San Diego State,6.0,0.34
401532596,2023,7,regular,New Mexico,San José State,6.0,0.34
401532597,2023,7,regular,Nevada,UNLV,7.5,0.302
401532598,2023,7,regular,Air Force,Wyoming,-13.0,0.815
401520329,2023,8,regular,Jacksonville State,Western Kentucky,7.5,0.302
401520330,2023,8,regular,Liberty,Middle Tennessee,-16.0,0.865
401520331,2023,8,regular,Sam Houston,Florida International,-5.5,0.648
401520332,2023,8,regular,UTEP,New Mexico State,3.0,0.418
401520333,2023,8,regular,Alabama,Tennessee,-8.5,0.721
401520334,2023,8,regular,Arkansas,Mississippi State,-7.0,0.685
401520335,2023,8,regular,Auburn,Ole Miss,6.5,0.327
401520336,2023,8,regular,Illinois,Wisconsin,3.0,0.418
401520337,2023,8,regular,Indiana,Rutgers,6.0,0.34
401520338,2023,8,regular,Iowa,Minnesota,-3.0,0.582
401520339,2023,8,regular,LSU,Army,-33.0,0.989
401520340,2023,8,regular,Michigan State,Michigan,25.5,0.039
401520341,2023,8,regular,Missouri,South Carolina,-7.0,0.685
401520342,2023,8,regular,Nebraska,Northwestern,-10.5,0.766
401520343,2023,8,regular,Ohio State,Penn State,-4.0,0.609
401520344,2023,8,regular,UConn,South Florida,-1.0,0.527
401524035,2023,8,regular,Oregon,Washington State,-19.0,0.905
401524036,2023,8,regular,Stanford,UCLA,17.0,0.121
401524037,2023,8,regular,USC,Utah,-7.0,0.685
401524038,2023,8,regular,Washington,Arizona State,-28.0,0.973
401525528,2023,8,regular,Georgia Tech,Boston College,-6.0,0.66
401525529,2023,8,regular,Miami,Clemson,6.5,0.327
401525530,2023,8,regular,Florida State,Duke,-14.0,0.833
401525531,2023,8,regular,North Carolina,Virginia,-24.0,0.951
401525532,2023,8,regular,Wake Forest,Pittsburgh,3.0,0.418
401525867,2023,8,regular,BYU,Texas Tech,3.0,0.418
401525868,2023,8,regular,Cincinnati,Baylor,-2.5,0.568
401525869,2023,8,regular,Houston,Texas,23.0,0.056
401525870,2023,8,regular,Kansas State,TCU,-5.5,0.648
401525871,2023,8,regular,Oklahoma,UCF,-17.0,0.879
401525872,2023,8,regular,West Virginia,Oklahoma State,-3.0,0.582
401531341,2023,8,regular,Tulsa,Rice,-3.5,0.595
401531372,2023,8,regular,Tulane,North Texas,-20.5,0.921
401531382,2023,8,regular,UAB,Memphis,7.5,0.302
401531391,2023,8,regular,Temple,SMU,24.0,0.049
401531397,2023,8,regular,Florida Atlantic,UTSA,2.5,0.432
401531406,2023,8,regular,East Carolina,Charlotte,-6.0,0.66
401531434,2023,8,regular,Navy,Air Force,10.5,0.234
401531892,2023,8,regular,South Alabama,Southern Miss,-18.5,0.899
401531893,2023,8,regular,Marshall,James Madison,5.0,0.365
401531894,2023,8,regular,Georgia Southern,UL Monroe,-16.0,0.865
401531895,2023,8,regular,Old Dominion,App State,6.0,0.34
401531896,2023,8,regular,Arkansas State,Coastal Carolina,8.5,0.279
401531897,2023,8,regular,Louisiana,Georgia State,-3.0,0.582
401532425,2023,8,regular,Ball State,Central Michigan,5.0,0.365
401532426,2023,8,regular,Northern Illinois,Eastern Michigan,-12.0,0.796
401532427,2023,8,regular,Miami (OH),Toledo,2.5,0.432
401532428,2023,8,regular,Ohio,Western Michigan,-16.5,0.872
401532429,2023,8,regular,Bowling Green,Akron,-7.0,0.685
401532430,2023,8,regular,Kent State,Buffalo,6.5,0.327
401532599,2023,8,regular,UNLV,Colorado State,-6.5,0.673
401532600,2023,8,regular,New Mexico,Hawai'i,1.5,0.459
401532601,2023,8,regular,San Diego State,Nevada,-11.0,0.776
401532602,2023,8,regular,San José State,Utah State,-4.0,0.609
401520345,2023,9,regular,Louisiana Tech,New Mexico State,-3.0,0.582
401520346,2023,9,regular,Western Kentucky,Liberty,4.0,0.391
401520347,2023,9,regular,Florida International,Jacksonville State,9.5,0.256
401520348,2023,9,regular,Sam Houston,UTEP,-4.0,0.609
401520349,2023,9,regular,Army,Massachusetts,-10.0,0.755
401520350,2023,9,regular,Auburn,Mississippi State,-6.5,0.673
401520351,2023,9,regular,Boston College,UConn,-14.5,0.841
401520352,2023,9,regular,Florida,Georgia,14.0,0.167
401520353,2023,9,regular,Kentucky,Tennessee,3.5,0.405
401520354,2023,9,regular,Minnesota,Michigan State,-6.5,0.673
401520355,2023,9,regular,Nebraska,Purdue,1.5,0.459
401520356,2023,9,regular,Northwestern,Maryland,14.5,0.159
401520357,2023,9,regular,Ole Miss,Vanderbilt,-24.0,0.951
401520358,2023,9,regular,Penn State,Indiana,-31.0,0.984
401520359,2023,9,regular,Texas A&M,South Carolina,-17.0,0.879
401520360,2023,9,regular,Wisconsin,Ohio State,14.5,0.159
401524039,2023,9,regular,Arizona,Oregon State,3.0,0.418
401524040,2023,9,regular,Arizona State,Washington State,4.0,0.391
401524041,2023,9,regular,California,USC,10.5,0.234
401524042,2023,9,regular,Stanford,Washington,28.0,0.027
401524043,2023,9,regular,UCLA,Colorado,-14.0,0.833
401524044,2023,9,regular,Utah,Oregon,6.5,0.327
401525440,2023,9,regular,Notre Dame,Pittsburgh,-21.0,0.926
401525533,2023,9,regular,Virginia Tech,Syracuse,-2.5,0.568
401525534,2023,9,regular,NC State,Clemson,10.0,0.245
401525535,2023,9,regular,Louisville,Duke,-5.0,0.635
401525536,2023,9,regular,Wake Forest,Florida State,21.0,0.074
401525537,2023,9,regular,Georgia Tech,North Carolina,12.5,0.194
401525538,2023,9,regular,Miami,Virginia,-19.0,0.905
401525873,2023,9,regular,Baylor,Iowa State,3.0,0.418
401525874,2023,9,regular,Kansas,Oklahoma,7.0,0.315
401525875,2023,9,regular,Kansas State,Houston,-18.5,0.899
401525876,2023,9,regular,Oklahoma State,Cincinnati,-7.5,0.698
401525877,2023,9,regular,Texas,BYU,-20.5,0.921
401525878,2023,9,regular,UCF,West Virginia,-6.5,0.673
401531342,2023,9,regular,SMU,Tulsa,-20.5,0.921
401531373,2023,9,regular,Rice,Tulane,10.0,0.245
401531398,2023,9,regular,UTSA,East Carolina,-17.5,0.886
401531407,2023,9,regular,Charlotte,Florida Atlantic,3.5,0.405
401531430,2023,9,regular,North Texas,Memphis,6.5,0.327
401531898,2023,9,regular,App State,Southern Miss,-16.0,0.865
401531899,2023,9,regular,Coastal Carolina,Marshall,3.5,0.405
401531900,2023,9,regular,James Madison,Old Dominion,-19.5,0.911
401531901,2023,9,regular,UL Monroe,Arkansas State,-1.0,0.527
401531902,2023,9,regular,South Alabama,Louisiana,-11.5,0.786
401531903,2023,9,regular,Texas State,Troy,6.5,0.327
401531929,2023,9,regular,Georgia Southern,Georgia State,1.0,0.473
401532431,2023,9,regular,Eastern Michigan,Western Michigan,3.0,0.418
401532432,2023,9,regular,Ohio,Miami (OH),-7.5,0.698
401532603,2023,9,regular,Colorado State,Air Force,14.5,0.159
401532604,2023,9,regular,Nevada,New Mexico,1.0,0.473
401532605,2023,9,regular,Hawai'i,San José State,10.0,0.245
401532606,2023,9,regular,Fresno State,UNLV,-10.5,0.766
401532607,2023,9,regular,Boise State,Wyoming,-4.5,0.622
401520361,2023,10,regular,Air Force,Army,-18.0,0.893
401520362,2023,10,regular,Alabama,LSU,-3.0,0.582
401520363,2023,10,regular,Florida,Arkansas,-3.0,0.582
401520364,2023,10,regular,Georgia,Missouri,-14.5,0.841
401520365,2023,10,regular,Indiana,Wisconsin,9.5,0.256
401520366,2023,10,regular,Liberty,Louisiana Tech,-14.0,0.833
401520367,2023,10,regular,Maryland,Penn State,8.5,0.279
401520368,2023,10,regular,Michigan,Purdue,-31.0,0.984
401520369,2023,10,regular,Michigan State,Nebraska,3.0,0.418
401520370,2023,10,regular,Minnesota,Illinois,-2.0,0.555
401520371,2023,10,regular,Mississippi State,Kentucky,5.5,0.352
401520372,2023,10,regular,New Mexico State,Middle Tennessee,-3.0,0.582
401520373,2023,10,regular,Northwestern,Iowa,5.0,0.365
401520374,2023,10,regular,Ole Miss,Texas A&M,-3.0,0.582
401520375,2023,10,regular,Rutgers,Ohio State,19.0,0.095
401520376,2023,10,regular,South Carolina,Jacksonville State,-15.5,0.857
401520377,2023,10,regular,Tennessee,UConn,-35.0,0.992
401520378,2023,10,regular,UTEP,Western Kentucky,10.0,0.245
401520379,2023,10,regular,Vanderbilt,Auburn,12.5,0.194
401524045,2023,10,regular,Arizona,UCLA,2.5,0.432
401524046,2023,10,regular,Colorado,Oregon State,13.0,0.185
401524047,2023,10,regular,Oregon,California,-26.5,0.966
401524048,2023,10,regular,USC,Washington,3.0,0.418
401524049,2023,10,regular,Utah,Arizona State,-10.5,0.766
401524050,2023,10,regular,Washington State,Stanford,-14.0,0.833
401525441,2023,10,regular,Clemson,Notre Dame,3.0,0.418
401525539,2023,10,regular,Duke,Wake Forest,-7.0,0.685
401525540,2023,10,regular,Syracuse,Boston College,1.0,0.473
401525541,2023,10,regular,Pittsburgh,Florida State,21.5,0.069
401525542,2023,10,regular,Virginia,Georgia Tech,-1.0,0.527
401525543,2023,10,regular,Louisville,Virginia Tech,-10.0,0.755
401525544,2023,10,regular,NC State,Miami,6.5,0.327
401525879,2023,10,regular,Texas Tech,TCU,-2.5,0.568
401525880,2023,10,regular,Baylor,Houston,-2.5,0.568
401525881,2023,10,regular,Cincinnati,UCF,3.5,0.405
401525882,2023,10,regular,Iowa State,Kansas,-2.5,0.568
401525883,2023,10,regular,Oklahoma State,Oklahoma,5.0,0.365
401525884,2023,10,regular,Texas,Kansas State,-3.5,0.595
401525885,2023,10,regular,West Virginia,BYU,-12.5,0.806
401531343,2023,10,regular,Tulsa,Charlotte,-4.0,0.609
401531374,2023,10,regular,East Carolina,Tulane,17.0,0.121
401531383,2023,10,regular,UAB,Florida Atlantic,1.0,0.473
401531392,2023,10,regular,Temple,Navy,7.0,0.315
401531399,2023,10,regular,North Texas,UTSA,7.5,0.302
401531425,2023,10,regular,Memphis,South Florida,-13.5,0.824
401531440,2023,10,regular,Rice,SMU,13.0,0.185
401531904,2023,10,regular,Troy,South Alabama,-6.5,0.673
401531905,2023,10,regular,App State,Marshall,-3.0,0.582
401531906,2023,10,regular,Georgia State,James Madison,6.0,0.34
401531907,2023,10,regular,Old Dominion,Coastal Carolina,-1.0,0.527
401531908,2023,10,regular,Arkansas State,Louisiana,7.0,0.315
401531909,2023,10,regular,Southern Miss,UL Monroe,-3.0,0.582
401531910,2023,10,regular,Texas State,Georgia Southern,-2.5,0.568
401532433,2023,10,regular,Central Michigan,Northern Illinois,6.5,0.327
401532434,2023,10,regular,Toledo,Buffalo,-14.5,0.841
401532435,2023,10,regular,Bowling Green,Ball State,-4.5,0.622
401532436,2023,10,regular,Akron,Kent State,-3.5,0.595
401532608,2023,10,regular,Fresno State,Boise State,-2.5,0.568
401532609,2023,10,regular,Wyoming,Colorado State,-6.0,0.66
401532610,2023,10,regular,Nevada,Hawai'i,-3.0,0.582
401532611,2023,10,regular,New Mexico,UNLV,15.0,0.15
401532612,2023,10,regular,San Diego State,Utah State,2.0,0.445
401520380,2023,11,regular,Arkansas,Auburn,-2.0,0.555
401520382,2023,11,regular,Georgia,Ole Miss,-11.0,0.776
401520383,2023,11,regular,Illinois,Indiana,-4.5,0.622
401520384,2023,11,regular,Iowa,Rutgers,-1.0,0.527
401520385,2023,11,regular,James Madison,UConn,-25.0,0.958
401520386,2023,11,regular,Kentucky,Alabama,10.5,0.234
401520387,2023,11,regular,Louisiana Tech,Sam Houston,-8.0,0.709
401520388,2023,11,regular,Liberty,Old Dominion,-14.0,0.833
401520389,2023,11,regular,LSU,Florida,-16.0,0.865
401520390,2023,11,regular,Middle Tennessee,Florida International,-10.5,0.766
401520391,2023,11,regular,Missouri,Tennessee,2.0,0.445
401520392,2023,11,regular,Nebraska,Maryland,1.5,0.459
401520393,2023,11,regular,Ohio State,Michigan State,-32.0,0.986
401520394,2023,11,regular,Penn State,Michigan,4.0,0.391
401520395,2023,11,regular,Purdue,Minnesota,2.0,0.445
401520396,2023,11,regular,South Carolina,Vanderbilt,-13.0,0.815
401520397,2023,11,regular,Texas A&M,Mississippi State,-16.5,0.872
401520398,2023,11,regular,Wisconsin,Northwestern,-12.0,0.796
401520399,2023,11,regular,Western Kentucky,New Mexico State,-5.0,0.635
401524051,2023,11,regular,California,Washington State,-2.0,0.555
401524052,2023,11,regular,Colorado,Arizona,8.0,0.291
401524053,2023,11,regular,Oregon,USC,-16.5,0.872
401524054,2023,11,regular,Oregon State,Stanford,-21.5,0.931
401524055,2023,11,regular,UCLA,Arizona State,-14.0,0.833
401524056,2023,11,regular,Washington,Utah,-9.5,0.744
401525546,2023,11,regular,Louisville,Virginia,-20.0,0.916
401525547,2023,11,regular,Boston College,Virginia Tech,2.5,0.432
401525548,2023,11,regular,Clemson,Georgia Tech,-14.5,0.841
401525549,2023,11,regular,North Carolina,Duke,-10.0,0.755
401525550,2023,11,regular,Florida State,Miami,-14.5,0.841
401525551,2023,11,regular,Wake Forest,NC State,2.0,0.445
401525552,2023,11,regular,Syracuse,Pittsburgh,3.0,0.418
401525886,2023,11,regular,BYU,Iowa State,7.5,0.302
401525887,2023,11,regular,Houston,Cincinnati,-3.0,0.582
401525888,2023,11,regular,Kansas,Texas Tech,-3.5,0.595
401525889,2023,11,regular,Kansas State,Baylor,-21.0,0.926
401525890,2023,11,regular,Oklahoma,West Virginia,-13.0,0.815
401525891,2023,11,regular,TCU,Texas,13.0,0.185
401525892,2023,11,regular,UCF,Oklahoma State,2.0,0.445
401531344,2023,11,regular,Tulane,Tulsa,-25.0,0.958
401531384,2023,11,regular,Navy,UAB,3.0,0.418
401531393,2023,11,regular,South Florida,Temple,-7.0,0.685
401531400,2023,11,regular,UTSA,Rice,-13.5,0.824
401531408,2023,11,regular,Charlotte,Memphis,10.0,0.245
401531416,2023,11,regular,Florida Atlantic,East Carolina,-7.5,0.698
401531437,2023,11,regular,SMU,North Texas,-20.5,0.921
401531911,2023,11,regular,Louisiana,Southern Miss,-7.5,0.698
401531912,2023,11,regular,Coastal Carolina,Texas State,3.0,0.418
401531913,2023,11,regular,Georgia State,App State,-3.0,0.582
401531914,2023,11,regular,Marshall,Georgia Southern,1.5,0.459
401531915,2023,11,regular,UL Monroe,Troy,21.5,0.069
401531916,2023,11,regular,South Alabama,Arkansas State,-15.0,0.85
401532437,2023,11,regular,Northern Illinois,Ball State,-8.0,0.709
401532438,2023,11,regular,Western Michigan,Central Michigan,-3.0,0.582
401532439,2023,11,regular,Buffalo,Ohio,9.5,0.256
401532440,2023,11,regular,Toledo,Eastern Michigan,-20.0,0.916
401532441,2023,11,regular,Miami (OH),Akron,-17.0,0.879
401532442,2023,11,regular,Kent State,Bowling Green,11.0,0.224
401532613,2023,11,regular,Hawai'i,Air Force,20.5,0.079
401532614,2023,11,regular,San José State,Fresno State,-2.5,0.568
401532615,2023,11,regular,Utah State,Nevada,-14.5,0.841
401532616,2023,11,regular,Boise State,New Mexico,-27.5,0.971
401532617,2023,11,regular,Colorado State,San Diego State,-3.5,0.595
401532618,2023,11,regular,UNLV,Wyoming,-3.0,0.582
401520402,2023,12,regular,Arkansas,Florida International,-26.5,0.966
401520403,2023,12,regular,Army,Coastal Carolina,1.0,0.473
401520404,2023,12,regular,Auburn,New Mexico State,-25.0,0.958
401520405,2023,12,regular,Indiana,Michigan State,-3.5,0.595
401520406,2023,12,regular,Iowa,Illinois,-3.0,0.582
401520407,2023,12,regular,Jacksonville State,Louisiana Tech,-9.5,0.744
401520408,2023,12,regular,Liberty,Massachusetts,-25.5,0.961
401520409,2023,12,regular,LSU,Georgia State,-32.0,0.986
401520410,2023,12,regular,Maryland,Michigan,17.5,0.114
401520411,2023,12,regular,Middle Tennessee,UTEP,-8.0,0.709
401520412,2023,12,regular,Mississippi State,Southern Miss,-18.5,0.899
401520413,2023,12,regular,Missouri,Florida,-12.5,0.806
401520414,2023,12,regular,Northwestern,Purdue,-2.5,0.568
401520415,2023,12,regular,Ohio State,Minnesota,-27.5,0.971
401520416,2023,12,regular,Ole Miss,UL Monroe,-36.0,0.993
401520417,2023,12,regular,Penn State,Rutgers,-19.5,0.911
401520418,2023,12,regular,South Carolina,Kentucky,-2.5,0.568
401520419,2023,12,regular,Tennessee,Georgia,9.0,0.267
401520422,2023,12,regular,Wisconsin,Nebraska,-7.0,0.685
401520423,2023,12,regular,Western Kentucky,Sam Houston,-9.5,0.744
401524057,2023,12,regular,Washington State,Colorado,-4.0,0.609
401524058,2023,12,regular,Arizona,Utah,-2.5,0.568
401524059,2023,12,regular,Arizona State,Oregon,24.5,0.046
401524060,2023,12,regular,Oregon State,Washington,-1.0,0.527
401524061,2023,12,regular,Stanford,California,7.0,0.315
401524062,2023,12,regular,USC,UCLA,-5.0,0.635
401525442,2023,12,regular,Notre Dame,Wake Forest,-23.5,0.947
401525553,2023,12,regular,Pittsburgh,Boston College,-2.5,0.568
401525554,2023,12,regular,Clemson,North Carolina,-8.0,0.709
401525555,2023,12,regular,Virginia,Duke,3.0,0.418
401525557,2023,12,regular,Georgia Tech,Syracuse,-6.0,0.66
401525558,2023,12,regular,Miami,Louisville,-1.0,0.527
401525559,2023,12,regular,Virginia Tech,NC State,-2.5,0.568
401525893,2023,12,regular,BYU,Oklahoma,24.5,0.046
401525894,2023,12,regular,Houston,Oklahoma State,6.5,0.327
401525895,2023,12,regular,Iowa State,Texas,6.5,0.327
401525896,2023,12,regular,Kansas,Kansas State,7.0,0.315
401525897,2023,12,regular,TCU,Baylor,-13.0,0.815
401525898,2023,12,regular,Texas Tech,UCF,-2.0,0.555
401525899,2023,12,regular,West Virginia,Cincinnati,-5.0,0.635
401531345,2023,12,regular,Tulsa,North Texas,2.0,0.445
401531375,2023,12,regular,Florida Atlantic,Tulane,9.0,0.267
401531385,2023,12,regular,UAB,Temple,-8.5,0.721
401531401,2023,12,regular,UTSA,South Florida,-14.5,0.841
401531409,2023,12,regular,Charlotte,Rice,1.0,0.473
401531417,2023,12,regular,Navy,East Carolina,-2.0,0.555
401531431,2023,12,regular,Memphis,SMU,9.5,0.256
401531917,2023,12,regular,Georgia Southern,Old Dominion,-5.5,0.648
401531918,2023,12,regular,James Madison,App State,-10.0,0.755
401531919,2023,12,regular,Arkansas State,Texas State,3.0,0.418
401531920,2023,12,regular,South Alabama,Marshall,-10.0,0.755
401531921,2023,12,regular,Troy,Louisiana,-15.5,0.857
401532443,2023,12,regular,Bowling Green,Toledo,10.0,0.245
401532444,2023,12,regular,Northern Illinois,Western Michigan,-4.0,0.609
401532445,2023,12,regular,Eastern Michigan,Akron,-3.0,0.582
401532446,2023,12,regular,Ohio,Central Michigan,-10.5,0.766
401532447,2023,12,regular,Miami (OH),Buffalo,-7.5,0.698
401532448,2023,12,regular,Ball State,Kent State,-10.5,0.766
401532619,2023,12,regular,Utah State,Boise State,5.0,0.365
401532620,2023,12,regular,Wyoming,Hawai'i,-13.0,0.815
401532621,2023,12,regular,Colorado State,Nevada,-12.5,0.806
401532622,2023,12,regular,Fresno State,New Mexico,-22.0,0.935
401532623,2023,12,regular,San José State,San Diego State,-16.5,0.872
401532624,2023,12,regular,Air Force,UNLV,-3.0,0.582
401520424,2023,13,regular,Mississippi State,Ole Miss,10.0,0.245
401520425,2023,13,regular,Nebraska,Iowa,-3.0,0.582
401520426,2023,13,regular,Arkansas,Missouri,10.0,0.245
401520427,2023,13,regular,Auburn,Alabama,14.0,0.167
401520428,2023,13,regular,Florida International,Western Kentucky,11.5,0.214
401520429,2023,13,regular,Florida,Florida State,6.5,0.327
401520430,2023,13,regular,Georgia Tech,Georgia,25.0,0.042
401520431,2023,13,regular,Illinois,Northwestern,-6.0,0.66
401520432,2023,13,regular,Louisville,Kentucky,-7.5,0.698
401520433,2023,13,regular,LSU,Texas A&M,-11.0,0.776
401520434,2023,13,regular,Michigan,Ohio State,-3.0,0.582
401520435,2023,13,regular,Michigan State,Penn State,23.5,0.053
401520436,2023,13,regular,Minnesota,Wisconsin,3.0,0.418
401520437,2023,13,regular,New Mexico State,Jacksonville State,2.5,0.432
401520438,2023,13,regular,Purdue,Indiana,-6.5,0.673
401520439,2023,13,regular,Rutgers,Maryland,2.0,0.445
401520440,2023,13,regular,Sam Houston,Middle Tennessee,3.5,0.405
401520441,2023,13,regular,South Carolina,Clemson,7.5,0.302
401520442,2023,13,regular,Tennessee,Vanderbilt,-27.0,0.969
401520443,2023,13,regular,Massachusetts,UConn,-2.5,0.568
401520444,2023,13,regular,UTEP,Liberty,18.0,0.107
401524063,2023,13,regular,Oregon,Oregon State,-14.0,0.833
401524064,2023,13,regular,Arizona State,Arizona,13.0,0.185
401524065,2023,13,regular,Stanford,Notre Dame,26.0,0.036
401524066,2023,13,regular,UCLA,California,-9.5,0.744
401524067,2023,13,regular,Utah,Colorado,-21.5,0.931
401524068,2023,13,regular,Washington,Washington State,-14.5,0.841
401525560,2023,13,regular,Boston College,Miami,10.0,0.245
401525561,2023,13,regular,Duke,Pittsburgh,-4.5,0.622
401525562,2023,13,regular,NC State,North Carolina,3.0,0.418
401525563,2023,13,regular,Syracuse,Wake Forest,-2.0,0.555
401525564,2023,13,regular,Virginia,Virginia Tech,1.0,0.473
401525900,2023,13,regular,Oklahoma,TCU,-10.0,0.755
401525901,2023,13,regular,Texas,Texas Tech,-16.0,0.865
401525902,2023,13,regular,Baylor,West Virginia,13.0,0.185
401525903,2023,13,regular,Cincinnati,Kansas,7.5,0.302
401525904,2023,13,regular,Kansas State,Iowa State,-9.5,0.744
401525905,2023,13,regular,Oklahoma State,BYU,-15.5,0.857
401525906,2023,13,regular,UCF,Houston,-15.5,0.857
401531346,2023,13,regular,East Carolina,Tulsa,-3.0,0.582
401531376,2023,13,regular,Tulane,UTSA,-3.5,0.595
401531386,2023,13,regular,North Texas,UAB,-2.5,0.568
401531394,2023,13,regular,Temple,Memphis,13.5,0.176
401531410,2023,13,regular,South Florida,Charlotte,-7.0,0.685
401531421,2023,13,regular,Rice,Florida Atlantic,-3.0,0.582
401531435,2023,13,regular,SMU,Navy,-20.5,0.921
401531922,2023,13,regular,App State,Georgia Southern,-10.5,0.766
401531923,2023,13,regular,Coastal Carolina,James Madison,4.0,0.391
401531924,2023,13,regular,Marshall,Arkansas State,1.0,0.473
401531925,2023,13,regular,Old Dominion,Georgia State,-1.5,0.541
401531926,2023,13,regular,Louisiana,UL Monroe,-12.5,0.806
401531927,2023,13,regular,Southern Miss,Troy,17.5,0.114
401531928,2023,13,regular,Texas State,South Alabama,6.5,0.327
401532449,2023,13,regular,Buffalo,Eastern Michigan,-5.5,0.648
401532450,2023,13,regular,Western Michigan,Bowling Green,3.0,0.418
401532451,2023,13,regular,Central Michigan,Toledo,10.0,0.245
401532452,2023,13,regular,Akron,Ohio,16.0,0.135
401532453,2023,13,regular,Kent State,Northern Illinois,20.5,0.079
401532454,2023,13,regular,Ball State,Miami (OH),4.0,0.391
401532625,2023,13,regular,Boise State,Air Force,-6.5,0.673
401532626,2023,13,regular,Hawai'i,Colorado State,5.5,0.352
401532627,2023,13,regular,San Diego State,Fresno State,4.5,0.378
401532628,2023,13,regular,UNLV,San José State,-1.0,0.527
401532629,2023,13,regular,New Mexico,Utah State,4.5,0.378
401532630,2023,13,regular,Nevada,Wyoming,11.5,0.214
401539475,2023,14,regular,Washington,Oregon,10.0,0.245
401539476,2023,14,regular,Liberty,New Mexico State,-9.5,0.744
401539477,2023,14,regular,Tulane,SMU,-2.5,0.568
401539478,2023,14,regular,Florida State,Louisville,1.5,0.459
401539479,2023,14,regular,Texas,Oklahoma State,-14.5,0.841
401539480,2023,14,regular,Iowa,Michigan,21.0,0.074
401539481,2023,14,regular,Toledo,Miami (OH),-7.0,0.685
401539482,2023,14,regular,UNLV,Boise State,2.5,0.432
401539483,2023,14,regular,Alabama,Georgia,5.0,0.365
401539484,2023,14,regular,Troy,App State,-5.5,0.648
401520445,2023,15,regular,Army,Navy,-2.5,0.568
401628319,2024,1,regular,Alabama,Western Kentucky,-34.0,0.99
401628322,2024,1,regular,Florida,Miami,2.5,0.432
401628323,2024,1,regular,Georgia,Clemson,-10.5,0.766
401628324,2024,1,regular,Kentucky,Southern Miss,-25.5,0.961
401628328,2024,1,regular,Oklahoma,Temple,-43.0,0.998
401628329,2024,1,regular,South Carolina,Old Dominion,-20.5,0.921
401628331,2024,1,regular,Texas,Colorado State,-35.0,0.992
401628332,2024,1,regular,Texas A&M,Notre Dame,-3.0,0.582
401628333,2024,1,regular,Vanderbilt,Virginia Tech,13.0,0.185
401628334,2024,1,regular,LSU,USC,-4.0,0.609
401628448,2024,1,regular,Minnesota,North Carolina,2.0,0.445
401628449,2024,1,regular,Indiana,Florida International,-25.5,0.961
401628451,2024,1,regular,Maryland,UConn,-19.0,0.905
401628452,2024,1,regular,Michigan,Fresno State,-21.0,0.926
401628453,2024,1,regular,Michigan State,Florida Atlantic,-12.0,0.796
401628454,2024,1,regular,Nebraska,UTEP,-27.5,0.971
401628455,2024,1,regular,Ohio State,Akron,-49.5,1.0
401628457,2024,1,regular,West Virginia,Penn State,7.5,0.302
401628459,2024,1,regular,Hawai'i,UCLA,13.5,0.176
401628461,2024,1,regular,Wisconsin,Western Michigan,-24.0,0.951
401629039,2024,1,regular,Massachusetts,Eastern Michigan,-2.5,0.568
401634300,2024,1,regular,Stanford,TCU,8.0,0.291
401634302,2024,1,regular,Georgia Tech,Georgia State,-20.5,0.921
401634304,2024,1,regular,Syracuse,Ohio,-17.0,0.879
401634305,2024,1,regular,Pittsburgh,Kent State,-23.5,0.947
401634306,2024,1,regular,Florida State,Boston College,-16.5,0.872
401635525,2024,1,regular,Georgia Tech,Florida State,10.0,0.245
401636608,2024,1,regular,Arizona,New Mexico,-28.0,0.973
401636609,2024,1,regular,Arizona State,Wyoming,-6.5,0.673
401636611,2024,1,regular,Houston,UNLV,-3.0,0.582
401640998,2024,1,regular,Jacksonville State,Coastal Carolina,-3.5,0.595
401641015,2024,1,regular,UTSA,Kennesaw State,-24.0,0.951
401641039,2024,1,regular,Rice,Sam Houston,-9.5,0.744
401643696,2024,1,regular,Nevada,SMU,28.0,0.027
401643700,2024,1,regular,Georgia Southern,Boise State,13.0,0.185
401643701,2024,1,regular,Troy,Nevada,-7.5,0.698
401643774,2024,1,regular,Charlotte,James Madison,6.5,0.327
401643775,2024,1,regular,South Alabama,North Texas,-6.0,0.66
401644683,2024,1,regular,Northwestern,Miami (OH),-3.0,0.582
401628335,2024,2,regular,Alabama,South Florida,-30.5,0.982
401628336,2024,2,regular,Oklahoma State,Arkansas,-10.0,0.755
401628337,2024,2,regular,Auburn,California,-12.5,0.806
401628340,2024,2,regular,Kentucky,South Carolina,-9.5,0.744
401628342,2024,2,regular,Ole Miss,Middle Tennessee,-42.0,0.998
401628343,2024,2,regular,Arizona State,Mississippi State,-6.5,0.673
401628344,2024,2,regular,Missouri,Buffalo,-32.0,0.986
401628345,2024,2,regular,Oklahoma,Houston,-27.5,0.971
401628346,2024,2,regular,NC State,Tennessee,8.5,0.279
401628347,2024,2,regular,Michigan,Texas,6.5,0.327
401628462,2024,2,regular,Illinois,Kansas,5.5,0.352
401628464,2024,2,regular,Iowa,Iowa State,-3.0,0.582
401628465,2024,2,regular,Maryland,Michigan State,-8.0,0.709
401628467,2024,2,regular,Nebraska,Colorado,-6.5,0.673
401628468,2024,2,regular,Ohio State,Western Michigan,-37.0,0.995
401628469,2024,2,regular,Oregon,Boise State,-18.0,0.893
401628470,2024,2,regular,Penn State,Bowling Green,-34.0,0.99
401628471,2024,2,regular,Rutgers,Akron,-24.5,0.954
401628472,2024,2,regular,USC,Utah State,-29.5,0.979
401628473,2024,2,regular,Washington,Eastern Michigan,-24.5,0.954
401628977,2024,2,regular,Notre Dame,Northern Illinois,-28.0,0.973
401629040,2024,2,regular,Toledo,Massachusetts,-17.5,0.886
401634765,2024,2,regular,SMU,BYU,-13.0,0.815
401635532,2024,2,regular,Clemson,App State,-17.0,0.879
401635533,2024,2,regular,Northwestern,Duke,-2.5,0.568
401635534,2024,2,regular,Syracuse,Georgia Tech,3.0,0.418
401635535,2024,2,regular,Louisville,Jacksonville State,-29.0,0.977
401635537,2024,2,regular,North Carolina,Charlotte,-21.0,0.926
401635538,2024,2,regular,Cincinnati,Pittsburgh,-2.0,0.555
401635540,2024,2,regular,Virginia Tech,Marshall,-21.0,0.926
401635639,2024,2,regular,Wake Forest,Virginia,1.0,0.473
401636616,2024,2,regular,Tulane,Kansas State,9.0,0.267
401636617,2024,2,regular,UCF,Sam Houston,-21.5,0.931
401636618,2024,2,regular,Utah,Baylor,-15.0,0.85
401636859,2024,2,regular,Washington State,Texas Tech,2.5,0.432
401640979,2024,2,regular,Florida International,Central Michigan,3.5,0.405
401640989,2024,2,regular,New Mexico State,Liberty,22.0,0.065
401641016,2024,2,regular,Kennesaw State,Louisiana,14.5,0.159
401643705,2024,2,regular,Air Force,San José State,-3.0,0.582
401643708,2024,2,regular,Nevada,Georgia Southern,1.0,0.473
401643709,2024,2,regular,San Diego State,Oregon State,5.5,0.352
401643778,2024,2,regular,Old Dominion,East Carolina,-2.0,0.555
401643779,2024,2,regular,Arkansas State,Tulsa,-9.0,0.733
401643780,2024,2,regular,UL Monroe,UAB,11.0,0.224
401643781,2024,2,regular,Ohio,South Alabama,-1.0,0.527
401643783,2024,2,regular,Texas State,UTSA,-2.5,0.568
401643784,2024,2,regular,Memphis,Troy,-18.5,0.899
401645323,2024,2,regular,Florida Atlantic,Army,-1.0,0.527
401645324,2024,2,regular,Navy,Temple,-11.5,0.786
401628350,2024,3,regular,Wisconsin,Alabama,14.5,0.159
401628351,2024,3,regular,Arkansas,UAB,-23.5,0.947
401628352,2024,3,regular,Auburn,New Mexico,-24.0,0.951
401628353,2024,3,regular,Florida,Texas A&M,3.0,0.418
401628354,2024,3,regular,Kentucky,Georgia,22.0,0.065
401628355,2024,3,regular,Wake Forest,Ole Miss,20.5,0.079
401628356,2024,3,regular,Mississippi State,Toledo,-10.5,0.766
401628357,2024,3,regular,Missouri,Boston College,-14.5,0.841
401628358,2024,3,regular,Oklahoma,Tulane,-13.0,0.815
401628359,2024,3,regular,South Carolina,LSU,6.5,0.327
401628360,2024,3,regular,Tennessee,Kent State,-49.5,1.0
401628361,2024,3,regular,Texas,UTSA,-35.5,0.993
401628362,2024,3,regular,Georgia State,Vanderbilt,9.0,0.267
401628475,2024,3,regular,Illinois,Central Michigan,-21.0,0.926
401628476,2024,3,regular,UCLA,Indiana,3.5,0.405
401628477,2024,3,regular,Iowa,Troy,-24.0,0.951
401628478,2024,3,regular,Virginia,Maryland,-3.0,0.582
401628479,2024,3,regular,Michigan,Arkansas State,-21.5,0.931
401628481,2024,3,regular,Minnesota,Nevada,-17.0,0.879
401628483,2024,3,regular,Oregon State,Oregon,19.0,0.095
401628484,2024,3,regular,Washington,Washington State,-6.0,0.66
401628978,2024,3,regular,Purdue,Notre Dame,7.0,0.315
401629030,2024,3,regular,Duke,UConn,-16.0,0.865
401629041,2024,3,regular,Buffalo,Massachusetts,-3.5,0.595
401635541,2024,3,regular,California,San Diego State,-19.5,0.911
401635542,2024,3,regular,Florida State,Memphis,-7.0,0.685
401635544,2024,3,regular,Miami,Ball State,-36.5,0.994
401635546,2024,3,regular,NC State,Louisiana Tech,-20.5,0.921
401635547,2024,3,regular,Pittsburgh,West Virginia,2.0,0.445
401635548,2024,3,regular,Old Dominion,Virginia Tech,16.5,0.128
401636860,2024,3,regular,Baylor,Air Force,-17.0,0.879
401636861,2024,3,regular,Colorado State,Colorado,7.5,0.302
401636862,2024,3,regular,Houston,Rice,-4.5,0.622
401636863,2024,3,regular,Kansas,UNLV,-9.5,0.744
401636864,2024,3,regular,Kansas State,Arizona,-7.0,0.685
401636865,2024,3,regular,Miami (OH),Cincinnati,3.0,0.418
401636866,2024,3,regular,TCU,UCF,-2.5,0.568
401636867,2024,3,regular,Texas State,Arizona State,-3.0,0.582
401636868,2024,3,regular,Texas Tech,North Texas,-11.0,0.776
401636869,2024,3,regular,Tulsa,Oklahoma State,17.5,0.114
401636870,2024,3,regular,Utah State,Utah,20.0,0.084
401636871,2024,3,regular,Wyoming,BYU,9.5,0.256
401640980,2024,3,regular,Florida Atlantic,Florida International,-3.5,0.595
401640990,2024,3,regular,Liberty,UTEP,-24.0,0.951
401640999,2024,3,regular,Eastern Michigan,Jacksonville State,2.5,0.432
401641017,2024,3,regular,San José State,Kennesaw State,-17.0,0.879
401641024,2024,3,regular,Middle Tennessee,Western Kentucky,7.5,0.302
401641033,2024,3,regular,Fresno State,New Mexico State,-20.0,0.916
401641040,2024,3,regular,Sam Houston,Hawai'i,-4.0,0.609
401643785,2024,3,regular,East Carolina,App State,1.5,0.459
401643786,2024,3,regular,Temple,Coastal Carolina,17.0,0.121
401643789,2024,3,regular,Southern Miss,South Florida,10.5,0.234
401628363,2024,4,regular,Auburn,Arkansas,-2.5,0.568
401628364,2024,4,regular,Kentucky,Ohio,-19.0,0.905
401628365,2024,4,regular,LSU,UCLA,-21.5,0.931
401628366,2024,4,regular,Ole Miss,Georgia Southern,-35.0,0.992
401628367,2024,4,regular,Mississippi State,Florida,6.5,0.327
401628368,2024,4,regular,Missouri,Vanderbilt,-18.0,0.893
401628369,2024,4,regular,Oklahoma,Tennessee,6.5,0.327
401628370,2024,4,regular,South Carolina,Akron,-26.0,0.964
401628371,2024,4,regular,Texas,UL Monroe,-44.0,0.999
401628372,2024,4,regular,Texas A&M,Bowling Green,-21.5,0.931
401628485,2024,4,regular,Nebraska,Illinois,-8.0,0.709
401628486,2024,4,regular,Indiana,Charlotte,-28.5,0.975
401628487,2024,4,regular,Minnesota,Iowa,3.0,0.418
401628489,2024,4,regular,Michigan,USC,4.0,0.391
401628490,2024,4,regular,Boston College,Michigan State,-4.5,0.622
401628491,2024,4,regular,Washington,Northwestern,-12.0,0.796
401628492,2024,4,regular,Ohio State,Marshall,-39.0,0.996
401628493,2024,4,regular,Penn State,Kent State,-48.5,1.0
401628494,2024,4,regular,Virginia Tech,Rutgers,-3.0,0.582
401628979,2024,4,regular,Notre Dame,Miami (OH),-27.0,0.969
401629031,2024,4,regular,UConn,Florida Atlantic,-1.0,0.527
401634766,2024,4,regular,Syracuse,Stanford,-7.5,0.698
401635551,2024,4,regular,Florida State,California,-3.0,0.582
401635552,2024,4,regular,Clemson,NC State,-19.0,0.905
401635553,2024,4,regular,Middle Tennessee,Duke,15.0,0.15
401635554,2024,4,regular,Louisville,Georgia Tech,-8.5,0.721
401635555,2024,4,regular,South Florida,Miami,16.5,0.128
401635556,2024,4,regular,North Carolina,James Madison,-10.0,0.755
401635557,2024,4,regular,SMU,TCU,2.5,0.432
401635558,2024,4,regular,Coastal Carolina,Virginia,3.5,0.405
401636872,2024,4,regular,BYU,Kansas State,7.0,0.315
401636873,2024,4,regular,Cincinnati,Houston,-3.5,0.595
401636874,2024,4,regular,Colorado,Baylor,-2.0,0.555
401636875,2024,4,regular,Iowa State,Arkansas State,-20.5,0.921
401636876,2024,4,regular,Oklahoma State,Utah,1.0,0.473
401636877,2024,4,regular,Texas Tech,Arizona State,-4.5,0.622
401636879,2024,4,regular,West Virginia,Kansas,-1.5,0.541
401640991,2024,4,regular,Liberty,East Carolina,-7.5,0.698
401641000,2024,4,regular,Jacksonville State,Southern Miss,-6.0,0.66
401641008,2024,4,regular,Louisiana Tech,Tulsa,-2.5,0.568
401641028,2024,4,regular,Colorado State,UTEP,-8.5,0.721
401641034,2024,4,regular,Sam Houston,New Mexico State,-15.5,0.857
401641037,2024,4,regular,Western Kentucky,Toledo,2.5,0.432
401643711,2024,4,regular,New Mexico,Fresno State,13.5,0.176
401643714,2024,4,regular,Washington State,San José State,-13.0,0.815
401643715,2024,4,regular,Temple,Utah State,6.5,0.327
401643716,2024,4,regular,North Texas,Wyoming,-6.5,0.673
401643717,2024,4,regular,Oregon State,Purdue,-2.5,0.568
401643790,2024,4,regular,App State,South Alabama,-7.5,0.698
401643791,2024,4,regular,Louisiana,Tulane,1.5,0.459
401644735,2024,4,regular,Central Michigan,Ball State,-6.5,0.673
401644736,2024,4,regular,Northern Illinois,Buffalo,-13.0,0.815
401645328,2024,4,regular,Army,Rice,-7.0,0.685
401645329,2024,4,regular,Navy,Memphis,8.5,0.279
401628373,2024,5,regular,Texas A&M,Arkansas,-6.5,0.673
401628374,2024,5,regular,Alabama,Georgia,2.0,0.445
401628375,2024,5,regular,Auburn,Oklahoma,-2.0,0.555
401628376,2024,5,regular,LSU,South Alabama,-21.0,0.926
401628377,2024,5,regular,Ole Miss,Kentucky,-14.5,0.841
401628378,2024,5,regular,Texas,Mississippi State,-37.0,0.995
401628495,2024,5,regular,Penn State,Illinois,-19.0,0.905
401628496,2024,5,regular,Indiana,Maryland,-7.5,0.698
401628497,2024,5,regular,Michigan,Minnesota,-10.5,0.766
401628498,2024,5,regular,Michigan State,Ohio State,23.5,0.053
401628499,2024,5,regular,Purdue,Nebraska,10.0,0.245
401628500,2024,5,regular,UCLA,Oregon,23.5,0.053
401628501,2024,5,regular,Rutgers,Washington,-1.0,0.527
401628502,2024,5,regular,USC,Wisconsin,-13.5,0.824
401628980,2024,5,regular,Notre Dame,Louisville,-6.5,0.673
401629032,2024,5,regular,UConn,Buffalo,-6.0,0.66
401629043,2024,5,regular,Miami (OH),Massachusetts,-14.5,0.841
401634767,2024,5,regular,Miami,Virginia Tech,-18.0,0.893
401635560,2024,5,regular,Boston College,Western Kentucky,-7.5,0.698
401635561,2024,5,regular,Clemson,Stanford,-24.0,0.951
401635562,2024,5,regular,Duke,North Carolina,1.5,0.459
401635563,2024,5,regular,SMU,Florida State,-6.0,0.66
401635564,2024,5,regular,NC State,Northern Illinois,-7.0,0.685
401635659,2024,5,regular,Wake Forest,Louisiana,-3.0,0.582
401636880,2024,5,regular,Baylor,BYU,-3.0,0.582
401636881,2024,5,regular,Houston,Iowa State,16.5,0.128
401636882,2024,5,regular,Kansas,TCU,-1.5,0.541
401636883,2024,5,regular,Kansas State,Oklahoma State,-6.0,0.66
401636884,2024,5,regular,Texas Tech,Cincinnati,-3.0,0.582
401636885,2024,5,regular,UCF,Colorado,-12.5,0.806
401636886,2024,5,regular,Utah,Arizona,-7.5,0.698
401640981,2024,5,regular,Florida International,Louisiana Tech,2.0,0.445
401641025,2024,5,regular,Memphis,Middle Tennessee,-27.0,0.969
401641035,2024,5,regular,New Mexico State,New Mexico,9.5,0.256
401641041,2024,5,regular,Sam Houston,Texas State,11.0,0.224
401643718,2024,5,regular,Wyoming,Air Force,4.0,0.391
401643719,2024,5,regular,Boise State,Washington State,-6.5,0.673
401643720,2024,5,regular,UNLV,Fresno State,-2.5,0.568
401643721,2024,5,regular,Central Michigan,San Diego State,-2.5,0.568
401643792,2024,5,regular,Georgia State,Georgia Southern,-3.5,0.595
401643793,2024,5,regular,James Madison,Ball State,-22.0,0.935
401643794,2024,5,regular,Marshall,Western Michigan,-3.5,0.595
401643795,2024,5,regular,Bowling Green,Old Dominion,-11.0,0.776
401643796,2024,5,regular,Troy,UL Monroe,-6.0,0.66
401644738,2024,5,regular,Ohio,Akron,-8.0,0.709
401644739,2024,5,regular,Kent State,Eastern Michigan,14.0,0.167
401645331,2024,5,regular,Temple,Army,11.0,0.224
401645332,2024,5,regular,UAB,Navy,4.5,0.378
401645333,2024,5,regular,Rice,Charlotte,-4.0,0.609
401645334,2024,5,regular,East Carolina,UTSA,-2.5,0.568
401645336,2024,5,regular,North Texas,Tulsa,-7.0,0.685
401645337,2024,5,regular,Tulane,South Florida,-4.0,0.609
401628379,2024,6,regular,Arkansas,Tennessee,14.0,0.167
401628380,2024,6,regular,Florida,UCF,1.0,0.473
401628381,2024,6,regular,Georgia,Auburn,-21.0,0.926
401628382,2024,6,regular,South Carolina,Ole Miss,10.0,0.245
401628383,2024,6,regular,Texas A&M,Missouri,-2.5,0.568
401628384,2024,6,regular,Vanderbilt,Alabama,23.0,0.056
401628503,2024,6,regular,Northwestern,Indiana,12.5,0.194
401628504,2024,6,regular,Ohio State,Iowa,-17.0,0.879
401628505,2024,6,regular,Washington,Michigan,-1.5,0.541
401628506,2024,6,regular,Oregon,Michigan State,-22.5,0.94
401628507,2024,6,regular,Minnesota,USC,8.5,0.279
401628508,2024,6,regular,Nebraska,Rutgers,-7.0,0.685
401628509,2024,6,regular,Wisconsin,Purdue,-12.0,0.796
401628510,2024,6,regular,Penn State,UCLA,-29.5,0.979
401629033,2024,6,regular,UConn,Temple,-17.5,0.886
401629044,2024,6,regular,Northern Illinois,Massachusetts,-14.0,0.833
401634779,2024,6,regular,UNLV,Syracuse,-5.5,0.648
401635567,2024,6,regular,Virginia,Boston College,-2.0,0.555
401635568,2024,6,regular,California,Miami,10.0,0.245
401635569,2024,6,regular,Florida State,Clemson,16.5,0.128
401635570,2024,6,regular,Georgia Tech,Duke,-10.0,0.755
401635571,2024,6,regular,Louisville,SMU,-7.0,0.685
401635572,2024,6,regular,North Carolina,Pittsburgh,2.5,0.432
401635573,2024,6,regular,Stanford,Virginia Tech,8.5,0.279
401635638,2024,6,regular,NC State,Wake Forest,-4.0,0.609
401636887,2024,6,regular,Arizona,Texas Tech,-6.0,0.66
401636888,2024,6,regular,Arizona State,Kansas,-2.5,0.568
401636889,2024,6,regular,Iowa State,Baylor,-13.0,0.815
401636890,2024,6,regular,Oklahoma State,West Virginia,-2.5,0.568
401636891,2024,6,regular,TCU,Houston,-16.5,0.872
401641001,2024,6,regular,Kennesaw State,Jacksonville State,17.0,0.121
401641029,2024,6,regular,UTEP,Sam Houston,10.0,0.245
401643722,2024,6,regular,Air Force,Navy,10.0,0.245
401643723,2024,6,regular,Boise State,Utah State,-28.0,0.973
401643724,2024,6,regular,Oregon State,Colorado State,-10.5,0.766
401643725,2024,6,regular,San Diego State,Hawai'i,-1.5,0.541
401643726,2024,6,regular,San José State,Nevada,-7.0,0.685
401643797,2024,6,regular,Troy,Texas State,14.5,0.159
401643798,2024,6,regular,Coastal Carolina,Old Dominion,-4.0,0.609
401643799,2024,6,regular,Marshall,App State,-3.0,0.582
401643800,2024,6,regular,Arkansas State,South Alabama,2.5,0.432
401643801,2024,6,regular,UL Monroe,James Madison,16.5,0.128
401643802,2024,6,regular,Southern Miss,Louisiana,17.5,0.114
401644684,2024,6,regular,Toledo,Miami (OH),-4.5,0.622
401644740,2024,6,regular,Akron,Bowling Green,16.5,0.128
401644741,2024,6,regular,Ball State,Western Michigan,10.0,0.245
401645338,2024,6,regular,UAB,Tulane,20.0,0.084
401645339,2024,6,regular,Tulsa,Army,14.0,0.167
401645340,2024,6,regular,Charlotte,East Carolina,9.5,0.256
401628385,2024,7,regular,Alabama,South Carolina,-21.5,0.931
401628386,2024,7,regular,Georgia,Mississippi State,-33.0,0.989
401628387,2024,7,regular,Kentucky,Vanderbilt,-13.0,0.815
401628388,2024,7,regular,LSU,Ole Miss,4.0,0.391
401628389,2024,7,regular,Massachusetts,Missouri,27.0,0.031
401628390,2024,7,regular,Oklahoma,Texas,17.0,0.121
401628391,2024,7,regular,Tennessee,Florida,-14.0,0.833
401628511,2024,7,regular,Illinois,Purdue,-23.0,0.944
401628512,2024,7,regular,Iowa,Washington,-3.0,0.582
401628513,2024,7,regular,Maryland,Northwestern,-11.0,0.776
401628514,2024,7,regular,UCLA,Minnesota,3.5,0.405
401628515,2024,7,regular,Oregon,Ohio State,3.5,0.405
401628516,2024,7,regular,USC,Penn State,4.0,0.391
401628517,2024,7,regular,Rutgers,Wisconsin,-1.0,0.527
401628981,2024,7,regular,Notre Dame,Stanford,-22.5,0.94
401635574,2024,7,regular,NC State,Syracuse,1.0,0.473
401635575,2024,7,regular,Pittsburgh,California,-3.5,0.595
401635576,2024,7,regular,Wake Forest,Clemson,21.0,0.074
401635577,2024,7,regular,North Carolina,Georgia Tech,3.5,0.405
401635578,2024,7,regular,Virginia,Louisville,7.0,0.315
401636892,2024,7,regular,Arizona State,Utah,5.5,0.352
401636893,2024,7,regular,BYU,Arizona,-2.5,0.568
401636894,2024,7,regular,Colorado,Kansas State,3.5,0.405
401636895,2024,7,regular,UCF,Cincinnati,-2.5,0.568
401636896,2024,7,regular,West Virginia,Iowa State,3.0,0.418
401640982,2024,7,regular,Liberty,Florida International,-16.0,0.865
401641002,2024,7,regular,Jacksonville State,New Mexico State,-21.0,0.926
401641009,2024,7,regular,Louisiana Tech,Middle Tennessee,-5.0,0.635
401641030,2024,7,regular,Western Kentucky,UTEP,-19.5,0.911
401643727,2024,7,regular,New Mexico,Air Force,-7.0,0.685
401643728,2024,7,regular,Hawai'i,Boise State,21.0,0.074
401643729,2024,7,regular,Colorado State,San José State,-2.5,0.568
401643730,2024,7,regular,Fresno State,Washington State,3.5,0.405
401643731,2024,7,regular,Nevada,Oregon State,3.0,0.418
401643732,2024,7,regular,Wyoming,San Diego State,-2.0,0.555
401643733,2024,7,regular,Utah State,UNLV,18.5,0.101
401643803,2024,7,regular,James Madison,Coastal Carolina,-7.0,0.685
401643804,2024,7,regular,Georgia Southern,Marshall,1.0,0.473
401643805,2024,7,regular,Georgia State,Old Dominion,-3.0,0.582
401643806,2024,7,regular,Louisiana,App State,-10.0,0.755
401643807,2024,7,regular,UL Monroe,Southern Miss,-4.0,0.609
401643808,2024,7,regular,Texas State,Arkansas State,-13.5,0.824
401644685,2024,7,regular,Eastern Michigan,Miami (OH),3.0,0.418
401644742,2024,7,regular,Western Michigan,Akron,-9.5,0.744
401644743,2024,7,regular,Kent State,Ball State,3.0,0.418
401644744,2024,7,regular,Bowling Green,Northern Illinois,-3.0,0.582
401644745,2024,7,regular,Buffalo,Toledo,10.5,0.234
401644746,2024,7,regular,Central Michigan,Ohio,3.0,0.418
401645341,2024,7,regular,South Florida,Memphis,10.0,0.245
401645342,2024,7,regular,Army,UAB,-27.0,0.969
401645343,2024,7,regular,Florida Atlantic,North Texas,5.5,0.352
401645344,2024,7,regular,Rice,UTSA,3.5,0.405
401628392,2024,8,regular,Arkansas,LSU,3.0,0.418
401628393,2024,8,regular,Florida,Kentucky,2.5,0.432
401628394,2024,8,regular,Mississippi State,Texas A&M,21.0,0.074
401628395,2024,8,regular,Missouri,Auburn,-3.5,0.595
401628396,2024,8,regular,Oklahoma,South Carolina,1.0,0.473
401628397,2024,8,regular,Tennessee,Alabama,3.5,0.405
401628398,2024,8,regular,Texas,Georgia,-4.0,0.609
401628399,2024,8,regular,Vanderbilt,Ball State,-27.5,0.971
401628518,2024,8,regular,Illinois,Michigan,6.0,0.34
401628519,2024,8,regular,Indiana,Nebraska,-6.5,0.673
401628520,2024,8,regular,Michigan State,Iowa,6.5,0.327
401628521,2024,8,regular,Maryland,USC,7.0,0.315
401628522,2024,8,regular,Northwestern,Wisconsin,9.5,0.256
401628523,2024,8,regular,Purdue,Oregon,29.5,0.021
401628524,2024,8,regular,Rutgers,UCLA,-4.0,0.609
401628982,2024,8,regular,Georgia Tech,Notre Dame,14.0,0.167
401629034,2024,8,regular,UConn,Wake Forest,2.5,0.432
401634768,2024,8,regular,Virginia Tech,Boston College,-8.0,0.709
401634769,2024,8,regular,Duke,Florida State,-3.0,0.582
401635587,2024,8,regular,California,NC State,-9.5,0.744
401635588,2024,8,regular,Clemson,Virginia,-20.0,0.916
401635589,2024,8,regular,Louisville,Miami,4.0,0.391
401635590,2024,8,regular,Stanford,SMU,16.5,0.128
401636897,2024,8,regular,Arizona,Colorado,-2.5,0.568
401636898,2024,8,regular,BYU,Oklahoma State,-8.5,0.721
401636899,2024,8,regular,Cincinnati,Arizona State,-5.0,0.635
401636900,2024,8,regular,Iowa State,UCF,-13.0,0.815
401636901,2024,8,regular,Kansas,Houston,-4.5,0.622
401636902,2024,8,regular,Texas Tech,Baylor,-4.5,0.622
401636903,2024,8,regular,Utah,TCU,-3.0,0.582
401636904,2024,8,regular,West Virginia,Kansas State,2.5,0.432
401640983,2024,8,regular,UTEP,Florida International,7.0,0.315
401641010,2024,8,regular,New Mexico State,Louisiana Tech,12.5,0.194
401641019,2024,8,regular,Middle Tennessee,Kennesaw State,-8.0,0.709
401641038,2024,8,regular,Sam Houston,Western Kentucky,-1.0,0.527
401643734,2024,8,regular,Air Force,Colorado State,6.0,0.34
401643735,2024,8,regular,Nevada,Fresno State,3.0,0.418
401643736,2024,8,regular,Washington State,Hawai'i,-19.0,0.905
401643737,2024,8,regular,Utah State,New Mexico,1.0,0.473
401643738,2024,8,regular,San José State,Wyoming,-13.0,0.815
401643739,2024,8,regular,Oregon State,UNLV,6.5,0.327
401643809,2024,8,regular,South Alabama,Troy,-10.0,0.755
401643810,2024,8,regular,Marshall,Georgia State,-9.5,0.744
401643811,2024,8,regular,Coastal Carolina,Louisiana,6.5,0.327
401643812,2024,8,regular,Georgia Southern,James Madison,10.0,0.245
401643813,2024,8,regular,Old Dominion,Texas State,10.5,0.234
401643814,2024,8,regular,Southern Miss,Arkansas State,7.0,0.315
401644686,2024,8,regular,Miami (OH),Ohio,-3.5,0.595
401644748,2024,8,regular,Bowling Green,Kent State,-24.0,0.951
401644749,2024,8,regular,Buffalo,Western Michigan,1.5,0.459
401644750,2024,8,regular,Eastern Michigan,Central Michigan,-3.5,0.595
401644751,2024,8,regular,Northern Illinois,Toledo,-3.0,0.582
401645345,2024,8,regular,South Florida,UAB,-14.0,0.833
401645346,2024,8,regular,Army,East Carolina,-17.5,0.886
401645347,2024,8,regular,Navy,Charlotte,-16.5,0.872
401645348,2024,8,regular,UTSA,Florida Atlantic,-4.0,0.609
401645349,2024,8,regular,Memphis,North Texas,-10.5,0.766
401645350,2024,8,regular,Tulane,Rice,-21.5,0.931
401645351,2024,8,regular,Temple,Tulsa,-3.0,0.582
401628400,2024,9,regular,Alabama,Missouri,-15.5,0.857
401628401,2024,9,regular,Kentucky,Auburn,-2.0,0.555
401628402,2024,9,regular,Ole Miss,Oklahoma,-19.5,0.911
401628403,2024,9,regular,Mississippi State,Arkansas,7.5,0.302
401628404,2024,9,regular,Texas A&M,LSU,-2.0,0.555
401628405,2024,9,regular,Vanderbilt,Texas,17.0,0.121
401628525,2024,9,regular,Oregon,Illinois,-22.5,0.94
401628526,2024,9,regular,Indiana,Washington,-5.5,0.648
401628527,2024,9,regular,Iowa,Northwestern,-16.5,0.872
401628528,2024,9,regular,Minnesota,Maryland,-6.0,0.66
401628529,2024,9,regular,Michigan,Michigan State,-3.0,0.582
401628530,2024,9,regular,Ohio State,Nebraska,-25.0,0.958
401628531,2024,9,regular,Wisconsin,Penn State,6.0,0.34
401628532,2024,9,regular,USC,Rutgers,-14.0,0.833
401628983,2024,9,regular,Navy,Notre Dame,14.0,0.167
401629035,2024,9,regular,UConn,Rice,-6.5,0.673
401634770,2024,9,regular,Pittsburgh,Syracuse,-5.0,0.635
401634771,2024,9,regular,Boston College,Louisville,7.0,0.315
401635594,2024,9,regular,California,Oregon State,-13.0,0.815
401635595,2024,9,regular,Duke,SMU,11.5,0.214
401635596,2024,9,regular,Miami,Florida State,-22.5,0.94
401635597,2024,9,regular,Virginia Tech,Georgia Tech,-11.0,0.776
401635598,2024,9,regular,Virginia,North Carolina,-3.5,0.595
401635599,2024,9,regular,Stanford,Wake Forest,3.0,0.418
401636905,2024,9,regular,Arizona,West Virginia,-5.5,0.648
401636906,2024,9,regular,Baylor,Oklahoma State,-7.0,0.685
401636907,2024,9,regular,Colorado,Cincinnati,-6.0,0.66
401636908,2024,9,regular,Houston,Utah,4.5,0.378
401636909,2024,9,regular,Kansas State,Kansas,-10.0,0.755
401636910,2024,9,regular,TCU,Texas Tech,-5.0,0.635
401636911,2024,9,regular,UCF,BYU,-2.5,0.568
401640984,2024,9,regular,Florida International,Sam Houston,5.0,0.365
401640993,2024,9,regular,Kennesaw State,Liberty,27.0,0.031
401641003,2024,9,regular,Jacksonville State,Middle Tennessee,-20.5,0.921
401641011,2024,9,regular,Louisiana Tech,UTEP,-6.5,0.673
401643740,2024,9,regular,UNLV,Boise State,4.0,0.391
401643741,2024,9,regular,Colorado State,New Mexico,-3.5,0.595
401643742,2024,9,regular,Fresno State,San José State,-6.5,0.673
401643743,2024,9,regular,Hawai'i,Nevada,-2.5,0.568
401643744,2024,9,regular,San Diego State,Washington State,17.0,0.121
401643745,2024,9,regular,Wyoming,Utah State,2.5,0.432
401643815,2024,9,regular,Old Dominion,Georgia Southern,1.0,0.473
401643816,2024,9,regular,App State,Georgia State,-7.5,0.698
401643817,2024,9,regular,James Madison,Southern Miss,-24.0,0.951
401643818,2024,9,regular,Arkansas State,Troy,-8.5,0.721
401643819,2024,9,regular,South Alabama,UL Monroe,-7.0,0.685
401644687,2024,9,regular,Miami (OH),Central Michigan,-10.5,0.766
401644752,2024,9,regular,Akron,Eastern Michigan,2.5,0.432
401644753,2024,9,regular,Ball State,Northern Illinois,13.5,0.176
401644754,2024,9,regular,Toledo,Bowling Green,-2.5,0.568
401644755,2024,9,regular,Ohio,Buffalo,-4.0,0.609
401644756,2024,9,regular,Western Michigan,Kent State,-19.0,0.905
401645352,2024,9,regular,East Carolina,Temple,-8.5,0.721
401645353,2024,9,regular,Memphis,Charlotte,-17.0,0.879
401645354,2024,9,regular,North Texas,Tulane,7.5,0.302
401645355,2024,9,regular,Tulsa,UTSA,9.5,0.256
401628406,2024,10,regular,Arkansas,Ole Miss,8.5,0.279
401628407,2024,10,regular,Auburn,Vanderbilt,-8.5,0.721
401628408,2024,10,regular,Georgia,Florida,-15.0,0.85
401628409,2024,10,regular,Mississippi State,Massachusetts,-19.5,0.911
401628411,2024,10,regular,South Carolina,Texas A&M,3.0,0.418
401628412,2024,10,regular,Tennessee,Kentucky,-17.5,0.886
401628533,2024,10,regular,Illinois,Minnesota,3.0,0.418
401628534,2024,10,regular,Michigan State,Indiana,7.5,0.302
401628535,2024,10,regular,Iowa,Wisconsin,-2.5,0.568
401628536,2024,10,regular,Michigan,Oregon,14.5,0.159
401628537,2024,10,regular,Nebraska,UCLA,-7.5,0.698
401628538,2024,10,regular,Purdue,Northwestern,-2.5,0.568
401628539,2024,10,regular,Penn State,Ohio State,3.0,0.418
401628540,2024,10,regular,Washington,USC,2.0,0.445
401629036,2024,10,regular,UConn,Georgia State,-7.0,0.685
401635516,2024,10,regular,NC State,Stanford,-9.5,0.744
401635600,2024,10,regular,Clemson,Louisville,-11.0,0.776
401635601,2024,10,regular,Miami,Duke,-21.0,0.926
401635602,2024,10,regular,Florida State,North Carolina,2.5,0.432
401635604,2024,10,regular,Syracuse,Virginia Tech,3.5,0.405
401635627,2024,10,regular,SMU,Pittsburgh,-7.0,0.685
401636912,2024,10,regular,Baylor,TCU,-2.5,0.568
401636913,2024,10,regular,Houston,Kansas State,13.0,0.185
401636914,2024,10,regular,Iowa State,Texas Tech,-13.5,0.824
401636915,2024,10,regular,Oklahoma State,Arizona State,5.0,0.365
401636916,2024,10,regular,UCF,Arizona,-6.5,0.673
401640985,2024,10,regular,Florida International,New Mexico State,-7.0,0.685
401640994,2024,10,regular,Liberty,Jacksonville State,-2.5,0.568
401641012,2024,10,regular,Sam Houston,Louisiana Tech,-10.5,0.766
401641020,2024,10,regular,Western Kentucky,Kennesaw State,-23.5,0.947
401641026,2024,10,regular,UTEP,Middle Tennessee,-2.0,0.555
401643746,2024,10,regular,Army,Air Force,-18.0,0.893
401643747,2024,10,regular,Boise State,San Diego State,-24.5,0.954
401643748,2024,10,regular,Nevada,Colorado State,2.0,0.445
401643749,2024,10,regular,Fresno State,Hawai'i,-12.5,0.806
401643750,2024,10,regular,New Mexico,Wyoming,-8.0,0.709
401643820,2024,10,regular,Texas State,Louisiana,-4.0,0.609
401643821,2024,10,regular,App State,Old Dominion,3.0,0.418
401643822,2024,10,regular,Marshall,UL Monroe,-10.5,0.766
401643823,2024,10,regular,South Alabama,Georgia Southern,-5.5,0.648
401643824,2024,10,regular,Troy,Coastal Carolina,4.5,0.378
401644757,2024,10,regular,Akron,Buffalo,1.0,0.473
401644758,2024,10,regular,Eastern Michigan,Toledo,10.0,0.245
401645356,2024,10,regular,Charlotte,Tulane,14.5,0.159
401645357,2024,10,regular,Florida Atlantic,South Florida,1.5,0.459
401645358,2024,10,regular,UAB,Tulsa,-2.5,0.568
401645359,2024,10,regular,UTSA,Memphis,7.0,0.315
401645360,2024,10,regular,Rice,Navy,12.5,0.194
401628413,2024,11,regular,LSU,Alabama,3.0,0.418
401628414,2024,11,regular,Ole Miss,Georgia,2.0,0.445
401628415,2024,11,regular,Missouri,Oklahoma,3.5,0.405
401628416,2024,11,regular,Tennessee,Mississippi State,-26.5,0.966
401628417,2024,11,regular,Texas,Florida,-22.0,0.935
401628418,2024,11,regular,Vanderbilt,South Carolina,6.0,0.34
401628541,2024,11,regular,Indiana,Michigan,-14.5,0.841
401628542,2024,11,regular,UCLA,Iowa,6.5,0.327
401628543,2024,11,regular,Oregon,Maryland,-24.0,0.951
401628544,2024,11,regular,Rutgers,Minnesota,6.5,0.327
401628545,2024,11,regular,Ohio State,Purdue,-37.0,0.995
401628546,2024,11,regular,Penn State,Washington,-13.5,0.824
401628984,2024,11,regular,Notre Dame,Florida State,-25.5,0.961
401629037,2024,11,regular,UAB,UConn,7.5,0.302
401629045,2024,11,regular,North Texas,Army,6.5,0.327
401634773,2024,11,regular,Wake Forest,California,7.0,0.315
401635606,2024,11,regular,Boston College,Syracuse,-3.0,0.582
401635607,2024,11,regular,Virginia Tech,Clemson,5.5,0.352
401635608,2024,11,regular,NC State,Duke,-3.0,0.582
401635609,2024,11,regular,Georgia Tech,Miami,9.5,0.256
401635610,2024,11,regular,Pittsburgh,Virginia,-7.0,0.685
401636917,2024,11,regular,Arizona State,UCF,-2.5,0.568
401636918,2024,11,regular,Cincinnati,West Virginia,-5.0,0.635
401636919,2024,11,regular,Kansas,Iowa State,2.5,0.432
401636920,2024,11,regular,TCU,Oklahoma State,-10.5,0.766
401636921,2024,11,regular,Texas Tech,Colorado,5.0,0.365
401636922,2024,11,regular,Utah,BYU,3.0,0.418
401640995,2024,11,regular,Middle Tennessee,Liberty,13.0,0.185
401641004,2024,11,regular,Louisiana Tech,Jacksonville State,10.0,0.245
401641021,2024,11,regular,UTEP,Kennesaw State,-4.5,0.622
401641036,2024,11,regular,New Mexico State,Western Kentucky,18.0,0.107
401643751,2024,11,regular,Air Force,Fresno State,9.5,0.256
401643752,2024,11,regular,Boise State,Nevada,-23.5,0.947
401643753,2024,11,regular,Hawai'i,UNLV,12.0,0.204
401643754,2024,11,regular,San Diego State,New Mexico,-1.0,0.527
401643755,2024,11,regular,Oregon State,San José State,-3.0,0.582
401643756,2024,11,regular,Washington State,Utah State,-20.5,0.921
401643825,2024,11,regular,Coastal Carolina,App State,2.5,0.432
401643826,2024,11,regular,James Madison,Georgia State,-14.5,0.841
401643827,2024,11,regular,Louisiana,Arkansas State,-14.0,0.833
401643828,2024,11,regular,UL Monroe,Texas State,9.5,0.256
401643829,2024,11,regular,Southern Miss,Marshall,13.5,0.176
401644688,2024,11,regular,Ball State,Miami (OH),13.0,0.185
401644760,2024,11,regular,Central Michigan,Bowling Green,16.0,0.135
401644761,2024,11,regular,Kent State,Ohio,20.5,0.079
401644762,2024,11,regular,Western Michigan,Northern Illinois,2.0,0.445
401645361,2024,11,regular,East Carolina,Florida Atlantic,-7.5,0.698
401645362,2024,11,regular,Memphis,Rice,-7.0,0.685
401645363,2024,11,regular,South Florida,Navy,4.5,0.378
401645364,2024,11,regular,Tulane,Temple,-25.5,0.961
401628419,2024,12,regular,Arkansas,Texas,12.0,0.204
401628420,2024,12,regular,Florida,LSU,3.0,0.418
401628421,2024,12,regular,Georgia,Tennessee,-9.5,0.744
401628423,2024,12,regular,South Carolina,Missouri,-10.5,0.766
401628424,2024,12,regular,Texas A&M,New Mexico State,-39.5,0.997
401628426,2024,12,regular,Auburn,UL Monroe,-24.5,0.954
401628547,2024,12,regular,Illinois,Michigan State,-2.0,0.555
401628548,2024,12,regular,Maryland,Rutgers,-4.5,0.622
401628549,2024,12,regular,USC,Nebraska,-6.5,0.673
401628550,2024,12,regular,Northwestern,Ohio State,28.5,0.025
401628551,2024,12,regular,Wisconsin,Oregon,13.5,0.176
401628552,2024,12,regular,Purdue,Penn State,30.0,0.019
401628553,2024,12,regular,Washington,UCLA,-5.0,0.635
401628985,2024,12,regular,Notre Dame,Virginia,-21.5,0.931
401629046,2024,12,regular,Massachusetts,Liberty,14.5,0.159
401635517,2024,12,regular,Stanford,Louisville,21.0,0.074
401635580,2024,12,regular,SMU,Boston College,-19.0,0.905
401635581,2024,12,regular,California,Syracuse,-10.0,0.755
401635582,2024,12,regular,Pittsburgh,Clemson,11.5,0.214
401635583,2024,12,regular,North Carolina,Wake Forest,-10.0,0.755
401636923,2024,12,regular,Arizona,Houston,-1.0,0.527
401636924,2024,12,regular,BYU,Kansas,-2.0,0.555
401636925,2024,12,regular,Colorado,Utah,-13.5,0.824
401636926,2024,12,regular,Iowa State,Cincinnati,-7.0,0.685
401636927,2024,12,regular,Kansas State,Arizona State,-7.5,0.698
401636929,2024,12,regular,West Virginia,Baylor,2.5,0.432
401640986,2024,12,regular,Jacksonville State,Florida International,-12.5,0.806
401641013,2024,12,regular,Western Kentucky,Louisiana Tech,-12.5,0.806
401641022,2024,12,regular,Kennesaw State,Sam Houston,21.0,0.074
401643757,2024,12,regular,Air Force,Oregon State,2.5,0.432
401643758,2024,12,regular,San José State,Boise State,14.0,0.167
401643759,2024,12,regular,Colorado State,Wyoming,-9.0,0.733
401643760,2024,12,regular,Utah State,Hawai'i,2.5,0.432
401643761,2024,12,regular,New Mexico,Washington State,10.5,0.234
401643762,2024,12,regular,UNLV,San Diego State,-21.5,0.931
401643830,2024,12,regular,Georgia Southern,Troy,-7.0,0.685
401643831,2024,12,regular,Georgia State,Arkansas State,-3.0,0.582
401643832,2024,12,regular,Marshall,Coastal Carolina,-7.5,0.698
401643833,2024,12,regular,Old Dominion,James Madison,2.5,0.432
401643834,2024,12,regular,Louisiana,South Alabama,-6.5,0.673
401643835,2024,12,regular,Texas State,Southern Miss,-27.5,0.971
401644689,2024,12,regular,Miami (OH),Kent State,-30.5,0.982
401644763,2024,12,regular,Buffalo,Ball State,-3.0,0.582
401644764,2024,12,regular,Bowling Green,Western Michigan,-9.5,0.744
401644765,2024,12,regular,Toledo,Central Michigan,-15.0,0.85
401644766,2024,12,regular,Northern Illinois,Akron,-14.0,0.833
401644767,2024,12,regular,Ohio,Eastern Michigan,-10.5,0.766
401645365,2024,12,regular,Tulsa,East Carolina,16.5,0.128
401645366,2024,12,regular,UTSA,North Texas,-1.5,0.541
401645367,2024,12,regular,Memphis,UAB,-16.5,0.872
401645368,2024,12,regular,Charlotte,South Florida,-1.5,0.541
401645369,2024,12,regular,Temple,Florida Atlantic,-2.0,0.555
401645370,2024,12,regular,Navy,Tulane,7.0,0.315
401628427,2024,13,regular,Arkansas,Louisiana Tech,-23.5,0.947
401628428,2024,13,regular,Auburn,Texas A&M,2.5,0.432
401628429,2024,13,regular,Florida,Ole Miss,12.5,0.194
401628430,2024,13,regular,Georgia,Massachusetts,-42.0,0.998
401628431,2024,13,regular,LSU,Vanderbilt,-9.5,0.744
401628432,2024,13,regular,Mississippi State,Missouri,9.5,0.256
401628433,2024,13,regular,Oklahoma,Alabama,13.5,0.176
401628435,2024,13,regular,Tennessee,UTEP,-41.5,0.998
401628436,2024,13,regular,Texas,Kentucky,-19.0,0.905
401628554,2024,13,regular,Rutgers,Illinois,-2.0,0.555
401628555,2024,13,regular,Ohio State,Indiana,-10.5,0.766
401628556,2024,13,regular,Maryland,Iowa,4.0,0.391
401628557,2024,13,regular,Michigan,Northwestern,-10.5,0.766
401628558,2024,13,regular,Michigan State,Purdue,-14.0,0.833
401628559,2024,13,regular,Minnesota,Penn State,11.0,0.224
401628560,2024,13,regular,Nebraska,Wisconsin,-1.0,0.527
401628561,2024,13,regular,UCLA,USC,4.5,0.378
401628572,2024,13,regular,Oregon State,Washington State,11.0,0.224
401634772,2024,13,regular,Georgia Tech,NC State,-8.5,0.721
401635518,2024,13,regular,Syracuse,UConn,-10.0,0.755
401635612,2024,13,regular,Boston College,North Carolina,3.0,0.418
401635613,2024,13,regular,California,Stanford,-14.5,0.841
401635615,2024,13,regular,Duke,Virginia Tech,2.5,0.432
401635617,2024,13,regular,Louisville,Pittsburgh,-7.5,0.698
401635618,2024,13,regular,Miami,Wake Forest,-23.5,0.947
401635619,2024,13,regular,Virginia,SMU,10.5,0.234
401636930,2024,13,regular,Arizona State,BYU,-3.5,0.595
401636931,2024,13,regular,Houston,Baylor,7.0,0.315
401636932,2024,13,regular,Kansas,Colorado,2.5,0.432
401636933,2024,13,regular,Kansas State,Cincinnati,-7.5,0.698
401636934,2024,13,regular,Oklahoma State,Texas Tech,5.0,0.365
401636935,2024,13,regular,TCU,Arizona,-11.0,0.776
401636936,2024,13,regular,Utah,Iowa State,6.5,0.327
401636937,2024,13,regular,West Virginia,UCF,3.0,0.418
401640959,2024,13,regular,Notre Dame,Army,-14.5,0.841
401640987,2024,13,regular,Kennesaw State,Florida International,9.0,0.267
401640996,2024,13,regular,Liberty,Western Kentucky,-1.0,0.527
401641005,2024,13,regular,Jacksonville State,Sam Houston,-5.0,0.635
401641027,2024,13,regular,Middle Tennessee,New Mexico State,-3.0,0.582
401643763,2024,13,regular,Nevada,Air Force,-2.5,0.568
401643764,2024,13,regular,Wyoming,Boise State,22.0,0.065
401643765,2024,13,regular,Fresno State,Colorado State,-3.0,0.582
401643766,2024,13,regular,Utah State,San Diego State,-5.0,0.635
401643767,2024,13,regular,San José State,UNLV,7.5,0.302
401643836,2024,13,regular,App State,James Madison,7.0,0.315
401643837,2024,13,regular,Coastal Carolina,Georgia Southern,-2.0,0.555
401643838,2024,13,regular,Old Dominion,Marshall,-3.0,0.582
401643839,2024,13,regular,Arkansas State,UL Monroe,-3.0,0.582
401643840,2024,13,regular,Louisiana,Troy,-7.5,0.698
401643841,2024,13,regular,Southern Miss,South Alabama,24.0,0.049
401643842,2024,13,regular,Texas State,Georgia State,-23.0,0.944
401644690,2024,13,regular,Miami (OH),Northern Illinois,-1.5,0.541
401644769,2024,13,regular,Kent State,Akron,10.5,0.234
401644770,2024,13,regular,Central Michigan,Western Michigan,6.0,0.34
401644772,2024,13,regular,Eastern Michigan,Buffalo,-1.0,0.527
401644773,2024,13,regular,Toledo,Ohio,-1.5,0.541
401644774,2024,13,regular,Ball State,Bowling Green,12.5,0.194
401645371,2024,13,regular,Florida Atlantic,Charlotte,3.0,0.418
401645372,2024,13,regular,North Texas,East Carolina,-2.5,0.568
401645373,2024,13,regular,UAB,Rice,7.0,0.315
401645374,2024,13,regular,UTSA,Temple,-16.5,0.872
401645375,2024,13,regular,South Florida,Tulsa,-17.0,0.879
401628437,2024,14,regular,Alabama,Auburn,-11.0,0.776
401628438,2024,14,regular,Florida State,Florida,17.0,0.121
401628439,2024,14,regular,Georgia,Georgia Tech,-17.5,0.886
401628440,2024,14,regular,Kentucky,Louisville,4.0,0.391
401628441,2024,14,regular,LSU,Oklahoma,-6.0,0.66
401628442,2024,14,regular,Ole Miss,Mississippi State,-26.0,0.964
401628443,2024,14,regular,Missouri,Arkansas,-3.0,0.582
401628444,2024,14,regular,Clemson,South Carolina,-2.5,0.568
401628445,2024,14,regular,Texas A&M,Texas,4.5,0.378
401628446,2024,14,regular,Vanderbilt,Tennessee,10.5,0.234
401628562,2024,14,regular,Iowa,Nebraska,-3.0,0.582
401628563,2024,14,regular,Northwestern,Illinois,9.0,0.267
401628564,2024,14,regular,Indiana,Purdue,-29.0,0.977
401628565,2024,14,regular,Penn State,Maryland,-25.5,0.961
401628566,2024,14,regular,Ohio State,Michigan,-20.0,0.916
401628567,2024,14,regular,Michigan State,Rutgers,-1.5,0.541
401628568,2024,14,regular,Wisconsin,Minnesota,1.0,0.473
401628569,2024,14,regular,Oregon,Washington,-17.5,0.886
401628570,2024,14,regular,UCLA,Fresno State,-7.5,0.698
401628571,2024,14,regular,USC,Notre Dame,7.0,0.315
401629038,2024,14,regular,Massachusetts,UConn,10.5,0.234
401635620,2024,14,regular,Boston College,Pittsburgh,-3.5,0.595
401635621,2024,14,regular,SMU,California,-12.5,0.806
401635622,2024,14,regular,Wake Forest,Duke,3.5,0.405
401635623,2024,14,regular,Syracuse,Miami,12.0,0.204
401635624,2024,14,regular,North Carolina,NC State,-2.0,0.555
401635625,2024,14,regular,San José State,Stanford,-2.5,0.568
401635640,2024,14,regular,Virginia Tech,Virginia,-4.5,0.622
401636938,2024,14,regular,Colorado,Oklahoma State,-16.5,0.872
401636939,2024,14,regular,UCF,Utah,-10.0,0.755
401636940,2024,14,regular,Arizona,Arizona State,7.5,0.302
401636941,2024,14,regular,Baylor,Kansas,-1.0,0.527
401636942,2024,14,regular,BYU,Houston,-12.0,0.796
401636943,2024,14,regular,Cincinnati,TCU,2.5,0.432
401636944,2024,14,regular,Iowa State,Kansas State,-1.5,0.541
401636945,2024,14,regular,Texas Tech,West Virginia,-3.0,0.582
401640988,2024,14,regular,Florida International,Middle Tennessee,-8.0,0.709
401640997,2024,14,regular,Sam Houston,Liberty,2.0,0.445
401641006,2024,14,regular,Western Kentucky,Jacksonville State,1.0,0.473
401641014,2024,14,regular,Louisiana Tech,Kennesaw State,-10.5,0.766
401641031,2024,14,regular,New Mexico State,UTEP,-3.0,0.582
401643768,2024,14,regular,San Diego State,Air Force,5.5,0.352
401643769,2024,14,regular,Boise State,Oregon State,-18.0,0.893
401643770,2024,14,regular,Colorado State,Utah State,-5.5,0.648
401643771,2024,14,regular,Hawai'i,New Mexico,4.0,0.391
401643772,2024,14,regular,UNLV,Nevada,-17.5,0.886
401643773,2024,14,regular,Washington State,Wyoming,-18.5,0.899
401643843,2024,14,regular,South Alabama,Texas State,1.5,0.459
401643844,2024,14,regular,Georgia Southern,App State,-2.5,0.568
401643845,2024,14,regular,Georgia State,Coastal Carolina,1.0,0.473
401643846,2024,14,regular,James Madison,Marshall,-3.5,0.595
401643847,2024,14,regular,Arkansas State,Old Dominion,5.5,0.352
401643848,2024,14,regular,UL Monroe,Louisiana,10.0,0.245
401643849,2024,14,regular,Troy,Southern Miss,-17.5,0.886
401644691,2024,14,regular,Bowling Green,Miami (OH),-2.5,0.568
401644775,2024,14,regular,Akron,Toledo,9.5,0.256
401644776,2024,14,regular,Buffalo,Kent State,-24.0,0.951
401644777,2024,14,regular,Ohio,Ball State,-17.5,0.886
401644779,2024,14,regular,Northern Illinois,Central Michigan,-13.5,0.824
401644780,2024,14,regular,Western Michigan,Eastern Michigan,-6.5,0.673
401645376,2024,14,regular,Tulane,Memphis,-13.5,0.824
401645377,2024,14,regular,Charlotte,UAB,-1.0,0.527
401645378,2024,14,regular,Army,UTSA,-6.5,0.673
401645379,2024,14,regular,East Carolina,Navy,-2.5,0.568
401645380,2024,14,regular,Tulsa,Florida Atlantic,-1.0,0.527
401645381,2024,14,regular,Temple,North Texas,11.0,0.224
401645382,2024,14,regular,Rice,South Florida,6.0,0.34
401673462,2024,15,regular,Army,Tulane,5.0,0.365
401673463,2024,15,regular,SMU,Clemson,-3.0,0.582
401673464,2024,15,regular,Oregon,Penn State,-3.0,0.582
401673465,2024,15,regular,Arizona State,Iowa State,-1.5,0.541
401673466,2024,15,regular,Jacksonville State,Western Kentucky,-4.0,0.609
401673467,2024,15,regular,Miami (OH),Ohio,-2.5,0.568
401673468,2024,15,regular,Boise State,UNLV,-4.0,0.609
401673469,2024,15,regular,Texas,Georgia,-3.0,0.582
401673470,2024,15,regular,Louisiana,Marshall,-5.0,0.635
401645383,2024,16,regular,Army,Navy,-6.0,0.66
401752665,2025,1,regular,Florida State,Alabama,13.5,0.176
401752667,2025,1,regular,Baylor,Auburn,1.0,0.473
401752669,2025,1,regular,Georgia,Marshall,-38.5,0.996
401752670,2025,1,regular,Kentucky,Toledo,-10.0,0.755
401752671,2025,1,regular,Clemson,LSU,-5.5,0.648
401752672,2025,1,regular,Ole Miss,Georgia State,-33.5,0.99
401752673,2025,1,regular,Southern Miss,Mississippi State,14.5,0.159
401752676,2025,1,regular,Tennessee,Syracuse,-13.5,0.824
401752677,2025,1,regular,Ohio State,Texas,-2.0,0.555
401752678,2025,1,regular,Texas A&M,UTSA,-24.0,0.951
401752680,2025,1,regular,South Carolina,Virginia Tech,-7.0,0.685
401752793,2025,1,regular,Minnesota,Buffalo,-18.5,0.899
401752794,2025,1,regular,Rutgers,Ohio,-15.5,0.857
401752796,2025,1,regular,Cincinnati,Nebraska,6.0,0.34
401752797,2025,1,regular,Maryland,Florida Atlantic,-12.5,0.806
401752798,2025,1,regular,USC,Missouri State,-36.5,0.994
401752800,2025,1,regular,UCLA,Utah,6.5,0.327
401752801,2025,1,regular,Purdue,Ball State,-16.5,0.872
401752802,2025,1,regular,Michigan State,Western Michigan,-21.5,0.931
401752803,2025,1,regular,Tulane,Northwestern,-5.0,0.635
401752805,2025,1,regular,Washington,Colorado State,-22.5,0.94
401752806,2025,1,regular,Indiana,Old Dominion,-23.0,0.944
401752807,2025,1,regular,Penn State,Nevada,-43.5,0.999
401752808,2025,1,regular,Michigan,New Mexico,-34.5,0.991
401752936,2025,1,regular,Oregon State,California,3.0,0.418
401754373,2025,1,regular,NC State,East Carolina,-14.0,0.833
401754374,2025,1,regular,Wake Forest,Kennesaw State,-18.5,0.899
401754375,2025,1,regular,Colorado,Georgia Tech,3.5,0.405
401754516,2025,1,regular,Hawai'i,Stanford,-2.0,0.555
401754522,2025,1,regular,Miami,Notre Dame,3.0,0.418
401754523,2025,1,regular,North Carolina,TCU,3.5,0.405
401754616,2025,1,regular,Virginia,Coastal Carolina,-13.5,0.824
401756846,2025,1,regular,Kansas State,Iowa State,-3.0,0.582
401756847,2025,1,regular,Kansas,Fresno State,-14.0,0.833
401756848,2025,1,regular,UCF,Jacksonville State,-20.5,0.921
401756849,2025,1,regular,Arizona,Hawai'i,-15.5,0.857
401757218,2025,1,regular,Western Kentucky,Sam Houston,-9.5,0.744
401757224,2025,1,regular,Sam Houston,UNLV,9.0,0.267
401757225,2025,1,regular,Utah State,UTEP,-5.5,0.648
401760358,2025,1,regular,San José State,Central Michigan,-14.5,0.841
401760361,2025,1,regular,Fresno State,Georgia Southern,-2.0,0.555
401761589,2025,1,regular,Charlotte,App State,3.0,0.418
401761592,2025,1,regular,Louisiana,Rice,-9.5,0.744
401761594,2025,1,regular,Texas State,Eastern Michigan,-14.0,0.833
401762456,2025,1,regular,Massachusetts,Temple,1.5,0.459
401762522,2025,1,regular,South Florida,Boise State,4.5,0.378
401762789,2025,1,regular,Akron,Wyoming,5.0,0.365
401762791,2025,1,regular,Wisconsin,Miami (OH),-18.0,0.893
401752681,2025,2,regular,Alabama,UL Monroe,-34.0,0.99
401752682,2025,2,regular,Arkansas,Arkansas State,-23.5,0.947
401752683,2025,2,regular,Auburn,Ball State,-43.0,0.998
401752684,2025,2,regular,Florida,South Florida,-18.5,0.899
401752686,2025,2,regular,Kentucky,Ole Miss,8.0,0.291
401752687,2025,2,regular,LSU,Louisiana Tech,-36.5,0.994
401752688,2025,2,regular,Mississippi State,Arizona State,6.0,0.34
401752689,2025,2,regular,Missouri,Kansas,-5.5,0.648
401752690,2025,2,regular,Oklahoma,Michigan,-4.0,0.609
401752693,2025,2,regular,Texas,San José State,-37.0,0.995
401752694,2025,2,regular,Texas A&M,Utah State,-34.5,0.991
401752695,2025,2,regular,Virginia Tech,Vanderbilt,-1.5,0.541
401752810,2025,2,regular,Nebraska,Akron,-34.0,0.99
401752811,2025,2,regular,Penn State,Florida International,-42.0,0.998
401752812,2025,2,regular,Indiana,Kennesaw State,-35.5,0.993
401752814,2025,2,regular,USC,Georgia Southern,-29.0,0.977
401752816,2025,2,regular,Michigan State,Boston College,-3.5,0.595
401752818,2025,2,regular,Rutgers,Miami (OH),-15.5,0.857
401752820,2025,2,regular,Wisconsin,Middle Tennessee,-28.5,0.975
401752822,2025,2,regular,Iowa State,Iowa,-3.0,0.582
401752823,2025,2,regular,UNLV,UCLA,2.5,0.432
401752824,2025,2,regular,Oregon,Oklahoma State,-28.5,0.975
401752825,2025,2,regular,Duke,Illinois,2.5,0.432
401752826,2025,2,regular,Maryland,Northern Illinois,-17.0,0.879
401752937,2025,2,regular,Oregon State,Fresno State,-1.0,0.527
401752948,2025,2,regular,Washington State,San Diego State,-2.0,0.555
401754524,2025,2,regular,NC State,Virginia,-3.0,0.582
401754525,2025,2,regular,SMU,Baylor,-3.0,0.582
401754526,2025,2,regular,BYU,Stanford,-20.5,0.921
401754527,2025,2,regular,Charlotte,North Carolina,15.0,0.15
401754528,2025,2,regular,Louisville,James Madison,-15.0,0.85
401754529,2025,2,regular,Pittsburgh,Central Michigan,-21.5,0.931
401754618,2025,2,regular,Syracuse,UConn,-7.0,0.685
401754637,2025,2,regular,Clemson,Troy,-31.0,0.984
401756880,2025,2,regular,Cincinnati,Bowling Green,-22.5,0.94
401756881,2025,2,regular,Colorado,Delaware,-23.5,0.947
401756882,2025,2,regular,Kansas State,Army,-17.0,0.879
401756883,2025,2,regular,Ohio,West Virginia,3.5,0.405
401756884,2025,2,regular,Rice,Houston,13.5,0.176
401756885,2025,2,regular,Texas Tech,Kent State,-48.5,1.0
401757227,2025,2,regular,Jacksonville State,Liberty,6.0,0.34
401757228,2025,2,regular,Marshall,Missouri State,-7.0,0.685
401757229,2025,2,regular,New Mexico State,Tulsa,3.0,0.418
401757230,2025,2,regular,Hawai'i,Sam Houston,-7.0,0.685
401757232,2025,2,regular,Toledo,Western Kentucky,-8.5,0.721
401761598,2025,2,regular,Georgia State,Memphis,14.5,0.159
401761601,2025,2,regular,South Alabama,Tulane,13.5,0.176
401761603,2025,2,regular,UTSA,Texas State,-4.5,0.622
401762458,2025,2,regular,Navy,UAB,-20.5,0.921
401762461,2025,2,regular,Western Michigan,North Texas,12.0,0.204
401752696,2025,3,regular,Alabama,Wisconsin,-19.5,0.911
401752697,2025,3,regular,Auburn,South Alabama,-26.0,0.964
401752698,2025,3,regular,Kentucky,Eastern Michigan,-27.0,0.969
401752699,2025,3,regular,LSU,Florida,-5.0,0.635
401752700,2025,3,regular,Ole Miss,Arkansas,-3.5,0.595
401752702,2025,3,regular,Missouri,Louisiana,-27.5,0.971
401752703,2025,3,regular,Temple,Oklahoma,23.5,0.053
401752704,2025,3,regular,South Carolina,Vanderbilt,-3.0,0.582
401752705,2025,3,regular,Tennessee,Georgia,3.5,0.405
401752706,2025,3,regular,Texas,UTEP,-39.5,0.997
401752707,2025,3,regular,Notre Dame,Texas A&M,-6.5,0.673
401752827,2025,3,regular,Ohio State,Ohio,-28.0,0.973
401752829,2025,3,regular,Illinois,Western Michigan,-27.5,0.971
401752830,2025,3,regular,Iowa,Massachusetts,-35.0,0.992
401752831,2025,3,regular,Northwestern,Oregon,26.5,0.034
401752832,2025,3,regular,Purdue,USC,20.5,0.079
401752837,2025,3,regular,UCLA,New Mexico,-15.5,0.857
401752839,2025,3,regular,Michigan,Central Michigan,-28.0,0.973
401752840,2025,3,regular,California,Minnesota,3.0,0.418
401752938,2025,3,regular,Texas Tech,Oregon State,-24.0,0.951
401752949,2025,3,regular,North Texas,Washington State,-6.5,0.673
401754531,2025,3,regular,Wake Forest,NC State,7.0,0.315
401754533,2025,3,regular,Stanford,Boston College,14.0,0.167
401754534,2025,3,regular,Tulane,Duke,-1.5,0.541
401754535,2025,3,regular,Miami,South Florida,-18.0,0.893
401754536,2025,3,regular,Virginia Tech,Old Dominion,-5.5,0.648
401754615,2025,3,regular,Missouri State,SMU,28.5,0.025
401754623,2025,3,regular,Georgia Tech,Clemson,3.0,0.418
401754638,2025,3,regular,West Virginia,Pittsburgh,7.0,0.315
401756888,2025,3,regular,Arizona,Kansas State,1.5,0.459
401756889,2025,3,regular,Arizona State,Texas State,-18.5,0.899
401756890,2025,3,regular,Arkansas State,Iowa State,21.5,0.069
401756893,2025,3,regular,Houston,Colorado,-4.0,0.609
401756895,2025,3,regular,Wyoming,Utah,24.5,0.046
401757168,2025,3,regular,Delaware,UConn,8.0,0.291
401757233,2025,3,regular,Florida International,Florida Atlantic,-2.0,0.555
401757234,2025,3,regular,Georgia Southern,Jacksonville State,-3.0,0.582
401757256,2025,3,regular,Bowling Green,Liberty,5.5,0.352
401757257,2025,3,regular,Louisiana Tech,New Mexico State,-10.0,0.755
401757258,2025,3,regular,Nevada,Middle Tennessee,-9.0,0.733
401760368,2025,3,regular,Utah State,Air Force,4.5,0.378
401761604,2025,3,regular,Coastal Carolina,East Carolina,7.0,0.315
401761607,2025,3,regular,Southern Miss,App State,3.0,0.418
401761608,2025,3,regular,Troy,Memphis,4.5,0.378
401762463,2025,3,regular,UAB,Akron,-12.0,0.796
401762465,2025,3,regular,Tulsa,Navy,13.5,0.176
401762817,2025,3,regular,Kent State,Buffalo,24.0,0.049
401752708,2025,4,regular,Memphis,Arkansas,7.0,0.315
401752709,2025,4,regular,Miami,Florida,-8.5,0.721
401752711,2025,4,regular,Ole Miss,Tulane,-12.5,0.806
401752712,2025,4,regular,Mississippi State,Northern Illinois,-24.0,0.951
401752713,2025,4,regular,Missouri,South Carolina,-10.0,0.755
401752714,2025,4,regular,Oklahoma,Auburn,-6.5,0.673
401752715,2025,4,regular,Tennessee,UAB,-39.0,0.996
401752716,2025,4,regular,Vanderbilt,Georgia State,-28.0,0.973
401752723,2025,4,regular,Texas,Sam Houston,-39.5,0.997
401752841,2025,4,regular,Oregon,Oregon State,-34.0,0.99
401752842,2025,4,regular,Washington State,Washington,21.0,0.074
401752843,2025,4,regular,Indiana,Illinois,-6.5,0.673
401752844,2025,4,regular,Rutgers,Iowa,2.0,0.445
401752845,2025,4,regular,Wisconsin,Maryland,-10.5,0.766
401752846,2025,4,regular,Nebraska,Michigan,-1.0,0.527
401752847,2025,4,regular,USC,Michigan State,-18.5,0.899
401752848,2025,4,regular,Notre Dame,Purdue,-24.5,0.954
401754537,2025,4,regular,Clemson,Syracuse,-17.5,0.886
401754538,2025,4,regular,Duke,NC State,-3.0,0.582
401754539,2025,4,regular,Virginia,Stanford,-15.5,0.857
401754540,2025,4,regular,San Diego State,California,14.0,0.167
401754541,2025,4,regular,Florida State,Kent State,-45.0,0.999
401754542,2025,4,regular,Georgia Tech,Temple,-24.5,0.954
401754636,2025,4,regular,TCU,SMU,-6.5,0.673
401754640,2025,4,regular,UCF,North Carolina,-7.0,0.685
401754642,2025,4,regular,Louisville,Bowling Green,-26.5,0.966
401756896,2025,4,regular,Baylor,Arizona State,-3.0,0.582
401756897,2025,4,regular,Colorado,Wyoming,-12.0,0.796
401756898,2025,4,regular,East Carolina,BYU,6.5,0.327
401756899,2025,4,regular,Kansas,West Virginia,-12.5,0.806
401756900,2025,4,regular,Oklahoma State,Tulsa,-10.0,0.755
401756901,2025,4,regular,Utah,Texas Tech,-3.5,0.595
401757169,2025,4,regular,UConn,Ball State,-21.5,0.931
401757259,2025,4,regular,Florida International,Delaware,-4.0,0.609
401757261,2025,4,regular,Kennesaw State,Arkansas State,4.5,0.378
401757262,2025,4,regular,Liberty,James Madison,7.5,0.302
401757263,2025,4,regular,Louisiana Tech,Southern Miss,-3.0,0.582
401757264,2025,4,regular,Middle Tennessee,Marshall,2.5,0.432
401757267,2025,4,regular,UTEP,UL Monroe,-5.0,0.635
401757268,2025,4,regular,Western Kentucky,Nevada,-7.5,0.698
401760372,2025,4,regular,Air Force,Boise State,11.0,0.224
401760373,2025,4,regular,Colorado State,UTSA,5.0,0.365
401760374,2025,4,regular,Hawai'i,Fresno State,2.5,0.432
401760376,2025,4,regular,Miami (OH),UNLV,1.5,0.459
401761610,2025,4,regular,Eastern Michigan,Louisiana,2.5,0.432
401761611,2025,4,regular,South Alabama,Coastal Carolina,-15.0,0.85
401761613,2025,4,regular,Buffalo,Troy,-5.5,0.648
401762468,2025,4,regular,Charlotte,Rice,2.0,0.445
401762469,2025,4,regular,Army,North Texas,2.5,0.432
401762820,2025,4,regular,Western Michigan,Toledo,13.0,0.185
401752717,2025,5,regular,Arkansas,Notre Dame,5.0,0.365
401752718,2025,5,regular,Georgia,Alabama,-2.0,0.555
401752719,2025,5,regular,Ole Miss,LSU,-2.5,0.568
401752720,2025,5,regular,Mississippi State,Tennessee,7.5,0.302
401752721,2025,5,regular,Missouri,Massachusetts,-44.5,0.999
401752722,2025,5,regular,South Carolina,Kentucky,-5.0,0.635
401752724,2025,5,regular,Texas A&M,Auburn,-6.5,0.673
401752725,2025,5,regular,Vanderbilt,Utah State,-23.0,0.944
401752849,2025,5,regular,Minnesota,Rutgers,-4.0,0.609
401752850,2025,5,regular,Illinois,USC,6.5,0.327
401752851,2025,5,regular,Northwestern,UCLA,-6.0,0.66
401752852,2025,5,regular,Washington,Ohio State,9.0,0.267
401752853,2025,5,regular,Iowa,Indiana,9.5,0.256
401752854,2025,5,regular,Penn State,Oregon,-4.0,0.609
401752939,2025,5,regular,Oregon State,Houston,12.5,0.194
401752950,2025,5,regular,Colorado State,Washington State,-4.5,0.622
401754543,2025,5,regular,Virginia,Florida State,7.0,0.315
401754544,2025,5,regular,Boston College,California,-6.0,0.66
401754545,2025,5,regular,Syracuse,Duke,4.5,0.378
401754546,2025,5,regular,Wake Forest,Georgia Tech,13.0,0.185
401754547,2025,5,regular,Pittsburgh,Louisville,3.0,0.418
401754548,2025,5,regular,NC State,Virginia Tech,-10.0,0.755
401754549,2025,5,regular,Stanford,San José State,-3.0,0.582
401756902,2025,5,regular,Arizona State,TCU,-3.0,0.582
401756903,2025,5,regular,Colorado,BYU,6.5,0.327
401756904,2025,5,regular,Iowa State,Arizona,-3.5,0.595
401756905,2025,5,regular,Kansas,Cincinnati,-5.5,0.648
401756906,2025,5,regular,Kansas State,UCF,-6.0,0.66
401756907,2025,5,regular,Oklahoma State,Baylor,21.0,0.074
401756908,2025,5,regular,West Virginia,Utah,13.5,0.176
401757170,2025,5,regular,Buffalo,UConn,3.0,0.418
401757269,2025,5,regular,Southern Miss,Jacksonville State,-4.5,0.622
401757270,2025,5,regular,Kennesaw State,Middle Tennessee,-7.0,0.685
401757271,2025,5,regular,Old Dominion,Liberty,-14.5,0.841
401757272,2025,5,regular,UTEP,Louisiana Tech,3.5,0.405
401757273,2025,5,regular,Missouri State,Western Kentucky,3.5,0.405
401757274,2025,5,regular,New Mexico,New Mexico State,-16.5,0.872
401760378,2025,5,regular,Air Force,Hawai'i,-7.0,0.685
401760379,2025,5,regular,Boise State,App State,-16.5,0.872
401760380,2025,5,regular,Northern Illinois,San Diego State,2.0,0.445
401761614,2025,5,regular,James Madison,Georgia Southern,-15.0,0.85
401761615,2025,5,regular,Louisiana,Marshall,2.5,0.432
401761616,2025,5,regular,UL Monroe,Arkansas State,-1.5,0.541
401761617,2025,5,regular,North Texas,South Alabama,-13.0,0.815
401762471,2025,5,regular,East Carolina,Army,-3.5,0.595
401762472,2025,5,regular,Florida Atlantic,Memphis,14.0,0.167
401762473,2025,5,regular,Navy,Rice,-14.0,0.833
401762474,2025,5,regular,Tulsa,Tulane,14.5,0.159
401762824,2025,5,regular,Toledo,Akron,-21.0,0.926
401762825,2025,5,regular,Ohio,Bowling Green,-8.0,0.709
401762826,2025,5,regular,Central Michigan,Eastern Michigan,-3.0,0.582
401752726,2025,6,regular,Alabama,Vanderbilt,-13.5,0.824
401752727,2025,6,regular,Florida,Texas,4.5,0.378
401752728,2025,6,regular,Georgia,Kentucky,-20.0,0.916
401752729,2025,6,regular,Oklahoma,Kent State,-46.5,0.999
401752730,2025,6,regular,Texas A&M,Mississippi State,-17.5,0.886
401752855,2025,6,regular,UCLA,Penn State,24.5,0.046
401752856,2025,6,regular,Michigan,Wisconsin,-17.0,0.879
401752857,2025,6,regular,Maryland,Washington,5.5,0.352
401752858,2025,6,regular,Northwestern,UL Monroe,-12.5,0.806
401752859,2025,6,regular,Ohio State,Minnesota,-23.5,0.947
401752860,2025,6,regular,Nebraska,Michigan State,-13.5,0.824
401752861,2025,6,regular,Purdue,Illinois,7.0,0.315
401752940,2025,6,regular,App State,Oregon State,-2.0,0.555
401754550,2025,6,regular,Pittsburgh,Boston College,-6.5,0.673
401754551,2025,6,regular,California,Duke,3.5,0.405
401754552,2025,6,regular,North Carolina,Clemson,14.5,0.159
401754553,2025,6,regular,Florida State,Miami,3.5,0.405
401754554,2025,6,regular,Louisville,Virginia,-6.5,0.673
401754555,2025,6,regular,SMU,Syracuse,-17.5,0.886
401754556,2025,6,regular,Virginia Tech,Wake Forest,-6.0,0.66
401756909,2025,6,regular,BYU,West Virginia,-20.0,0.916
401756910,2025,6,regular,Arizona,Oklahoma State,-21.5,0.931
401756911,2025,6,regular,Baylor,Kansas State,-5.0,0.635
401756912,2025,6,regular,Cincinnati,Iowa State,-2.0,0.555
401756913,2025,6,regular,Houston,Texas Tech,13.0,0.185
401756914,2025,6,regular,TCU,Colorado,-13.5,0.824
401756915,2025,6,regular,UCF,Kansas,4.0,0.391
401757165,2025,6,regular,Notre Dame,Boise State,-21.5,0.931
401757171,2025,6,regular,UConn,Florida International,-7.0,0.685
401757275,2025,6,regular,New Mexico State,Sam Houston,2.0,0.445
401757276,2025,6,regular,Delaware,Western Kentucky,-3.0,0.582
401760381,2025,6,regular,Navy,Air Force,-13.5,0.824
401760382,2025,6,regular,San Diego State,Colorado State,-4.5,0.622
401760383,2025,6,regular,Fresno State,Nevada,-11.5,0.786
401760384,2025,6,regular,San José State,New Mexico,-2.0,0.555
401760385,2025,6,regular,Wyoming,UNLV,4.0,0.391
401761618,2025,6,regular,Georgia State,James Madison,20.0,0.084
401761619,2025,6,regular,Old Dominion,Coastal Carolina,-20.0,0.916
401761620,2025,6,regular,Arkansas State,Texas State,14.0,0.167
401761621,2025,6,regular,Troy,South Alabama,2.5,0.432
401762475,2025,6,regular,South Florida,Charlotte,-28.0,0.973
401762476,2025,6,regular,UAB,Army,6.5,0.327
401762477,2025,6,regular,Rice,Florida Atlantic,-5.0,0.635
401762478,2025,6,regular,Memphis,Tulsa,-21.0,0.926
401762479,2025,6,regular,Temple,UTSA,6.5,0.327
401762829,2025,6,regular,Akron,Central Michigan,7.5,0.302
401762830,2025,6,regular,Ball State,Ohio,14.0,0.167
401762831,2025,6,regular,Buffalo,Eastern Michigan,-9.5,0.744
401762832,2025,6,regular,Massachusetts,Western Michigan,12.0,0.204
401762873,2025,6,regular,Northern Illinois,Miami (OH),5.0,0.365
401752731,2025,7,regular,Auburn,Georgia,4.5,0.378
401752732,2025,7,regular,LSU,South Carolina,-8.0,0.709
401752733,2025,7,regular,Ole Miss,Washington State,-33.0,0.989
401752734,2025,7,regular,Missouri,Alabama,3.0,0.418
401752735,2025,7,regular,Tennessee,Arkansas,-10.0,0.755
401752736,2025,7,regular,Texas,Oklahoma,-2.5,0.568
401752737,2025,7,regular,Texas A&M,Florida,-7.0,0.685
401752862,2025,7,regular,Washington,Rutgers,-9.5,0.744
401752863,2025,7,regular,Michigan State,UCLA,-7.0,0.685
401752864,2025,7,regular,Minnesota,Purdue,-7.0,0.685
401752865,2025,7,regular,Illinois,Ohio State,15.0,0.15
401752866,2025,7,regular,Penn State,Northwestern,-20.5,0.921
401752867,2025,7,regular,Maryland,Nebraska,7.0,0.315
401752868,2025,7,regular,USC,Michigan,-3.0,0.582
401752869,2025,7,regular,Wisconsin,Iowa,5.0,0.365
401752870,2025,7,regular,Oregon,Indiana,-6.5,0.673
401754558,2025,7,regular,Boston College,Clemson,14.0,0.167
401754559,2025,7,regular,Florida State,Pittsburgh,-10.5,0.766
401754560,2025,7,regular,Georgia Tech,Virginia Tech,-14.0,0.833
401754561,2025,7,regular,SMU,Stanford,-19.5,0.911
401754562,2025,7,regular,Notre Dame,NC State,-23.5,0.947
401754563,2025,7,regular,Oregon State,Wake Forest,1.5,0.459
401756916,2025,7,regular,Arizona,BYU,2.5,0.432
401756917,2025,7,regular,Cincinnati,UCF,-10.5,0.766
401756918,2025,7,regular,Colorado,Iowa State,3.0,0.418
401756919,2025,7,regular,Kansas State,TCU,3.0,0.418
401756920,2025,7,regular,Oklahoma State,Houston,14.5,0.159
401756921,2025,7,regular,Texas Tech,Kansas,-13.5,0.824
401756922,2025,7,regular,Utah,Arizona State,-9.5,0.744
401757277,2025,7,regular,UTEP,Liberty,2.0,0.445
401757278,2025,7,regular,Middle Tennessee,Missouri State,3.0,0.418
401757279,2025,7,regular,Sam Houston,Jacksonville State,7.0,0.315
401757280,2025,7,regular,Kennesaw State,Louisiana Tech,4.5,0.378
401760386,2025,7,regular,UNLV,Air Force,-7.0,0.685
401760387,2025,7,regular,Boise State,New Mexico,-14.5,0.841
401760388,2025,7,regular,Colorado State,Fresno State,6.0,0.34
401760389,2025,7,regular,Hawai'i,Utah State,2.0,0.445
401760390,2025,7,regular,Nevada,San Diego State,6.5,0.327
401760391,2025,7,regular,Wyoming,San José State,1.5,0.459
401761622,2025,7,regular,Georgia Southern,Southern Miss,3.0,0.418
401761623,2025,7,regular,Coastal Carolina,UL Monroe,3.0,0.418
401761624,2025,7,regular,Georgia State,App State,3.0,0.418
401761625,2025,7,regular,James Madison,Louisiana,-18.5,0.899
401761626,2025,7,regular,Marshall,Old Dominion,14.5,0.159
401761627,2025,7,regular,Texas State,Troy,-7.5,0.698
401762480,2025,7,regular,Tulane,East Carolina,-7.0,0.685
401762481,2025,7,regular,North Texas,South Florida,-2.5,0.568
401762482,2025,7,regular,Florida Atlantic,UAB,-4.5,0.622
401762483,2025,7,regular,Army,Charlotte,-17.5,0.886
401762484,2025,7,regular,Temple,Navy,10.0,0.245
401762485,2025,7,regular,UTSA,Rice,-9.5,0.744
401762833,2025,7,regular,Akron,Miami (OH),12.0,0.204
401762834,2025,7,regular,Western Michigan,Ball State,-9.5,0.744
401762835,2025,7,regular,Bowling Green,Toledo,11.0,0.224
401762836,2025,7,regular,Eastern Michigan,Northern Illinois,1.5,0.459
401762837,2025,7,regular,Kent State,Massachusetts,-1.0,0.527
401752738,2025,8,regular,Alabama,Tennessee,-9.0,0.733
401752739,2025,8,regular,Arkansas,Texas A&M,7.0,0.315
401752740,2025,8,regular,Auburn,Missouri,1.5,0.459
401752741,2025,8,regular,Florida,Mississippi State,-9.5,0.744
401752742,2025,8,regular,Georgia,Ole Miss,-7.5,0.698
401752743,2025,8,regular,Kentucky,Texas,12.0,0.204
401752744,2025,8,regular,South Carolina,Oklahoma,4.0,0.391
401752745,2025,8,regular,Vanderbilt,LSU,-1.5,0.541
401752871,2025,8,regular,Notre Dame,USC,-11.0,0.776
401752872,2025,8,regular,Minnesota,Nebraska,7.0,0.315
401752873,2025,8,regular,Michigan,Washington,-4.0,0.609
401752874,2025,8,regular,Northwestern,Purdue,-3.5,0.595
401752875,2025,8,regular,Iowa,Penn State,-3.0,0.582
401752876,2025,8,regular,Rutgers,Oregon,17.5,0.114
401752877,2025,8,regular,Wisconsin,Ohio State,24.5,0.046
401752878,2025,8,regular,Indiana,Michigan State,-26.5,0.966
401752879,2025,8,regular,UCLA,Maryland,-3.5,0.595
401752951,2025,8,regular,Virginia,Washington State,-16.5,0.872
401754371,2025,8,regular,California,North Carolina,-7.5,0.698
401754564,2025,8,regular,Miami,Louisville,-10.5,0.766
401754565,2025,8,regular,Clemson,SMU,-3.5,0.595
401754566,2025,8,regular,Duke,Georgia Tech,-3.5,0.595
401754567,2025,8,regular,Stanford,Florida State,17.5,0.114
401754568,2025,8,regular,Syracuse,Pittsburgh,9.5,0.256
401754569,2025,8,regular,Boston College,UConn,2.5,0.432
401756923,2025,8,regular,Arizona State,Texas Tech,8.0,0.291
401756924,2025,8,regular,BYU,Utah,4.0,0.391
401756925,2025,8,regular,Houston,Arizona,2.0,0.445
401756926,2025,8,regular,Oklahoma State,Cincinnati,24.0,0.049
401756927,2025,8,regular,TCU,Baylor,-3.5,0.595
401756928,2025,8,regular,UCF,West Virginia,-6.5,0.673
401757281,2025,8,regular,Western Kentucky,Florida International,-10.0,0.755
401757282,2025,8,regular,Liberty,New Mexico State,-10.5,0.766
401757283,2025,8,regular,Jacksonville State,Delaware,3.0,0.418
401757284,2025,8,regular,Sam Houston,UTEP,3.5,0.405
401760392,2025,8,regular,Air Force,Wyoming,-4.0,0.609
401760393,2025,8,regular,Boise State,UNLV,-13.0,0.815
401760394,2025,8,regular,Colorado State,Hawai'i,-3.0,0.582
401760395,2025,8,regular,New Mexico,Nevada,-14.0,0.833
401760396,2025,8,regular,Utah State,San José State,-3.0,0.582
401761628,2025,8,regular,South Alabama,Arkansas State,-8.5,0.721
401761629,2025,8,regular,App State,Coastal Carolina,-10.5,0.766
401761630,2025,8,regular,Georgia Southern,Georgia State,-6.5,0.673
401761631,2025,8,regular,James Madison,Old Dominion,-3.0,0.582
401761632,2025,8,regular,Marshall,Texas State,3.0,0.418
401761633,2025,8,regular,UL Monroe,Troy,4.5,0.378
401761668,2025,8,regular,Louisiana,Southern Miss,4.0,0.391
401762486,2025,8,regular,East Carolina,Tulsa,-16.5,0.872
401762487,2025,8,regular,UAB,Memphis,23.5,0.053
401762488,2025,8,regular,Tulane,Army,-9.5,0.744
401762489,2025,8,regular,Charlotte,Temple,9.5,0.256
401762490,2025,8,regular,South Florida,Florida Atlantic,-20.5,0.921
401762491,2025,8,regular,North Texas,UTSA,-4.0,0.609
401762838,2025,8,regular,Ball State,Akron,2.0,0.445
401762839,2025,8,regular,Bowling Green,Central Michigan,-3.0,0.582
401762840,2025,8,regular,Massachusetts,Buffalo,16.5,0.128
401762841,2025,8,regular,Miami (OH),Eastern Michigan,-12.5,0.806
401762842,2025,8,regular,Toledo,Kent State,-25.0,0.958
401762843,2025,8,regular,Ohio,Northern Illinois,-10.5,0.766
401752746,2025,9,regular,Arkansas,Auburn,-2.5,0.568
401752747,2025,9,regular,Kentucky,Tennessee,7.5,0.302
401752748,2025,9,regular,LSU,Texas A&M,1.5,0.459
401752749,2025,9,regular,Mississippi State,Texas,8.0,0.291
401752750,2025,9,regular,Oklahoma,Ole Miss,-5.5,0.648
401752751,2025,9,regular,South Carolina,Alabama,11.5,0.214
401752752,2025,9,regular,Vanderbilt,Missouri,-3.0,0.582
401752880,2025,9,regular,Washington,Illinois,-3.0,0.582
401752881,2025,9,regular,Michigan State,Michigan,13.5,0.176
401752882,2025,9,regular,Iowa,Minnesota,-7.0,0.685
401752883,2025,9,regular,Nebraska,Northwestern,-7.0,0.685
401752884,2025,9,regular,Purdue,Rutgers,-2.5,0.568
401752885,2025,9,regular,Indiana,UCLA,-27.5,0.971
401752886,2025,9,regular,Oregon,Wisconsin,-31.0,0.984
401752942,2025,9,regular,Wake Forest,SMU,5.5,0.352
401752952,2025,9,regular,Washington State,Toledo,2.0,0.445
401754372,2025,9,regular,Virginia Tech,California,-6.0,0.66
401754570,2025,9,regular,Louisville,Boston College,-25.5,0.961
401754571,2025,9,regular,Georgia Tech,Syracuse,-17.5,0.886
401754572,2025,9,regular,Miami,Stanford,-30.0,0.981
401754573,2025,9,regular,North Carolina,Virginia,11.0,0.224
401754574,2025,9,regular,Pittsburgh,NC State,-5.0,0.635
401756929,2025,9,regular,Arizona State,Houston,-7.5,0.698
401756930,2025,9,regular,Cincinnati,Baylor,-3.5,0.595
401756931,2025,9,regular,Iowa State,BYU,-2.5,0.568
401756932,2025,9,regular,Kansas,Kansas State,-3.5,0.595
401756933,2025,9,regular,Texas Tech,Oklahoma State,-38.0,0.996
401756934,2025,9,regular,Utah,Colorado,-14.0,0.833
401756935,2025,9,regular,West Virginia,TCU,16.5,0.128
401757172,2025,9,regular,Rice,UConn,10.0,0.245
401757285,2025,9,regular,Florida International,Kennesaw State,3.0,0.418
401757286,2025,9,regular,Louisiana Tech,Western Kentucky,-5.0,0.635
401757287,2025,9,regular,Delaware,Middle Tennessee,-8.0,0.709
401757288,2025,9,regular,New Mexico State,Missouri State,2.5,0.432
401760397,2025,9,regular,Nevada,Boise State,21.0,0.074
401760398,2025,9,regular,Wyoming,Colorado State,-6.0,0.66
401760399,2025,9,regular,Fresno State,San Diego State,3.0,0.418
401760400,2025,9,regular,New Mexico,Utah State,-3.0,0.582
401761634,2025,9,regular,Georgia State,South Alabama,6.0,0.34
401761635,2025,9,regular,Old Dominion,App State,-13.5,0.824
401761636,2025,9,regular,Arkansas State,Georgia Southern,1.0,0.473
401761637,2025,9,regular,Southern Miss,UL Monroe,-14.0,0.833
401761638,2025,9,regular,Troy,Louisiana,-7.0,0.685
401762492,2025,9,regular,Charlotte,North Texas,25.0,0.042
401762493,2025,9,regular,Navy,Florida Atlantic,-14.5,0.841
401762494,2025,9,regular,Memphis,South Florida,3.5,0.405
401762495,2025,9,regular,Tulsa,Temple,5.0,0.365
401762844,2025,9,regular,Buffalo,Akron,-10.0,0.755
401762845,2025,9,regular,Northern Illinois,Ball State,-6.5,0.673
401762846,2025,9,regular,Kent State,Bowling Green,7.5,0.302
401762847,2025,9,regular,Central Michigan,Massachusetts,-16.5,0.872
401762848,2025,9,regular,Eastern Michigan,Ohio,12.0,0.204
401762874,2025,9,regular,Miami (OH),Western Michigan,-2.5,0.568
401752753,2025,10,regular,Arkansas,Mississippi State,-5.0,0.635
401752754,2025,10,regular,Auburn,Kentucky,-12.0,0.796
401752755,2025,10,regular,Florida,Georgia,7.0,0.315
401752756,2025,10,regular,Ole Miss,South Carolina,-13.0,0.815
401752757,2025,10,regular,Tennessee,Oklahoma,-3.0,0.582
401752758,2025,10,regular,Texas,Vanderbilt,-3.5,0.595
401752887,2025,10,regular,Maryland,Indiana,21.0,0.074
401752888,2025,10,regular,Minnesota,Michigan State,-3.5,0.595
401752889,2025,10,regular,Ohio State,Penn State,-18.0,0.893
401752890,2025,10,regular,Michigan,Purdue,-21.0,0.926
401752891,2025,10,regular,Illinois,Rutgers,-13.0,0.815
401752892,2025,10,regular,Nebraska,USC,4.5,0.378
401752943,2025,10,regular,Oregon State,Washington State,3.0,0.418
401754575,2025,10,regular,Syracuse,North Carolina,-1.5,0.541
401754576,2025,10,regular,California,Virginia,6.5,0.327
401754577,2025,10,regular,Clemson,Duke,-4.0,0.609
401754578,2025,10,regular,Florida State,Wake Forest,-13.0,0.815
401754579,2025,10,regular,NC State,Georgia Tech,4.0,0.391
401754580,2025,10,regular,Virginia Tech,Louisville,10.5,0.234
401754581,2025,10,regular,SMU,Miami,8.5,0.279
401754582,2025,10,regular,Stanford,Pittsburgh,13.5,0.176
401754583,2025,10,regular,Boston College,Notre Dame,31.0,0.016
401756936,2025,10,regular,Baylor,UCF,-3.0,0.582
401756937,2025,10,regular,Colorado,Arizona,3.5,0.405
401756938,2025,10,regular,Houston,West Virginia,-13.0,0.815
401756939,2025,10,regular,Iowa State,Arizona State,-7.5,0.698
401756940,2025,10,regular,Kansas,Oklahoma State,-25.0,0.958
401756941,2025,10,regular,Kansas State,Texas Tech,7.0,0.315
401756942,2025,10,regular,Utah,Cincinnati,-11.0,0.776
401757173,2025,10,regular,UConn,UAB,-10.5,0.766
401757289,2025,10,regular,Kennesaw State,UTEP,-11.5,0.786
401757290,2025,10,regular,Louisiana Tech,Sam Houston,-16.5,0.872
401757291,2025,10,regular,Missouri State,Florida International,-3.0,0.582
401757292,2025,10,regular,Middle Tennessee,Jacksonville State,4.5,0.378
401757293,2025,10,regular,Liberty,Delaware,-3.5,0.595
401757294,2025,10,regular,Western Kentucky,New Mexico State,-7.5,0.698
401760401,2025,10,regular,Air Force,Army,1.0,0.473
401760402,2025,10,regular,Boise State,Fresno State,-17.5,0.886
401760403,2025,10,regular,San José State,Hawai'i,-2.5,0.568
401760404,2025,10,regular,UNLV,New Mexico,-3.5,0.595
401760405,2025,10,regular,San Diego State,Wyoming,-9.5,0.744
401761639,2025,10,regular,Texas State,James Madison,7.5,0.302
401761640,2025,10,regular,Coastal Carolina,Marshall,7.0,0.315
401761641,2025,10,regular,UL Monroe,Old Dominion,17.0,0.121
401761642,2025,10,regular,South Alabama,Louisiana,-3.5,0.595
401761643,2025,10,regular,Troy,Arkansas State,-8.0,0.709
401762443,2025,10,regular,UTSA,Tulane,6.0,0.34
401762497,2025,10,regular,Rice,Memphis,14.0,0.167
401762498,2025,10,regular,Temple,East Carolina,5.0,0.365
401762499,2025,10,regular,North Texas,Navy,-6.5,0.673
401762849,2025,10,regular,Bowling Green,Buffalo,-2.5,0.568
401762850,2025,10,regular,Western Michigan,Central Michigan,-5.5,0.648
401752759,2025,11,regular,Alabama,LSU,-10.0,0.755
401752760,2025,11,regular,Kentucky,Florida,4.5,0.378
401752762,2025,11,regular,Mississippi State,Georgia,9.5,0.256
401752763,2025,11,regular,Missouri,Texas A&M,7.0,0.315
401752764,2025,11,regular,Vanderbilt,Auburn,-6.0,0.66
401752893,2025,11,regular,Penn State,Indiana,14.0,0.167
401752894,2025,11,regular,Rutgers,Maryland,-1.5,0.541
401752895,2025,11,regular,UCLA,Nebraska,-2.0,0.555
401752896,2025,11,regular,USC,Northwestern,-14.5,0.841
401752897,2025,11,regular,Purdue,Ohio State,29.0,0.023
401752898,2025,11,regular,Iowa,Oregon,4.5,0.378
401752899,2025,11,regular,Wisconsin,Washington,10.5,0.234
401752944,2025,11,regular,Oregon State,Sam Houston,-21.0,0.926
401754584,2025,11,regular,Boston College,SMU,10.5,0.234
401754585,2025,11,regular,Louisville,California,-18.0,0.893
401754586,2025,11,regular,Clemson,Florida State,-1.5,0.541
401754587,2025,11,regular,Miami,Syracuse,-28.5,0.975
401754588,2025,11,regular,North Carolina,Stanford,-8.5,0.721
401754589,2025,11,regular,Virginia,Wake Forest,-7.0,0.685
401754590,2025,11,regular,UConn,Duke,8.0,0.291
401756943,2025,11,regular,Arizona,Kansas,-5.5,0.648
401756944,2025,11,regular,TCU,Iowa State,-7.5,0.698
401756945,2025,11,regular,Texas Tech,BYU,-13.5,0.824
401756946,2025,11,regular,UCF,Houston,-1.0,0.527
401756947,2025,11,regular,West Virginia,Colorado,-6.5,0.673
401757166,2025,11,regular,Notre Dame,Navy,-30.5,0.982
401757295,2025,11,regular,Delaware,Louisiana Tech,5.5,0.352
401757296,2025,11,regular,Middle Tennessee,Florida International,-2.0,0.555
401757297,2025,11,regular,UTEP,Jacksonville State,1.5,0.459
401757298,2025,11,regular,New Mexico State,Kennesaw State,10.5,0.234
401757299,2025,11,regular,Liberty,Missouri State,-8.0,0.709
401760406,2025,11,regular,San José State,Air Force,-6.0,0.66
401760407,2025,11,regular,Colorado State,UNLV,5.5,0.352
401760408,2025,11,regular,Hawai'i,San Diego State,6.5,0.327
401760409,2025,11,regular,Utah State,Nevada,-10.0,0.755
401761644,2025,11,regular,App State,Georgia Southern,-5.0,0.635
401761645,2025,11,regular,Coastal Carolina,Georgia State,-7.0,0.685
401761646,2025,11,regular,Marshall,James Madison,13.5,0.176
401761647,2025,11,regular,Arkansas State,Southern Miss,6.5,0.327
401761648,2025,11,regular,Louisiana,Texas State,3.5,0.405
401762500,2025,11,regular,South Florida,UTSA,-14.0,0.833
401762501,2025,11,regular,Memphis,Tulane,-3.0,0.582
401762502,2025,11,regular,Rice,UAB,-1.0,0.527
401762503,2025,11,regular,Army,Temple,-7.0,0.685
401762504,2025,11,regular,East Carolina,Charlotte,-28.0,0.973
401762505,2025,11,regular,Florida Atlantic,Tulsa,-4.5,0.622
401762851,2025,11,regular,Akron,Massachusetts,-11.5,0.786
401762852,2025,11,regular,Ohio,Miami (OH),-3.0,0.582
401762853,2025,11,regular,Ball State,Kent State,-3.0,0.582
401762854,2025,11,regular,Toledo,Northern Illinois,-15.5,0.857
401762855,2025,11,regular,Eastern Michigan,Bowling Green,-3.0,0.582
401752765,2025,12,regular,Alabama,Oklahoma,-6.5,0.673
401752766,2025,12,regular,Georgia,Texas,-4.0,0.609
401752768,2025,12,regular,LSU,Arkansas,-4.0,0.609
401752769,2025,12,regular,Ole Miss,Florida,-10.5,0.766
401752770,2025,12,regular,Missouri,Mississippi State,-7.0,0.685
401752771,2025,12,regular,Tennessee,New Mexico State,-41.5,0.998
401752772,2025,12,regular,Texas A&M,South Carolina,-16.5,0.872
401752900,2025,12,regular,Ohio State,UCLA,-33.0,0.989
401752901,2025,12,regular,Indiana,Wisconsin,-28.0,0.973
401752902,2025,12,regular,Washington,Purdue,-15.5,0.857
401752903,2025,12,regular,Michigan State,Penn State,7.0,0.315
401752904,2025,12,regular,Oregon,Minnesota,-27.0,0.969
401752905,2025,12,regular,Northwestern,Michigan,10.0,0.245
401752906,2025,12,regular,Illinois,Maryland,-16.5,0.872
401752907,2025,12,regular,USC,Iowa,-6.5,0.673
401752945,2025,12,regular,Tulsa,Oregon State,-1.0,0.527
401752953,2025,12,regular,Washington State,Louisiana Tech,-10.0,0.755
401754591,2025,12,regular,Louisville,Clemson,-1.5,0.541
401754592,2025,12,regular,Boston College,Georgia Tech,16.5,0.128
401754593,2025,12,regular,Duke,Virginia,-5.0,0.635
401754594,2025,12,regular,Florida State,Virginia Tech,-14.0,0.833
401754595,2025,12,regular,Miami,NC State,-15.5,0.857
401754596,2025,12,regular,Wake Forest,North Carolina,-3.5,0.595
401754597,2025,12,regular,Pittsburgh,Notre Dame,13.0,0.185
401756948,2025,12,regular,Arizona State,West Virginia,-10.0,0.755
401756949,2025,12,regular,Baylor,Utah,9.5,0.256
401756950,2025,12,regular,BYU,TCU,-3.0,0.582
401756951,2025,12,regular,Cincinnati,Arizona,-6.0,0.66
401756952,2025,12,regular,Oklahoma State,Kansas State,19.5,0.089
401756953,2025,12,regular,Texas Tech,UCF,-24.0,0.951
401757174,2025,12,regular,UConn,Air Force,-7.5,0.698
401757300,2025,12,regular,Sam Houston,Delaware,11.5,0.214
401757301,2025,12,regular,Florida International,Liberty,2.5,0.432
401757302,2025,12,regular,Jacksonville State,Kennesaw State,4.0,0.391
401757303,2025,12,regular,Western Kentucky,Middle Tennessee,-13.5,0.824
401757304,2025,12,regular,Missouri State,UTEP,-6.5,0.673
401760410,2025,12,regular,San Diego State,Boise State,-2.0,0.555
401760411,2025,12,regular,New Mexico,Colorado State,-15.0,0.85
401760412,2025,12,regular,Fresno State,Wyoming,-3.0,0.582
401760413,2025,12,regular,Nevada,San José State,9.5,0.256
401760414,2025,12,regular,UNLV,Utah State,-5.0,0.635
401761649,2025,12,regular,Old Dominion,Troy,-10.0,0.755
401761650,2025,12,regular,Georgia Southern,Coastal Carolina,-3.0,0.582
401761651,2025,12,regular,Georgia State,Marshall,9.5,0.256
401761652,2025,12,regular,James Madison,App State,-21.5,0.931
401761653,2025,12,regular,UL Monroe,South Alabama,3.5,0.405
401761654,2025,12,regular,Southern Miss,Texas State,-3.0,0.582
401762506,2025,12,regular,UAB,North Texas,17.5,0.114
401762507,2025,12,regular,Charlotte,UTSA,17.0,0.121
401762508,2025,12,regular,East Carolina,Memphis,-3.0,0.582
401762509,2025,12,regular,Tulane,Florida Atlantic,-16.5,0.872
401762510,2025,12,regular,Navy,South Florida,8.5,0.279
401762856,2025,12,regular,Akron,Kent State,-7.5,0.698
401762857,2025,12,regular,Western Michigan,Ohio,-1.5,0.541
401762858,2025,12,regular,Central Michigan,Buffalo,-2.0,0.555
401762859,2025,12,regular,Massachusetts,Northern Illinois,9.5,0.256
401762860,2025,12,regular,Miami (OH),Toledo,5.5,0.352
401762861,2025,12,regular,Ball State,Eastern Michigan,3.0,0.418
401752775,2025,13,regular,Florida,Tennessee,3.0,0.418
401752776,2025,13,regular,Georgia,Charlotte,-42.5,0.998
401752777,2025,13,regular,LSU,Western Kentucky,-24.5,0.954
401752778,2025,13,regular,Oklahoma,Missouri,-4.5,0.622
401752779,2025,13,regular,South Carolina,Coastal Carolina,-24.0,0.951
401752780,2025,13,regular,Texas,Arkansas,-8.5,0.721
401752782,2025,13,regular,Vanderbilt,Kentucky,-7.0,0.685
401752908,2025,13,regular,Penn State,Nebraska,-7.0,0.685
401752909,2025,13,regular,Northwestern,Minnesota,-4.0,0.609
401752910,2025,13,regular,UCLA,Washington,11.0,0.224
401752911,2025,13,regular,Oregon,USC,-11.0,0.776
401752912,2025,13,regular,Ohio State,Rutgers,-29.0,0.977
401752913,2025,13,regular,Iowa,Michigan State,-17.5,0.886
401752914,2025,13,regular,Maryland,Michigan,14.0,0.167
401752915,2025,13,regular,Wisconsin,Illinois,9.5,0.256
401752954,2025,13,regular,James Madison,Washington State,-15.0,0.85
401754598,2025,13,regular,NC State,Florida State,6.5,0.327
401754599,2025,13,regular,Stanford,California,4.5,0.378
401754600,2025,13,regular,North Carolina,Duke,7.0,0.315
401754601,2025,13,regular,Georgia Tech,Pittsburgh,-2.5,0.568
401754602,2025,13,regular,SMU,Louisville,-4.0,0.609
401754603,2025,13,regular,Virginia Tech,Miami,18.5,0.101
401754604,2025,13,regular,Notre Dame,Syracuse,-37.0,0.995
401754606,2025,13,regular,Wake Forest,Delaware,-17.5,0.886
401756954,2025,13,regular,Arizona,Baylor,-6.5,0.673
401756955,2025,13,regular,Cincinnati,BYU,2.5,0.432
401756956,2025,13,regular,Colorado,Arizona State,7.0,0.315
401756957,2025,13,regular,Houston,TCU,1.5,0.459
401756958,2025,13,regular,Iowa State,Kansas,-3.5,0.595
401756959,2025,13,regular,UCF,Oklahoma State,-13.5,0.824
401756960,2025,13,regular,Utah,Kansas State,-17.5,0.886
401757175,2025,13,regular,Florida Atlantic,UConn,6.0,0.34
401757305,2025,13,regular,Florida International,Jacksonville State,-2.5,0.568
401757306,2025,13,regular,Kennesaw State,Missouri State,-6.5,0.673
401757307,2025,13,regular,Louisiana Tech,Liberty,1.0,0.473
401757308,2025,13,regular,Middle Tennessee,Sam Houston,-7.0,0.685
401757309,2025,13,regular,UTEP,New Mexico State,-4.0,0.609
401760415,2025,13,regular,Air Force,New Mexico,3.5,0.405
401760416,2025,13,regular,Boise State,Colorado State,-17.0,0.879
401760417,2025,13,regular,Fresno State,Utah State,-2.0,0.555
401760418,2025,13,regular,UNLV,Hawai'i,-2.5,0.568
401760419,2025,13,regular,Wyoming,Nevada,-6.5,0.673
401760420,2025,13,regular,San Diego State,San José State,-10.0,0.755
401761655,2025,13,regular,Arkansas State,Louisiana,-2.5,0.568
401761656,2025,13,regular,App State,Marshall,4.0,0.391
401761657,2025,13,regular,Georgia Southern,Old Dominion,10.0,0.245
401761658,2025,13,regular,South Alabama,Southern Miss,2.5,0.432
401761659,2025,13,regular,Texas State,UL Monroe,-20.5,0.921
401761660,2025,13,regular,Troy,Georgia State,-9.5,0.744
401762511,2025,13,regular,UAB,South Florida,21.0,0.074
401762512,2025,13,regular,Army,Tulsa,-10.0,0.755
401762513,2025,13,regular,UTSA,East Carolina,2.0,0.445
401762514,2025,13,regular,Rice,North Texas,18.5,0.101
401762515,2025,13,regular,Temple,Tulane,7.5,0.302
401762862,2025,13,regular,Bowling Green,Akron,-2.0,0.555
401762863,2025,13,regular,Ohio,Massachusetts,-33.5,0.99
401762864,2025,13,regular,Northern Illinois,Western Michigan,7.0,0.315
401762865,2025,13,regular,Buffalo,Miami (OH),2.5,0.432
401762866,2025,13,regular,Kent State,Central Michigan,7.5,0.302
401762867,2025,13,regular,Toledo,Ball State,-29.5,0.979
401752783,2025,14,regular,Arkansas,Missouri,4.5,0.378
401752784,2025,14,regular,Auburn,Alabama,7.0,0.315
401752785,2025,14,regular,Florida,Florida State,1.0,0.473
401752786,2025,14,regular,Georgia Tech,Georgia,16.5,0.128
401752787,2025,14,regular,Louisville,Kentucky,-1.0,0.527
401752788,2025,14,regular,Mississippi State,Ole Miss,7.0,0.315
401752789,2025,14,regular,Oklahoma,LSU,-11.5,0.786
401752790,2025,14,regular,South Carolina,Clemson,-2.5,0.568
401752791,2025,14,regular,Tennessee,Vanderbilt,-2.0,0.555
401752792,2025,14,regular,Texas,Texas A&M,2.5,0.432
401752916,2025,14,regular,Nebraska,Iowa,6.0,0.34
401752917,2025,14,regular,Washington,Oregon,7.0,0.315
401752918,2025,14,regular,Minnesota,Wisconsin,2.5,0.432
401752919,2025,14,regular,USC,UCLA,-21.0,0.926
401752920,2025,14,regular,Rutgers,Penn State,14.0,0.167
401752921,2025,14,regular,Michigan,Ohio State,9.5,0.256
401752922,2025,14,regular,Illinois,Northwestern,-7.0,0.685
401752923,2025,14,regular,Michigan State,Maryland,-4.0,0.609
401752924,2025,14,regular,Purdue,Indiana,28.5,0.025
401752946,2025,14,regular,Washington State,Oregon State,-14.0,0.833
401754608,2025,14,regular,Syracuse,Boston College,3.0,0.418
401754609,2025,14,regular,California,SMU,13.5,0.176
401754610,2025,14,regular,Duke,Wake Forest,-2.5,0.568
401754611,2025,14,regular,Pittsburgh,Miami,6.5,0.327
401754612,2025,14,regular,NC State,North Carolina,-7.0,0.685
401754613,2025,14,regular,Virginia,Virginia Tech,-8.0,0.709
401754614,2025,14,regular,Stanford,Notre Dame,32.5,0.013
401756961,2025,14,regular,Arizona State,Arizona,2.0,0.445
401756962,2025,14,regular,Baylor,Houston,-2.5,0.568
401756963,2025,14,regular,BYU,UCF,-17.5,0.886
401756964,2025,14,regular,Kansas,Utah,10.0,0.245
401756965,2025,14,regular,Kansas State,Colorado,-16.5,0.872
401756966,2025,14,regular,Oklahoma State,Iowa State,14.0,0.167
401756967,2025,14,regular,TCU,Cincinnati,-3.0,0.582
401756968,2025,14,regular,West Virginia,Texas Tech,24.0,0.049
401757310,2025,14,regular,Delaware,UTEP,-4.5,0.622
401757311,2025,14,regular,Sam Houston,Florida International,10.5,0.234
401757312,2025,14,regular,Jacksonville State,Western Kentucky,1.5,0.459
401757313,2025,14,regular,Liberty,Kennesaw State,2.5,0.432
401757314,2025,14,regular,Missouri State,Louisiana Tech,-2.5,0.568
401757315,2025,14,regular,New Mexico State,Middle Tennessee,-3.5,0.595
401760421,2025,14,regular,Colorado State,Air Force,2.5,0.432
401760422,2025,14,regular,Utah State,Boise State,2.0,0.445
401760423,2025,14,regular,San José State,Fresno State,3.5,0.405
401760424,2025,14,regular,Hawai'i,Wyoming,-8.5,0.721
401760425,2025,14,regular,Nevada,UNLV,7.5,0.302
401760426,2025,14,regular,New Mexico,San Diego State,1.0,0.473
401761661,2025,14,regular,App State,Arkansas State,-1.0,0.527
401761662,2025,14,regular,Coastal Carolina,James Madison,24.0,0.049
401761663,2025,14,regular,Marshall,Georgia Southern,-10.0,0.755
401761664,2025,14,regular,Old Dominion,Georgia State,-29.0,0.977
401761665,2025,14,regular,Louisiana,UL Monroe,-11.0,0.776
401761666,2025,14,regular,Southern Miss,Troy,-7.0,0.685
401761667,2025,14,regular,Texas State,South Alabama,-10.0,0.755
401762441,2025,14,regular,UTSA,Army,-8.5,0.721
401762442,2025,14,regular,North Texas,Temple,-20.0,0.916
401762516,2025,14,regular,Memphis,Navy,-3.5,0.595
401762517,2025,14,regular,Tulsa,UAB,-9.0,0.733
401762518,2025,14,regular,Tulane,Charlotte,-31.0,0.984
401762519,2025,14,regular,Florida Atlantic,East Carolina,7.0,0.315
401762520,2025,14,regular,South Florida,Rice,-28.0,0.973
401762868,2025,14,regular,Massachusetts,Bowling Green,14.0,0.167
401762869,2025,14,regular,Eastern Michigan,Western Michigan,10.0,0.245
401762870,2025,14,regular,Buffalo,Ohio,7.0,0.315
401762871,2025,14,regular,Northern Illinois,Kent State,-5.0,0.635
401762872,2025,14,regular,Central Michigan,Toledo,11.5,0.214
401762875,2025,14,regular,Miami (OH),Ball State,-17.0,0.879
401777324,2025,15,regular,Tulane,North Texas,1.0,0.473
401777325,2025,15,regular,Jacksonville State,Kennesaw State,3.0,0.418
401777326,2025,15,regular,Boise State,UNLV,-6.0,0.66
401777327,2025,15,regular,Texas Tech,BYU,-12.5,0.806
401777328,2025,15,regular,Virginia,Duke,-3.5,0.595
401777329,2025,15,regular,Western Michigan,Miami (OH),-2.0,0.555
401777351,2025,15,regular,Alabama,Georgia,1.5,0.459
401777352,2025,15,regular,James Madison,Troy,-24.5,0.954
401777353,2025,15,regular,Ohio State,Indiana,-3.5,0.595
401762521,2025,16,regular,Navy,Army,-6.0,0.66
401856634,2026,1,regular,Alabama,East Carolina,-28.0,0.973
401856664,2026,1,regular,Oklahoma,UTEP,-41.0,0.998
401856665,2026,1,regular,South Carolina,Kent State,-36.5,0.994
401856766,2026,1,regular,TCU,North Carolina,-7.5,0.698
401856776,2026,1,regular,Georgia Tech,Colorado,-6.5,0.673
401856778,2026,1,regular,Houston,Oregon State,-20.5,0.921
401856780,2026,1,regular,West Virginia,Coastal Carolina,-21.0,0.926
401858201,2026,1,regular,Stanford,Hawai'i,-5.0,0.635
401858202,2026,1,regular,Virginia,NC State,-4.0,0.609
401858204,2026,1,regular,Wake Forest,Akron,-27.5,0.971
401858206,2026,1,regular,Stanford,Miami,24.5,0.046
401858207,2026,1,regular,Pittsburgh,Miami (OH),-16.0,0.865
401858423,2026,1,regular,Rutgers,Massachusetts,-29.0,0.977
401858424,2026,1,regular,Illinois,UAB,-26.5,0.966
401858425,2026,1,regular,Indiana,North Texas,-40.5,0.997
401858429,2026,1,regular,Michigan State,Toledo,-10.0,0.755
401858430,2026,1,regular,Nebraska,Ohio,-24.0,0.951
401858432,2026,1,regular,Ohio State,Ball State,-51.0,1.0
401858436,2026,1,regular,USC,Fresno State,-22.5,0.94
401862693,2026,1,regular,UNLV,Memphis,-5.0,0.635
401864494,2026,1,regular,USC,San José State,-37.0,0.995
401864495,2026,1,regular,Eastern Michigan,San José State,-1.5,0.541
401864570,2026,1,regular,Florida State,New Mexico State,-31.0,0.984
401864577,2026,1,regular,North Dakota State,Jacksonville State,-7.0,0.685
401866408,2026,1,regular,Eastern Michigan,Sacramento State,-9.0,0.733
401869960,2026,1,regular,James Madison,Liberty,-6.0,0.66
