season,team,win_total_line,over_odds,under_odds,source_book,as_of_date,actual_wins,result,team_raw,notes
2008,Alabama,8.0,,,unspecified_vegas_futures,preseason,12.0,Over,Alabama,
2008,Arizona State,8.5,,,unspecified_vegas_futures,preseason,5.0,Under,Arizona State,
2008,Arkansas,6.0,,,unspecified_vegas_futures,preseason,5.0,Under,Arkansas,
2008,Auburn,9.0,,,unspecified_vegas_futures,preseason,5.0,Under,Auburn,
2008,BYU,9.0,,,unspecified_vegas_futures,preseason,10.0,Over,BYU,
2008,Boise State,9.0,,,unspecified_vegas_futures,preseason,12.0,Over,Boise State,
2008,California,8.0,,,unspecified_vegas_futures,preseason,8.0,Push,California,
2008,Clemson,9.5,,,unspecified_vegas_futures,preseason,7.0,Under,Clemson,
2008,Colorado,6.0,,,unspecified_vegas_futures,preseason,5.0,Under,Colorado,
2008,Florida,10.0,,,unspecified_vegas_futures,preseason,11.0,Over,Florida,
2008,Florida State,8.0,,,unspecified_vegas_futures,preseason,8.0,Push,Florida State,
2008,Fresno State,8.5,,,unspecified_vegas_futures,preseason,7.0,Under,Fresno State,
2008,Georgia,9.0,,,unspecified_vegas_futures,preseason,9.0,Push,Georgia,
2008,Georgia Tech,6.0,,,unspecified_vegas_futures,preseason,9.0,Over,Georgia Tech,
2008,Illinois,8.0,,,unspecified_vegas_futures,preseason,5.0,Under,Illinois,
2008,Iowa,7.0,,,unspecified_vegas_futures,preseason,8.0,Over,Iowa,
2008,Kansas,8.0,,,unspecified_vegas_futures,preseason,7.0,Under,Kansas,
2008,LSU,9.0,,,unspecified_vegas_futures,preseason,7.0,Under,LSU,
2008,Maryland,7.0,,,unspecified_vegas_futures,preseason,7.0,Push,Maryland,
2008,Miami,8.0,,,unspecified_vegas_futures,preseason,7.0,Under,Miami (FL),
2008,Michigan,8.0,,,unspecified_vegas_futures,preseason,3.0,Under,Michigan,
2008,Michigan State,7.0,,,unspecified_vegas_futures,preseason,9.0,Over,Michigan State,
2008,Mississippi State,7.0,,,unspecified_vegas_futures,preseason,4.0,Under,Mississippi State,
2008,Missouri,9.0,,,unspecified_vegas_futures,preseason,9.0,Push,Missouri,
2008,Nebraska,7.0,,,unspecified_vegas_futures,preseason,8.0,Over,Nebraska,
2008,North Carolina,6.0,,,unspecified_vegas_futures,preseason,8.0,Over,North Carolina,
2008,Notre Dame,7.0,,,unspecified_vegas_futures,preseason,6.0,Under,Notre Dame,
2008,Ohio State,10.0,,,unspecified_vegas_futures,preseason,10.0,Push,Ohio State,
2008,Oklahoma,10.0,,,unspecified_vegas_futures,preseason,11.0,Over,Oklahoma,
2008,Ole Miss,5.5,,,unspecified_vegas_futures,preseason,8.0,Over,Ole Miss,
2008,Oregon,8.0,,,unspecified_vegas_futures,preseason,9.0,Over,Oregon,
2008,Penn State,8.5,,,unspecified_vegas_futures,preseason,11.0,Over,Penn State,
2008,Pittsburgh,7.0,,,unspecified_vegas_futures,preseason,9.0,Over,Pittsburgh,
2008,Purdue,7.0,,,unspecified_vegas_futures,preseason,4.0,Under,Purdue,
2008,Rutgers,7.5,,,unspecified_vegas_futures,preseason,7.0,Under,Rutgers,
2008,South Carolina,8.0,,,unspecified_vegas_futures,preseason,7.0,Under,South Carolina,
2008,South Florida,9.0,,,unspecified_vegas_futures,preseason,7.0,Under,South Florida,
2008,Tennessee,8.0,,,unspecified_vegas_futures,preseason,5.0,Under,Tennessee,
2008,Texas,9.0,,,unspecified_vegas_futures,preseason,11.0,Over,Texas,
2008,Texas A&M,7.0,,,unspecified_vegas_futures,preseason,4.0,Under,Texas A&M,
2008,Texas Tech,9.0,,,unspecified_vegas_futures,preseason,11.0,Over,Texas Tech,
2008,UConn,6.5,,,unspecified_vegas_futures,preseason,7.0,Over,Connecticut,
2008,USC,11.0,,,unspecified_vegas_futures,preseason,11.0,Push,USC,
2008,Vanderbilt,3.0,,,unspecified_vegas_futures,preseason,6.0,Over,Vanderbilt,
2008,Virginia Tech,9.0,,,unspecified_vegas_futures,preseason,8.0,Under,Virginia Tech,
2008,Washington,6.0,,,unspecified_vegas_futures,preseason,0.0,Under,Washington,
2008,West Virginia,10.0,,,unspecified_vegas_futures,preseason,8.0,Under,West Virginia,
2008,Wisconsin,8.5,,,unspecified_vegas_futures,preseason,7.0,Under,Wisconsin,
2009,Alabama,9.5,120,-150,unspecified_vegas_futures,preseason,12.0,Over,Alabama,
2009,Arizona,6.5,-140,110,unspecified_vegas_futures,preseason,8.0,Over,Arizona,
2009,Arizona State,6.5,-130,100,unspecified_vegas_futures,preseason,4.0,Under,Arizona State,
2009,BYU,9.0,-115,-115,unspecified_vegas_futures,preseason,10.0,Over,BYU,
2009,Boise State,10.5,-130,100,unspecified_vegas_futures,preseason,12.0,Over,Boise State,
2009,California,9.5,100,-130,unspecified_vegas_futures,preseason,8.0,Under,California,
2009,Clemson,8.5,105,-135,unspecified_vegas_futures,preseason,8.0,Under,Clemson,
2009,Florida,11.0,-110,-120,unspecified_vegas_futures,preseason,12.0,Over,Florida,
2009,Florida State,7.5,-120,-110,unspecified_vegas_futures,preseason,6.0,Under,Florida State,
2009,Georgia,8.5,100,-130,unspecified_vegas_futures,preseason,7.0,Under,Georgia,
2009,Georgia Tech,8.5,-105,-125,unspecified_vegas_futures,preseason,10.0,Over,Georgia Tech,
2009,Illinois,7.5,-140,110,unspecified_vegas_futures,preseason,3.0,Under,Illinois,
2009,Iowa,8.0,-130,100,unspecified_vegas_futures,preseason,10.0,Over,Iowa,
2009,LSU,8.5,-110,-120,unspecified_vegas_futures,preseason,9.0,Over,LSU,
2009,Miami,7.5,-115,-115,unspecified_vegas_futures,preseason,9.0,Over,Miami (FL),
2009,Michigan,6.5,-120,-110,unspecified_vegas_futures,preseason,5.0,Under,Michigan,
2009,Michigan State,8.0,135,-165,unspecified_vegas_futures,preseason,6.0,Under,Michigan State,
2009,Missouri,7.0,-110,-120,unspecified_vegas_futures,preseason,8.0,Over,Missouri,
2009,Nebraska,8.0,-130,100,unspecified_vegas_futures,preseason,9.0,Over,Nebraska,
2009,North Carolina,8.0,-120,-110,unspecified_vegas_futures,preseason,8.0,Push,North Carolina,
2009,Notre Dame,9.0,105,-135,unspecified_vegas_futures,preseason,6.0,Under,Notre Dame,
2009,Ohio State,9.5,-130,100,unspecified_vegas_futures,preseason,10.0,Push,Ohio State,
2009,Oklahoma,10.0,110,-140,unspecified_vegas_futures,preseason,7.0,Under,Oklahoma,
2009,Oklahoma State,9.0,110,-140,unspecified_vegas_futures,preseason,9.0,Push,Oklahoma State,
2009,Ole Miss,9.0,-135,105,unspecified_vegas_futures,preseason,8.0,Under,Ole Miss,
2009,Oregon,7.5,-105,-125,unspecified_vegas_futures,preseason,10.0,Over,Oregon,
2009,Oregon State,7.5,-120,-110,unspecified_vegas_futures,preseason,8.0,Over,Oregon State,
2009,Penn State,9.5,-160,130,unspecified_vegas_futures,preseason,10.0,Over,Penn State,
2009,Rutgers,9.0,115,-145,unspecified_vegas_futures,preseason,8.0,Under,Rutgers,
2009,South Carolina,6.5,105,-135,unspecified_vegas_futures,preseason,7.0,Over,South Carolina,
2009,TCU,9.0,-115,-115,unspecified_vegas_futures,preseason,12.0,Over,TCU,
2009,Tennessee,6.5,-145,115,unspecified_vegas_futures,preseason,7.0,Over,Tennessee,
2009,Texas,10.5,115,-145,unspecified_vegas_futures,preseason,12.0,Over,Texas,
2009,Texas Tech,7.5,-130,100,unspecified_vegas_futures,preseason,8.0,Over,Texas Tech,
2009,UCLA,6.5,100,-130,unspecified_vegas_futures,preseason,6.0,Under,UCLA,
2009,USC,10.0,-130,100,unspecified_vegas_futures,preseason,8.0,Under,USC,
2009,Virginia Tech,9.0,-105,-125,unspecified_vegas_futures,preseason,9.0,Push,Virginia Tech,
2009,West Virginia,8.5,-110,-120,unspecified_vegas_futures,preseason,9.0,Over,West Virginia,
2009,Wisconsin,8.0,-110,-120,unspecified_vegas_futures,preseason,9.0,Over,Wisconsin,
2010,Alabama,10.0,105,-135,unspecified_vegas_futures,preseason,9.0,Under,Alabama,
2010,Arizona,7.5,-170,140,unspecified_vegas_futures,preseason,7.0,Under,Arizona,
2010,Arkansas,8.5,105,-135,unspecified_vegas_futures,preseason,10.0,Over,Arkansas,
2010,Auburn,8.5,-125,-105,unspecified_vegas_futures,preseason,12.0,Over,Auburn,
2010,BYU,8.0,-125,-105,unspecified_vegas_futures,preseason,6.0,Under,BYU,
2010,Boise State,11.0,110,-140,unspecified_vegas_futures,preseason,11.0,Push,Boise State,
2010,California,7.5,105,-135,unspecified_vegas_futures,preseason,5.0,Under,California,
2010,Clemson,7.5,-120,-110,unspecified_vegas_futures,preseason,6.0,Under,Clemson,
2010,Florida,10.0,-110,-120,unspecified_vegas_futures,preseason,7.0,Under,Florida,
2010,Florida State,8.0,110,-140,unspecified_vegas_futures,preseason,9.0,Over,Florida State,
2010,Georgia,8.5,-115,-115,unspecified_vegas_futures,preseason,6.0,Under,Georgia,
2010,Georgia Tech,8.0,105,-135,unspecified_vegas_futures,preseason,6.0,Under,Georgia Tech,
2010,Iowa,9.0,130,-160,unspecified_vegas_futures,preseason,7.0,Under,Iowa,
2010,LSU,8.0,115,-145,unspecified_vegas_futures,preseason,10.0,Over,LSU,
2010,Miami,8.5,-115,-115,unspecified_vegas_futures,preseason,7.0,Under,Miami (FL),
2010,Michigan,7.0,115,-145,unspecified_vegas_futures,preseason,7.0,Push,Michigan,
2010,Missouri,7.5,-250,195,unspecified_vegas_futures,preseason,10.0,Over,Missouri,
2010,Nebraska,10.0,110,-140,unspecified_vegas_futures,preseason,10.0,Push,Nebraska,
2010,North Carolina,8.0,100,-130,unspecified_vegas_futures,preseason,7.0,Under,North Carolina,
2010,Notre Dame,8.0,100,-130,unspecified_vegas_futures,preseason,7.0,Under,Notre Dame,
2010,Ohio State,10.5,-105,-125,unspecified_vegas_futures,preseason,11.0,Over,Ohio State,
2010,Oklahoma,10.5,120,-150,unspecified_vegas_futures,preseason,10.0,Under,Oklahoma,
2010,Oklahoma State,6.0,-115,-115,unspecified_vegas_futures,preseason,10.0,Over,Oklahoma State,
2010,Oregon,9.0,-155,125,unspecified_vegas_futures,preseason,12.0,Over,Oregon,
2010,Oregon State,7.0,-130,100,unspecified_vegas_futures,preseason,5.0,Under,Oregon State,
2010,Penn State,8.5,-130,100,unspecified_vegas_futures,preseason,7.0,Under,Penn State,
2010,Pittsburgh,8.0,-105,-125,unspecified_vegas_futures,preseason,7.0,Under,Pittsburgh,
2010,Rutgers,7.0,-180,150,unspecified_vegas_futures,preseason,4.0,Under,Rutgers,
2010,South Carolina,7.0,-125,-105,unspecified_vegas_futures,preseason,9.0,Over,South Carolina,
2010,South Florida,6.5,-150,120,unspecified_vegas_futures,preseason,7.0,Over,South Florida,
2010,TCU,11.0,115,-145,unspecified_vegas_futures,preseason,12.0,Over,TCU,
2010,Tennessee,5.5,-150,120,unspecified_vegas_futures,preseason,6.0,Over,Tennessee,
2010,Texas,10.0,-115,-115,unspecified_vegas_futures,preseason,5.0,Under,Texas,
2010,Texas A&M,7.0,-115,-115,unspecified_vegas_futures,preseason,9.0,Over,Texas A&M,
2010,Texas Tech,8.0,105,-135,unspecified_vegas_futures,preseason,7.0,Under,Texas Tech,
2010,UCLA,6.0,150,-180,unspecified_vegas_futures,preseason,4.0,Under,UCLA,
2010,UConn,8.0,105,-135,unspecified_vegas_futures,preseason,8.0,Push,Connecticut,
2010,USC,9.5,-150,120,unspecified_vegas_futures,preseason,8.0,Under,USC,
2010,Utah,8.5,-120,-110,unspecified_vegas_futures,preseason,10.0,Over,Utah,
2010,Virginia,9.5,-110,-120,unspecified_vegas_futures,preseason,10.0,Over,Virginia,
2010,Washington,6.5,100,-130,unspecified_vegas_futures,preseason,6.0,Under,Washington,
2010,West Virginia,9.0,-115,-115,unspecified_vegas_futures,preseason,9.0,Push,West Virginia,
2010,Wisconsin,9.0,-135,105,unspecified_vegas_futures,preseason,11.0,Over,Wisconsin,
2011,Alabama,10.0,-150,120,unspecified_vegas_futures,preseason,11.0,Over,Alabama,
2011,Arizona,6.5,155,-195,unspecified_vegas_futures,preseason,4.0,Under,Arizona,
2011,Auburn,6.5,120,-150,unspecified_vegas_futures,preseason,7.0,Over,Auburn,
2011,Baylor,6.5,105,-135,unspecified_vegas_futures,preseason,9.0,Over,Baylor,
2011,Boise State,10.5,-130,100,unspecified_vegas_futures,preseason,11.0,Over,Boise State,
2011,Clemson,7.0,-135,105,unspecified_vegas_futures,preseason,10.0,Over,Clemson,
2011,Florida,7.5,-120,-110,unspecified_vegas_futures,preseason,6.0,Under,Florida,
2011,Florida State,10.0,120,-150,unspecified_vegas_futures,preseason,8.0,Under,Florida State,
2011,Georgia,8.5,-115,-115,unspecified_vegas_futures,preseason,10.0,Over,Georgia,
2011,Georgia Tech,6.0,-130,100,unspecified_vegas_futures,preseason,8.0,Over,Georgia Tech,
2011,Iowa,8.0,135,-175,unspecified_vegas_futures,preseason,7.0,Under,Iowa,
2011,Kansas State,5.5,-135,105,unspecified_vegas_futures,preseason,10.0,Over,Kansas State,
2011,Kentucky,6.0,-125,-105,unspecified_vegas_futures,preseason,5.0,Under,Kentucky,
2011,Michigan,7.0,-130,100,unspecified_vegas_futures,preseason,10.0,Over,Michigan,
2011,Michigan State,7.5,100,-130,unspecified_vegas_futures,preseason,10.0,Over,Michigan State,
2011,Mississippi State,7.0,-175,135,unspecified_vegas_futures,preseason,6.0,Under,Mississippi State,
2011,Missouri,7.5,-150,120,unspecified_vegas_futures,preseason,7.0,Under,Missouri,
2011,Nebraska,10.0,120,-150,unspecified_vegas_futures,preseason,9.0,Under,Nebraska,
2011,Notre Dame,9.0,110,-140,unspecified_vegas_futures,preseason,8.0,Under,Notre Dame,
2011,Ohio State,9.0,150,-190,unspecified_vegas_futures,preseason,6.0,Under,Ohio State,
2011,Oklahoma,10.0,-130,100,unspecified_vegas_futures,preseason,9.0,Under,Oklahoma,
2011,Oklahoma State,8.5,-110,-120,unspecified_vegas_futures,preseason,11.0,Over,Oklahoma State,
2011,Oregon,9.5,-135,105,unspecified_vegas_futures,preseason,11.0,Over,Oregon,
2011,Oregon State,6.5,-115,-115,unspecified_vegas_futures,preseason,3.0,Under,Oregon State,
2011,Penn State,8.0,110,-140,unspecified_vegas_futures,preseason,9.0,Over,Penn State,
2011,South Carolina,9.0,-125,-105,unspecified_vegas_futures,preseason,10.0,Over,South Carolina,
2011,South Florida,8.0,110,-140,unspecified_vegas_futures,preseason,5.0,Under,South Florida,
2011,Stanford,9.0,100,-130,unspecified_vegas_futures,preseason,11.0,Over,Stanford,
2011,Syracuse,6.0,-120,-110,unspecified_vegas_futures,preseason,5.0,Under,Syracuse,
2011,TCU,9.0,-135,105,unspecified_vegas_futures,preseason,10.0,Over,TCU,
2011,Tennessee,6.5,-135,105,unspecified_vegas_futures,preseason,5.0,Under,Tennessee,
2011,Texas,8.5,120,-150,unspecified_vegas_futures,preseason,7.0,Under,Texas,
2011,Texas A&M,8.5,-175,135,unspecified_vegas_futures,preseason,6.0,Under,Texas A&M,
2011,Texas Tech,7.0,-110,-120,unspecified_vegas_futures,preseason,5.0,Under,Texas Tech,
2011,UCLA,5.5,-125,-105,unspecified_vegas_futures,preseason,6.0,Over,UCLA,
2011,USC,7.5,-135,105,unspecified_vegas_futures,preseason,10.0,Over,USC,
2011,Virginia Tech,10.0,-140,110,unspecified_vegas_futures,preseason,11.0,Over,Virginia Tech,
2011,West Virginia,9.0,-105,-125,unspecified_vegas_futures,preseason,9.0,Push,West Virginia,
2011,Wisconsin,9.0,-180,140,unspecified_vegas_futures,preseason,11.0,Over,Wisconsin,
2012,Alabama,10.5,-105,-125,unspecified_vegas_futures,preseason,11.0,Over,Alabama,
2012,Arkansas,8.5,-115,-115,unspecified_vegas_futures,preseason,4.0,Under,Arkansas,
2012,Auburn,7.0,-125,-105,unspecified_vegas_futures,preseason,3.0,Under,Auburn,
2012,BYU,8.0,-180,140,unspecified_vegas_futures,preseason,7.0,Under,BYU,
2012,Boise State,9.5,-160,125,unspecified_vegas_futures,preseason,10.0,Over,Boise State,
2012,California,6.5,-115,-115,unspecified_vegas_futures,preseason,3.0,Under,California,
2012,Clemson,8.5,-120,-110,unspecified_vegas_futures,preseason,10.0,Over,Clemson,
2012,Florida,8.0,-125,-105,unspecified_vegas_futures,preseason,11.0,Over,Florida,
2012,Georgia,9.5,-175,135,unspecified_vegas_futures,preseason,11.0,Over,Georgia,
2012,LSU,10.0,100,-130,unspecified_vegas_futures,preseason,10.0,Push,LSU,
2012,Louisville,9.0,135,-175,unspecified_vegas_futures,preseason,10.0,Over,Louisville,
2012,Miami,7.0,150,-190,unspecified_vegas_futures,preseason,7.0,Push,Miami (FL),
2012,Michigan,9.0,133,-170,unspecified_vegas_futures,preseason,8.0,Under,Michigan,
2012,Michigan State,8.5,-120,-110,unspecified_vegas_futures,preseason,6.0,Under,Michigan State,
2012,Missouri,7.0,-115,-115,unspecified_vegas_futures,preseason,5.0,Under,Missouri,
2012,Nebraska,8.5,-140,110,unspecified_vegas_futures,preseason,10.0,Over,Nebraska,
2012,North Carolina,7.5,-165,-130,unspecified_vegas_futures,preseason,8.0,Over,North Carolina,
2012,Notre Dame,8.0,105,-135,unspecified_vegas_futures,preseason,12.0,Over,Notre Dame,
2012,Ohio State,9.0,-160,125,unspecified_vegas_futures,preseason,12.0,Over,Ohio State,
2012,Oklahoma,10.0,-120,-110,unspecified_vegas_futures,preseason,10.0,Push,Oklahoma,
2012,Oklahoma State,8.5,-135,105,unspecified_vegas_futures,preseason,7.0,Under,Oklahoma State,
2012,Oregon,10.5,-130,100,unspecified_vegas_futures,preseason,11.0,Over,Oregon,
2012,Pittsburgh,7.0,-120,-110,unspecified_vegas_futures,preseason,6.0,Under,Pittsburgh,
2012,South Carolina,8.5,-135,105,unspecified_vegas_futures,preseason,10.0,Over,South Carolina,
2012,TCU,8.5,133,-170,unspecified_vegas_futures,preseason,7.0,Under,TCU,
2012,Tennessee,7.0,-125,-105,unspecified_vegas_futures,preseason,5.0,Under,Tennessee,
2012,Texas,9.0,-110,-120,unspecified_vegas_futures,preseason,8.0,Under,Texas,
2012,Texas A&M,7.5,130,-165,unspecified_vegas_futures,preseason,10.0,Over,Texas A&M,
2012,UCLA,6.0,-125,-105,unspecified_vegas_futures,preseason,9.0,Over,UCLA,
2012,USC,10.5,-140,110,unspecified_vegas_futures,preseason,7.0,Under,USC,
2012,Virginia Tech,9.5,125,-160,unspecified_vegas_futures,preseason,6.0,Under,Virginia Tech,
2012,West Virginia,8.5,-115,-115,unspecified_vegas_futures,preseason,7.0,Under,West Virginia,
2012,Wisconsin,9.0,-190,150,unspecified_vegas_futures,preseason,7.0,Under,Wisconsin,
2013,Alabama,11.0,-120,-110,unspecified_vegas_futures,preseason,11.0,Push,Alabama,
2013,Arizona,7.5,-160,125,unspecified_vegas_futures,preseason,7.0,Under,Arizona,
2013,Arizona State,8.0,100,-130,unspecified_vegas_futures,preseason,10.0,Over,Arizona State,
2013,Auburn,7.0,130,-165,unspecified_vegas_futures,preseason,11.0,Over,Auburn,
2013,Baylor,8.0,-105,-125,unspecified_vegas_futures,preseason,11.0,Over,Baylor,
2013,Boise State,10.0,-110,-120,unspecified_vegas_futures,preseason,8.0,Under,Boise State,
2013,Clemson,9.5,100,-130,unspecified_vegas_futures,preseason,10.0,Over,Clemson,
2013,Florida,9.0,-105,-125,unspecified_vegas_futures,preseason,4.0,Under,Florida,
2013,Florida State,10.0,-115,-115,unspecified_vegas_futures,preseason,12.0,Over,Florida State,
2013,Georgia,9.5,-115,-115,unspecified_vegas_futures,preseason,8.0,Under,Georgia,
2013,Iowa,6.0,100,-130,unspecified_vegas_futures,preseason,8.0,Over,Iowa,
2013,Kansas State,8.0,120,-150,unspecified_vegas_futures,preseason,7.0,Under,Kansas State,
2013,LSU,9.0,110,-140,unspecified_vegas_futures,preseason,9.0,Push,LSU,
2013,Louisville,10.5,-105,-125,unspecified_vegas_futures,preseason,11.0,Over,Louisville,
2013,Miami,8.5,-105,-125,unspecified_vegas_futures,preseason,9.0,Over,Miami (FL),
2013,Michigan,8.5,125,-160,unspecified_vegas_futures,preseason,7.0,Under,Michigan,
2013,Michigan State,8.5,-190,150,unspecified_vegas_futures,preseason,11.0,Over,Michigan State,
2013,Nebraska,9.5,-130,100,unspecified_vegas_futures,preseason,8.0,Under,Nebraska,
2013,North Carolina,9.0,133,-170,unspecified_vegas_futures,preseason,6.0,Under,North Carolina,
2013,Notre Dame,9.0,140,-180,unspecified_vegas_futures,preseason,8.0,Under,Notre Dame,
2013,Ohio State,11.0,130,-165,unspecified_vegas_futures,preseason,12.0,Over,Ohio State,
2013,Oklahoma,8.5,-140,110,unspecified_vegas_futures,preseason,10.0,Over,Oklahoma,
2013,Oklahoma State,9.5,-115,-115,unspecified_vegas_futures,preseason,10.0,Over,Oklahoma State,
2013,Ole Miss,8.0,140,-180,unspecified_vegas_futures,preseason,7.0,Under,Ole Miss,
2013,Oregon,11.0,120,-150,unspecified_vegas_futures,preseason,10.0,Under,Oregon,
2013,Oregon State,8.5,110,-140,unspecified_vegas_futures,preseason,6.0,Under,Oregon State,
2013,Penn State,8.0,-115,-115,unspecified_vegas_futures,preseason,7.0,Under,Penn State,
2013,Pittsburgh,6.0,-125,-105,unspecified_vegas_futures,preseason,6.0,Push,Pittsburgh,
2013,South Carolina,9.5,-120,-110,unspecified_vegas_futures,preseason,10.0,Over,South Carolina,
2013,Stanford,9.5,-110,-120,unspecified_vegas_futures,preseason,10.0,Over,Stanford,
2013,TCU,8.0,-150,120,unspecified_vegas_futures,preseason,4.0,Under,TCU,
2013,Tennessee,6.0,110,-140,unspecified_vegas_futures,preseason,5.0,Under,Tennessee,
2013,Texas,9.5,-130,100,unspecified_vegas_futures,preseason,8.0,Under,Texas,
2013,Texas A&M,9.5,-130,100,unspecified_vegas_futures,preseason,8.0,Under,Texas A&M,
2013,UCLA,7.0,120,-150,unspecified_vegas_futures,preseason,9.0,Over,UCLA,
2013,USC,9.5,105,-135,unspecified_vegas_futures,preseason,9.0,Under,USC,
2013,Virginia Tech,8.5,-145,115,unspecified_vegas_futures,preseason,8.0,Under,Virginia Tech,
2013,Washington,7.5,110,-140,unspecified_vegas_futures,preseason,8.0,Over,Washington,
2013,West Virginia,6.0,-115,-115,unspecified_vegas_futures,preseason,4.0,Under,West Virginia,
2013,Wisconsin,9.0,-120,-110,unspecified_vegas_futures,preseason,9.0,Push,Wisconsin,
2014,Alabama,10.5,-140,120,unspecified_vegas_futures,preseason,11.0,Over,Alabama,
2014,Arizona State,7.5,-130,110,unspecified_vegas_futures,preseason,9.0,Over,Arizona State,
2014,Auburn,9.0,-110,-110,unspecified_vegas_futures,preseason,8.0,Under,Auburn,
2014,BYU,9.5,-110,-110,unspecified_vegas_futures,preseason,8.0,Under,BYU,
2014,Clemson,8.5,105,-125,unspecified_vegas_futures,preseason,9.0,Over,Clemson,
2014,Florida,7.5,-130,110,unspecified_vegas_futures,preseason,6.0,Under,Florida,
2014,Florida State,11.5,110,-130,unspecified_vegas_futures,preseason,12.0,Over,Florida State,
2014,Georgia,9.5,-120,100,unspecified_vegas_futures,preseason,9.0,Under,Georgia,
2014,Iowa,8.0,-200,175,unspecified_vegas_futures,preseason,7.0,Under,Iowa,
2014,Kansas State,7.5,-130,110,unspecified_vegas_futures,preseason,9.0,Over,Kansas State,
2014,LSU,9.0,-130,110,unspecified_vegas_futures,preseason,8.0,Under,LSU,
2014,Louisville,8.0,100,-120,unspecified_vegas_futures,preseason,9.0,Over,Louisville,
2014,Michigan,7.5,-170,145,unspecified_vegas_futures,preseason,5.0,Under,Michigan,
2014,Michigan State,9.5,-120,100,unspecified_vegas_futures,preseason,10.0,Over,Michigan State,
2014,Mississippi State,7.5,-110,-110,unspecified_vegas_futures,preseason,9.0,Over,Mississippi State,
2014,Missouri,7.5,-125,105,unspecified_vegas_futures,preseason,10.0,Over,Missouri,
2014,Nebraska,8.0,-120,100,unspecified_vegas_futures,preseason,9.0,Over,Nebraska,
2014,Nevada,6.0,-110,-110,unspecified_vegas_futures,preseason,7.0,Over,Nevada,
2014,North Carolina,8.5,130,-150,unspecified_vegas_futures,preseason,6.0,Under,North Carolina,
2014,Northwestern,7.5,120,-140,unspecified_vegas_futures,preseason,5.0,Under,Northwestern,
2014,Oklahoma,10.5,-120,100,unspecified_vegas_futures,preseason,8.0,Under,Oklahoma,
2014,Ole Miss,8.0,-150,130,unspecified_vegas_futures,preseason,10.0,Over,Ole Miss,
2014,Oregon,10.5,-160,140,unspecified_vegas_futures,preseason,11.0,Over,Oregon,
2014,South Carolina,9.5,105,-125,unspecified_vegas_futures,preseason,6.0,Under,South Carolina,
2014,Stanford,8.5,-125,105,unspecified_vegas_futures,preseason,7.0,Under,Stanford,
2014,TCU,8.0,110,-130,unspecified_vegas_futures,preseason,11.0,Over,TCU,
2014,Texas,7.0,-120,100,unspecified_vegas_futures,preseason,6.0,Under,Texas,
2014,Texas A&M,7.0,-125,105,unspecified_vegas_futures,preseason,7.0,Push,Texas A&M,
2014,UCLA,9.5,-125,-105,unspecified_vegas_futures,preseason,9.0,Under,UCLA,
2014,UNLV,4.0,-155,135,unspecified_vegas_futures,preseason,2.0,Under,UNLV,
2014,USC,8.5,-185,165,unspecified_vegas_futures,preseason,8.0,Under,USC,
2014,Washington,9.0,100,-120,unspecified_vegas_futures,preseason,8.0,Under,Washington,
2014,Wisconsin,9.5,-150,130,unspecified_vegas_futures,preseason,10.0,Over,Wisconsin,
2015,Alabama,9.5,-150,130,unspecified_vegas_futures,preseason,11.0,Over,Alabama,LSU's home opener against McNeese State was cancelled due to lightning.  Their win total bet was cancelled and refunds were given.
2015,Arizona,7.5,-135,115,unspecified_vegas_futures,preseason,6.0,Under,Arizona,LSU's home opener against McNeese State was cancelled due to lightning.  Their win total bet was cancelled and refunds were given.
2015,Arizona State,7.5,-155,135,unspecified_vegas_futures,preseason,6.0,Under,Arizona State,LSU's home opener against McNeese State was cancelled due to lightning.  Their win total bet was cancelled and refunds were given.
2015,Arkansas,8.0,-120,100,unspecified_vegas_futures,preseason,7.0,Under,Arkansas,LSU's home opener against McNeese State was cancelled due to lightning.  Their win total bet was cancelled and refunds were given.
2015,Auburn,8.5,-150,130,unspecified_vegas_futures,preseason,6.0,Under,Auburn,LSU's home opener against McNeese State was cancelled due to lightning.  Their win total bet was cancelled and refunds were given.
2015,Baylor,10.0,-150,130,unspecified_vegas_futures,preseason,9.0,Under,Baylor,LSU's home opener against McNeese State was cancelled due to lightning.  Their win total bet was cancelled and refunds were given.
2015,Boise State,10.0,-110,-110,unspecified_vegas_futures,preseason,8.0,Under,Boise State,LSU's home opener against McNeese State was cancelled due to lightning.  Their win total bet was cancelled and refunds were given.
2015,Clemson,9.5,120,-140,unspecified_vegas_futures,preseason,12.0,Over,Clemson,LSU's home opener against McNeese State was cancelled due to lightning.  Their win total bet was cancelled and refunds were given.
2015,Florida,7.0,-130,110,unspecified_vegas_futures,preseason,10.0,Over,Florida,LSU's home opener against McNeese State was cancelled due to lightning.  Their win total bet was cancelled and refunds were given.
2015,Florida State,9.0,-140,120,unspecified_vegas_futures,preseason,10.0,Over,Florida State,LSU's home opener against McNeese State was cancelled due to lightning.  Their win total bet was cancelled and refunds were given.
2015,Georgia,9.0,-130,110,unspecified_vegas_futures,preseason,9.0,Push,Georgia,LSU's home opener against McNeese State was cancelled due to lightning.  Their win total bet was cancelled and refunds were given.
2015,Georgia Tech,7.5,-145,125,unspecified_vegas_futures,preseason,3.0,Under,Georgia Tech,LSU's home opener against McNeese State was cancelled due to lightning.  Their win total bet was cancelled and refunds were given.
2015,Kansas State,7.0,-140,120,unspecified_vegas_futures,preseason,6.0,Under,Kansas State,LSU's home opener against McNeese State was cancelled due to lightning.  Their win total bet was cancelled and refunds were given.
2015,LSU,8.5,-120,100,unspecified_vegas_futures,preseason,8.0,N/A,LSU,LSU's home opener against McNeese State was cancelled due to lightning.  Their win total bet was cancelled and refunds were given.
2015,Louisville,7.5,-135,115,unspecified_vegas_futures,preseason,7.0,Under,Louisville,LSU's home opener against McNeese State was cancelled due to lightning.  Their win total bet was cancelled and refunds were given.
2015,Miami,7.0,120,-140,unspecified_vegas_futures,preseason,8.0,Over,Miami (FL),LSU's home opener against McNeese State was cancelled due to lightning.  Their win total bet was cancelled and refunds were given.
2015,Michigan,7.5,-145,125,unspecified_vegas_futures,preseason,9.0,Over,Michigan,LSU's home opener against McNeese State was cancelled due to lightning.  Their win total bet was cancelled and refunds were given.
2015,Michigan State,9.5,-145,125,unspecified_vegas_futures,preseason,11.0,Over,Michigan State,LSU's home opener against McNeese State was cancelled due to lightning.  Their win total bet was cancelled and refunds were given.
2015,Mississippi State,7.0,-125,105,unspecified_vegas_futures,preseason,8.0,Over,Mississippi State,LSU's home opener against McNeese State was cancelled due to lightning.  Their win total bet was cancelled and refunds were given.
2015,Missouri,7.5,-150,130,unspecified_vegas_futures,preseason,5.0,Under,Missouri,LSU's home opener against McNeese State was cancelled due to lightning.  Their win total bet was cancelled and refunds were given.
2015,Nebraska,8.5,140,-160,unspecified_vegas_futures,preseason,5.0,Under,Nebraska,LSU's home opener against McNeese State was cancelled due to lightning.  Their win total bet was cancelled and refunds were given.
2015,Nevada,6.0,-110,-110,unspecified_vegas_futures,preseason,6.0,Push,Nevada,LSU's home opener against McNeese State was cancelled due to lightning.  Their win total bet was cancelled and refunds were given.
2015,Notre Dame,9.0,-150,130,unspecified_vegas_futures,preseason,10.0,Over,Notre Dame,LSU's home opener against McNeese State was cancelled due to lightning.  Their win total bet was cancelled and refunds were given.
2015,Ohio State,11.5,-125,105,unspecified_vegas_futures,preseason,11.0,Under,Ohio State,LSU's home opener against McNeese State was cancelled due to lightning.  Their win total bet was cancelled and refunds were given.
2015,Oklahoma,8.5,-135,115,unspecified_vegas_futures,preseason,11.0,Over,Oklahoma,LSU's home opener against McNeese State was cancelled due to lightning.  Their win total bet was cancelled and refunds were given.
2015,Oklahoma State,8.0,-110,-110,unspecified_vegas_futures,preseason,10.0,Over,Oklahoma State,LSU's home opener against McNeese State was cancelled due to lightning.  Their win total bet was cancelled and refunds were given.
2015,Ole Miss,8.5,-120,100,unspecified_vegas_futures,preseason,9.0,Over,Ole Miss,LSU's home opener against McNeese State was cancelled due to lightning.  Their win total bet was cancelled and refunds were given.
2015,Oregon,9.5,110,-130,unspecified_vegas_futures,preseason,9.0,Under,Oregon,LSU's home opener against McNeese State was cancelled due to lightning.  Their win total bet was cancelled and refunds were given.
2015,Penn State,8.5,100,-120,unspecified_vegas_futures,preseason,7.0,Under,Penn State,LSU's home opener against McNeese State was cancelled due to lightning.  Their win total bet was cancelled and refunds were given.
2015,South Carolina,6.5,-120,100,unspecified_vegas_futures,preseason,3.0,Under,South Carolina,LSU's home opener against McNeese State was cancelled due to lightning.  Their win total bet was cancelled and refunds were given.
2015,Stanford,9.0,-120,100,unspecified_vegas_futures,preseason,10.0,Over,Stanford,LSU's home opener against McNeese State was cancelled due to lightning.  Their win total bet was cancelled and refunds were given.
2015,TCU,10.5,140,-160,unspecified_vegas_futures,preseason,10.0,Under,TCU,LSU's home opener against McNeese State was cancelled due to lightning.  Their win total bet was cancelled and refunds were given.
2015,Tennessee,8.0,-130,110,unspecified_vegas_futures,preseason,8.0,Push,Tennessee,LSU's home opener against McNeese State was cancelled due to lightning.  Their win total bet was cancelled and refunds were given.
2015,Texas,7.0,145,-170,unspecified_vegas_futures,preseason,5.0,Under,Texas,LSU's home opener against McNeese State was cancelled due to lightning.  Their win total bet was cancelled and refunds were given.
2015,Texas A&M,8.0,-110,-110,unspecified_vegas_futures,preseason,8.0,Push,Texas A&M,LSU's home opener against McNeese State was cancelled due to lightning.  Their win total bet was cancelled and refunds were given.
2015,UCLA,9.0,-130,110,unspecified_vegas_futures,preseason,8.0,Under,UCLA,LSU's home opener against McNeese State was cancelled due to lightning.  Their win total bet was cancelled and refunds were given.
2015,UNLV,2.5,110,-130,unspecified_vegas_futures,preseason,3.0,Over,UNLV,LSU's home opener against McNeese State was cancelled due to lightning.  Their win total bet was cancelled and refunds were given.
2015,USC,9.0,-140,120,unspecified_vegas_futures,preseason,8.0,Under,USC,LSU's home opener against McNeese State was cancelled due to lightning.  Their win total bet was cancelled and refunds were given.
2015,Utah,7.5,110,-130,unspecified_vegas_futures,preseason,9.0,Over,Utah,LSU's home opener against McNeese State was cancelled due to lightning.  Their win total bet was cancelled and refunds were given.
2015,Virginia Tech,8.0,-135,115,unspecified_vegas_futures,preseason,6.0,Under,Virginia Tech,LSU's home opener against McNeese State was cancelled due to lightning.  Their win total bet was cancelled and refunds were given.
2015,West Virginia,7.5,115,-135,unspecified_vegas_futures,preseason,7.0,Under,West Virginia,LSU's home opener against McNeese State was cancelled due to lightning.  Their win total bet was cancelled and refunds were given.
2015,Wisconsin,9.5,-110,-110,unspecified_vegas_futures,preseason,9.0,Under,Wisconsin,LSU's home opener against McNeese State was cancelled due to lightning.  Their win total bet was cancelled and refunds were given.
2016,Alabama,10.0,-130,110,unspecified_vegas_futures,preseason,12.0,Over,Alabama,
2016,Arizona,6.0,100,-120,unspecified_vegas_futures,preseason,3.0,Under,Arizona,
2016,Arizona State,6.0,-140,120,unspecified_vegas_futures,preseason,5.0,Under,Arizona State,
2016,Arkansas,7.0,-140,120,unspecified_vegas_futures,preseason,7.0,Push,Arkansas,
2016,Auburn,7.0,100,-120,unspecified_vegas_futures,preseason,8.0,Over,Auburn,
2016,BYU,7.0,-160,140,unspecified_vegas_futures,preseason,8.0,Over,BYU,
2016,Baylor,8.5,120,-140,unspecified_vegas_futures,preseason,6.0,Under,Baylor,
2016,Boise State,10.0,-130,110,unspecified_vegas_futures,preseason,10.0,Push,Boise State,
2016,Boston College,6.0,-150,130,unspecified_vegas_futures,preseason,6.0,Push,Boston College,
2016,Clemson,10.0,-170,145,unspecified_vegas_futures,preseason,11.0,Over,Clemson,
2016,Florida,8.0,100,-120,unspecified_vegas_futures,preseason,8.0,Push,Florida,
2016,Florida State,10.0,100,-120,unspecified_vegas_futures,preseason,9.0,Under,Florida State,
2016,Georgia,8.5,-145,125,unspecified_vegas_futures,preseason,7.0,Under,Georgia,
2016,Houston,9.0,-150,130,unspecified_vegas_futures,preseason,9.0,Push,Houston,
2016,Iowa,8.5,-160,140,unspecified_vegas_futures,preseason,8.0,Under,Iowa,
2016,Kansas State,6.0,100,-120,unspecified_vegas_futures,preseason,8.0,Over,Kansas State,
2016,LSU,9.5,-160,140,unspecified_vegas_futures,preseason,7.0,Under,LSU,
2016,Louisville,8.5,-190,160,unspecified_vegas_futures,preseason,9.0,Over,Louisville,
2016,Miami,8.0,120,-140,unspecified_vegas_futures,preseason,8.0,Push,Miami (FL),
2016,Michigan,10.0,-130,110,unspecified_vegas_futures,preseason,10.0,Push,Michigan,
2016,Michigan State,8.0,-130,110,unspecified_vegas_futures,preseason,3.0,Under,Michigan State,
2016,Nebraska,8.5,-140,120,unspecified_vegas_futures,preseason,9.0,Over,Nebraska,
2016,Nevada,7.0,120,-140,unspecified_vegas_futures,preseason,5.0,Under,Nevada,
2016,North Carolina,8.5,100,-120,unspecified_vegas_futures,preseason,8.0,Under,North Carolina,
2016,Northwestern,6.5,-110,-110,unspecified_vegas_futures,preseason,6.0,Under,Northwestern,
2016,Notre Dame,9.0,-130,110,unspecified_vegas_futures,preseason,4.0,Under,Notre Dame,
2016,Ohio State,9.5,-160,140,unspecified_vegas_futures,preseason,11.0,Over,Ohio State,
2016,Oklahoma,10.0,120,-140,unspecified_vegas_futures,preseason,10.0,Push,Oklahoma,
2016,Oklahoma State,8.0,-130,110,unspecified_vegas_futures,preseason,9.0,Over,Oklahoma State,
2016,Ole Miss,8.0,-140,120,unspecified_vegas_futures,preseason,5.0,Under,Ole Miss,
2016,Oregon,7.5,-180,150,unspecified_vegas_futures,preseason,4.0,Under,Oregon,
2016,Penn State,7.0,-125,105,unspecified_vegas_futures,preseason,10.0,Over,Penn State,
2016,San Diego State,9.0,-200,170,unspecified_vegas_futures,preseason,9.0,Push,San Diego State,
2016,Stanford,8.5,-130,110,unspecified_vegas_futures,preseason,9.0,Over,Stanford,
2016,TCU,9.0,110,-130,unspecified_vegas_futures,preseason,6.0,Under,TCU,
2016,Tennessee,9.5,-145,125,unspecified_vegas_futures,preseason,8.0,Under,Tennessee,
2016,Texas,7.0,-170,145,unspecified_vegas_futures,preseason,5.0,Under,Texas,
2016,Texas Tech,6.0,-140,120,unspecified_vegas_futures,preseason,5.0,Under,Texas Tech,
2016,UCLA,8.5,-125,105,unspecified_vegas_futures,preseason,4.0,Under,UCLA,
2016,UNLV,5.5,130,-150,unspecified_vegas_futures,preseason,4.0,Under,UNLV,
2016,USC,7.5,-125,105,unspecified_vegas_futures,preseason,9.0,Over,USC,
2016,Utah,7.5,-110,-110,unspecified_vegas_futures,preseason,8.0,Over,Utah,
2016,Virginia,5.0,-110,-110,unspecified_vegas_futures,preseason,2.0,Under,Virginia,
2016,Virginia Tech,6.5,-185,165,unspecified_vegas_futures,preseason,9.0,Over,Virginia Tech,
2016,Washington,9.0,-150,130,unspecified_vegas_futures,preseason,11.0,Over,Washington,
2016,Washington State,7.0,-140,120,unspecified_vegas_futures,preseason,8.0,Over,Washington State,
2016,West Virginia,7.0,-135,115,unspecified_vegas_futures,preseason,10.0,Over,West Virginia,
2016,Wisconsin,7.0,100,-120,unspecified_vegas_futures,preseason,10.0,Over,Wisconsin,
2017,Alabama,11.0,110,-130,unspecified_vegas_futures,preseason,11.0,Push,Alabama,"Due to Hurricane Irma there were four teams listed below (Florida, Georgia Tech, Miami and South Florida) that had a game cancelled.  Each of these teams win total bets were cancelled and refunds were given."
2017,Arkansas,6.5,-130,110,unspecified_vegas_futures,preseason,4.0,Under,Arkansas,"Due to Hurricane Irma there were four teams listed below (Florida, Georgia Tech, Miami and South Florida) that had a game cancelled.  Each of these teams win total bets were cancelled and refunds were given."
2017,Auburn,8.5,-150,130,unspecified_vegas_futures,preseason,10.0,Over,Auburn,"Due to Hurricane Irma there were four teams listed below (Florida, Georgia Tech, Miami and South Florida) that had a game cancelled.  Each of these teams win total bets were cancelled and refunds were given."
2017,BYU,9.0,-160,140,unspecified_vegas_futures,preseason,4.0,Under,BYU,"Due to Hurricane Irma there were four teams listed below (Florida, Georgia Tech, Miami and South Florida) that had a game cancelled.  Each of these teams win total bets were cancelled and refunds were given."
2017,Boise State,8.5,-140,120,unspecified_vegas_futures,preseason,9.0,Over,Boise State,"Due to Hurricane Irma there were four teams listed below (Florida, Georgia Tech, Miami and South Florida) that had a game cancelled.  Each of these teams win total bets were cancelled and refunds were given."
2017,Clemson,9.5,110,-130,unspecified_vegas_futures,preseason,11.0,Over,Clemson,"Due to Hurricane Irma there were four teams listed below (Florida, Georgia Tech, Miami and South Florida) that had a game cancelled.  Each of these teams win total bets were cancelled and refunds were given."
2017,Colorado,7.0,130,-150,unspecified_vegas_futures,preseason,5.0,Under,Colorado,"Due to Hurricane Irma there were four teams listed below (Florida, Georgia Tech, Miami and South Florida) that had a game cancelled.  Each of these teams win total bets were cancelled and refunds were given."
2017,Colorado State,7.5,-160,140,unspecified_vegas_futures,preseason,7.0,Under,Colorado State,"Due to Hurricane Irma there were four teams listed below (Florida, Georgia Tech, Miami and South Florida) that had a game cancelled.  Each of these teams win total bets were cancelled and refunds were given."
2017,Florida,8.5,-110,-110,unspecified_vegas_futures,preseason,4.0,N/A,Florida,"Due to Hurricane Irma there were four teams listed below (Florida, Georgia Tech, Miami and South Florida) that had a game cancelled.  Each of these teams win total bets were cancelled and refunds were given."
2017,Florida State,9.5,-140,120,unspecified_vegas_futures,preseason,6.0,Under,Florida State,"Due to Hurricane Irma there were four teams listed below (Florida, Georgia Tech, Miami and South Florida) that had a game cancelled.  Each of these teams win total bets were cancelled and refunds were given."
2017,Georgia,8.5,-140,120,unspecified_vegas_futures,preseason,11.0,Over,Georgia,"Due to Hurricane Irma there were four teams listed below (Florida, Georgia Tech, Miami and South Florida) that had a game cancelled.  Each of these teams win total bets were cancelled and refunds were given."
2017,Georgia Tech,6.5,100,-120,unspecified_vegas_futures,preseason,5.0,N/A,Georgia Tech,"Due to Hurricane Irma there were four teams listed below (Florida, Georgia Tech, Miami and South Florida) that had a game cancelled.  Each of these teams win total bets were cancelled and refunds were given."
2017,Iowa,7.0,130,-150,unspecified_vegas_futures,preseason,7.0,Push,Iowa,"Due to Hurricane Irma there were four teams listed below (Florida, Georgia Tech, Miami and South Florida) that had a game cancelled.  Each of these teams win total bets were cancelled and refunds were given."
2017,Kansas State,8.0,-180,150,unspecified_vegas_futures,preseason,7.0,Under,Kansas State,"Due to Hurricane Irma there were four teams listed below (Florida, Georgia Tech, Miami and South Florida) that had a game cancelled.  Each of these teams win total bets were cancelled and refunds were given."
2017,LSU,9.0,-110,-110,unspecified_vegas_futures,preseason,9.0,Push,LSU,"Due to Hurricane Irma there were four teams listed below (Florida, Georgia Tech, Miami and South Florida) that had a game cancelled.  Each of these teams win total bets were cancelled and refunds were given."
2017,Louisville,9.5,130,-150,unspecified_vegas_futures,preseason,8.0,Under,Louisville,"Due to Hurricane Irma there were four teams listed below (Florida, Georgia Tech, Miami and South Florida) that had a game cancelled.  Each of these teams win total bets were cancelled and refunds were given."
2017,Miami,9.0,-140,120,unspecified_vegas_futures,preseason,10.0,N/A,Miami (FL),"Due to Hurricane Irma there were four teams listed below (Florida, Georgia Tech, Miami and South Florida) that had a game cancelled.  Each of these teams win total bets were cancelled and refunds were given."
2017,Michigan,9.0,-130,110,unspecified_vegas_futures,preseason,8.0,Under,Michigan,"Due to Hurricane Irma there were four teams listed below (Florida, Georgia Tech, Miami and South Florida) that had a game cancelled.  Each of these teams win total bets were cancelled and refunds were given."
2017,Michigan State,5.5,-160,140,unspecified_vegas_futures,preseason,9.0,Over,Michigan State,"Due to Hurricane Irma there were four teams listed below (Florida, Georgia Tech, Miami and South Florida) that had a game cancelled.  Each of these teams win total bets were cancelled and refunds were given."
2017,Minnesota,7.0,-110,-110,unspecified_vegas_futures,preseason,5.0,Under,Minnesota,"Due to Hurricane Irma there were four teams listed below (Florida, Georgia Tech, Miami and South Florida) that had a game cancelled.  Each of these teams win total bets were cancelled and refunds were given."
2017,NC State,7.0,-170,145,unspecified_vegas_futures,preseason,8.0,Over,NC State,"Due to Hurricane Irma there were four teams listed below (Florida, Georgia Tech, Miami and South Florida) that had a game cancelled.  Each of these teams win total bets were cancelled and refunds were given."
2017,Nebraska,7.0,120,-140,unspecified_vegas_futures,preseason,4.0,Under,Nebraska,"Due to Hurricane Irma there were four teams listed below (Florida, Georgia Tech, Miami and South Florida) that had a game cancelled.  Each of these teams win total bets were cancelled and refunds were given."
2017,Nevada,3.5,-150,130,unspecified_vegas_futures,preseason,3.0,Under,Nevada,"Due to Hurricane Irma there were four teams listed below (Florida, Georgia Tech, Miami and South Florida) that had a game cancelled.  Each of these teams win total bets were cancelled and refunds were given."
2017,North Carolina,7.0,140,-160,unspecified_vegas_futures,preseason,3.0,Under,North Carolina,"Due to Hurricane Irma there were four teams listed below (Florida, Georgia Tech, Miami and South Florida) that had a game cancelled.  Each of these teams win total bets were cancelled and refunds were given."
2017,Northwestern,7.5,-150,130,unspecified_vegas_futures,preseason,9.0,Over,Northwestern,"Due to Hurricane Irma there were four teams listed below (Florida, Georgia Tech, Miami and South Florida) that had a game cancelled.  Each of these teams win total bets were cancelled and refunds were given."
2017,Notre Dame,8.0,-120,100,unspecified_vegas_futures,preseason,9.0,Over,Notre Dame,"Due to Hurricane Irma there were four teams listed below (Florida, Georgia Tech, Miami and South Florida) that had a game cancelled.  Each of these teams win total bets were cancelled and refunds were given."
2017,Ohio State,11.0,-115,-105,unspecified_vegas_futures,preseason,10.0,Under,Ohio State,"Due to Hurricane Irma there were four teams listed below (Florida, Georgia Tech, Miami and South Florida) that had a game cancelled.  Each of these teams win total bets were cancelled and refunds were given."
2017,Oklahoma,9.5,-130,110,unspecified_vegas_futures,preseason,11.0,Over,Oklahoma,"Due to Hurricane Irma there were four teams listed below (Florida, Georgia Tech, Miami and South Florida) that had a game cancelled.  Each of these teams win total bets were cancelled and refunds were given."
2017,Oklahoma State,9.0,100,-120,unspecified_vegas_futures,preseason,9.0,Push,Oklahoma State,"Due to Hurricane Irma there were four teams listed below (Florida, Georgia Tech, Miami and South Florida) that had a game cancelled.  Each of these teams win total bets were cancelled and refunds were given."
2017,Oregon,7.5,-140,120,unspecified_vegas_futures,preseason,7.0,Under,Oregon,"Due to Hurricane Irma there were four teams listed below (Florida, Georgia Tech, Miami and South Florida) that had a game cancelled.  Each of these teams win total bets were cancelled and refunds were given."
2017,Penn State,9.5,-125,105,unspecified_vegas_futures,preseason,10.0,Over,Penn State,"Due to Hurricane Irma there were four teams listed below (Florida, Georgia Tech, Miami and South Florida) that had a game cancelled.  Each of these teams win total bets were cancelled and refunds were given."
2017,San Diego State,9.0,-130,110,unspecified_vegas_futures,preseason,10.0,Over,San Diego State,"Due to Hurricane Irma there were four teams listed below (Florida, Georgia Tech, Miami and South Florida) that had a game cancelled.  Each of these teams win total bets were cancelled and refunds were given."
2017,South Florida,10.0,-120,100,unspecified_vegas_futures,preseason,9.0,N/A,South Florida,"Due to Hurricane Irma there were four teams listed below (Florida, Georgia Tech, Miami and South Florida) that had a game cancelled.  Each of these teams win total bets were cancelled and refunds were given."
2017,Stanford,8.5,-140,120,unspecified_vegas_futures,preseason,9.0,Over,Stanford,"Due to Hurricane Irma there were four teams listed below (Florida, Georgia Tech, Miami and South Florida) that had a game cancelled.  Each of these teams win total bets were cancelled and refunds were given."
2017,TCU,7.5,-180,150,unspecified_vegas_futures,preseason,10.0,Over,TCU,"Due to Hurricane Irma there were four teams listed below (Florida, Georgia Tech, Miami and South Florida) that had a game cancelled.  Each of these teams win total bets were cancelled and refunds were given."
2017,Tennessee,7.5,-110,-110,unspecified_vegas_futures,preseason,4.0,Under,Tennessee,"Due to Hurricane Irma there were four teams listed below (Florida, Georgia Tech, Miami and South Florida) that had a game cancelled.  Each of these teams win total bets were cancelled and refunds were given."
2017,Texas,8.0,-120,100,unspecified_vegas_futures,preseason,6.0,Under,Texas,"Due to Hurricane Irma there were four teams listed below (Florida, Georgia Tech, Miami and South Florida) that had a game cancelled.  Each of these teams win total bets were cancelled and refunds were given."
2017,Texas A&M,7.0,100,-120,unspecified_vegas_futures,preseason,7.0,Push,Texas A&M,"Due to Hurricane Irma there were four teams listed below (Florida, Georgia Tech, Miami and South Florida) that had a game cancelled.  Each of these teams win total bets were cancelled and refunds were given."
2017,UCLA,7.5,130,-150,unspecified_vegas_futures,preseason,6.0,Under,UCLA,"Due to Hurricane Irma there were four teams listed below (Florida, Georgia Tech, Miami and South Florida) that had a game cancelled.  Each of these teams win total bets were cancelled and refunds were given."
2017,UNLV,5.0,-130,110,unspecified_vegas_futures,preseason,5.0,Push,UNLV,"Due to Hurricane Irma there were four teams listed below (Florida, Georgia Tech, Miami and South Florida) that had a game cancelled.  Each of these teams win total bets were cancelled and refunds were given."
2017,USC,10.5,130,-150,unspecified_vegas_futures,preseason,10.0,Under,USC,"Due to Hurricane Irma there were four teams listed below (Florida, Georgia Tech, Miami and South Florida) that had a game cancelled.  Each of these teams win total bets were cancelled and refunds were given."
2017,Utah,6.5,-140,120,unspecified_vegas_futures,preseason,6.0,Under,Utah,"Due to Hurricane Irma there were four teams listed below (Florida, Georgia Tech, Miami and South Florida) that had a game cancelled.  Each of these teams win total bets were cancelled and refunds were given."
2017,Virginia Tech,8.5,-130,110,unspecified_vegas_futures,preseason,9.0,Over,Virginia Tech,"Due to Hurricane Irma there were four teams listed below (Florida, Georgia Tech, Miami and South Florida) that had a game cancelled.  Each of these teams win total bets were cancelled and refunds were given."
2017,Washington,10.0,-130,110,unspecified_vegas_futures,preseason,10.0,Push,Washington,"Due to Hurricane Irma there were four teams listed below (Florida, Georgia Tech, Miami and South Florida) that had a game cancelled.  Each of these teams win total bets were cancelled and refunds were given."
2017,Washington State,7.5,-160,140,unspecified_vegas_futures,preseason,9.0,Over,Washington State,"Due to Hurricane Irma there were four teams listed below (Florida, Georgia Tech, Miami and South Florida) that had a game cancelled.  Each of these teams win total bets were cancelled and refunds were given."
2017,West Virginia,6.5,-150,130,unspecified_vegas_futures,preseason,7.0,Over,West Virginia,"Due to Hurricane Irma there were four teams listed below (Florida, Georgia Tech, Miami and South Florida) that had a game cancelled.  Each of these teams win total bets were cancelled and refunds were given."
2017,Western Kentucky,9.5,-150,130,unspecified_vegas_futures,preseason,6.0,Under,Western Kentucky,"Due to Hurricane Irma there were four teams listed below (Florida, Georgia Tech, Miami and South Florida) that had a game cancelled.  Each of these teams win total bets were cancelled and refunds were given."
2017,Wisconsin,10.5,140,-160,unspecified_vegas_futures,preseason,12.0,Over,Wisconsin,"Due to Hurricane Irma there were four teams listed below (Florida, Georgia Tech, Miami and South Florida) that had a game cancelled.  Each of these teams win total bets were cancelled and refunds were given."
2018,Alabama,11.5,145,-170,unspecified_vegas_futures,preseason,12.0,Over,Alabama,"Due to hurricanes there were five teams listed below (Central Florida, NC State, South Carolina, Virginia Tech and West Virginia) that had a game cancelled.  Each of these teams win total bets were cancelled and refunds were given."
2018,Arizona,7.5,-150,130,unspecified_vegas_futures,preseason,5.0,Under,Arizona,"Due to hurricanes there were five teams listed below (Central Florida, NC State, South Carolina, Virginia Tech and West Virginia) that had a game cancelled.  Each of these teams win total bets were cancelled and refunds were given."
2018,Arizona State,5.0,100,-120,unspecified_vegas_futures,preseason,7.0,Over,Arizona State,"Due to hurricanes there were five teams listed below (Central Florida, NC State, South Carolina, Virginia Tech and West Virginia) that had a game cancelled.  Each of these teams win total bets were cancelled and refunds were given."
2018,Arkansas,5.5,-120,100,unspecified_vegas_futures,preseason,2.0,Under,Arkansas,"Due to hurricanes there were five teams listed below (Central Florida, NC State, South Carolina, Virginia Tech and West Virginia) that had a game cancelled.  Each of these teams win total bets were cancelled and refunds were given."
2018,Auburn,9.0,-110,-110,unspecified_vegas_futures,preseason,7.0,Under,Auburn,"Due to hurricanes there were five teams listed below (Central Florida, NC State, South Carolina, Virginia Tech and West Virginia) that had a game cancelled.  Each of these teams win total bets were cancelled and refunds were given."
2018,BYU,5.5,-120,100,unspecified_vegas_futures,preseason,6.0,Over,BYU,"Due to hurricanes there were five teams listed below (Central Florida, NC State, South Carolina, Virginia Tech and West Virginia) that had a game cancelled.  Each of these teams win total bets were cancelled and refunds were given."
2018,Boise State,10.0,-110,-110,unspecified_vegas_futures,preseason,10.0,Push,Boise State,"Due to hurricanes there were five teams listed below (Central Florida, NC State, South Carolina, Virginia Tech and West Virginia) that had a game cancelled.  Each of these teams win total bets were cancelled and refunds were given."
2018,Boston College,6.5,-140,120,unspecified_vegas_futures,preseason,7.0,Over,Boston College,"Due to hurricanes there were five teams listed below (Central Florida, NC State, South Carolina, Virginia Tech and West Virginia) that had a game cancelled.  Each of these teams win total bets were cancelled and refunds were given."
2018,California,6.0,-150,130,unspecified_vegas_futures,preseason,7.0,Over,California,"Due to hurricanes there were five teams listed below (Central Florida, NC State, South Carolina, Virginia Tech and West Virginia) that had a game cancelled.  Each of these teams win total bets were cancelled and refunds were given."
2018,Clemson,11.0,-130,110,unspecified_vegas_futures,preseason,12.0,Over,Clemson,"Due to hurricanes there were five teams listed below (Central Florida, NC State, South Carolina, Virginia Tech and West Virginia) that had a game cancelled.  Each of these teams win total bets were cancelled and refunds were given."
2018,Colorado,5.0,100,-120,unspecified_vegas_futures,preseason,5.0,Push,Colorado,"Due to hurricanes there were five teams listed below (Central Florida, NC State, South Carolina, Virginia Tech and West Virginia) that had a game cancelled.  Each of these teams win total bets were cancelled and refunds were given."
2018,Colorado State,5.5,-110,-110,unspecified_vegas_futures,preseason,3.0,Under,Colorado State,"Due to hurricanes there were five teams listed below (Central Florida, NC State, South Carolina, Virginia Tech and West Virginia) that had a game cancelled.  Each of these teams win total bets were cancelled and refunds were given."
2018,Duke,6.0,-150,130,unspecified_vegas_futures,preseason,7.0,Over,Duke,"Due to hurricanes there were five teams listed below (Central Florida, NC State, South Carolina, Virginia Tech and West Virginia) that had a game cancelled.  Each of these teams win total bets were cancelled and refunds were given."
2018,Florida,8.0,-130,110,unspecified_vegas_futures,preseason,9.0,Over,Florida,"Due to hurricanes there were five teams listed below (Central Florida, NC State, South Carolina, Virginia Tech and West Virginia) that had a game cancelled.  Each of these teams win total bets were cancelled and refunds were given."
2018,Florida Atlantic,8.5,-120,100,unspecified_vegas_futures,preseason,5.0,Under,Florida Atlantic,"Due to hurricanes there were five teams listed below (Central Florida, NC State, South Carolina, Virginia Tech and West Virginia) that had a game cancelled.  Each of these teams win total bets were cancelled and refunds were given."
2018,Florida State,8.0,-120,100,unspecified_vegas_futures,preseason,5.0,Under,Florida State,"Due to hurricanes there were five teams listed below (Central Florida, NC State, South Carolina, Virginia Tech and West Virginia) that had a game cancelled.  Each of these teams win total bets were cancelled and refunds were given."
2018,Fresno State,8.0,-115,-105,unspecified_vegas_futures,preseason,10.0,Over,Fresno State,"Due to hurricanes there were five teams listed below (Central Florida, NC State, South Carolina, Virginia Tech and West Virginia) that had a game cancelled.  Each of these teams win total bets were cancelled and refunds were given."
2018,Georgia,10.5,-130,110,unspecified_vegas_futures,preseason,11.0,Over,Georgia,"Due to hurricanes there were five teams listed below (Central Florida, NC State, South Carolina, Virginia Tech and West Virginia) that had a game cancelled.  Each of these teams win total bets were cancelled and refunds were given."
2018,Georgia Tech,6.5,110,-130,unspecified_vegas_futures,preseason,7.0,Over,Georgia Tech,"Due to hurricanes there were five teams listed below (Central Florida, NC State, South Carolina, Virginia Tech and West Virginia) that had a game cancelled.  Each of these teams win total bets were cancelled and refunds were given."
2018,Iowa,7.5,-110,-110,unspecified_vegas_futures,preseason,8.0,Over,Iowa,"Due to hurricanes there were five teams listed below (Central Florida, NC State, South Carolina, Virginia Tech and West Virginia) that had a game cancelled.  Each of these teams win total bets were cancelled and refunds were given."
2018,Iowa State,6.5,-120,100,unspecified_vegas_futures,preseason,8.0,Over,Iowa State,"Due to hurricanes there were five teams listed below (Central Florida, NC State, South Carolina, Virginia Tech and West Virginia) that had a game cancelled.  Each of these teams win total bets were cancelled and refunds were given."
2018,Kansas State,6.5,-140,120,unspecified_vegas_futures,preseason,5.0,Under,Kansas State,"Due to hurricanes there were five teams listed below (Central Florida, NC State, South Carolina, Virginia Tech and West Virginia) that had a game cancelled.  Each of these teams win total bets were cancelled and refunds were given."
2018,Kentucky,5.0,-150,130,unspecified_vegas_futures,preseason,9.0,Over,Kentucky,"Due to hurricanes there were five teams listed below (Central Florida, NC State, South Carolina, Virginia Tech and West Virginia) that had a game cancelled.  Each of these teams win total bets were cancelled and refunds were given."
2018,LSU,7.0,-130,110,unspecified_vegas_futures,preseason,9.0,Over,LSU,"Due to hurricanes there were five teams listed below (Central Florida, NC State, South Carolina, Virginia Tech and West Virginia) that had a game cancelled.  Each of these teams win total bets were cancelled and refunds were given."
2018,Louisville,7.0,110,-130,unspecified_vegas_futures,preseason,2.0,Under,Louisville,"Due to hurricanes there were five teams listed below (Central Florida, NC State, South Carolina, Virginia Tech and West Virginia) that had a game cancelled.  Each of these teams win total bets were cancelled and refunds were given."
2018,Miami,9.5,100,-120,unspecified_vegas_futures,preseason,7.0,Under,Miami (FL),"Due to hurricanes there were five teams listed below (Central Florida, NC State, South Carolina, Virginia Tech and West Virginia) that had a game cancelled.  Each of these teams win total bets were cancelled and refunds were given."
2018,Michigan,9.5,110,-130,unspecified_vegas_futures,preseason,10.0,Over,Michigan,"Due to hurricanes there were five teams listed below (Central Florida, NC State, South Carolina, Virginia Tech and West Virginia) that had a game cancelled.  Each of these teams win total bets were cancelled and refunds were given."
2018,Michigan State,8.5,-150,130,unspecified_vegas_futures,preseason,7.0,Under,Michigan State,"Due to hurricanes there were five teams listed below (Central Florida, NC State, South Carolina, Virginia Tech and West Virginia) that had a game cancelled.  Each of these teams win total bets were cancelled and refunds were given."
2018,Minnesota,6.0,-110,-110,unspecified_vegas_futures,preseason,6.0,Push,Minnesota,"Due to hurricanes there were five teams listed below (Central Florida, NC State, South Carolina, Virginia Tech and West Virginia) that had a game cancelled.  Each of these teams win total bets were cancelled and refunds were given."
2018,Mississippi State,8.0,-130,110,unspecified_vegas_futures,preseason,8.0,Push,Mississippi State,"Due to hurricanes there were five teams listed below (Central Florida, NC State, South Carolina, Virginia Tech and West Virginia) that had a game cancelled.  Each of these teams win total bets were cancelled and refunds were given."
2018,Missouri,7.0,-120,100,unspecified_vegas_futures,preseason,8.0,Over,Missouri,"Due to hurricanes there were five teams listed below (Central Florida, NC State, South Carolina, Virginia Tech and West Virginia) that had a game cancelled.  Each of these teams win total bets were cancelled and refunds were given."
2018,NC State,7.5,110,-130,unspecified_vegas_futures,preseason,8.0,N/A,NC State,"Due to hurricanes there were five teams listed below (Central Florida, NC State, South Carolina, Virginia Tech and West Virginia) that had a game cancelled.  Each of these teams win total bets were cancelled and refunds were given."
2018,Nebraska,6.5,-150,130,unspecified_vegas_futures,preseason,4.0,Under,Nebraska,"Due to hurricanes there were five teams listed below (Central Florida, NC State, South Carolina, Virginia Tech and West Virginia) that had a game cancelled.  Each of these teams win total bets were cancelled and refunds were given."
2018,Nevada,5.5,-120,100,unspecified_vegas_futures,preseason,7.0,Over,Nevada,"Due to hurricanes there were five teams listed below (Central Florida, NC State, South Carolina, Virginia Tech and West Virginia) that had a game cancelled.  Each of these teams win total bets were cancelled and refunds were given."
2018,Northwestern,6.0,-130,110,unspecified_vegas_futures,preseason,8.0,Over,Northwestern,"Due to hurricanes there were five teams listed below (Central Florida, NC State, South Carolina, Virginia Tech and West Virginia) that had a game cancelled.  Each of these teams win total bets were cancelled and refunds were given."
2018,Notre Dame,9.0,-130,110,unspecified_vegas_futures,preseason,12.0,Over,Notre Dame,"Due to hurricanes there were five teams listed below (Central Florida, NC State, South Carolina, Virginia Tech and West Virginia) that had a game cancelled.  Each of these teams win total bets were cancelled and refunds were given."
2018,Ohio State,10.5,-110,-110,unspecified_vegas_futures,preseason,11.0,Over,Ohio State,"Due to hurricanes there were five teams listed below (Central Florida, NC State, South Carolina, Virginia Tech and West Virginia) that had a game cancelled.  Each of these teams win total bets were cancelled and refunds were given."
2018,Oklahoma,10.0,-120,100,unspecified_vegas_futures,preseason,11.0,Over,Oklahoma,"Due to hurricanes there were five teams listed below (Central Florida, NC State, South Carolina, Virginia Tech and West Virginia) that had a game cancelled.  Each of these teams win total bets were cancelled and refunds were given."
2018,Oklahoma State,8.0,-120,100,unspecified_vegas_futures,preseason,6.0,Under,Oklahoma State,"Due to hurricanes there were five teams listed below (Central Florida, NC State, South Carolina, Virginia Tech and West Virginia) that had a game cancelled.  Each of these teams win total bets were cancelled and refunds were given."
2018,Ole Miss,5.5,-140,120,unspecified_vegas_futures,preseason,5.0,Under,Ole Miss,"Due to hurricanes there were five teams listed below (Central Florida, NC State, South Carolina, Virginia Tech and West Virginia) that had a game cancelled.  Each of these teams win total bets were cancelled and refunds were given."
2018,Oregon,8.5,-140,120,unspecified_vegas_futures,preseason,8.0,Under,Oregon,"Due to hurricanes there were five teams listed below (Central Florida, NC State, South Carolina, Virginia Tech and West Virginia) that had a game cancelled.  Each of these teams win total bets were cancelled and refunds were given."
2018,Oregon State,2.5,155,-185,unspecified_vegas_futures,preseason,2.0,Under,Oregon State,"Due to hurricanes there were five teams listed below (Central Florida, NC State, South Carolina, Virginia Tech and West Virginia) that had a game cancelled.  Each of these teams win total bets were cancelled and refunds were given."
2018,Penn State,9.5,100,-120,unspecified_vegas_futures,preseason,9.0,Under,Penn State,"Due to hurricanes there were five teams listed below (Central Florida, NC State, South Carolina, Virginia Tech and West Virginia) that had a game cancelled.  Each of these teams win total bets were cancelled and refunds were given."
2018,Purdue,6.0,120,-140,unspecified_vegas_futures,preseason,6.0,Push,Purdue,"Due to hurricanes there were five teams listed below (Central Florida, NC State, South Carolina, Virginia Tech and West Virginia) that had a game cancelled.  Each of these teams win total bets were cancelled and refunds were given."
2018,San Diego State,8.5,-120,100,unspecified_vegas_futures,preseason,7.0,Under,San Diego State,"Due to hurricanes there were five teams listed below (Central Florida, NC State, South Carolina, Virginia Tech and West Virginia) that had a game cancelled.  Each of these teams win total bets were cancelled and refunds were given."
2018,South Carolina,7.0,-150,130,unspecified_vegas_futures,preseason,6.0,N/A,South Carolina,"Due to hurricanes there were five teams listed below (Central Florida, NC State, South Carolina, Virginia Tech and West Virginia) that had a game cancelled.  Each of these teams win total bets were cancelled and refunds were given."
2018,Stanford,8.5,-125,105,unspecified_vegas_futures,preseason,8.0,Under,Stanford,"Due to hurricanes there were five teams listed below (Central Florida, NC State, South Carolina, Virginia Tech and West Virginia) that had a game cancelled.  Each of these teams win total bets were cancelled and refunds were given."
2018,Syracuse,5.5,100,-120,unspecified_vegas_futures,preseason,9.0,Over,Syracuse,"Due to hurricanes there were five teams listed below (Central Florida, NC State, South Carolina, Virginia Tech and West Virginia) that had a game cancelled.  Each of these teams win total bets were cancelled and refunds were given."
2018,TCU,7.5,-150,130,unspecified_vegas_futures,preseason,6.0,Under,TCU,"Due to hurricanes there were five teams listed below (Central Florida, NC State, South Carolina, Virginia Tech and West Virginia) that had a game cancelled.  Each of these teams win total bets were cancelled and refunds were given."
2018,Tennessee,5.5,-150,130,unspecified_vegas_futures,preseason,5.0,Under,Tennessee,"Due to hurricanes there were five teams listed below (Central Florida, NC State, South Carolina, Virginia Tech and West Virginia) that had a game cancelled.  Each of these teams win total bets were cancelled and refunds were given."
2018,Texas,8.5,-150,130,unspecified_vegas_futures,preseason,9.0,Over,Texas,"Due to hurricanes there were five teams listed below (Central Florida, NC State, South Carolina, Virginia Tech and West Virginia) that had a game cancelled.  Each of these teams win total bets were cancelled and refunds were given."
2018,Texas A&M,7.5,130,-150,unspecified_vegas_futures,preseason,8.0,Over,Texas A&M,"Due to hurricanes there were five teams listed below (Central Florida, NC State, South Carolina, Virginia Tech and West Virginia) that had a game cancelled.  Each of these teams win total bets were cancelled and refunds were given."
2018,UCF,9.0,-130,110,unspecified_vegas_futures,preseason,11.0,N/A,Central Florida,"Due to hurricanes there were five teams listed below (Central Florida, NC State, South Carolina, Virginia Tech and West Virginia) that had a game cancelled.  Each of these teams win total bets were cancelled and refunds were given."
2018,UCLA,5.5,-110,-110,unspecified_vegas_futures,preseason,3.0,Under,UCLA,"Due to hurricanes there were five teams listed below (Central Florida, NC State, South Carolina, Virginia Tech and West Virginia) that had a game cancelled.  Each of these teams win total bets were cancelled and refunds were given."
2018,UNLV,6.0,-140,120,unspecified_vegas_futures,preseason,4.0,Under,UNLV,"Due to hurricanes there were five teams listed below (Central Florida, NC State, South Carolina, Virginia Tech and West Virginia) that had a game cancelled.  Each of these teams win total bets were cancelled and refunds were given."
2018,USC,8.5,-110,-110,unspecified_vegas_futures,preseason,5.0,Under,USC,"Due to hurricanes there were five teams listed below (Central Florida, NC State, South Carolina, Virginia Tech and West Virginia) that had a game cancelled.  Each of these teams win total bets were cancelled and refunds were given."
2018,Utah,7.5,110,-130,unspecified_vegas_futures,preseason,9.0,Over,Utah,"Due to hurricanes there were five teams listed below (Central Florida, NC State, South Carolina, Virginia Tech and West Virginia) that had a game cancelled.  Each of these teams win total bets were cancelled and refunds were given."
2018,Vanderbilt,4.5,120,-140,unspecified_vegas_futures,preseason,6.0,Over,Vanderbilt,"Due to hurricanes there were five teams listed below (Central Florida, NC State, South Carolina, Virginia Tech and West Virginia) that had a game cancelled.  Each of these teams win total bets were cancelled and refunds were given."
2018,Virginia Tech,8.5,130,-150,unspecified_vegas_futures,preseason,5.0,N/A,Virginia Tech,"Due to hurricanes there were five teams listed below (Central Florida, NC State, South Carolina, Virginia Tech and West Virginia) that had a game cancelled.  Each of these teams win total bets were cancelled and refunds were given."
2018,Wake Forest,6.5,110,-130,unspecified_vegas_futures,preseason,6.0,Under,Wake Forest,"Due to hurricanes there were five teams listed below (Central Florida, NC State, South Carolina, Virginia Tech and West Virginia) that had a game cancelled.  Each of these teams win total bets were cancelled and refunds were given."
2018,Washington,10.0,-190,160,unspecified_vegas_futures,preseason,9.0,Under,Washington,"Due to hurricanes there were five teams listed below (Central Florida, NC State, South Carolina, Virginia Tech and West Virginia) that had a game cancelled.  Each of these teams win total bets were cancelled and refunds were given."
2018,Washington State,6.0,115,-135,unspecified_vegas_futures,preseason,10.0,Over,Washington State,"Due to hurricanes there were five teams listed below (Central Florida, NC State, South Carolina, Virginia Tech and West Virginia) that had a game cancelled.  Each of these teams win total bets were cancelled and refunds were given."
2018,West Virginia,7.5,-110,-110,unspecified_vegas_futures,preseason,8.0,N/A,West Virginia,"Due to hurricanes there were five teams listed below (Central Florida, NC State, South Carolina, Virginia Tech and West Virginia) that had a game cancelled.  Each of these teams win total bets were cancelled and refunds were given."
2018,Wisconsin,10.0,100,-120,unspecified_vegas_futures,preseason,7.0,Under,Wisconsin,"Due to hurricanes there were five teams listed below (Central Florida, NC State, South Carolina, Virginia Tech and West Virginia) that had a game cancelled.  Each of these teams win total bets were cancelled and refunds were given."
2019,Air Force,8.0,140,-160,unspecified_vegas_futures,preseason,10.0,Over,Air Force,
2019,Alabama,11.5,140,-160,unspecified_vegas_futures,preseason,10.0,Under,Alabama,
2019,Arizona,6.5,115,-135,unspecified_vegas_futures,preseason,4.0,Under,Arizona,
2019,Arizona State,6.5,-150,130,unspecified_vegas_futures,preseason,7.0,Over,Arizona State,
2019,Arkansas,5.0,110,-130,unspecified_vegas_futures,preseason,2.0,Under,Arkansas,
2019,Army,10.0,-125,105,unspecified_vegas_futures,preseason,5.0,Under,Army,
2019,Auburn,7.5,-130,110,unspecified_vegas_futures,preseason,9.0,Over,Auburn,
2019,BYU,6.5,-110,-110,unspecified_vegas_futures,preseason,7.0,Over,BYU,
2019,Baylor,7.5,-120,100,unspecified_vegas_futures,preseason,11.0,Over,Baylor,
2019,Boise State,9.5,-130,110,unspecified_vegas_futures,preseason,11.0,Over,Boise State,
2019,Boston College,6.0,-110,-110,unspecified_vegas_futures,preseason,6.0,Push,Boston College,
2019,California,5.5,-110,-110,unspecified_vegas_futures,preseason,7.0,Over,California,
2019,Cincinnati,7.5,-140,120,unspecified_vegas_futures,preseason,10.0,Over,Cincinnati,
2019,Clemson,11.5,-120,100,unspecified_vegas_futures,preseason,12.0,Over,Clemson,
2019,Colorado,4.0,100,-120,unspecified_vegas_futures,preseason,5.0,Over,Colorado,
2019,Colorado State,3.5,100,-120,unspecified_vegas_futures,preseason,4.0,Over,Colorado State,
2019,Duke,5.5,100,-120,unspecified_vegas_futures,preseason,5.0,Under,Duke,
2019,Florida,9.0,140,-160,unspecified_vegas_futures,preseason,10.0,Over,Florida,
2019,Florida State,7.5,-130,110,unspecified_vegas_futures,preseason,6.0,Under,Florida State,
2019,Fresno State,8.0,100,-120,unspecified_vegas_futures,preseason,4.0,Under,Fresno State,
2019,Georgia,11.0,120,-140,unspecified_vegas_futures,preseason,11.0,Push,Georgia,
2019,Georgia Tech,3.5,100,-120,unspecified_vegas_futures,preseason,3.0,Under,Georgia Tech,
2019,Hawai'i,5.5,-160,140,unspecified_vegas_futures,preseason,9.0,Over,Hawaii,
2019,Houston,7.5,100,-120,unspecified_vegas_futures,preseason,4.0,Under,Houston,
2019,Illinois,4.5,-110,-110,unspecified_vegas_futures,preseason,6.0,Over,Illinois,
2019,Indiana,6.5,120,-140,unspecified_vegas_futures,preseason,8.0,Over,Indiana,
2019,Iowa,7.5,-140,120,unspecified_vegas_futures,preseason,9.0,Over,Iowa,
2019,Iowa State,8.0,-110,-110,unspecified_vegas_futures,preseason,7.0,Under,Iowa State,
2019,Kansas,3.0,110,-130,unspecified_vegas_futures,preseason,3.0,Push,Kansas,
2019,Kansas State,5.5,120,-140,unspecified_vegas_futures,preseason,8.0,Over,Kansas State,
2019,Kentucky,6.5,-140,120,unspecified_vegas_futures,preseason,7.0,Over,Kentucky,
2019,LSU,9.0,-130,110,unspecified_vegas_futures,preseason,12.0,Over,LSU,
2019,Louisville,3.5,-150,130,unspecified_vegas_futures,preseason,7.0,Over,Louisville,
2019,Maryland,3.5,-145,125,unspecified_vegas_futures,preseason,3.0,Under,Maryland,
2019,Miami,8.5,-140,120,unspecified_vegas_futures,preseason,6.0,Under,Miami (FL),
2019,Michigan,10.5,130,-150,unspecified_vegas_futures,preseason,9.0,Under,Michigan,
2019,Michigan State,8.0,-140,120,unspecified_vegas_futures,preseason,6.0,Under,Michigan State,
2019,Minnesota,7.5,-130,110,unspecified_vegas_futures,preseason,10.0,Over,Minnesota,
2019,Mississippi State,7.5,-100,-120,unspecified_vegas_futures,preseason,6.0,Under,Mississippi State,
2019,Missouri,8.5,110,-130,unspecified_vegas_futures,preseason,6.0,Under,Missouri,
2019,NC State,7.0,-130,110,unspecified_vegas_futures,preseason,4.0,Under,NC State,
2019,Navy,5.5,100,-120,unspecified_vegas_futures,preseason,10.0,Over,Navy,
2019,Nebraska,8.5,-130,110,unspecified_vegas_futures,preseason,5.0,Under,Nebraska,
2019,Nevada,6.0,-110,-110,unspecified_vegas_futures,preseason,7.0,Over,Nevada,
2019,North Carolina,5.5,100,-120,unspecified_vegas_futures,preseason,6.0,Over,North Carolina,
2019,Northwestern,6.0,-150,130,unspecified_vegas_futures,preseason,3.0,Under,Northwestern,
2019,Notre Dame,9.0,100,-120,unspecified_vegas_futures,preseason,10.0,Over,Notre Dame,
2019,Ohio State,10.0,-110,-110,unspecified_vegas_futures,preseason,12.0,Over,Ohio State,
2019,Oklahoma,10.0,-150,130,unspecified_vegas_futures,preseason,11.0,Over,Oklahoma,
2019,Oklahoma State,7.5,100,-120,unspecified_vegas_futures,preseason,8.0,Over,Oklahoma State,
2019,Ole Miss,4.5,110,-130,unspecified_vegas_futures,preseason,4.0,Under,Ole Miss,
2019,Oregon,8.5,-170,145,unspecified_vegas_futures,preseason,10.0,Over,Oregon,
2019,Oregon State,2.5,-160,140,unspecified_vegas_futures,preseason,5.0,Over,Oregon State,
2019,Penn State,8.5,110,-130,unspecified_vegas_futures,preseason,10.0,Over,Penn State,
2019,Pittsburgh,6.0,-110,-110,unspecified_vegas_futures,preseason,7.0,Over,Pittsburgh,
2019,Purdue,7.0,110,-130,unspecified_vegas_futures,preseason,4.0,Under,Purdue,
2019,Rutgers,3.0,-120,100,unspecified_vegas_futures,preseason,2.0,Under,Rutgers,
2019,San Diego State,8.0,-110,-110,unspecified_vegas_futures,preseason,9.0,Over,San Diego State,
2019,South Carolina,5.5,-135,115,unspecified_vegas_futures,preseason,4.0,Under,South Carolina,
2019,Stanford,7.0,110,-130,unspecified_vegas_futures,preseason,4.0,Under,Stanford,
2019,Syracuse,8.0,120,-140,unspecified_vegas_futures,preseason,5.0,Under,Syracuse,
2019,TCU,7.5,-110,-110,unspecified_vegas_futures,preseason,5.0,Under,TCU,
2019,Tennessee,6.5,-130,110,unspecified_vegas_futures,preseason,7.0,Over,Tennessee,
2019,Texas,9.0,100,-120,unspecified_vegas_futures,preseason,7.0,Under,Texas,
2019,Texas A&M,7.5,-120,100,unspecified_vegas_futures,preseason,7.0,Under,Texas A&M,
2019,Texas Tech,6.5,120,-140,unspecified_vegas_futures,preseason,4.0,Under,Texas Tech,
2019,UCF,9.0,-130,110,unspecified_vegas_futures,preseason,9.0,Push,Central Florida,
2019,UCLA,6.5,110,-130,unspecified_vegas_futures,preseason,4.0,Under,UCLA,
2019,UNLV,4.0,-130,110,unspecified_vegas_futures,preseason,4.0,Push,UNLV,
2019,USC,7.0,-150,130,unspecified_vegas_futures,preseason,8.0,Over,USC,
2019,Utah,9.0,-150,130,unspecified_vegas_futures,preseason,11.0,Over,Utah,
2019,Utah State,6.5,-120,110,unspecified_vegas_futures,preseason,7.0,Over,Utah State,
2019,Vanderbilt,4.5,-130,110,unspecified_vegas_futures,preseason,3.0,Under,Vanderbilt,
2019,Virginia,8.0,120,-140,unspecified_vegas_futures,preseason,9.0,Over,Virginia,
2019,Virginia Tech,8.0,-140,120,unspecified_vegas_futures,preseason,8.0,Push,Virginia Tech,
2019,Wake Forest,6.0,-115,-105,unspecified_vegas_futures,preseason,8.0,Over,Wake Forest,
2019,Washington,9.5,-120,100,unspecified_vegas_futures,preseason,7.0,Under,Washington,
2019,Washington State,8.0,100,-120,unspecified_vegas_futures,preseason,6.0,Under,Washington State,
2019,West Virginia,5.0,120,-140,unspecified_vegas_futures,preseason,5.0,Push,West Virginia,
2019,Wisconsin,8.0,-130,110,unspecified_vegas_futures,preseason,10.0,Over,Wisconsin,
2021,Air Force,6.5,-120,100,unspecified_vegas_futures,preseason,9.0,Over,Air Force,Teams that have a result of 'VOID' did not play 12 regular season games.  Each of these teams win total bets were cancelled and refunds were given.
2021,Akron,2.0,-130,110,unspecified_vegas_futures,preseason,2.0,Push,Akron,Teams that have a result of 'VOID' did not play 12 regular season games.  Each of these teams win total bets were cancelled and refunds were given.
2021,Alabama,11.5,-105,-115,unspecified_vegas_futures,preseason,11.0,Under,Alabama,Teams that have a result of 'VOID' did not play 12 regular season games.  Each of these teams win total bets were cancelled and refunds were given.
2021,App State,9.0,-110,-110,unspecified_vegas_futures,preseason,10.0,Over,Appalachian State,Teams that have a result of 'VOID' did not play 12 regular season games.  Each of these teams win total bets were cancelled and refunds were given.
2021,Arizona,2.5,-125,105,unspecified_vegas_futures,preseason,1.0,Under,Arizona,Teams that have a result of 'VOID' did not play 12 regular season games.  Each of these teams win total bets were cancelled and refunds were given.
2021,Arizona State,8.5,-120,100,unspecified_vegas_futures,preseason,8.0,Under,Arizona State,Teams that have a result of 'VOID' did not play 12 regular season games.  Each of these teams win total bets were cancelled and refunds were given.
2021,Arkansas,5.5,-110,-110,unspecified_vegas_futures,preseason,8.0,Over,Arkansas,Teams that have a result of 'VOID' did not play 12 regular season games.  Each of these teams win total bets were cancelled and refunds were given.
2021,Arkansas State,4.5,105,-125,unspecified_vegas_futures,preseason,2.0,Under,Arkansas State,Teams that have a result of 'VOID' did not play 12 regular season games.  Each of these teams win total bets were cancelled and refunds were given.
2021,Army,7.5,-115,-105,unspecified_vegas_futures,preseason,8.0,Over,Army,Teams that have a result of 'VOID' did not play 12 regular season games.  Each of these teams win total bets were cancelled and refunds were given.
2021,Auburn,7.0,110,-130,unspecified_vegas_futures,preseason,6.0,Under,Auburn,Teams that have a result of 'VOID' did not play 12 regular season games.  Each of these teams win total bets were cancelled and refunds were given.
2021,BYU,7.0,-115,-105,unspecified_vegas_futures,preseason,10.0,Over,BYU,Teams that have a result of 'VOID' did not play 12 regular season games.  Each of these teams win total bets were cancelled and refunds were given.
2021,Ball State,7.5,-115,-105,unspecified_vegas_futures,preseason,6.0,Under,Ball State,Teams that have a result of 'VOID' did not play 12 regular season games.  Each of these teams win total bets were cancelled and refunds were given.
2021,Baylor,5.5,100,-120,unspecified_vegas_futures,preseason,10.0,Over,Baylor,Teams that have a result of 'VOID' did not play 12 regular season games.  Each of these teams win total bets were cancelled and refunds were given.
2021,Boise State,9.0,110,-130,unspecified_vegas_futures,preseason,7.0,Under,Boise State,Teams that have a result of 'VOID' did not play 12 regular season games.  Each of these teams win total bets were cancelled and refunds were given.
2021,Boston College,7.0,-150,125,unspecified_vegas_futures,preseason,6.0,Under,Boston College,Teams that have a result of 'VOID' did not play 12 regular season games.  Each of these teams win total bets were cancelled and refunds were given.
2021,Bowling Green,1.5,-110,-110,unspecified_vegas_futures,preseason,4.0,Over,Bowling Green,Teams that have a result of 'VOID' did not play 12 regular season games.  Each of these teams win total bets were cancelled and refunds were given.
2021,Buffalo,7.5,100,-120,unspecified_vegas_futures,preseason,4.0,Under,Buffalo,Teams that have a result of 'VOID' did not play 12 regular season games.  Each of these teams win total bets were cancelled and refunds were given.
2021,California,6.5,120,-145,unspecified_vegas_futures,preseason,5.0,Under,California,Teams that have a result of 'VOID' did not play 12 regular season games.  Each of these teams win total bets were cancelled and refunds were given.
2021,Central Michigan,6.5,105,-125,unspecified_vegas_futures,preseason,8.0,Over,Central Michigan,Teams that have a result of 'VOID' did not play 12 regular season games.  Each of these teams win total bets were cancelled and refunds were given.
2021,Charlotte,5.0,105,-125,unspecified_vegas_futures,preseason,5.0,Push,Charlotte,Teams that have a result of 'VOID' did not play 12 regular season games.  Each of these teams win total bets were cancelled and refunds were given.
2021,Cincinnati,10.0,-110,-110,unspecified_vegas_futures,preseason,12.0,Over,Cincinnati,Teams that have a result of 'VOID' did not play 12 regular season games.  Each of these teams win total bets were cancelled and refunds were given.
2021,Clemson,11.5,105,-125,unspecified_vegas_futures,preseason,9.0,Under,Clemson,Teams that have a result of 'VOID' did not play 12 regular season games.  Each of these teams win total bets were cancelled and refunds were given.
2021,Coastal Carolina,10.0,-120,100,unspecified_vegas_futures,preseason,10.0,Push,Coastal Carolina,Teams that have a result of 'VOID' did not play 12 regular season games.  Each of these teams win total bets were cancelled and refunds were given.
2021,Colorado,4.5,-115,-105,unspecified_vegas_futures,preseason,4.0,Under,Colorado,Teams that have a result of 'VOID' did not play 12 regular season games.  Each of these teams win total bets were cancelled and refunds were given.
2021,Colorado State,5.0,105,-125,unspecified_vegas_futures,preseason,3.0,Under,Colorado State,Teams that have a result of 'VOID' did not play 12 regular season games.  Each of these teams win total bets were cancelled and refunds were given.
2021,Duke,4.0,-105,-115,unspecified_vegas_futures,preseason,3.0,Under,Duke,Teams that have a result of 'VOID' did not play 12 regular season games.  Each of these teams win total bets were cancelled and refunds were given.
2021,East Carolina,5.5,-145,120,unspecified_vegas_futures,preseason,7.0,Over,East Carolina,Teams that have a result of 'VOID' did not play 12 regular season games.  Each of these teams win total bets were cancelled and refunds were given.
2021,Eastern Michigan,6.5,-110,-110,unspecified_vegas_futures,preseason,7.0,Over,Eastern Michigan,Teams that have a result of 'VOID' did not play 12 regular season games.  Each of these teams win total bets were cancelled and refunds were given.
2021,Florida,9.0,105,-125,unspecified_vegas_futures,preseason,6.0,Under,Florida,Teams that have a result of 'VOID' did not play 12 regular season games.  Each of these teams win total bets were cancelled and refunds were given.
2021,Florida Atlantic,7.5,115,-135,unspecified_vegas_futures,preseason,5.0,Under,Florida Atlantic,Teams that have a result of 'VOID' did not play 12 regular season games.  Each of these teams win total bets were cancelled and refunds were given.
2021,Florida International,4.5,110,-130,unspecified_vegas_futures,preseason,1.0,Under,Florida International,Teams that have a result of 'VOID' did not play 12 regular season games.  Each of these teams win total bets were cancelled and refunds were given.
2021,Florida State,5.5,-125,105,unspecified_vegas_futures,preseason,5.0,Under,Florida State,Teams that have a result of 'VOID' did not play 12 regular season games.  Each of these teams win total bets were cancelled and refunds were given.
2021,Fresno State,6.0,-125,105,unspecified_vegas_futures,preseason,9.0,Over,Fresno State,Teams that have a result of 'VOID' did not play 12 regular season games.  Each of these teams win total bets were cancelled and refunds were given.
2021,Georgia,10.5,-125,105,unspecified_vegas_futures,preseason,12.0,Over,Georgia,Teams that have a result of 'VOID' did not play 12 regular season games.  Each of these teams win total bets were cancelled and refunds were given.
2021,Georgia Southern,4.5,-120,100,unspecified_vegas_futures,preseason,3.0,Under,Georgia Southern,Teams that have a result of 'VOID' did not play 12 regular season games.  Each of these teams win total bets were cancelled and refunds were given.
2021,Georgia State,5.0,-125,105,unspecified_vegas_futures,preseason,7.0,Over,Georgia State,Teams that have a result of 'VOID' did not play 12 regular season games.  Each of these teams win total bets were cancelled and refunds were given.
2021,Georgia Tech,5.0,100,-120,unspecified_vegas_futures,preseason,3.0,Under,Georgia Tech,Teams that have a result of 'VOID' did not play 12 regular season games.  Each of these teams win total bets were cancelled and refunds were given.
2021,Hawai'i,6.0,-145,120,unspecified_vegas_futures,preseason,6.0,Push,Hawaii,Teams that have a result of 'VOID' did not play 12 regular season games.  Each of these teams win total bets were cancelled and refunds were given.
2021,Houston,8.5,-105,-115,unspecified_vegas_futures,preseason,11.0,Over,Houston,Teams that have a result of 'VOID' did not play 12 regular season games.  Each of these teams win total bets were cancelled and refunds were given.
2021,Illinois,3.5,-145,120,unspecified_vegas_futures,preseason,5.0,Over,Illinois,Teams that have a result of 'VOID' did not play 12 regular season games.  Each of these teams win total bets were cancelled and refunds were given.
2021,Indiana,7.5,110,-130,unspecified_vegas_futures,preseason,2.0,Under,Indiana,Teams that have a result of 'VOID' did not play 12 regular season games.  Each of these teams win total bets were cancelled and refunds were given.
2021,Iowa,8.5,-105,-115,unspecified_vegas_futures,preseason,10.0,Over,Iowa,Teams that have a result of 'VOID' did not play 12 regular season games.  Each of these teams win total bets were cancelled and refunds were given.
2021,Iowa State,9.5,-110,-110,unspecified_vegas_futures,preseason,7.0,Under,Iowa State,Teams that have a result of 'VOID' did not play 12 regular season games.  Each of these teams win total bets were cancelled and refunds were given.
2021,Kansas,1.5,165,-200,unspecified_vegas_futures,preseason,2.0,Over,Kansas,Teams that have a result of 'VOID' did not play 12 regular season games.  Each of these teams win total bets were cancelled and refunds were given.
2021,Kansas State,5.5,-125,105,unspecified_vegas_futures,preseason,7.0,Over,Kansas State,Teams that have a result of 'VOID' did not play 12 regular season games.  Each of these teams win total bets were cancelled and refunds were given.
2021,Kent State,5.5,105,-125,unspecified_vegas_futures,preseason,7.0,Over,Kent State,Teams that have a result of 'VOID' did not play 12 regular season games.  Each of these teams win total bets were cancelled and refunds were given.
2021,Kentucky,7.0,-145,120,unspecified_vegas_futures,preseason,9.0,Over,Kentucky,Teams that have a result of 'VOID' did not play 12 regular season games.  Each of these teams win total bets were cancelled and refunds were given.
2021,LSU,8.5,-105,-115,unspecified_vegas_futures,preseason,6.0,Under,LSU,Teams that have a result of 'VOID' did not play 12 regular season games.  Each of these teams win total bets were cancelled and refunds were given.
2021,Liberty,9.0,-120,100,unspecified_vegas_futures,preseason,7.0,Under,Liberty,Teams that have a result of 'VOID' did not play 12 regular season games.  Each of these teams win total bets were cancelled and refunds were given.
2021,Louisiana,8.5,-165,140,unspecified_vegas_futures,preseason,11.0,Over,Louisiana Lafayette,Teams that have a result of 'VOID' did not play 12 regular season games.  Each of these teams win total bets were cancelled and refunds were given.
2021,Louisiana Tech,4.5,-125,105,unspecified_vegas_futures,preseason,3.0,Under,Louisiana Tech,Teams that have a result of 'VOID' did not play 12 regular season games.  Each of these teams win total bets were cancelled and refunds were given.
2021,Louisville,6.5,-105,-115,unspecified_vegas_futures,preseason,6.0,Under,Louisville,Teams that have a result of 'VOID' did not play 12 regular season games.  Each of these teams win total bets were cancelled and refunds were given.
2021,Marshall,8.5,-105,-115,unspecified_vegas_futures,preseason,7.0,Under,Marshall,Teams that have a result of 'VOID' did not play 12 regular season games.  Each of these teams win total bets were cancelled and refunds were given.
2021,Maryland,5.5,-145,120,unspecified_vegas_futures,preseason,6.0,Over,Maryland,Teams that have a result of 'VOID' did not play 12 regular season games.  Each of these teams win total bets were cancelled and refunds were given.
2021,Massachusetts,1.5,-165,140,unspecified_vegas_futures,preseason,1.0,Under,Massachusetts,Teams that have a result of 'VOID' did not play 12 regular season games.  Each of these teams win total bets were cancelled and refunds were given.
2021,Memphis,8.0,-110,-110,unspecified_vegas_futures,preseason,6.0,Under,Memphis,Teams that have a result of 'VOID' did not play 12 regular season games.  Each of these teams win total bets were cancelled and refunds were given.
2021,Miami,9.5,125,-150,unspecified_vegas_futures,preseason,7.0,Under,Miami (FL),Teams that have a result of 'VOID' did not play 12 regular season games.  Each of these teams win total bets were cancelled and refunds were given.
2021,Miami (OH),5.5,120,-145,unspecified_vegas_futures,preseason,6.0,Over,Miami (OH),Teams that have a result of 'VOID' did not play 12 regular season games.  Each of these teams win total bets were cancelled and refunds were given.
2021,Michigan,7.5,-130,110,unspecified_vegas_futures,preseason,11.0,Over,Michigan,Teams that have a result of 'VOID' did not play 12 regular season games.  Each of these teams win total bets were cancelled and refunds were given.
2021,Michigan State,5.0,-125,105,unspecified_vegas_futures,preseason,10.0,Over,Michigan State,Teams that have a result of 'VOID' did not play 12 regular season games.  Each of these teams win total bets were cancelled and refunds were given.
2021,Middle Tennessee,4.5,-130,110,unspecified_vegas_futures,preseason,6.0,Over,Middle Tennessee State,Teams that have a result of 'VOID' did not play 12 regular season games.  Each of these teams win total bets were cancelled and refunds were given.
2021,Minnesota,7.0,-110,-110,unspecified_vegas_futures,preseason,8.0,Over,Minnesota,Teams that have a result of 'VOID' did not play 12 regular season games.  Each of these teams win total bets were cancelled and refunds were given.
2021,Mississippi State,6.0,-120,100,unspecified_vegas_futures,preseason,7.0,Over,Mississippi State,Teams that have a result of 'VOID' did not play 12 regular season games.  Each of these teams win total bets were cancelled and refunds were given.
2021,Missouri,7.0,-110,-110,unspecified_vegas_futures,preseason,6.0,Under,Missouri,Teams that have a result of 'VOID' did not play 12 regular season games.  Each of these teams win total bets were cancelled and refunds were given.
2021,NC State,6.5,-115,-105,unspecified_vegas_futures,preseason,9.0,Over,NC State,Teams that have a result of 'VOID' did not play 12 regular season games.  Each of these teams win total bets were cancelled and refunds were given.
2021,Navy,3.5,-110,-110,unspecified_vegas_futures,preseason,4.0,Over,Navy,Teams that have a result of 'VOID' did not play 12 regular season games.  Each of these teams win total bets were cancelled and refunds were given.
2021,Nebraska,6.5,115,-135,unspecified_vegas_futures,preseason,3.0,Under,Nebraska,Teams that have a result of 'VOID' did not play 12 regular season games.  Each of these teams win total bets were cancelled and refunds were given.
2021,Nevada,7.5,-125,105,unspecified_vegas_futures,preseason,8.0,Over,Nevada,Teams that have a result of 'VOID' did not play 12 regular season games.  Each of these teams win total bets were cancelled and refunds were given.
2021,New Mexico,4.5,-125,105,unspecified_vegas_futures,preseason,3.0,Under,New Mexico,Teams that have a result of 'VOID' did not play 12 regular season games.  Each of these teams win total bets were cancelled and refunds were given.
2021,New Mexico State,1.5,-125,105,unspecified_vegas_futures,preseason,2.0,Over,New Mexico State,Teams that have a result of 'VOID' did not play 12 regular season games.  Each of these teams win total bets were cancelled and refunds were given.
2021,North Carolina,9.5,-120,100,unspecified_vegas_futures,preseason,6.0,Under,North Carolina,Teams that have a result of 'VOID' did not play 12 regular season games.  Each of these teams win total bets were cancelled and refunds were given.
2021,North Texas,4.0,105,-125,unspecified_vegas_futures,preseason,6.0,Over,North Texas,Teams that have a result of 'VOID' did not play 12 regular season games.  Each of these teams win total bets were cancelled and refunds were given.
2021,Northern Illinois,4.0,100,-120,unspecified_vegas_futures,preseason,8.0,Over,Northern Illinois,Teams that have a result of 'VOID' did not play 12 regular season games.  Each of these teams win total bets were cancelled and refunds were given.
2021,Northwestern,6.5,-105,-115,unspecified_vegas_futures,preseason,3.0,Under,Northwestern,Teams that have a result of 'VOID' did not play 12 regular season games.  Each of these teams win total bets were cancelled and refunds were given.
2021,Notre Dame,8.5,-145,120,unspecified_vegas_futures,preseason,11.0,Over,Notre Dame,Teams that have a result of 'VOID' did not play 12 regular season games.  Each of these teams win total bets were cancelled and refunds were given.
2021,Ohio,6.5,-125,105,unspecified_vegas_futures,preseason,3.0,Under,Ohio,Teams that have a result of 'VOID' did not play 12 regular season games.  Each of these teams win total bets were cancelled and refunds were given.
2021,Ohio State,11.0,-115,-105,unspecified_vegas_futures,preseason,10.0,Under,Ohio State,Teams that have a result of 'VOID' did not play 12 regular season games.  Each of these teams win total bets were cancelled and refunds were given.
2021,Oklahoma,11.0,-120,100,unspecified_vegas_futures,preseason,10.0,Under,Oklahoma,Teams that have a result of 'VOID' did not play 12 regular season games.  Each of these teams win total bets were cancelled and refunds were given.
2021,Oklahoma State,7.5,-110,-110,unspecified_vegas_futures,preseason,11.0,Over,Oklahoma State,Teams that have a result of 'VOID' did not play 12 regular season games.  Each of these teams win total bets were cancelled and refunds were given.
2021,Old Dominion,3.5,-140,115,unspecified_vegas_futures,preseason,6.0,Over,Old Dominion,Teams that have a result of 'VOID' did not play 12 regular season games.  Each of these teams win total bets were cancelled and refunds were given.
2021,Ole Miss,7.5,-120,100,unspecified_vegas_futures,preseason,10.0,Over,Ole Miss,Teams that have a result of 'VOID' did not play 12 regular season games.  Each of these teams win total bets were cancelled and refunds were given.
2021,Oregon,9.0,-125,105,unspecified_vegas_futures,preseason,10.0,Over,Oregon,Teams that have a result of 'VOID' did not play 12 regular season games.  Each of these teams win total bets were cancelled and refunds were given.
2021,Oregon State,4.5,-135,115,unspecified_vegas_futures,preseason,7.0,Over,Oregon State,Teams that have a result of 'VOID' did not play 12 regular season games.  Each of these teams win total bets were cancelled and refunds were given.
2021,Penn State,8.5,-125,105,unspecified_vegas_futures,preseason,7.0,Under,Penn State,Teams that have a result of 'VOID' did not play 12 regular season games.  Each of these teams win total bets were cancelled and refunds were given.
2021,Pittsburgh,7.0,-145,120,unspecified_vegas_futures,preseason,10.0,Over,Pittsburgh,Teams that have a result of 'VOID' did not play 12 regular season games.  Each of these teams win total bets were cancelled and refunds were given.
2021,Purdue,5.0,-145,120,unspecified_vegas_futures,preseason,8.0,Over,Purdue,Teams that have a result of 'VOID' did not play 12 regular season games.  Each of these teams win total bets were cancelled and refunds were given.
2021,Rice,6.0,120,-145,unspecified_vegas_futures,preseason,4.0,Under,Rice,Teams that have a result of 'VOID' did not play 12 regular season games.  Each of these teams win total bets were cancelled and refunds were given.
2021,Rutgers,5.0,-110,-110,unspecified_vegas_futures,preseason,5.0,Push,Rutgers,Teams that have a result of 'VOID' did not play 12 regular season games.  Each of these teams win total bets were cancelled and refunds were given.
2021,SMU,6.5,-130,110,unspecified_vegas_futures,preseason,8.0,Over,SMU,Teams that have a result of 'VOID' did not play 12 regular season games.  Each of these teams win total bets were cancelled and refunds were given.
2021,San Diego State,6.5,-120,100,unspecified_vegas_futures,preseason,11.0,Over,San Diego State,Teams that have a result of 'VOID' did not play 12 regular season games.  Each of these teams win total bets were cancelled and refunds were given.
2021,San José State,8.0,-105,-115,unspecified_vegas_futures,preseason,5.0,Under,San Jose State,Teams that have a result of 'VOID' did not play 12 regular season games.  Each of these teams win total bets were cancelled and refunds were given.
2021,South Alabama,5.0,120,-145,unspecified_vegas_futures,preseason,5.0,Push,South Alabama,Teams that have a result of 'VOID' did not play 12 regular season games.  Each of these teams win total bets were cancelled and refunds were given.
2021,South Carolina,3.5,-165,140,unspecified_vegas_futures,preseason,6.0,Over,South Carolina,Teams that have a result of 'VOID' did not play 12 regular season games.  Each of these teams win total bets were cancelled and refunds were given.
2021,South Florida,3.5,120,-145,unspecified_vegas_futures,preseason,2.0,Under,South Florida,Teams that have a result of 'VOID' did not play 12 regular season games.  Each of these teams win total bets were cancelled and refunds were given.
2021,Southern Miss,6.0,-110,-110,unspecified_vegas_futures,preseason,3.0,Under,Southern Mississippi,Teams that have a result of 'VOID' did not play 12 regular season games.  Each of these teams win total bets were cancelled and refunds were given.
2021,Stanford,4.0,-135,115,unspecified_vegas_futures,preseason,3.0,Under,Stanford,Teams that have a result of 'VOID' did not play 12 regular season games.  Each of these teams win total bets were cancelled and refunds were given.
2021,Syracuse,3.0,-125,105,unspecified_vegas_futures,preseason,5.0,Over,Syracuse,Teams that have a result of 'VOID' did not play 12 regular season games.  Each of these teams win total bets were cancelled and refunds were given.
2021,TCU,7.5,-140,115,unspecified_vegas_futures,preseason,5.0,Under,TCU,Teams that have a result of 'VOID' did not play 12 regular season games.  Each of these teams win total bets were cancelled and refunds were given.
2021,Temple,3.0,-120,100,unspecified_vegas_futures,preseason,3.0,Push,Temple,Teams that have a result of 'VOID' did not play 12 regular season games.  Each of these teams win total bets were cancelled and refunds were given.
2021,Tennessee,6.0,105,-125,unspecified_vegas_futures,preseason,7.0,Over,Tennessee,Teams that have a result of 'VOID' did not play 12 regular season games.  Each of these teams win total bets were cancelled and refunds were given.
2021,Texas,8.0,105,-125,unspecified_vegas_futures,preseason,5.0,Under,Texas,Teams that have a result of 'VOID' did not play 12 regular season games.  Each of these teams win total bets were cancelled and refunds were given.
2021,Texas A&M,9.5,-110,-110,unspecified_vegas_futures,preseason,8.0,Under,Texas A&M,Teams that have a result of 'VOID' did not play 12 regular season games.  Each of these teams win total bets were cancelled and refunds were given.
2021,Texas State,4.5,110,-130,unspecified_vegas_futures,preseason,4.0,Under,Texas State,Teams that have a result of 'VOID' did not play 12 regular season games.  Each of these teams win total bets were cancelled and refunds were given.
2021,Texas Tech,5.0,-150,125,unspecified_vegas_futures,preseason,6.0,Over,Texas Tech,Teams that have a result of 'VOID' did not play 12 regular season games.  Each of these teams win total bets were cancelled and refunds were given.
2021,Toledo,8.5,-125,105,unspecified_vegas_futures,preseason,7.0,Under,Toledo,Teams that have a result of 'VOID' did not play 12 regular season games.  Each of these teams win total bets were cancelled and refunds were given.
2021,Troy,6.5,-125,105,unspecified_vegas_futures,preseason,5.0,Under,Troy,Teams that have a result of 'VOID' did not play 12 regular season games.  Each of these teams win total bets were cancelled and refunds were given.
2021,Tulane,5.0,-130,110,unspecified_vegas_futures,preseason,2.0,Under,Tulane,Teams that have a result of 'VOID' did not play 12 regular season games.  Each of these teams win total bets were cancelled and refunds were given.
2021,Tulsa,6.5,-120,100,unspecified_vegas_futures,preseason,6.0,Under,Tulsa,Teams that have a result of 'VOID' did not play 12 regular season games.  Each of these teams win total bets were cancelled and refunds were given.
2021,UAB,7.5,-165,140,unspecified_vegas_futures,preseason,8.0,Over,UAB,Teams that have a result of 'VOID' did not play 12 regular season games.  Each of these teams win total bets were cancelled and refunds were given.
2021,UCF,9.5,-110,-110,unspecified_vegas_futures,preseason,8.0,Under,Central Florida,Teams that have a result of 'VOID' did not play 12 regular season games.  Each of these teams win total bets were cancelled and refunds were given.
2021,UCLA,7.0,-110,-110,unspecified_vegas_futures,preseason,8.0,Over,UCLA,Teams that have a result of 'VOID' did not play 12 regular season games.  Each of these teams win total bets were cancelled and refunds were given.
2021,UConn,2.5,-120,100,unspecified_vegas_futures,preseason,1.0,Under,Connecticut,Teams that have a result of 'VOID' did not play 12 regular season games.  Each of these teams win total bets were cancelled and refunds were given.
2021,UL Monroe,1.5,-155,125,unspecified_vegas_futures,preseason,4.0,Over,Louisiana Monroe,Teams that have a result of 'VOID' did not play 12 regular season games.  Each of these teams win total bets were cancelled and refunds were given.
2021,UNLV,1.5,-110,-110,unspecified_vegas_futures,preseason,2.0,Over,UNLV,Teams that have a result of 'VOID' did not play 12 regular season games.  Each of these teams win total bets were cancelled and refunds were given.
2021,USC,8.5,-105,-115,unspecified_vegas_futures,preseason,4.0,Under,USC,Teams that have a result of 'VOID' did not play 12 regular season games.  Each of these teams win total bets were cancelled and refunds were given.
2021,UTEP,3.0,-110,-110,unspecified_vegas_futures,preseason,7.0,Over,UTEP,Teams that have a result of 'VOID' did not play 12 regular season games.  Each of these teams win total bets were cancelled and refunds were given.
2021,UTSA,8.0,100,-120,unspecified_vegas_futures,preseason,11.0,Over,Texas San Antonio,Teams that have a result of 'VOID' did not play 12 regular season games.  Each of these teams win total bets were cancelled and refunds were given.
2021,Utah,8.5,-145,120,unspecified_vegas_futures,preseason,9.0,Over,Utah,Teams that have a result of 'VOID' did not play 12 regular season games.  Each of these teams win total bets were cancelled and refunds were given.
2021,Utah State,3.5,-120,100,unspecified_vegas_futures,preseason,9.0,Over,Utah State,Teams that have a result of 'VOID' did not play 12 regular season games.  Each of these teams win total bets were cancelled and refunds were given.
2021,Vanderbilt,3.5,-115,-105,unspecified_vegas_futures,preseason,2.0,Under,Vanderbilt,Teams that have a result of 'VOID' did not play 12 regular season games.  Each of these teams win total bets were cancelled and refunds were given.
2021,Virginia,6.5,105,-125,unspecified_vegas_futures,preseason,6.0,Under,Virginia,Teams that have a result of 'VOID' did not play 12 regular season games.  Each of these teams win total bets were cancelled and refunds were given.
2021,Virginia Tech,7.5,-150,125,unspecified_vegas_futures,preseason,6.0,Under,Virginia Tech,Teams that have a result of 'VOID' did not play 12 regular season games.  Each of these teams win total bets were cancelled and refunds were given.
2021,Wake Forest,7.0,-120,100,unspecified_vegas_futures,preseason,10.0,Over,Wake Forest,Teams that have a result of 'VOID' did not play 12 regular season games.  Each of these teams win total bets were cancelled and refunds were given.
2021,Washington,8.5,-140,115,unspecified_vegas_futures,preseason,4.0,Under,Washington,Teams that have a result of 'VOID' did not play 12 regular season games.  Each of these teams win total bets were cancelled and refunds were given.
2021,Washington State,6.0,100,-120,unspecified_vegas_futures,preseason,7.0,Over,Washington State,Teams that have a result of 'VOID' did not play 12 regular season games.  Each of these teams win total bets were cancelled and refunds were given.
2021,West Virginia,6.5,-120,100,unspecified_vegas_futures,preseason,6.0,Under,West Virginia,Teams that have a result of 'VOID' did not play 12 regular season games.  Each of these teams win total bets were cancelled and refunds were given.
2021,Western Kentucky,5.5,-115,-105,unspecified_vegas_futures,preseason,8.0,Over,Western Kentucky,Teams that have a result of 'VOID' did not play 12 regular season games.  Each of these teams win total bets were cancelled and refunds were given.
2021,Western Michigan,6.0,-105,-115,unspecified_vegas_futures,preseason,7.0,Over,Western Michigan,Teams that have a result of 'VOID' did not play 12 regular season games.  Each of these teams win total bets were cancelled and refunds were given.
2021,Wisconsin,9.5,-125,105,unspecified_vegas_futures,preseason,8.0,Under,Wisconsin,Teams that have a result of 'VOID' did not play 12 regular season games.  Each of these teams win total bets were cancelled and refunds were given.
2021,Wyoming,7.5,-135,115,unspecified_vegas_futures,preseason,6.0,Under,Wyoming,Teams that have a result of 'VOID' did not play 12 regular season games.  Each of these teams win total bets were cancelled and refunds were given.
2022,Air Force,8.5,-145,120,unspecified_vegas_futures,preseason,9.0,Over,Air Force,Teams that have a result of 'VOID' did not play 12 regular season games.  Each of these teams win total bets were cancelled and refunds were given.
2022,Akron,2.5,-105,-115,unspecified_vegas_futures,preseason,2.0,Under,Akron,Teams that have a result of 'VOID' did not play 12 regular season games.  Each of these teams win total bets were cancelled and refunds were given.
2022,Alabama,11.5,110,-135,unspecified_vegas_futures,preseason,10.0,Under,Alabama,Teams that have a result of 'VOID' did not play 12 regular season games.  Each of these teams win total bets were cancelled and refunds were given.
2022,App State,8.5,-110,-110,unspecified_vegas_futures,preseason,6.0,Under,Appalachian State,Teams that have a result of 'VOID' did not play 12 regular season games.  Each of these teams win total bets were cancelled and refunds were given.
2022,Arizona,3.0,-145,120,unspecified_vegas_futures,preseason,5.0,Over,Arizona,Teams that have a result of 'VOID' did not play 12 regular season games.  Each of these teams win total bets were cancelled and refunds were given.
2022,Arizona State,6.0,110,-135,unspecified_vegas_futures,preseason,3.0,Under,Arizona State,Teams that have a result of 'VOID' did not play 12 regular season games.  Each of these teams win total bets were cancelled and refunds were given.
2022,Arkansas,7.5,125,-150,unspecified_vegas_futures,preseason,6.0,Under,Arkansas,Teams that have a result of 'VOID' did not play 12 regular season games.  Each of these teams win total bets were cancelled and refunds were given.
2022,Arkansas State,4.5,-120,100,unspecified_vegas_futures,preseason,3.0,Under,Arkansas State,Teams that have a result of 'VOID' did not play 12 regular season games.  Each of these teams win total bets were cancelled and refunds were given.
2022,Army,8.5,-110,-110,unspecified_vegas_futures,preseason,6.0,Under,Army,Teams that have a result of 'VOID' did not play 12 regular season games.  Each of these teams win total bets were cancelled and refunds were given.
2022,Auburn,6.0,-120,100,unspecified_vegas_futures,preseason,5.0,Under,Auburn,Teams that have a result of 'VOID' did not play 12 regular season games.  Each of these teams win total bets were cancelled and refunds were given.
2022,BYU,8.5,100,-120,unspecified_vegas_futures,preseason,7.0,Under,BYU,Teams that have a result of 'VOID' did not play 12 regular season games.  Each of these teams win total bets were cancelled and refunds were given.
2022,Ball State,4.5,-140,115,unspecified_vegas_futures,preseason,5.0,Over,Ball State,Teams that have a result of 'VOID' did not play 12 regular season games.  Each of these teams win total bets were cancelled and refunds were given.
2022,Baylor,7.5,-155,130,unspecified_vegas_futures,preseason,6.0,Under,Baylor,Teams that have a result of 'VOID' did not play 12 regular season games.  Each of these teams win total bets were cancelled and refunds were given.
2022,Boise State,9.0,-120,100,unspecified_vegas_futures,preseason,9.0,Push,Boise State,Teams that have a result of 'VOID' did not play 12 regular season games.  Each of these teams win total bets were cancelled and refunds were given.
2022,Boston College,9.0,-120,100,unspecified_vegas_futures,preseason,3.0,Under,Boston College,Teams that have a result of 'VOID' did not play 12 regular season games.  Each of these teams win total bets were cancelled and refunds were given.
2022,Bowling Green,3.5,-185,145,unspecified_vegas_futures,preseason,6.0,Over,Bowling Green,Teams that have a result of 'VOID' did not play 12 regular season games.  Each of these teams win total bets were cancelled and refunds were given.
2022,Buffalo,5.5,105,-125,unspecified_vegas_futures,preseason,6.0,Over,Buffalo,Teams that have a result of 'VOID' did not play 12 regular season games.  Each of these teams win total bets were cancelled and refunds were given.
2022,California,5.5,-125,105,unspecified_vegas_futures,preseason,4.0,Under,California,Teams that have a result of 'VOID' did not play 12 regular season games.  Each of these teams win total bets were cancelled and refunds were given.
2022,Central Michigan,7.5,100,-120,unspecified_vegas_futures,preseason,4.0,Under,Central Michigan,Teams that have a result of 'VOID' did not play 12 regular season games.  Each of these teams win total bets were cancelled and refunds were given.
2022,Charlotte,4.5,-110,-110,unspecified_vegas_futures,preseason,3.0,Under,Charlotte,Teams that have a result of 'VOID' did not play 12 regular season games.  Each of these teams win total bets were cancelled and refunds were given.
2022,Cincinnati,9.0,-140,115,unspecified_vegas_futures,preseason,9.0,Push,Cincinnati,Teams that have a result of 'VOID' did not play 12 regular season games.  Each of these teams win total bets were cancelled and refunds were given.
2022,Clemson,10.5,110,-130,unspecified_vegas_futures,preseason,10.0,Under,Clemson,Teams that have a result of 'VOID' did not play 12 regular season games.  Each of these teams win total bets were cancelled and refunds were given.
2022,Coastal Carolina,7.5,-155,130,unspecified_vegas_futures,preseason,9.0,VOID,Coastal Carolina,Teams that have a result of 'VOID' did not play 12 regular season games.  Each of these teams win total bets were cancelled and refunds were given.
2022,Colorado,3.5,165,-200,unspecified_vegas_futures,preseason,1.0,Under,Colorado,Teams that have a result of 'VOID' did not play 12 regular season games.  Each of these teams win total bets were cancelled and refunds were given.
2022,Colorado State,5.5,-155,130,unspecified_vegas_futures,preseason,3.0,Under,Colorado State,Teams that have a result of 'VOID' did not play 12 regular season games.  Each of these teams win total bets were cancelled and refunds were given.
2022,Duke,3.0,-110,-110,unspecified_vegas_futures,preseason,8.0,Over,Duke,Teams that have a result of 'VOID' did not play 12 regular season games.  Each of these teams win total bets were cancelled and refunds were given.
2022,East Carolina,6.5,110,-130,unspecified_vegas_futures,preseason,7.0,Over,East Carolina,Teams that have a result of 'VOID' did not play 12 regular season games.  Each of these teams win total bets were cancelled and refunds were given.
2022,Eastern Michigan,6.0,140,-165,unspecified_vegas_futures,preseason,8.0,Over,Eastern Michigan,Teams that have a result of 'VOID' did not play 12 regular season games.  Each of these teams win total bets were cancelled and refunds were given.
2022,Florida,7.0,-125,105,unspecified_vegas_futures,preseason,6.0,Under,Florida,Teams that have a result of 'VOID' did not play 12 regular season games.  Each of these teams win total bets were cancelled and refunds were given.
2022,Florida Atlantic,6.0,-120,100,unspecified_vegas_futures,preseason,5.0,Under,Florida Atlantic,Teams that have a result of 'VOID' did not play 12 regular season games.  Each of these teams win total bets were cancelled and refunds were given.
2022,Florida International,3.0,-115,-105,unspecified_vegas_futures,preseason,4.0,Over,Florida International,Teams that have a result of 'VOID' did not play 12 regular season games.  Each of these teams win total bets were cancelled and refunds were given.
2022,Florida State,6.5,-130,110,unspecified_vegas_futures,preseason,9.0,Over,Florida State,Teams that have a result of 'VOID' did not play 12 regular season games.  Each of these teams win total bets were cancelled and refunds were given.
2022,Fresno State,8.5,-155,130,unspecified_vegas_futures,preseason,8.0,Under,Fresno State,Teams that have a result of 'VOID' did not play 12 regular season games.  Each of these teams win total bets were cancelled and refunds were given.
2022,Georgia,11.0,-120,100,unspecified_vegas_futures,preseason,12.0,Over,Georgia,Teams that have a result of 'VOID' did not play 12 regular season games.  Each of these teams win total bets were cancelled and refunds were given.
2022,Georgia Southern,4.5,120,-145,unspecified_vegas_futures,preseason,6.0,Over,Georgia Southern,Teams that have a result of 'VOID' did not play 12 regular season games.  Each of these teams win total bets were cancelled and refunds were given.
2022,Georgia State,7.5,125,-150,unspecified_vegas_futures,preseason,4.0,Under,Georgia State,Teams that have a result of 'VOID' did not play 12 regular season games.  Each of these teams win total bets were cancelled and refunds were given.
2022,Georgia Tech,3.5,110,-135,unspecified_vegas_futures,preseason,5.0,Over,Georgia Tech,Teams that have a result of 'VOID' did not play 12 regular season games.  Each of these teams win total bets were cancelled and refunds were given.
2022,Hawai'i,4.5,130,-155,unspecified_vegas_futures,preseason,3.0,Under,Hawaii,Teams that have a result of 'VOID' did not play 12 regular season games.  Each of these teams win total bets were cancelled and refunds were given.
2022,Houston,9.5,140,-165,unspecified_vegas_futures,preseason,7.0,Under,Houston,Teams that have a result of 'VOID' did not play 12 regular season games.  Each of these teams win total bets were cancelled and refunds were given.
2022,Illinois,4.5,-135,110,unspecified_vegas_futures,preseason,8.0,Over,Illinois,Teams that have a result of 'VOID' did not play 12 regular season games.  Each of these teams win total bets were cancelled and refunds were given.
2022,Indiana,4.5,125,-150,unspecified_vegas_futures,preseason,4.0,Under,Indiana,Teams that have a result of 'VOID' did not play 12 regular season games.  Each of these teams win total bets were cancelled and refunds were given.
2022,Iowa,7.5,-110,-110,unspecified_vegas_futures,preseason,7.0,Under,Iowa,Teams that have a result of 'VOID' did not play 12 regular season games.  Each of these teams win total bets were cancelled and refunds were given.
2022,Iowa State,6.5,-120,100,unspecified_vegas_futures,preseason,4.0,Under,Iowa State,Teams that have a result of 'VOID' did not play 12 regular season games.  Each of these teams win total bets were cancelled and refunds were given.
2022,Kansas,2.5,-150,125,unspecified_vegas_futures,preseason,6.0,Over,Kansas,Teams that have a result of 'VOID' did not play 12 regular season games.  Each of these teams win total bets were cancelled and refunds were given.
2022,Kansas State,7.0,-145,120,unspecified_vegas_futures,preseason,9.0,Over,Kansas State,Teams that have a result of 'VOID' did not play 12 regular season games.  Each of these teams win total bets were cancelled and refunds were given.
2022,Kent State,5.5,100,-120,unspecified_vegas_futures,preseason,5.0,Under,Kent State,Teams that have a result of 'VOID' did not play 12 regular season games.  Each of these teams win total bets were cancelled and refunds were given.
2022,Kentucky,7.5,-145,120,unspecified_vegas_futures,preseason,7.0,Under,Kentucky,Teams that have a result of 'VOID' did not play 12 regular season games.  Each of these teams win total bets were cancelled and refunds were given.
2022,LSU,6.5,-145,120,unspecified_vegas_futures,preseason,9.0,Over,LSU,Teams that have a result of 'VOID' did not play 12 regular season games.  Each of these teams win total bets were cancelled and refunds were given.
2022,Liberty,6.5,-165,140,unspecified_vegas_futures,preseason,8.0,Over,Liberty,Teams that have a result of 'VOID' did not play 12 regular season games.  Each of these teams win total bets were cancelled and refunds were given.
2022,Louisiana,8.5,-120,100,unspecified_vegas_futures,preseason,6.0,Under,Louisiana Lafayette,Teams that have a result of 'VOID' did not play 12 regular season games.  Each of these teams win total bets were cancelled and refunds were given.
2022,Louisiana Tech,4.5,-140,115,unspecified_vegas_futures,preseason,3.0,Under,Louisiana Tech,Teams that have a result of 'VOID' did not play 12 regular season games.  Each of these teams win total bets were cancelled and refunds were given.
2022,Louisville,6.5,105,-125,unspecified_vegas_futures,preseason,7.0,Over,Louisville,Teams that have a result of 'VOID' did not play 12 regular season games.  Each of these teams win total bets were cancelled and refunds were given.
2022,Marshall,7.5,-105,-115,unspecified_vegas_futures,preseason,8.0,Over,Marshall,Teams that have a result of 'VOID' did not play 12 regular season games.  Each of these teams win total bets were cancelled and refunds were given.
2022,Maryland,6.0,-120,100,unspecified_vegas_futures,preseason,7.0,Over,Maryland,Teams that have a result of 'VOID' did not play 12 regular season games.  Each of these teams win total bets were cancelled and refunds were given.
2022,Massachusetts,2.5,110,-130,unspecified_vegas_futures,preseason,1.0,Under,Massachusetts,Teams that have a result of 'VOID' did not play 12 regular season games.  Each of these teams win total bets were cancelled and refunds were given.
2022,Memphis,7.5,120,-145,unspecified_vegas_futures,preseason,6.0,Under,Memphis,Teams that have a result of 'VOID' did not play 12 regular season games.  Each of these teams win total bets were cancelled and refunds were given.
2022,Miami,8.5,-135,110,unspecified_vegas_futures,preseason,5.0,Under,Miami (FL),Teams that have a result of 'VOID' did not play 12 regular season games.  Each of these teams win total bets were cancelled and refunds were given.
2022,Miami (OH),6.5,-145,120,unspecified_vegas_futures,preseason,6.0,Under,Miami (OH),Teams that have a result of 'VOID' did not play 12 regular season games.  Each of these teams win total bets were cancelled and refunds were given.
2022,Michigan,9.5,-145,120,unspecified_vegas_futures,preseason,12.0,Over,Michigan,Teams that have a result of 'VOID' did not play 12 regular season games.  Each of these teams win total bets were cancelled and refunds were given.
2022,Michigan State,7.5,-140,115,unspecified_vegas_futures,preseason,5.0,Under,Michigan State,Teams that have a result of 'VOID' did not play 12 regular season games.  Each of these teams win total bets were cancelled and refunds were given.
2022,Middle Tennessee,5.5,-105,-115,unspecified_vegas_futures,preseason,7.0,Over,Middle Tennessee State,Teams that have a result of 'VOID' did not play 12 regular season games.  Each of these teams win total bets were cancelled and refunds were given.
2022,Minnesota,7.5,-135,110,unspecified_vegas_futures,preseason,8.0,Over,Minnesota,Teams that have a result of 'VOID' did not play 12 regular season games.  Each of these teams win total bets were cancelled and refunds were given.
2022,Mississippi State,6.5,-155,130,unspecified_vegas_futures,preseason,8.0,Over,Mississippi State,Teams that have a result of 'VOID' did not play 12 regular season games.  Each of these teams win total bets were cancelled and refunds were given.
2022,Missouri,5.5,115,-135,unspecified_vegas_futures,preseason,6.0,Over,Missouri,Teams that have a result of 'VOID' did not play 12 regular season games.  Each of these teams win total bets were cancelled and refunds were given.
2022,NC State,8.5,-160,135,unspecified_vegas_futures,preseason,8.0,Under,NC State,Teams that have a result of 'VOID' did not play 12 regular season games.  Each of these teams win total bets were cancelled and refunds were given.
2022,Navy,4.5,115,-140,unspecified_vegas_futures,preseason,4.0,Under,Navy,Teams that have a result of 'VOID' did not play 12 regular season games.  Each of these teams win total bets were cancelled and refunds were given.
2022,Nebraska,7.5,-115,-105,unspecified_vegas_futures,preseason,4.0,Under,Nebraska,Teams that have a result of 'VOID' did not play 12 regular season games.  Each of these teams win total bets were cancelled and refunds were given.
2022,Nevada,4.5,135,-165,unspecified_vegas_futures,preseason,2.0,Under,Nevada,Teams that have a result of 'VOID' did not play 12 regular season games.  Each of these teams win total bets were cancelled and refunds were given.
2022,New Mexico,3.0,100,-120,unspecified_vegas_futures,preseason,2.0,Under,New Mexico,Teams that have a result of 'VOID' did not play 12 regular season games.  Each of these teams win total bets were cancelled and refunds were given.
2022,New Mexico State,2.5,-120,100,unspecified_vegas_futures,preseason,6.0,VOID,New Mexico State,Teams that have a result of 'VOID' did not play 12 regular season games.  Each of these teams win total bets were cancelled and refunds were given.
2022,North Carolina,7.5,115,-135,unspecified_vegas_futures,preseason,9.0,Over,North Carolina,Teams that have a result of 'VOID' did not play 12 regular season games.  Each of these teams win total bets were cancelled and refunds were given.
2022,North Texas,6.5,105,-125,unspecified_vegas_futures,preseason,7.0,Over,North Texas,Teams that have a result of 'VOID' did not play 12 regular season games.  Each of these teams win total bets were cancelled and refunds were given.
2022,Northern Illinois,7.0,110,-130,unspecified_vegas_futures,preseason,3.0,Under,Northern Illinois,Teams that have a result of 'VOID' did not play 12 regular season games.  Each of these teams win total bets were cancelled and refunds were given.
2022,Northwestern,3.5,-140,115,unspecified_vegas_futures,preseason,1.0,Under,Northwestern,Teams that have a result of 'VOID' did not play 12 regular season games.  Each of these teams win total bets were cancelled and refunds were given.
2022,Notre Dame,8.5,-150,125,unspecified_vegas_futures,preseason,8.0,Under,Notre Dame,Teams that have a result of 'VOID' did not play 12 regular season games.  Each of these teams win total bets were cancelled and refunds were given.
2022,Ohio,5.5,-110,-110,unspecified_vegas_futures,preseason,9.0,Over,Ohio,Teams that have a result of 'VOID' did not play 12 regular season games.  Each of these teams win total bets were cancelled and refunds were given.
2022,Ohio State,11.0,-140,115,unspecified_vegas_futures,preseason,11.0,Push,Ohio State,Teams that have a result of 'VOID' did not play 12 regular season games.  Each of these teams win total bets were cancelled and refunds were given.
2022,Oklahoma,9.0,-135,110,unspecified_vegas_futures,preseason,6.0,Under,Oklahoma,Teams that have a result of 'VOID' did not play 12 regular season games.  Each of these teams win total bets were cancelled and refunds were given.
2022,Oklahoma State,8.5,105,-125,unspecified_vegas_futures,preseason,7.0,Under,Oklahoma State,Teams that have a result of 'VOID' did not play 12 regular season games.  Each of these teams win total bets were cancelled and refunds were given.
2022,Old Dominion,4.5,100,-120,unspecified_vegas_futures,preseason,3.0,Under,Old Dominion,Teams that have a result of 'VOID' did not play 12 regular season games.  Each of these teams win total bets were cancelled and refunds were given.
2022,Ole Miss,7.5,-150,125,unspecified_vegas_futures,preseason,8.0,Over,Ole Miss,Teams that have a result of 'VOID' did not play 12 regular season games.  Each of these teams win total bets were cancelled and refunds were given.
2022,Oregon,8.5,-130,110,unspecified_vegas_futures,preseason,9.0,Over,Oregon,Teams that have a result of 'VOID' did not play 12 regular season games.  Each of these teams win total bets were cancelled and refunds were given.
2022,Oregon State,6.5,105,-125,unspecified_vegas_futures,preseason,9.0,Over,Oregon State,Teams that have a result of 'VOID' did not play 12 regular season games.  Each of these teams win total bets were cancelled and refunds were given.
2022,Penn State,8.5,-105,-115,unspecified_vegas_futures,preseason,10.0,Over,Penn State,Teams that have a result of 'VOID' did not play 12 regular season games.  Each of these teams win total bets were cancelled and refunds were given.
2022,Pittsburgh,8.5,105,-125,unspecified_vegas_futures,preseason,8.0,Under,Pittsburgh,Teams that have a result of 'VOID' did not play 12 regular season games.  Each of these teams win total bets were cancelled and refunds were given.
2022,Purdue,7.5,115,-140,unspecified_vegas_futures,preseason,8.0,Over,Purdue,Teams that have a result of 'VOID' did not play 12 regular season games.  Each of these teams win total bets were cancelled and refunds were given.
2022,Rice,3.5,125,-155,unspecified_vegas_futures,preseason,5.0,Over,Rice,Teams that have a result of 'VOID' did not play 12 regular season games.  Each of these teams win total bets were cancelled and refunds were given.
2022,Rutgers,4.0,-115,-105,unspecified_vegas_futures,preseason,4.0,Push,Rutgers,Teams that have a result of 'VOID' did not play 12 regular season games.  Each of these teams win total bets were cancelled and refunds were given.
2022,SMU,6.5,-175,145,unspecified_vegas_futures,preseason,7.0,Over,SMU,Teams that have a result of 'VOID' did not play 12 regular season games.  Each of these teams win total bets were cancelled and refunds were given.
2022,San Diego State,7.5,-130,110,unspecified_vegas_futures,preseason,7.0,Under,San Diego State,Teams that have a result of 'VOID' did not play 12 regular season games.  Each of these teams win total bets were cancelled and refunds were given.
2022,San José State,6.5,110,-135,unspecified_vegas_futures,preseason,7.0,VOID,San Jose State,Teams that have a result of 'VOID' did not play 12 regular season games.  Each of these teams win total bets were cancelled and refunds were given.
2022,South Alabama,5.5,-125,105,unspecified_vegas_futures,preseason,10.0,Over,South Alabama,Teams that have a result of 'VOID' did not play 12 regular season games.  Each of these teams win total bets were cancelled and refunds were given.
2022,South Carolina,6.5,100,-120,unspecified_vegas_futures,preseason,8.0,Over,South Carolina,Teams that have a result of 'VOID' did not play 12 regular season games.  Each of these teams win total bets were cancelled and refunds were given.
2022,South Florida,4.5,115,-140,unspecified_vegas_futures,preseason,1.0,Under,South Florida,Teams that have a result of 'VOID' did not play 12 regular season games.  Each of these teams win total bets were cancelled and refunds were given.
2022,Southern Miss,4.5,-165,140,unspecified_vegas_futures,preseason,6.0,Over,Southern Mississippi,Teams that have a result of 'VOID' did not play 12 regular season games.  Each of these teams win total bets were cancelled and refunds were given.
2022,Stanford,4.5,105,-125,unspecified_vegas_futures,preseason,3.0,Under,Stanford,Teams that have a result of 'VOID' did not play 12 regular season games.  Each of these teams win total bets were cancelled and refunds were given.
2022,Syracuse,5.0,120,-145,unspecified_vegas_futures,preseason,7.0,Over,Syracuse,Teams that have a result of 'VOID' did not play 12 regular season games.  Each of these teams win total bets were cancelled and refunds were given.
2022,TCU,6.5,-145,120,unspecified_vegas_futures,preseason,12.0,Over,TCU,Teams that have a result of 'VOID' did not play 12 regular season games.  Each of these teams win total bets were cancelled and refunds were given.
2022,Temple,2.5,-150,125,unspecified_vegas_futures,preseason,3.0,Over,Temple,Teams that have a result of 'VOID' did not play 12 regular season games.  Each of these teams win total bets were cancelled and refunds were given.
2022,Tennessee,8.0,-105,-115,unspecified_vegas_futures,preseason,10.0,Over,Tennessee,Teams that have a result of 'VOID' did not play 12 regular season games.  Each of these teams win total bets were cancelled and refunds were given.
2022,Texas,8.5,105,-125,unspecified_vegas_futures,preseason,8.0,Under,Texas,Teams that have a result of 'VOID' did not play 12 regular season games.  Each of these teams win total bets were cancelled and refunds were given.
2022,Texas A&M,8.5,-165,135,unspecified_vegas_futures,preseason,5.0,Under,Texas A&M,Teams that have a result of 'VOID' did not play 12 regular season games.  Each of these teams win total bets were cancelled and refunds were given.
2022,Texas State,4.5,-110,-110,unspecified_vegas_futures,preseason,4.0,Over,Texas State,Teams that have a result of 'VOID' did not play 12 regular season games.  Each of these teams win total bets were cancelled and refunds were given.
2022,Texas Tech,5.5,-135,110,unspecified_vegas_futures,preseason,7.0,Over,Texas Tech,Teams that have a result of 'VOID' did not play 12 regular season games.  Each of these teams win total bets were cancelled and refunds were given.
2022,Toledo,8.0,-120,100,unspecified_vegas_futures,preseason,7.0,Under,Toledo,Teams that have a result of 'VOID' did not play 12 regular season games.  Each of these teams win total bets were cancelled and refunds were given.
2022,Troy,6.5,-105,-115,unspecified_vegas_futures,preseason,10.0,Over,Troy,Teams that have a result of 'VOID' did not play 12 regular season games.  Each of these teams win total bets were cancelled and refunds were given.
2022,Tulane,6.0,-120,100,unspecified_vegas_futures,preseason,10.0,Over,Tulane,Teams that have a result of 'VOID' did not play 12 regular season games.  Each of these teams win total bets were cancelled and refunds were given.
2022,Tulsa,5.5,-140,115,unspecified_vegas_futures,preseason,5.0,Under,Tulsa,Teams that have a result of 'VOID' did not play 12 regular season games.  Each of these teams win total bets were cancelled and refunds were given.
2022,UAB,8.5,-110,-110,unspecified_vegas_futures,preseason,6.0,Under,UAB,Teams that have a result of 'VOID' did not play 12 regular season games.  Each of these teams win total bets were cancelled and refunds were given.
2022,UCF,8.5,-155,130,unspecified_vegas_futures,preseason,9.0,Over,Central Florida,Teams that have a result of 'VOID' did not play 12 regular season games.  Each of these teams win total bets were cancelled and refunds were given.
2022,UCLA,8.5,100,-120,unspecified_vegas_futures,preseason,9.0,Over,UCLA,Teams that have a result of 'VOID' did not play 12 regular season games.  Each of these teams win total bets were cancelled and refunds were given.
2022,UConn,2.5,105,-125,unspecified_vegas_futures,preseason,6.0,Over,Connecticut,Teams that have a result of 'VOID' did not play 12 regular season games.  Each of these teams win total bets were cancelled and refunds were given.
2022,UL Monroe,2.5,-130,110,unspecified_vegas_futures,preseason,7.0,Over,Louisiana Monroe,Teams that have a result of 'VOID' did not play 12 regular season games.  Each of these teams win total bets were cancelled and refunds were given.
2022,UNLV,4.5,120,-145,unspecified_vegas_futures,preseason,5.0,Over,UNLV,Teams that have a result of 'VOID' did not play 12 regular season games.  Each of these teams win total bets were cancelled and refunds were given.
2022,USC,9.5,100,-120,unspecified_vegas_futures,preseason,11.0,Over,USC,Teams that have a result of 'VOID' did not play 12 regular season games.  Each of these teams win total bets were cancelled and refunds were given.
2022,UTEP,5.5,-145,115,unspecified_vegas_futures,preseason,5.0,Under,UTEP,Teams that have a result of 'VOID' did not play 12 regular season games.  Each of these teams win total bets were cancelled and refunds were given.
2022,UTSA,8.5,125,-150,unspecified_vegas_futures,preseason,10.0,Over,Texas San Antonio,Teams that have a result of 'VOID' did not play 12 regular season games.  Each of these teams win total bets were cancelled and refunds were given.
2022,Utah,9.0,-135,110,unspecified_vegas_futures,preseason,9.0,Push,Utah,Teams that have a result of 'VOID' did not play 12 regular season games.  Each of these teams win total bets were cancelled and refunds were given.
2022,Utah State,7.0,115,-140,unspecified_vegas_futures,preseason,6.0,Under,Utah State,Teams that have a result of 'VOID' did not play 12 regular season games.  Each of these teams win total bets were cancelled and refunds were given.
2022,Vanderbilt,2.5,105,-125,unspecified_vegas_futures,preseason,5.0,Over,Vanderbilt,Teams that have a result of 'VOID' did not play 12 regular season games.  Each of these teams win total bets were cancelled and refunds were given.
2022,Virginia,7.5,135,-160,unspecified_vegas_futures,preseason,3.0,VOID,Virginia,Teams that have a result of 'VOID' did not play 12 regular season games.  Each of these teams win total bets were cancelled and refunds were given.
2022,Virginia Tech,6.5,135,-160,unspecified_vegas_futures,preseason,3.0,VOID,Virginia Tech,Teams that have a result of 'VOID' did not play 12 regular season games.  Each of these teams win total bets were cancelled and refunds were given.
2022,Wake Forest,8.5,100,-130,unspecified_vegas_futures,preseason,7.0,Under,Wake Forest,Teams that have a result of 'VOID' did not play 12 regular season games.  Each of these teams win total bets were cancelled and refunds were given.
2022,Washington,7.5,-125,105,unspecified_vegas_futures,preseason,10.0,Over,Washington,Teams that have a result of 'VOID' did not play 12 regular season games.  Each of these teams win total bets were cancelled and refunds were given.
2022,Washington State,5.5,105,-125,unspecified_vegas_futures,preseason,7.0,Over,Washington State,Teams that have a result of 'VOID' did not play 12 regular season games.  Each of these teams win total bets were cancelled and refunds were given.
2022,West Virginia,5.5,-120,100,unspecified_vegas_futures,preseason,5.0,Under,West Virginia,Teams that have a result of 'VOID' did not play 12 regular season games.  Each of these teams win total bets were cancelled and refunds were given.
2022,Western Kentucky,8.5,130,-155,unspecified_vegas_futures,preseason,8.0,Under,Western Kentucky,Teams that have a result of 'VOID' did not play 12 regular season games.  Each of these teams win total bets were cancelled and refunds were given.
2022,Western Michigan,6.5,135,-165,unspecified_vegas_futures,preseason,5.0,Under,Western Michigan,Teams that have a result of 'VOID' did not play 12 regular season games.  Each of these teams win total bets were cancelled and refunds were given.
2022,Wisconsin,8.5,-140,120,unspecified_vegas_futures,preseason,6.0,Under,Wisconsin,Teams that have a result of 'VOID' did not play 12 regular season games.  Each of these teams win total bets were cancelled and refunds were given.
2022,Wyoming,5.0,115,-140,unspecified_vegas_futures,preseason,7.0,Over,Wyoming,Teams that have a result of 'VOID' did not play 12 regular season games.  Each of these teams win total bets were cancelled and refunds were given.
2023,Air Force,8.5,-135,115,unspecified_vegas_futures,preseason,8.0,Under,Air Force,Teams that have a result of 'VOID' did not play 12 regular season games.  Each of these teams win total bets were cancelled and refunds were given.
2023,Akron,4.0,-135,115,unspecified_vegas_futures,preseason,2.0,Under,Akron,Teams that have a result of 'VOID' did not play 12 regular season games.  Each of these teams win total bets were cancelled and refunds were given.
2023,Alabama,10.0,-155,130,unspecified_vegas_futures,preseason,11.0,Over,Alabama,Teams that have a result of 'VOID' did not play 12 regular season games.  Each of these teams win total bets were cancelled and refunds were given.
2023,App State,7.0,-105,-115,unspecified_vegas_futures,preseason,8.0,Over,Appalachian State,Teams that have a result of 'VOID' did not play 12 regular season games.  Each of these teams win total bets were cancelled and refunds were given.
2023,Arizona,5.0,-130,110,unspecified_vegas_futures,preseason,9.0,Over,Arizona,Teams that have a result of 'VOID' did not play 12 regular season games.  Each of these teams win total bets were cancelled and refunds were given.
2023,Arizona State,4.5,-125,105,unspecified_vegas_futures,preseason,3.0,Under,Arizona State,Teams that have a result of 'VOID' did not play 12 regular season games.  Each of these teams win total bets were cancelled and refunds were given.
2023,Arkansas,6.5,-160,135,unspecified_vegas_futures,preseason,4.0,Under,Arkansas,Teams that have a result of 'VOID' did not play 12 regular season games.  Each of these teams win total bets were cancelled and refunds were given.
2023,Arkansas State,4.5,-115,-105,unspecified_vegas_futures,preseason,6.0,Over,Arkansas State,Teams that have a result of 'VOID' did not play 12 regular season games.  Each of these teams win total bets were cancelled and refunds were given.
2023,Army,6.0,-125,105,unspecified_vegas_futures,preseason,6.0,Push,Army,Teams that have a result of 'VOID' did not play 12 regular season games.  Each of these teams win total bets were cancelled and refunds were given.
2023,Auburn,6.5,-135,115,unspecified_vegas_futures,preseason,6.0,Under,Auburn,Teams that have a result of 'VOID' did not play 12 regular season games.  Each of these teams win total bets were cancelled and refunds were given.
2023,BYU,5.5,125,-150,unspecified_vegas_futures,preseason,5.0,Under,BYU,Teams that have a result of 'VOID' did not play 12 regular season games.  Each of these teams win total bets were cancelled and refunds were given.
2023,Ball State,5.0,105,-125,unspecified_vegas_futures,preseason,4.0,Under,Ball State,Teams that have a result of 'VOID' did not play 12 regular season games.  Each of these teams win total bets were cancelled and refunds were given.
2023,Baylor,7.0,-120,100,unspecified_vegas_futures,preseason,3.0,Under,Baylor,Teams that have a result of 'VOID' did not play 12 regular season games.  Each of these teams win total bets were cancelled and refunds were given.
2023,Boise State,8.5,110,-130,unspecified_vegas_futures,preseason,7.0,Under,Boise State,Teams that have a result of 'VOID' did not play 12 regular season games.  Each of these teams win total bets were cancelled and refunds were given.
2023,Boston College,5.5,-150,125,unspecified_vegas_futures,preseason,6.0,Over,Boston College,Teams that have a result of 'VOID' did not play 12 regular season games.  Each of these teams win total bets were cancelled and refunds were given.
2023,Bowling Green,4.5,110,-130,unspecified_vegas_futures,preseason,7.0,Over,Bowling Green,Teams that have a result of 'VOID' did not play 12 regular season games.  Each of these teams win total bets were cancelled and refunds were given.
2023,Buffalo,6.0,110,-130,unspecified_vegas_futures,preseason,3.0,Under,Buffalo,Teams that have a result of 'VOID' did not play 12 regular season games.  Each of these teams win total bets were cancelled and refunds were given.
2023,California,5.0,-110,-110,unspecified_vegas_futures,preseason,6.0,Over,California,Teams that have a result of 'VOID' did not play 12 regular season games.  Each of these teams win total bets were cancelled and refunds were given.
2023,Central Michigan,5.5,115,-140,unspecified_vegas_futures,preseason,5.0,Under,Central Michigan,Teams that have a result of 'VOID' did not play 12 regular season games.  Each of these teams win total bets were cancelled and refunds were given.
2023,Charlotte,3.5,-110,-110,unspecified_vegas_futures,preseason,3.0,Under,Charlotte,Teams that have a result of 'VOID' did not play 12 regular season games.  Each of these teams win total bets were cancelled and refunds were given.
2023,Cincinnati,5.0,105,-125,unspecified_vegas_futures,preseason,3.0,Under,Cincinnati,Teams that have a result of 'VOID' did not play 12 regular season games.  Each of these teams win total bets were cancelled and refunds were given.
2023,Clemson,10.0,-130,110,unspecified_vegas_futures,preseason,8.0,Under,Clemson,Teams that have a result of 'VOID' did not play 12 regular season games.  Each of these teams win total bets were cancelled and refunds were given.
2023,Coastal Carolina,7.5,-110,-110,unspecified_vegas_futures,preseason,7.0,Under,Coastal Carolina,Teams that have a result of 'VOID' did not play 12 regular season games.  Each of these teams win total bets were cancelled and refunds were given.
2023,Colorado,3.5,105,-125,unspecified_vegas_futures,preseason,4.0,Over,Colorado,Teams that have a result of 'VOID' did not play 12 regular season games.  Each of these teams win total bets were cancelled and refunds were given.
2023,Colorado State,5.0,-110,-110,unspecified_vegas_futures,preseason,5.0,Push,Colorado State,Teams that have a result of 'VOID' did not play 12 regular season games.  Each of these teams win total bets were cancelled and refunds were given.
2023,Duke,6.0,-130,110,unspecified_vegas_futures,preseason,7.0,Over,Duke,Teams that have a result of 'VOID' did not play 12 regular season games.  Each of these teams win total bets were cancelled and refunds were given.
2023,East Carolina,5.5,110,-130,unspecified_vegas_futures,preseason,2.0,Under,East Carolina,Teams that have a result of 'VOID' did not play 12 regular season games.  Each of these teams win total bets were cancelled and refunds were given.
2023,Eastern Michigan,7.5,130,-155,unspecified_vegas_futures,preseason,6.0,Under,Eastern Michigan,Teams that have a result of 'VOID' did not play 12 regular season games.  Each of these teams win total bets were cancelled and refunds were given.
2023,Florida,5.5,-140,115,unspecified_vegas_futures,preseason,5.0,Under,Florida,Teams that have a result of 'VOID' did not play 12 regular season games.  Each of these teams win total bets were cancelled and refunds were given.
2023,Florida Atlantic,7.5,105,-125,unspecified_vegas_futures,preseason,4.0,Under,Florida Atlantic,Teams that have a result of 'VOID' did not play 12 regular season games.  Each of these teams win total bets were cancelled and refunds were given.
2023,Florida International,3.5,-110,-110,unspecified_vegas_futures,preseason,4.0,Over,Florida International,Teams that have a result of 'VOID' did not play 12 regular season games.  Each of these teams win total bets were cancelled and refunds were given.
2023,Florida State,9.5,-145,120,unspecified_vegas_futures,preseason,12.0,Over,Florida State,Teams that have a result of 'VOID' did not play 12 regular season games.  Each of these teams win total bets were cancelled and refunds were given.
2023,Fresno State,8.0,100,-120,unspecified_vegas_futures,preseason,8.0,Push,Fresno State,Teams that have a result of 'VOID' did not play 12 regular season games.  Each of these teams win total bets were cancelled and refunds were given.
2023,Georgia,11.5,115,-135,unspecified_vegas_futures,preseason,12.0,Over,Georgia,Teams that have a result of 'VOID' did not play 12 regular season games.  Each of these teams win total bets were cancelled and refunds were given.
2023,Georgia Southern,6.5,120,-145,unspecified_vegas_futures,preseason,6.0,Under,Georgia Southern,Teams that have a result of 'VOID' did not play 12 regular season games.  Each of these teams win total bets were cancelled and refunds were given.
2023,Georgia State,5.5,125,-150,unspecified_vegas_futures,preseason,6.0,Over,Georgia State,Teams that have a result of 'VOID' did not play 12 regular season games.  Each of these teams win total bets were cancelled and refunds were given.
2023,Georgia Tech,4.0,-135,115,unspecified_vegas_futures,preseason,6.0,Over,Georgia Tech,Teams that have a result of 'VOID' did not play 12 regular season games.  Each of these teams win total bets were cancelled and refunds were given.
2023,Hawai'i,3.5,-135,115,unspecified_vegas_futures,preseason,5.0,Over,Hawaii,Teams that have a result of 'VOID' did not play 12 regular season games.  Each of these teams win total bets were cancelled and refunds were given.
2023,Houston,4.5,-135,115,unspecified_vegas_futures,preseason,4.0,Under,Houston,Teams that have a result of 'VOID' did not play 12 regular season games.  Each of these teams win total bets were cancelled and refunds were given.
2023,Illinois,6.5,-120,100,unspecified_vegas_futures,preseason,5.0,Under,Illinois,Teams that have a result of 'VOID' did not play 12 regular season games.  Each of these teams win total bets were cancelled and refunds were given.
2023,Indiana,3.5,-140,120,unspecified_vegas_futures,preseason,3.0,Under,Indiana,Teams that have a result of 'VOID' did not play 12 regular season games.  Each of these teams win total bets were cancelled and refunds were given.
2023,Iowa,8.5,105,-125,unspecified_vegas_futures,preseason,10.0,Over,Iowa,Teams that have a result of 'VOID' did not play 12 regular season games.  Each of these teams win total bets were cancelled and refunds were given.
2023,Iowa State,4.5,-110,-110,unspecified_vegas_futures,preseason,7.0,Over,Iowa State,Teams that have a result of 'VOID' did not play 12 regular season games.  Each of these teams win total bets were cancelled and refunds were given.
2023,Jacksonville State,4.5,115,-135,unspecified_vegas_futures,preseason,8.0,Over,Jacksonville State,Teams that have a result of 'VOID' did not play 12 regular season games.  Each of these teams win total bets were cancelled and refunds were given.
2023,James Madison,8.5,120,-145,unspecified_vegas_futures,preseason,11.0,Over,James Madison,Teams that have a result of 'VOID' did not play 12 regular season games.  Each of these teams win total bets were cancelled and refunds were given.
2023,Kansas,6.0,-145,120,unspecified_vegas_futures,preseason,8.0,Over,Kansas,Teams that have a result of 'VOID' did not play 12 regular season games.  Each of these teams win total bets were cancelled and refunds were given.
2023,Kansas State,8.0,-135,115,unspecified_vegas_futures,preseason,8.0,Push,Kansas State,Teams that have a result of 'VOID' did not play 12 regular season games.  Each of these teams win total bets were cancelled and refunds were given.
2023,Kent State,2.5,120,-140,unspecified_vegas_futures,preseason,1.0,Under,Kent State,Teams that have a result of 'VOID' did not play 12 regular season games.  Each of these teams win total bets were cancelled and refunds were given.
2023,Kentucky,7.0,-125,105,unspecified_vegas_futures,preseason,7.0,Push,Kentucky,Teams that have a result of 'VOID' did not play 12 regular season games.  Each of these teams win total bets were cancelled and refunds were given.
2023,LSU,9.5,-125,105,unspecified_vegas_futures,preseason,9.0,Under,LSU,Teams that have a result of 'VOID' did not play 12 regular season games.  Each of these teams win total bets were cancelled and refunds were given.
2023,Liberty,8.5,-145,120,unspecified_vegas_futures,preseason,12.0,Over,Liberty,Teams that have a result of 'VOID' did not play 12 regular season games.  Each of these teams win total bets were cancelled and refunds were given.
2023,Louisiana,7.5,120,-150,unspecified_vegas_futures,preseason,6.0,Under,Louisiana Lafayette,Teams that have a result of 'VOID' did not play 12 regular season games.  Each of these teams win total bets were cancelled and refunds were given.
2023,Louisiana Tech,6.0,-115,-105,unspecified_vegas_futures,preseason,3.0,Under,Louisiana Tech,Teams that have a result of 'VOID' did not play 12 regular season games.  Each of these teams win total bets were cancelled and refunds were given.
2023,Louisville,8.0,-120,100,unspecified_vegas_futures,preseason,10.0,Over,Louisville,Teams that have a result of 'VOID' did not play 12 regular season games.  Each of these teams win total bets were cancelled and refunds were given.
2023,Marshall,7.5,125,-150,unspecified_vegas_futures,preseason,6.0,Under,Marshall,Teams that have a result of 'VOID' did not play 12 regular season games.  Each of these teams win total bets were cancelled and refunds were given.
2023,Maryland,7.5,110,-130,unspecified_vegas_futures,preseason,7.0,Under,Maryland,Teams that have a result of 'VOID' did not play 12 regular season games.  Each of these teams win total bets were cancelled and refunds were given.
2023,Massachusetts,2.5,110,-130,unspecified_vegas_futures,preseason,3.0,Over,Massachusetts,Teams that have a result of 'VOID' did not play 12 regular season games.  Each of these teams win total bets were cancelled and refunds were given.
2023,Memphis,8.0,-115,-105,unspecified_vegas_futures,preseason,9.0,Over,Memphis,Teams that have a result of 'VOID' did not play 12 regular season games.  Each of these teams win total bets were cancelled and refunds were given.
2023,Miami,7.5,110,-135,unspecified_vegas_futures,preseason,7.0,Under,Miami (FL),Teams that have a result of 'VOID' did not play 12 regular season games.  Each of these teams win total bets were cancelled and refunds were given.
2023,Miami (OH),6.5,-175,145,unspecified_vegas_futures,preseason,10.0,Over,Miami (OH),Teams that have a result of 'VOID' did not play 12 regular season games.  Each of these teams win total bets were cancelled and refunds were given.
2023,Michigan,10.5,-145,120,unspecified_vegas_futures,preseason,12.0,Over,Michigan,Teams that have a result of 'VOID' did not play 12 regular season games.  Each of these teams win total bets were cancelled and refunds were given.
2023,Michigan State,5.0,-135,115,unspecified_vegas_futures,preseason,4.0,Under,Michigan State,Teams that have a result of 'VOID' did not play 12 regular season games.  Each of these teams win total bets were cancelled and refunds were given.
2023,Middle Tennessee,6.5,-115,-105,unspecified_vegas_futures,preseason,4.0,Under,Middle Tennessee State,Teams that have a result of 'VOID' did not play 12 regular season games.  Each of these teams win total bets were cancelled and refunds were given.
2023,Minnesota,7.0,110,-130,unspecified_vegas_futures,preseason,5.0,Under,Minnesota,Teams that have a result of 'VOID' did not play 12 regular season games.  Each of these teams win total bets were cancelled and refunds were given.
2023,Mississippi State,6.0,-120,100,unspecified_vegas_futures,preseason,5.0,Under,Mississippi State,Teams that have a result of 'VOID' did not play 12 regular season games.  Each of these teams win total bets were cancelled and refunds were given.
2023,Missouri,6.0,-125,105,unspecified_vegas_futures,preseason,10.0,Over,Missouri,Teams that have a result of 'VOID' did not play 12 regular season games.  Each of these teams win total bets were cancelled and refunds were given.
2023,NC State,6.5,-155,130,unspecified_vegas_futures,preseason,9.0,Over,NC State,Teams that have a result of 'VOID' did not play 12 regular season games.  Each of these teams win total bets were cancelled and refunds were given.
2023,Navy,6.5,120,-145,unspecified_vegas_futures,preseason,5.0,Under,Navy,Teams that have a result of 'VOID' did not play 12 regular season games.  Each of these teams win total bets were cancelled and refunds were given.
2023,Nebraska,6.5,115,-135,unspecified_vegas_futures,preseason,5.0,Under,Nebraska,Teams that have a result of 'VOID' did not play 12 regular season games.  Each of these teams win total bets were cancelled and refunds were given.
2023,Nevada,4.0,-145,120,unspecified_vegas_futures,preseason,2.0,Under,Nevada,Teams that have a result of 'VOID' did not play 12 regular season games.  Each of these teams win total bets were cancelled and refunds were given.
2023,New Mexico,3.5,-125,105,unspecified_vegas_futures,preseason,4.0,Over,New Mexico,Teams that have a result of 'VOID' did not play 12 regular season games.  Each of these teams win total bets were cancelled and refunds were given.
2023,New Mexico State,6.5,125,-150,unspecified_vegas_futures,preseason,10.0,Over,New Mexico State,Teams that have a result of 'VOID' did not play 12 regular season games.  Each of these teams win total bets were cancelled and refunds were given.
2023,North Carolina,8.0,100,-120,unspecified_vegas_futures,preseason,8.0,Push,North Carolina,Teams that have a result of 'VOID' did not play 12 regular season games.  Each of these teams win total bets were cancelled and refunds were given.
2023,North Texas,6.0,100,-120,unspecified_vegas_futures,preseason,5.0,Under,North Texas,Teams that have a result of 'VOID' did not play 12 regular season games.  Each of these teams win total bets were cancelled and refunds were given.
2023,Northern Illinois,5.5,-160,135,unspecified_vegas_futures,preseason,6.0,Over,Northern Illinois,Teams that have a result of 'VOID' did not play 12 regular season games.  Each of these teams win total bets were cancelled and refunds were given.
2023,Northwestern,3.0,-110,-110,unspecified_vegas_futures,preseason,7.0,Over,Northwestern,Teams that have a result of 'VOID' did not play 12 regular season games.  Each of these teams win total bets were cancelled and refunds were given.
2023,Notre Dame,8.5,-115,-105,unspecified_vegas_futures,preseason,9.0,Over,Notre Dame,Teams that have a result of 'VOID' did not play 12 regular season games.  Each of these teams win total bets were cancelled and refunds were given.
2023,Ohio,7.5,-110,-110,unspecified_vegas_futures,preseason,9.0,Over,Ohio,Teams that have a result of 'VOID' did not play 12 regular season games.  Each of these teams win total bets were cancelled and refunds were given.
2023,Ohio State,10.5,-110,-110,unspecified_vegas_futures,preseason,11.0,Over,Ohio State,Teams that have a result of 'VOID' did not play 12 regular season games.  Each of these teams win total bets were cancelled and refunds were given.
2023,Oklahoma,9.5,-105,-115,unspecified_vegas_futures,preseason,10.0,Over,Oklahoma,Teams that have a result of 'VOID' did not play 12 regular season games.  Each of these teams win total bets were cancelled and refunds were given.
2023,Oklahoma State,6.5,-110,-110,unspecified_vegas_futures,preseason,9.0,Over,Oklahoma State,Teams that have a result of 'VOID' did not play 12 regular season games.  Each of these teams win total bets were cancelled and refunds were given.
2023,Old Dominion,3.5,115,-135,unspecified_vegas_futures,preseason,6.0,Over,Old Dominion,Teams that have a result of 'VOID' did not play 12 regular season games.  Each of these teams win total bets were cancelled and refunds were given.
2023,Ole Miss,7.5,-120,100,unspecified_vegas_futures,preseason,10.0,Over,Ole Miss,Teams that have a result of 'VOID' did not play 12 regular season games.  Each of these teams win total bets were cancelled and refunds were given.
2023,Oregon,9.5,110,-130,unspecified_vegas_futures,preseason,11.0,Over,Oregon,Teams that have a result of 'VOID' did not play 12 regular season games.  Each of these teams win total bets were cancelled and refunds were given.
2023,Oregon State,8.5,110,-130,unspecified_vegas_futures,preseason,8.0,Under,Oregon State,Teams that have a result of 'VOID' did not play 12 regular season games.  Each of these teams win total bets were cancelled and refunds were given.
2023,Penn State,9.5,-150,125,unspecified_vegas_futures,preseason,10.0,Over,Penn State,Teams that have a result of 'VOID' did not play 12 regular season games.  Each of these teams win total bets were cancelled and refunds were given.
2023,Pittsburgh,7.0,-130,110,unspecified_vegas_futures,preseason,3.0,Under,Pittsburgh,Teams that have a result of 'VOID' did not play 12 regular season games.  Each of these teams win total bets were cancelled and refunds were given.
2023,Purdue,4.5,-135,115,unspecified_vegas_futures,preseason,4.0,Under,Purdue,Teams that have a result of 'VOID' did not play 12 regular season games.  Each of these teams win total bets were cancelled and refunds were given.
2023,Rice,4.5,-110,-110,unspecified_vegas_futures,preseason,6.0,Over,Rice,Teams that have a result of 'VOID' did not play 12 regular season games.  Each of these teams win total bets were cancelled and refunds were given.
2023,Rutgers,4.5,100,-120,unspecified_vegas_futures,preseason,6.0,Over,Rutgers,Teams that have a result of 'VOID' did not play 12 regular season games.  Each of these teams win total bets were cancelled and refunds were given.
2023,SMU,8.5,-120,100,unspecified_vegas_futures,preseason,10.0,Over,SMU,Teams that have a result of 'VOID' did not play 12 regular season games.  Each of these teams win total bets were cancelled and refunds were given.
2023,Sam Houston,3.5,-130,110,unspecified_vegas_futures,preseason,3.0,Under,Sam Houston State,Teams that have a result of 'VOID' did not play 12 regular season games.  Each of these teams win total bets were cancelled and refunds were given.
2023,San Diego State,7.0,-105,-115,unspecified_vegas_futures,preseason,4.0,Under,San Diego State,Teams that have a result of 'VOID' did not play 12 regular season games.  Each of these teams win total bets were cancelled and refunds were given.
2023,San José State,5.5,-105,-115,unspecified_vegas_futures,preseason,7.0,Over,San Jose State,Teams that have a result of 'VOID' did not play 12 regular season games.  Each of these teams win total bets were cancelled and refunds were given.
2023,South Alabama,8.0,-125,105,unspecified_vegas_futures,preseason,6.0,Under,South Alabama,Teams that have a result of 'VOID' did not play 12 regular season games.  Each of these teams win total bets were cancelled and refunds were given.
2023,South Carolina,6.0,-135,115,unspecified_vegas_futures,preseason,5.0,Under,South Carolina,Teams that have a result of 'VOID' did not play 12 regular season games.  Each of these teams win total bets were cancelled and refunds were given.
2023,South Florida,4.5,100,-120,unspecified_vegas_futures,preseason,6.0,Over,South Florida,Teams that have a result of 'VOID' did not play 12 regular season games.  Each of these teams win total bets were cancelled and refunds were given.
2023,Southern Miss,5.0,-130,110,unspecified_vegas_futures,preseason,3.0,Under,Southern Mississippi,Teams that have a result of 'VOID' did not play 12 regular season games.  Each of these teams win total bets were cancelled and refunds were given.
2023,Stanford,2.5,-150,125,unspecified_vegas_futures,preseason,3.0,Over,Stanford,Teams that have a result of 'VOID' did not play 12 regular season games.  Each of these teams win total bets were cancelled and refunds were given.
2023,Syracuse,6.0,100,-120,unspecified_vegas_futures,preseason,6.0,Push,Syracuse,Teams that have a result of 'VOID' did not play 12 regular season games.  Each of these teams win total bets were cancelled and refunds were given.
2023,TCU,7.5,-135,110,unspecified_vegas_futures,preseason,5.0,Under,TCU,Teams that have a result of 'VOID' did not play 12 regular season games.  Each of these teams win total bets were cancelled and refunds were given.
2023,Temple,5.5,105,-125,unspecified_vegas_futures,preseason,3.0,Under,Temple,Teams that have a result of 'VOID' did not play 12 regular season games.  Each of these teams win total bets were cancelled and refunds were given.
2023,Tennessee,9.0,-105,-115,unspecified_vegas_futures,preseason,8.0,Under,Tennessee,Teams that have a result of 'VOID' did not play 12 regular season games.  Each of these teams win total bets were cancelled and refunds were given.
2023,Texas,9.5,-135,115,unspecified_vegas_futures,preseason,11.0,Over,Texas,Teams that have a result of 'VOID' did not play 12 regular season games.  Each of these teams win total bets were cancelled and refunds were given.
2023,Texas A&M,8.0,-140,120,unspecified_vegas_futures,preseason,7.0,Under,Texas A&M,Teams that have a result of 'VOID' did not play 12 regular season games.  Each of these teams win total bets were cancelled and refunds were given.
2023,Texas State,4.0,-110,-110,unspecified_vegas_futures,preseason,7.0,Over,Texas State,Teams that have a result of 'VOID' did not play 12 regular season games.  Each of these teams win total bets were cancelled and refunds were given.
2023,Texas Tech,7.5,-105,-115,unspecified_vegas_futures,preseason,6.0,Under,Texas Tech,Teams that have a result of 'VOID' did not play 12 regular season games.  Each of these teams win total bets were cancelled and refunds were given.
2023,Toledo,9.0,-105,-115,unspecified_vegas_futures,preseason,11.0,Over,Toledo,Teams that have a result of 'VOID' did not play 12 regular season games.  Each of these teams win total bets were cancelled and refunds were given.
2023,Troy,8.0,-120,100,unspecified_vegas_futures,preseason,10.0,Over,Troy,Teams that have a result of 'VOID' did not play 12 regular season games.  Each of these teams win total bets were cancelled and refunds were given.
2023,Tulane,9.0,-110,-110,unspecified_vegas_futures,preseason,11.0,Over,Tulane,Teams that have a result of 'VOID' did not play 12 regular season games.  Each of these teams win total bets were cancelled and refunds were given.
2023,Tulsa,4.5,-105,-115,unspecified_vegas_futures,preseason,4.0,Under,Tulsa,Teams that have a result of 'VOID' did not play 12 regular season games.  Each of these teams win total bets were cancelled and refunds were given.
2023,UAB,4.5,-115,-105,unspecified_vegas_futures,preseason,4.0,Under,UAB,Teams that have a result of 'VOID' did not play 12 regular season games.  Each of these teams win total bets were cancelled and refunds were given.
2023,UCF,7.0,-105,-115,unspecified_vegas_futures,preseason,6.0,Under,Central Florida,Teams that have a result of 'VOID' did not play 12 regular season games.  Each of these teams win total bets were cancelled and refunds were given.
2023,UCLA,8.5,-115,-105,unspecified_vegas_futures,preseason,7.0,Under,UCLA,Teams that have a result of 'VOID' did not play 12 regular season games.  Each of these teams win total bets were cancelled and refunds were given.
2023,UConn,5.0,100,-120,unspecified_vegas_futures,preseason,3.0,Under,Connecticut,Teams that have a result of 'VOID' did not play 12 regular season games.  Each of these teams win total bets were cancelled and refunds were given.
2023,UL Monroe,3.5,125,-150,unspecified_vegas_futures,preseason,2.0,Under,Louisiana Monroe,Teams that have a result of 'VOID' did not play 12 regular season games.  Each of these teams win total bets were cancelled and refunds were given.
2023,UNLV,5.5,-150,125,unspecified_vegas_futures,preseason,9.0,Over,UNLV,Teams that have a result of 'VOID' did not play 12 regular season games.  Each of these teams win total bets were cancelled and refunds were given.
2023,USC,10.0,-110,-110,unspecified_vegas_futures,preseason,7.0,Under,USC,Teams that have a result of 'VOID' did not play 12 regular season games.  Each of these teams win total bets were cancelled and refunds were given.
2023,UTEP,6.0,100,-120,unspecified_vegas_futures,preseason,3.0,Under,UTEP,Teams that have a result of 'VOID' did not play 12 regular season games.  Each of these teams win total bets were cancelled and refunds were given.
2023,UTSA,8.5,105,-125,unspecified_vegas_futures,preseason,8.0,Under,Texas San Antonio,Teams that have a result of 'VOID' did not play 12 regular season games.  Each of these teams win total bets were cancelled and refunds were given.
2023,Utah,8.5,100,-120,unspecified_vegas_futures,preseason,8.0,Under,Utah,Teams that have a result of 'VOID' did not play 12 regular season games.  Each of these teams win total bets were cancelled and refunds were given.
2023,Utah State,5.0,135,-160,unspecified_vegas_futures,preseason,6.0,Over,Utah State,Teams that have a result of 'VOID' did not play 12 regular season games.  Each of these teams win total bets were cancelled and refunds were given.
2023,Vanderbilt,4.0,-115,-105,unspecified_vegas_futures,preseason,2.0,Under,Vanderbilt,Teams that have a result of 'VOID' did not play 12 regular season games.  Each of these teams win total bets were cancelled and refunds were given.
2023,Virginia,3.0,-110,-110,unspecified_vegas_futures,preseason,3.0,Push,Virginia,Teams that have a result of 'VOID' did not play 12 regular season games.  Each of these teams win total bets were cancelled and refunds were given.
2023,Virginia Tech,5.0,100,-120,unspecified_vegas_futures,preseason,6.0,Over,Virginia Tech,Teams that have a result of 'VOID' did not play 12 regular season games.  Each of these teams win total bets were cancelled and refunds were given.
2023,Wake Forest,6.5,115,-140,unspecified_vegas_futures,preseason,4.0,Under,Wake Forest,Teams that have a result of 'VOID' did not play 12 regular season games.  Each of these teams win total bets were cancelled and refunds were given.
2023,Washington,9.5,115,-140,unspecified_vegas_futures,preseason,12.0,Over,Washington,Teams that have a result of 'VOID' did not play 12 regular season games.  Each of these teams win total bets were cancelled and refunds were given.
2023,Washington State,6.0,-115,-105,unspecified_vegas_futures,preseason,5.0,Under,Washington State,Teams that have a result of 'VOID' did not play 12 regular season games.  Each of these teams win total bets were cancelled and refunds were given.
2023,West Virginia,4.5,-150,125,unspecified_vegas_futures,preseason,8.0,Over,West Virginia,Teams that have a result of 'VOID' did not play 12 regular season games.  Each of these teams win total bets were cancelled and refunds were given.
2023,Western Kentucky,8.5,100,-120,unspecified_vegas_futures,preseason,7.0,Under,Western Kentucky,Teams that have a result of 'VOID' did not play 12 regular season games.  Each of these teams win total bets were cancelled and refunds were given.
2023,Western Michigan,3.5,-105,-115,unspecified_vegas_futures,preseason,4.0,Over,Western Michigan,Teams that have a result of 'VOID' did not play 12 regular season games.  Each of these teams win total bets were cancelled and refunds were given.
2023,Wisconsin,8.5,-155,130,unspecified_vegas_futures,preseason,7.0,Under,Wisconsin,Teams that have a result of 'VOID' did not play 12 regular season games.  Each of these teams win total bets were cancelled and refunds were given.
2023,Wyoming,6.0,-120,100,unspecified_vegas_futures,preseason,8.0,Over,Wyoming,Teams that have a result of 'VOID' did not play 12 regular season games.  Each of these teams win total bets were cancelled and refunds were given.
2024,Air Force,6.5,-130,110,unspecified_vegas_futures,preseason,5.0,Under,Air Force,Teams that have a result of 'VOID' did not play 12 regular season games.  Each of these teams win total bets were cancelled and refunds were given.
2024,Akron,3.5,105,-125,unspecified_vegas_futures,preseason,4.0,Over,Akron,Teams that have a result of 'VOID' did not play 12 regular season games.  Each of these teams win total bets were cancelled and refunds were given.
2024,Alabama,9.5,100,-120,unspecified_vegas_futures,preseason,9.0,Under,Alabama,Teams that have a result of 'VOID' did not play 12 regular season games.  Each of these teams win total bets were cancelled and refunds were given.
2024,App State,8.5,115,-135,unspecified_vegas_futures,preseason,5.0,Under,Appalachian State,Teams that have a result of 'VOID' did not play 12 regular season games.  Each of these teams win total bets were cancelled and refunds were given.
2024,Arizona,7.5,-150,115,unspecified_vegas_futures,preseason,4.0,Under,Arizona,Teams that have a result of 'VOID' did not play 12 regular season games.  Each of these teams win total bets were cancelled and refunds were given.
2024,Arizona State,4.0,-120,100,unspecified_vegas_futures,preseason,10.0,Over,Arizona State,Teams that have a result of 'VOID' did not play 12 regular season games.  Each of these teams win total bets were cancelled and refunds were given.
2024,Arkansas,4.5,-120,100,unspecified_vegas_futures,preseason,6.0,Over,Arkansas,Teams that have a result of 'VOID' did not play 12 regular season games.  Each of these teams win total bets were cancelled and refunds were given.
2024,Arkansas State,6.5,135,-160,unspecified_vegas_futures,preseason,7.0,Over,Arkansas State,Teams that have a result of 'VOID' did not play 12 regular season games.  Each of these teams win total bets were cancelled and refunds were given.
2024,Army,5.5,-150,125,unspecified_vegas_futures,preseason,10.0,Over,Army,Teams that have a result of 'VOID' did not play 12 regular season games.  Each of these teams win total bets were cancelled and refunds were given.
2024,Auburn,7.5,115,-135,unspecified_vegas_futures,preseason,5.0,Under,Auburn,Teams that have a result of 'VOID' did not play 12 regular season games.  Each of these teams win total bets were cancelled and refunds were given.
2024,BYU,4.5,100,-120,unspecified_vegas_futures,preseason,10.0,Over,BYU,Teams that have a result of 'VOID' did not play 12 regular season games.  Each of these teams win total bets were cancelled and refunds were given.
2024,Ball State,3.5,-145,120,unspecified_vegas_futures,preseason,3.0,Under,Ball State,Teams that have a result of 'VOID' did not play 12 regular season games.  Each of these teams win total bets were cancelled and refunds were given.
2024,Baylor,5.5,-105,-115,unspecified_vegas_futures,preseason,8.0,Over,Baylor,Teams that have a result of 'VOID' did not play 12 regular season games.  Each of these teams win total bets were cancelled and refunds were given.
2024,Boise State,9.5,110,-135,unspecified_vegas_futures,preseason,11.0,Over,Boise State,Teams that have a result of 'VOID' did not play 12 regular season games.  Each of these teams win total bets were cancelled and refunds were given.
2024,Boston College,4.5,-150,125,unspecified_vegas_futures,preseason,7.0,Over,Boston College,Teams that have a result of 'VOID' did not play 12 regular season games.  Each of these teams win total bets were cancelled and refunds were given.
2024,Bowling Green,6.5,-125,105,unspecified_vegas_futures,preseason,7.0,Over,Bowling Green,Teams that have a result of 'VOID' did not play 12 regular season games.  Each of these teams win total bets were cancelled and refunds were given.
2024,Buffalo,5.0,-105,-115,unspecified_vegas_futures,preseason,8.0,Over,Buffalo,Teams that have a result of 'VOID' did not play 12 regular season games.  Each of these teams win total bets were cancelled and refunds were given.
2024,California,6.5,145,-175,unspecified_vegas_futures,preseason,6.0,Under,California,Teams that have a result of 'VOID' did not play 12 regular season games.  Each of these teams win total bets were cancelled and refunds were given.
2024,Central Michigan,5.5,-140,115,unspecified_vegas_futures,preseason,4.0,Under,Central Michigan,Teams that have a result of 'VOID' did not play 12 regular season games.  Each of these teams win total bets were cancelled and refunds were given.
2024,Charlotte,3.5,-140,115,unspecified_vegas_futures,preseason,5.0,Over,Charlotte,Teams that have a result of 'VOID' did not play 12 regular season games.  Each of these teams win total bets were cancelled and refunds were given.
2024,Cincinnati,5.5,-105,-115,unspecified_vegas_futures,preseason,5.0,Under,Cincinnati,Teams that have a result of 'VOID' did not play 12 regular season games.  Each of these teams win total bets were cancelled and refunds were given.
2024,Clemson,9.0,-120,100,unspecified_vegas_futures,preseason,9.0,Push,Clemson,Teams that have a result of 'VOID' did not play 12 regular season games.  Each of these teams win total bets were cancelled and refunds were given.
2024,Coastal Carolina,6.0,-105,-115,unspecified_vegas_futures,preseason,6.0,Push,Coastal Carolina,Teams that have a result of 'VOID' did not play 12 regular season games.  Each of these teams win total bets were cancelled and refunds were given.
2024,Colorado,5.5,-135,110,unspecified_vegas_futures,preseason,9.0,Over,Colorado,Teams that have a result of 'VOID' did not play 12 regular season games.  Each of these teams win total bets were cancelled and refunds were given.
2024,Colorado State,6.5,105,-125,unspecified_vegas_futures,preseason,8.0,Over,Colorado State,Teams that have a result of 'VOID' did not play 12 regular season games.  Each of these teams win total bets were cancelled and refunds were given.
2024,Duke,5.5,150,-185,unspecified_vegas_futures,preseason,9.0,Over,Duke,Teams that have a result of 'VOID' did not play 12 regular season games.  Each of these teams win total bets were cancelled and refunds were given.
2024,East Carolina,6.5,-110,-110,unspecified_vegas_futures,preseason,7.0,Over,East Carolina,Teams that have a result of 'VOID' did not play 12 regular season games.  Each of these teams win total bets were cancelled and refunds were given.
2024,Eastern Michigan,4.5,-145,120,unspecified_vegas_futures,preseason,5.0,Over,Eastern Michigan,Teams that have a result of 'VOID' did not play 12 regular season games.  Each of these teams win total bets were cancelled and refunds were given.
2024,Florida,4.5,-155,130,unspecified_vegas_futures,preseason,7.0,Over,Florida,Teams that have a result of 'VOID' did not play 12 regular season games.  Each of these teams win total bets were cancelled and refunds were given.
2024,Florida Atlantic,6.5,110,-130,unspecified_vegas_futures,preseason,3.0,Under,Florida Atlantic,Teams that have a result of 'VOID' did not play 12 regular season games.  Each of these teams win total bets were cancelled and refunds were given.
2024,Florida International,4.5,135,-165,unspecified_vegas_futures,preseason,4.0,Under,Florida International,Teams that have a result of 'VOID' did not play 12 regular season games.  Each of these teams win total bets were cancelled and refunds were given.
2024,Florida State,9.5,105,-125,unspecified_vegas_futures,preseason,2.0,Under,Florida State,Teams that have a result of 'VOID' did not play 12 regular season games.  Each of these teams win total bets were cancelled and refunds were given.
2024,Fresno State,7.5,-155,130,unspecified_vegas_futures,preseason,6.0,Under,Fresno State,Teams that have a result of 'VOID' did not play 12 regular season games.  Each of these teams win total bets were cancelled and refunds were given.
2024,Georgia,10.5,-135,115,unspecified_vegas_futures,preseason,10.0,Under,Georgia,Teams that have a result of 'VOID' did not play 12 regular season games.  Each of these teams win total bets were cancelled and refunds were given.
2024,Georgia Southern,5.5,105,-125,unspecified_vegas_futures,preseason,8.0,Over,Georgia Southern,Teams that have a result of 'VOID' did not play 12 regular season games.  Each of these teams win total bets were cancelled and refunds were given.
2024,Georgia State,4.0,-105,-115,unspecified_vegas_futures,preseason,3.0,Under,Georgia State,Teams that have a result of 'VOID' did not play 12 regular season games.  Each of these teams win total bets were cancelled and refunds were given.
2024,Georgia Tech,5.0,-105,-115,unspecified_vegas_futures,preseason,7.0,Over,Georgia Tech,Teams that have a result of 'VOID' did not play 12 regular season games.  Each of these teams win total bets were cancelled and refunds were given.
2024,Hawai'i,5.5,-120,100,unspecified_vegas_futures,preseason,5.0,Under,Hawaii,Teams that have a result of 'VOID' did not play 12 regular season games.  Each of these teams win total bets were cancelled and refunds were given.
2024,Houston,3.5,-140,115,unspecified_vegas_futures,preseason,4.0,Over,Houston,Teams that have a result of 'VOID' did not play 12 regular season games.  Each of these teams win total bets were cancelled and refunds were given.
2024,Illinois,5.5,110,-135,unspecified_vegas_futures,preseason,9.0,Over,Illinois,Teams that have a result of 'VOID' did not play 12 regular season games.  Each of these teams win total bets were cancelled and refunds were given.
2024,Indiana,5.5,-155,130,unspecified_vegas_futures,preseason,11.0,Over,Indiana,Teams that have a result of 'VOID' did not play 12 regular season games.  Each of these teams win total bets were cancelled and refunds were given.
2024,Iowa,8.5,150,-185,unspecified_vegas_futures,preseason,8.0,Under,Iowa,Teams that have a result of 'VOID' did not play 12 regular season games.  Each of these teams win total bets were cancelled and refunds were given.
2024,Iowa State,7.5,-165,135,unspecified_vegas_futures,preseason,10.0,Over,Iowa State,Teams that have a result of 'VOID' did not play 12 regular season games.  Each of these teams win total bets were cancelled and refunds were given.
2024,Jacksonville State,7.5,120,-145,unspecified_vegas_futures,preseason,8.0,Over,Jacksonville State,Teams that have a result of 'VOID' did not play 12 regular season games.  Each of these teams win total bets were cancelled and refunds were given.
2024,James Madison,8.5,135,-160,unspecified_vegas_futures,preseason,8.0,Under,James Madison,Teams that have a result of 'VOID' did not play 12 regular season games.  Each of these teams win total bets were cancelled and refunds were given.
2024,Kansas,8.5,110,-135,unspecified_vegas_futures,preseason,5.0,Under,Kansas,Teams that have a result of 'VOID' did not play 12 regular season games.  Each of these teams win total bets were cancelled and refunds were given.
2024,Kansas State,9.5,110,-135,unspecified_vegas_futures,preseason,8.0,Under,Kansas State,Teams that have a result of 'VOID' did not play 12 regular season games.  Each of these teams win total bets were cancelled and refunds were given.
2024,Kent State,2.5,-155,130,unspecified_vegas_futures,preseason,0.0,Under,Kent State,Teams that have a result of 'VOID' did not play 12 regular season games.  Each of these teams win total bets were cancelled and refunds were given.
2024,Kentucky,6.5,-115,-105,unspecified_vegas_futures,preseason,4.0,Under,Kentucky,Teams that have a result of 'VOID' did not play 12 regular season games.  Each of these teams win total bets were cancelled and refunds were given.
2024,LSU,9.0,100,-120,unspecified_vegas_futures,preseason,8.0,Under,LSU,Teams that have a result of 'VOID' did not play 12 regular season games.  Each of these teams win total bets were cancelled and refunds were given.
2024,Liberty,10.5,-150,125,unspecified_vegas_futures,preseason,8.0,Under,Liberty,Teams that have a result of 'VOID' did not play 12 regular season games.  Each of these teams win total bets were cancelled and refunds were given.
2024,Louisiana,7.5,-145,120,unspecified_vegas_futures,preseason,10.0,Over,Louisiana,Teams that have a result of 'VOID' did not play 12 regular season games.  Each of these teams win total bets were cancelled and refunds were given.
2024,Louisiana Tech,5.5,105,-125,unspecified_vegas_futures,preseason,5.0,Under,Louisiana Tech,Teams that have a result of 'VOID' did not play 12 regular season games.  Each of these teams win total bets were cancelled and refunds were given.
2024,Louisville,8.0,-115,-105,unspecified_vegas_futures,preseason,8.0,Push,Louisville,Teams that have a result of 'VOID' did not play 12 regular season games.  Each of these teams win total bets were cancelled and refunds were given.
2024,Marshall,5.5,-120,100,unspecified_vegas_futures,preseason,9.0,Over,Marshall,Teams that have a result of 'VOID' did not play 12 regular season games.  Each of these teams win total bets were cancelled and refunds were given.
2024,Maryland,6.5,125,-150,unspecified_vegas_futures,preseason,4.0,Under,Maryland,Teams that have a result of 'VOID' did not play 12 regular season games.  Each of these teams win total bets were cancelled and refunds were given.
2024,Massachusetts,3.5,-125,105,unspecified_vegas_futures,preseason,2.0,Under,Massachusetts,Teams that have a result of 'VOID' did not play 12 regular season games.  Each of these teams win total bets were cancelled and refunds were given.
2024,Memphis,9.0,120,-145,unspecified_vegas_futures,preseason,10.0,Over,Memphis,Teams that have a result of 'VOID' did not play 12 regular season games.  Each of these teams win total bets were cancelled and refunds were given.
2024,Miami,9.5,115,-140,unspecified_vegas_futures,preseason,10.0,Over,Miami (FL),Teams that have a result of 'VOID' did not play 12 regular season games.  Each of these teams win total bets were cancelled and refunds were given.
2024,Miami (OH),8.0,-105,-115,unspecified_vegas_futures,preseason,8.0,Push,Miami (OH),Teams that have a result of 'VOID' did not play 12 regular season games.  Each of these teams win total bets were cancelled and refunds were given.
2024,Michigan,9.0,120,-145,unspecified_vegas_futures,preseason,7.0,Under,Michigan,Teams that have a result of 'VOID' did not play 12 regular season games.  Each of these teams win total bets were cancelled and refunds were given.
2024,Michigan State,5.0,105,-125,unspecified_vegas_futures,preseason,5.0,Push,Michigan State,Teams that have a result of 'VOID' did not play 12 regular season games.  Each of these teams win total bets were cancelled and refunds were given.
2024,Middle Tennessee,4.5,-125,105,unspecified_vegas_futures,preseason,3.0,Under,Middle Tennessee,Teams that have a result of 'VOID' did not play 12 regular season games.  Each of these teams win total bets were cancelled and refunds were given.
2024,Minnesota,5.5,-105,-115,unspecified_vegas_futures,preseason,7.0,Over,Minnesota,Teams that have a result of 'VOID' did not play 12 regular season games.  Each of these teams win total bets were cancelled and refunds were given.
2024,Mississippi State,4.5,125,-150,unspecified_vegas_futures,preseason,2.0,Under,Mississippi State,Teams that have a result of 'VOID' did not play 12 regular season games.  Each of these teams win total bets were cancelled and refunds were given.
2024,Missouri,9.5,115,-140,unspecified_vegas_futures,preseason,9.0,Under,Missouri,Teams that have a result of 'VOID' did not play 12 regular season games.  Each of these teams win total bets were cancelled and refunds were given.
2024,NC State,8.5,-150,125,unspecified_vegas_futures,preseason,6.0,Under,NC State,Teams that have a result of 'VOID' did not play 12 regular season games.  Each of these teams win total bets were cancelled and refunds were given.
2024,Navy,5.5,145,-175,unspecified_vegas_futures,preseason,9.0,Over,Navy,Teams that have a result of 'VOID' did not play 12 regular season games.  Each of these teams win total bets were cancelled and refunds were given.
2024,Nebraska,7.5,-150,125,unspecified_vegas_futures,preseason,6.0,Under,Nebraska,Teams that have a result of 'VOID' did not play 12 regular season games.  Each of these teams win total bets were cancelled and refunds were given.
2024,Nevada,2.5,100,-120,unspecified_vegas_futures,preseason,3.0,Over,Nevada,Teams that have a result of 'VOID' did not play 12 regular season games.  Each of these teams win total bets were cancelled and refunds were given.
2024,New Mexico,2.5,130,-155,unspecified_vegas_futures,preseason,5.0,Over,New Mexico,Teams that have a result of 'VOID' did not play 12 regular season games.  Each of these teams win total bets were cancelled and refunds were given.
2024,New Mexico State,4.5,135,-160,unspecified_vegas_futures,preseason,3.0,Under,New Mexico State,Teams that have a result of 'VOID' did not play 12 regular season games.  Each of these teams win total bets were cancelled and refunds were given.
2024,North Carolina,7.5,-120,100,unspecified_vegas_futures,preseason,6.0,Under,North Carolina,Teams that have a result of 'VOID' did not play 12 regular season games.  Each of these teams win total bets were cancelled and refunds were given.
2024,North Texas,5.5,-135,110,unspecified_vegas_futures,preseason,6.0,Over,North Texas,Teams that have a result of 'VOID' did not play 12 regular season games.  Each of these teams win total bets were cancelled and refunds were given.
2024,Northern Illinois,6.5,-125,105,unspecified_vegas_futures,preseason,7.0,Over,Northern Illinois,Teams that have a result of 'VOID' did not play 12 regular season games.  Each of these teams win total bets were cancelled and refunds were given.
2024,Northwestern,4.5,-115,-105,unspecified_vegas_futures,preseason,4.0,Under,Northwestern,Teams that have a result of 'VOID' did not play 12 regular season games.  Each of these teams win total bets were cancelled and refunds were given.
2024,Notre Dame,10.5,145,-175,unspecified_vegas_futures,preseason,11.0,Over,Notre Dame,Teams that have a result of 'VOID' did not play 12 regular season games.  Each of these teams win total bets were cancelled and refunds were given.
2024,Ohio,6.0,105,-125,unspecified_vegas_futures,preseason,9.0,Over,Ohio,Teams that have a result of 'VOID' did not play 12 regular season games.  Each of these teams win total bets were cancelled and refunds were given.
2024,Ohio State,10.5,-175,145,unspecified_vegas_futures,preseason,10.0,Under,Ohio State,Teams that have a result of 'VOID' did not play 12 regular season games.  Each of these teams win total bets were cancelled and refunds were given.
2024,Oklahoma,7.5,-120,100,unspecified_vegas_futures,preseason,6.0,Under,Oklahoma,Teams that have a result of 'VOID' did not play 12 regular season games.  Each of these teams win total bets were cancelled and refunds were given.
2024,Oklahoma State,8.5,110,-135,unspecified_vegas_futures,preseason,3.0,Under,Oklahoma State,Teams that have a result of 'VOID' did not play 12 regular season games.  Each of these teams win total bets were cancelled and refunds were given.
2024,Old Dominion,4.5,125,-150,unspecified_vegas_futures,preseason,5.0,Over,Old Dominion,Teams that have a result of 'VOID' did not play 12 regular season games.  Each of these teams win total bets were cancelled and refunds were given.
2024,Ole Miss,9.5,-125,105,unspecified_vegas_futures,preseason,9.0,Under,Ole Miss,Teams that have a result of 'VOID' did not play 12 regular season games.  Each of these teams win total bets were cancelled and refunds were given.
2024,Oregon,10.5,-105,-115,unspecified_vegas_futures,preseason,12.0,Over,Oregon,Teams that have a result of 'VOID' did not play 12 regular season games.  Each of these teams win total bets were cancelled and refunds were given.
2024,Oregon State,7.5,110,-130,unspecified_vegas_futures,preseason,5.0,Under,Oregon State,Teams that have a result of 'VOID' did not play 12 regular season games.  Each of these teams win total bets were cancelled and refunds were given.
2024,Penn State,10.0,-120,100,unspecified_vegas_futures,preseason,11.0,Over,Penn State,Teams that have a result of 'VOID' did not play 12 regular season games.  Each of these teams win total bets were cancelled and refunds were given.
2024,Pittsburgh,5.5,120,-145,unspecified_vegas_futures,preseason,7.0,Over,Pittsburgh,Teams that have a result of 'VOID' did not play 12 regular season games.  Each of these teams win total bets were cancelled and refunds were given.
2024,Purdue,4.5,140,-165,unspecified_vegas_futures,preseason,1.0,Under,Purdue,Teams that have a result of 'VOID' did not play 12 regular season games.  Each of these teams win total bets were cancelled and refunds were given.
2024,Rice,6.5,-135,110,unspecified_vegas_futures,preseason,4.0,Under,Rice,Teams that have a result of 'VOID' did not play 12 regular season games.  Each of these teams win total bets were cancelled and refunds were given.
2024,Rutgers,6.5,-105,-115,unspecified_vegas_futures,preseason,7.0,Over,Rutgers,Teams that have a result of 'VOID' did not play 12 regular season games.  Each of these teams win total bets were cancelled and refunds were given.
2024,SMU,8.5,120,-145,unspecified_vegas_futures,preseason,11.0,Over,SMU,Teams that have a result of 'VOID' did not play 12 regular season games.  Each of these teams win total bets were cancelled and refunds were given.
2024,Sam Houston,4.5,-130,110,unspecified_vegas_futures,preseason,9.0,Over,Sam Houston State,Teams that have a result of 'VOID' did not play 12 regular season games.  Each of these teams win total bets were cancelled and refunds were given.
2024,San Diego State,5.5,110,-135,unspecified_vegas_futures,preseason,3.0,Under,San Diego State,Teams that have a result of 'VOID' did not play 12 regular season games.  Each of these teams win total bets were cancelled and refunds were given.
2024,San José State,4.5,100,-120,unspecified_vegas_futures,preseason,7.0,Over,San Jose State,Teams that have a result of 'VOID' did not play 12 regular season games.  Each of these teams win total bets were cancelled and refunds were given.
2024,South Alabama,6.5,-150,125,unspecified_vegas_futures,preseason,6.0,Under,South Alabama,Teams that have a result of 'VOID' did not play 12 regular season games.  Each of these teams win total bets were cancelled and refunds were given.
2024,South Carolina,5.5,-120,100,unspecified_vegas_futures,preseason,9.0,Over,South Carolina,Teams that have a result of 'VOID' did not play 12 regular season games.  Each of these teams win total bets were cancelled and refunds were given.
2024,South Florida,7.5,125,-150,unspecified_vegas_futures,preseason,6.0,Under,South Florida,Teams that have a result of 'VOID' did not play 12 regular season games.  Each of these teams win total bets were cancelled and refunds were given.
2024,Southern Miss,4.5,150,-185,unspecified_vegas_futures,preseason,1.0,Under,Southern Miss,Teams that have a result of 'VOID' did not play 12 regular season games.  Each of these teams win total bets were cancelled and refunds were given.
2024,Stanford,3.5,-165,140,unspecified_vegas_futures,preseason,3.0,Under,Stanford,Teams that have a result of 'VOID' did not play 12 regular season games.  Each of these teams win total bets were cancelled and refunds were given.
2024,Syracuse,7.0,-115,-105,unspecified_vegas_futures,preseason,9.0,Over,Syracuse,Teams that have a result of 'VOID' did not play 12 regular season games.  Each of these teams win total bets were cancelled and refunds were given.
2024,TCU,7.0,-115,-105,unspecified_vegas_futures,preseason,8.0,Over,TCU,Teams that have a result of 'VOID' did not play 12 regular season games.  Each of these teams win total bets were cancelled and refunds were given.
2024,Temple,2.5,140,-165,unspecified_vegas_futures,preseason,3.0,Over,Temple,Teams that have a result of 'VOID' did not play 12 regular season games.  Each of these teams win total bets were cancelled and refunds were given.
2024,Tennessee,9.0,-110,-110,unspecified_vegas_futures,preseason,10.0,Over,Tennessee,Teams that have a result of 'VOID' did not play 12 regular season games.  Each of these teams win total bets were cancelled and refunds were given.
2024,Texas,10.0,-105,-115,unspecified_vegas_futures,preseason,11.0,Over,Texas,Teams that have a result of 'VOID' did not play 12 regular season games.  Each of these teams win total bets were cancelled and refunds were given.
2024,Texas A&M,8.5,-135,115,unspecified_vegas_futures,preseason,8.0,Under,Texas A&M,Teams that have a result of 'VOID' did not play 12 regular season games.  Each of these teams win total bets were cancelled and refunds were given.
2024,Texas State,8.5,-110,-110,unspecified_vegas_futures,preseason,7.0,Under,Texas State,Teams that have a result of 'VOID' did not play 12 regular season games.  Each of these teams win total bets were cancelled and refunds were given.
2024,Texas Tech,7.5,-115,-105,unspecified_vegas_futures,preseason,8.0,Over,Texas Tech,Teams that have a result of 'VOID' did not play 12 regular season games.  Each of these teams win total bets were cancelled and refunds were given.
2024,Toledo,8.5,130,-155,unspecified_vegas_futures,preseason,7.0,Under,Toledo,Teams that have a result of 'VOID' did not play 12 regular season games.  Each of these teams win total bets were cancelled and refunds were given.
2024,Troy,6.0,105,-125,unspecified_vegas_futures,preseason,4.0,Under,Troy,Teams that have a result of 'VOID' did not play 12 regular season games.  Each of these teams win total bets were cancelled and refunds were given.
2024,Tulane,7.5,-155,130,unspecified_vegas_futures,preseason,9.0,Over,Tulane,Teams that have a result of 'VOID' did not play 12 regular season games.  Each of these teams win total bets were cancelled and refunds were given.
2024,Tulsa,4.5,-115,-105,unspecified_vegas_futures,preseason,3.0,Under,Tulsa,Teams that have a result of 'VOID' did not play 12 regular season games.  Each of these teams win total bets were cancelled and refunds were given.
2024,UAB,6.5,100,-120,unspecified_vegas_futures,preseason,3.0,Under,UAB,Teams that have a result of 'VOID' did not play 12 regular season games.  Each of these teams win total bets were cancelled and refunds were given.
2024,UCF,7.5,-140,115,unspecified_vegas_futures,preseason,4.0,Under,Central Florida,Teams that have a result of 'VOID' did not play 12 regular season games.  Each of these teams win total bets were cancelled and refunds were given.
2024,UCLA,4.5,-135,115,unspecified_vegas_futures,preseason,5.0,Over,UCLA,Teams that have a result of 'VOID' did not play 12 regular season games.  Each of these teams win total bets were cancelled and refunds were given.
2024,UConn,4.5,-145,120,unspecified_vegas_futures,preseason,8.0,Over,Connecticut,Teams that have a result of 'VOID' did not play 12 regular season games.  Each of these teams win total bets were cancelled and refunds were given.
2024,UL Monroe,2.0,-125,105,unspecified_vegas_futures,preseason,5.0,Over,Louisiana-Monroe,Teams that have a result of 'VOID' did not play 12 regular season games.  Each of these teams win total bets were cancelled and refunds were given.
2024,UNLV,7.5,125,-150,unspecified_vegas_futures,preseason,10.0,Over,UNLV,Teams that have a result of 'VOID' did not play 12 regular season games.  Each of these teams win total bets were cancelled and refunds were given.
2024,USC,7.5,-130,110,unspecified_vegas_futures,preseason,6.0,Under,USC,Teams that have a result of 'VOID' did not play 12 regular season games.  Each of these teams win total bets were cancelled and refunds were given.
2024,UTEP,4.0,-130,105,unspecified_vegas_futures,preseason,3.0,Under,UTEP,Teams that have a result of 'VOID' did not play 12 regular season games.  Each of these teams win total bets were cancelled and refunds were given.
2024,UTSA,8.5,120,-145,unspecified_vegas_futures,preseason,6.0,Under,Texas San Antonio,Teams that have a result of 'VOID' did not play 12 regular season games.  Each of these teams win total bets were cancelled and refunds were given.
2024,Utah,10.0,135,-160,unspecified_vegas_futures,preseason,5.0,Under,Utah,Teams that have a result of 'VOID' did not play 12 regular season games.  Each of these teams win total bets were cancelled and refunds were given.
2024,Utah State,5.0,110,-130,unspecified_vegas_futures,preseason,4.0,Under,Utah State,Teams that have a result of 'VOID' did not play 12 regular season games.  Each of these teams win total bets were cancelled and refunds were given.
2024,Vanderbilt,2.5,-210,170,unspecified_vegas_futures,preseason,6.0,Over,Vanderbilt,Teams that have a result of 'VOID' did not play 12 regular season games.  Each of these teams win total bets were cancelled and refunds were given.
2024,Virginia,4.5,105,-125,unspecified_vegas_futures,preseason,5.0,Over,Virginia,Teams that have a result of 'VOID' did not play 12 regular season games.  Each of these teams win total bets were cancelled and refunds were given.
2024,Virginia Tech,8.5,-115,-105,unspecified_vegas_futures,preseason,6.0,Under,Virginia Tech,Teams that have a result of 'VOID' did not play 12 regular season games.  Each of these teams win total bets were cancelled and refunds were given.
2024,Wake Forest,5.0,-110,-110,unspecified_vegas_futures,preseason,4.0,Under,Wake Forest,Teams that have a result of 'VOID' did not play 12 regular season games.  Each of these teams win total bets were cancelled and refunds were given.
2024,Washington,6.5,110,-130,unspecified_vegas_futures,preseason,6.0,Under,Washington,Teams that have a result of 'VOID' did not play 12 regular season games.  Each of these teams win total bets were cancelled and refunds were given.
2024,Washington State,7.5,-105,-115,unspecified_vegas_futures,preseason,8.0,Over,Washington State,Teams that have a result of 'VOID' did not play 12 regular season games.  Each of these teams win total bets were cancelled and refunds were given.
2024,West Virginia,6.5,-125,105,unspecified_vegas_futures,preseason,6.0,Under,West Virginia,Teams that have a result of 'VOID' did not play 12 regular season games.  Each of these teams win total bets were cancelled and refunds were given.
2024,Western Kentucky,7.5,-130,105,unspecified_vegas_futures,preseason,8.0,Over,Western Kentucky,Teams that have a result of 'VOID' did not play 12 regular season games.  Each of these teams win total bets were cancelled and refunds were given.
2024,Western Michigan,6.5,-125,105,unspecified_vegas_futures,preseason,6.0,Under,Western Michigan,Teams that have a result of 'VOID' did not play 12 regular season games.  Each of these teams win total bets were cancelled and refunds were given.
2024,Wisconsin,6.5,-150,125,unspecified_vegas_futures,preseason,5.0,Under,Wisconsin,Teams that have a result of 'VOID' did not play 12 regular season games.  Each of these teams win total bets were cancelled and refunds were given.
2024,Wyoming,6.5,105,-125,unspecified_vegas_futures,preseason,3.0,Under,Wyoming,Teams that have a result of 'VOID' did not play 12 regular season games.  Each of these teams win total bets were cancelled and refunds were given.
2025,Air Force,6.5,115,-135,unspecified_vegas_futures,preseason,4.0,Under,Air Force,Teams that have a result of 'VOID' did not play 12 regular season games.  Each of these teams win total bets were cancelled and refunds were given.
2025,Akron,4.5,135,-160,unspecified_vegas_futures,preseason,5.0,Over,Akron,Teams that have a result of 'VOID' did not play 12 regular season games.  Each of these teams win total bets were cancelled and refunds were given.
2025,Alabama,9.5,-125,105,unspecified_vegas_futures,preseason,10.0,Over,Alabama,Teams that have a result of 'VOID' did not play 12 regular season games.  Each of these teams win total bets were cancelled and refunds were given.
2025,App State,5.5,-155,130,unspecified_vegas_futures,preseason,5.0,Under,Appalachian State,Teams that have a result of 'VOID' did not play 12 regular season games.  Each of these teams win total bets were cancelled and refunds were given.
2025,Arizona,5.5,105,-125,unspecified_vegas_futures,preseason,9.0,Over,Arizona,Teams that have a result of 'VOID' did not play 12 regular season games.  Each of these teams win total bets were cancelled and refunds were given.
2025,Arizona State,8.5,-115,-105,unspecified_vegas_futures,preseason,8.0,Under,Arizona State,Teams that have a result of 'VOID' did not play 12 regular season games.  Each of these teams win total bets were cancelled and refunds were given.
2025,Arkansas,5.5,115,-140,unspecified_vegas_futures,preseason,2.0,Under,Arkansas,Teams that have a result of 'VOID' did not play 12 regular season games.  Each of these teams win total bets were cancelled and refunds were given.
2025,Arkansas State,5.5,135,-160,unspecified_vegas_futures,preseason,6.0,Over,Arkansas State,Teams that have a result of 'VOID' did not play 12 regular season games.  Each of these teams win total bets were cancelled and refunds were given.
2025,Army,7.5,115,-140,unspecified_vegas_futures,preseason,6.0,Under,Army,Teams that have a result of 'VOID' did not play 12 regular season games.  Each of these teams win total bets were cancelled and refunds were given.
2025,Auburn,7.5,-160,135,unspecified_vegas_futures,preseason,5.0,Under,Auburn,Teams that have a result of 'VOID' did not play 12 regular season games.  Each of these teams win total bets were cancelled and refunds were given.
2025,BYU,6.5,-145,120,unspecified_vegas_futures,preseason,11.0,Over,BYU,Teams that have a result of 'VOID' did not play 12 regular season games.  Each of these teams win total bets were cancelled and refunds were given.
2025,Ball State,3.5,-115,-105,unspecified_vegas_futures,preseason,4.0,Over,Ball State,Teams that have a result of 'VOID' did not play 12 regular season games.  Each of these teams win total bets were cancelled and refunds were given.
2025,Baylor,7.5,-120,100,unspecified_vegas_futures,preseason,5.0,Under,Baylor,Teams that have a result of 'VOID' did not play 12 regular season games.  Each of these teams win total bets were cancelled and refunds were given.
2025,Boise State,9.5,-210,175,unspecified_vegas_futures,preseason,8.0,Under,Boise State,Teams that have a result of 'VOID' did not play 12 regular season games.  Each of these teams win total bets were cancelled and refunds were given.
2025,Boston College,5.5,110,-135,unspecified_vegas_futures,preseason,2.0,Under,Boston College,Teams that have a result of 'VOID' did not play 12 regular season games.  Each of these teams win total bets were cancelled and refunds were given.
2025,Bowling Green,5.5,105,-125,unspecified_vegas_futures,preseason,4.0,Under,Bowling Green,Teams that have a result of 'VOID' did not play 12 regular season games.  Each of these teams win total bets were cancelled and refunds were given.
2025,Buffalo,7.5,118,-140,unspecified_vegas_futures,preseason,5.0,Under,Buffalo,Teams that have a result of 'VOID' did not play 12 regular season games.  Each of these teams win total bets were cancelled and refunds were given.
2025,California,5.5,135,-160,unspecified_vegas_futures,preseason,7.0,Over,California,Teams that have a result of 'VOID' did not play 12 regular season games.  Each of these teams win total bets were cancelled and refunds were given.
2025,Central Michigan,5.5,120,-145,unspecified_vegas_futures,preseason,7.0,Over,Central Michigan,Teams that have a result of 'VOID' did not play 12 regular season games.  Each of these teams win total bets were cancelled and refunds were given.
2025,Charlotte,2.5,-175,145,unspecified_vegas_futures,preseason,1.0,Under,Charlotte,Teams that have a result of 'VOID' did not play 12 regular season games.  Each of these teams win total bets were cancelled and refunds were given.
2025,Cincinnati,6.5,120,-145,unspecified_vegas_futures,preseason,7.0,Over,Cincinnati,Teams that have a result of 'VOID' did not play 12 regular season games.  Each of these teams win total bets were cancelled and refunds were given.
2025,Clemson,9.5,-250,200,unspecified_vegas_futures,preseason,7.0,Under,Clemson,Teams that have a result of 'VOID' did not play 12 regular season games.  Each of these teams win total bets were cancelled and refunds were given.
2025,Coastal Carolina,5.5,100,-120,unspecified_vegas_futures,preseason,6.0,Over,Coastal Carolina,Teams that have a result of 'VOID' did not play 12 regular season games.  Each of these teams win total bets were cancelled and refunds were given.
2025,Colorado,5.5,-140,120,unspecified_vegas_futures,preseason,3.0,Under,Colorado,Teams that have a result of 'VOID' did not play 12 regular season games.  Each of these teams win total bets were cancelled and refunds were given.
2025,Colorado State,6.5,150,-185,unspecified_vegas_futures,preseason,2.0,Under,Colorado State,Teams that have a result of 'VOID' did not play 12 regular season games.  Each of these teams win total bets were cancelled and refunds were given.
2025,Delaware,4.5,-135,110,unspecified_vegas_futures,preseason,6.0,Over,Delaware,Teams that have a result of 'VOID' did not play 12 regular season games.  Each of these teams win total bets were cancelled and refunds were given.
2025,Duke,6.5,-200,165,unspecified_vegas_futures,preseason,7.0,Over,Duke,Teams that have a result of 'VOID' did not play 12 regular season games.  Each of these teams win total bets were cancelled and refunds were given.
2025,East Carolina,6.5,120,-145,unspecified_vegas_futures,preseason,8.0,Over,East Carolina,Teams that have a result of 'VOID' did not play 12 regular season games.  Each of these teams win total bets were cancelled and refunds were given.
2025,Eastern Michigan,4.5,-115,-105,unspecified_vegas_futures,preseason,4.0,Under,Eastern Michigan,Teams that have a result of 'VOID' did not play 12 regular season games.  Each of these teams win total bets were cancelled and refunds were given.
2025,Florida,7.5,105,-125,unspecified_vegas_futures,preseason,4.0,Under,Florida,Teams that have a result of 'VOID' did not play 12 regular season games.  Each of these teams win total bets were cancelled and refunds were given.
2025,Florida Atlantic,4.5,100,-120,unspecified_vegas_futures,preseason,4.0,Under,Florida Atlantic,Teams that have a result of 'VOID' did not play 12 regular season games.  Each of these teams win total bets were cancelled and refunds were given.
2025,Florida International,5.5,110,-135,unspecified_vegas_futures,preseason,7.0,Over,Florida International,Teams that have a result of 'VOID' did not play 12 regular season games.  Each of these teams win total bets were cancelled and refunds were given.
2025,Florida State,7.5,200,-250,unspecified_vegas_futures,preseason,5.0,Under,Florida State,Teams that have a result of 'VOID' did not play 12 regular season games.  Each of these teams win total bets were cancelled and refunds were given.
2025,Fresno State,6.5,-140,115,unspecified_vegas_futures,preseason,8.0,Over,Fresno State,Teams that have a result of 'VOID' did not play 12 regular season games.  Each of these teams win total bets were cancelled and refunds were given.
2025,Georgia,9.5,-175,145,unspecified_vegas_futures,preseason,11.0,Over,Georgia,Teams that have a result of 'VOID' did not play 12 regular season games.  Each of these teams win total bets were cancelled and refunds were given.
2025,Georgia Southern,7.5,120,-145,unspecified_vegas_futures,preseason,6.0,Under,Georgia Southern,Teams that have a result of 'VOID' did not play 12 regular season games.  Each of these teams win total bets were cancelled and refunds were given.
2025,Georgia State,3.5,-120,100,unspecified_vegas_futures,preseason,1.0,Under,Georgia State,Teams that have a result of 'VOID' did not play 12 regular season games.  Each of these teams win total bets were cancelled and refunds were given.
2025,Georgia Tech,7.5,-155,130,unspecified_vegas_futures,preseason,9.0,Over,Georgia Tech,Teams that have a result of 'VOID' did not play 12 regular season games.  Each of these teams win total bets were cancelled and refunds were given.
2025,Hawai'i,5.5,-175,145,unspecified_vegas_futures,preseason,8.0,Over,Hawaii,Teams that have a result of 'VOID' did not play 12 regular season games.  Each of these teams win total bets were cancelled and refunds were given.
2025,Houston,6.5,110,-135,unspecified_vegas_futures,preseason,9.0,Over,Houston,Teams that have a result of 'VOID' did not play 12 regular season games.  Each of these teams win total bets were cancelled and refunds were given.
2025,Illinois,7.5,-190,155,unspecified_vegas_futures,preseason,8.0,Over,Illinois,Teams that have a result of 'VOID' did not play 12 regular season games.  Each of these teams win total bets were cancelled and refunds were given.
2025,Indiana,8.5,100,-120,unspecified_vegas_futures,preseason,12.0,Over,Indiana,Teams that have a result of 'VOID' did not play 12 regular season games.  Each of these teams win total bets were cancelled and refunds were given.
2025,Iowa,7.5,115,-140,unspecified_vegas_futures,preseason,8.0,Over,Iowa,Teams that have a result of 'VOID' did not play 12 regular season games.  Each of these teams win total bets were cancelled and refunds were given.
2025,Iowa State,7.5,115,-140,unspecified_vegas_futures,preseason,8.0,Over,Iowa State,Teams that have a result of 'VOID' did not play 12 regular season games.  Each of these teams win total bets were cancelled and refunds were given.
2025,Jacksonville State,5.5,115,-140,unspecified_vegas_futures,preseason,8.0,Over,Jacksonville State,Teams that have a result of 'VOID' did not play 12 regular season games.  Each of these teams win total bets were cancelled and refunds were given.
2025,James Madison,8.5,-120,100,unspecified_vegas_futures,preseason,11.0,Over,James Madison,Teams that have a result of 'VOID' did not play 12 regular season games.  Each of these teams win total bets were cancelled and refunds were given.
2025,Kansas,6.5,-160,135,unspecified_vegas_futures,preseason,5.0,Under,Kansas,Teams that have a result of 'VOID' did not play 12 regular season games.  Each of these teams win total bets were cancelled and refunds were given.
2025,Kansas State,8.5,-125,105,unspecified_vegas_futures,preseason,6.0,Under,Kansas State,Teams that have a result of 'VOID' did not play 12 regular season games.  Each of these teams win total bets were cancelled and refunds were given.
2025,Kennesaw State,3.5,-160,130,unspecified_vegas_futures,preseason,9.0,Over,Kennesaw State,Teams that have a result of 'VOID' did not play 12 regular season games.  Each of these teams win total bets were cancelled and refunds were given.
2025,Kent State,1.5,-175,140,unspecified_vegas_futures,preseason,5.0,Over,Kent State,Teams that have a result of 'VOID' did not play 12 regular season games.  Each of these teams win total bets were cancelled and refunds were given.
2025,Kentucky,4.5,-110,-110,unspecified_vegas_futures,preseason,5.0,Over,Kentucky,Teams that have a result of 'VOID' did not play 12 regular season games.  Each of these teams win total bets were cancelled and refunds were given.
2025,LSU,8.5,-160,135,unspecified_vegas_futures,preseason,7.0,Under,LSU,Teams that have a result of 'VOID' did not play 12 regular season games.  Each of these teams win total bets were cancelled and refunds were given.
2025,Liberty,9.5,-125,105,unspecified_vegas_futures,preseason,4.0,Under,Liberty,Teams that have a result of 'VOID' did not play 12 regular season games.  Each of these teams win total bets were cancelled and refunds were given.
2025,Louisiana,7.5,-115,-105,unspecified_vegas_futures,preseason,6.0,Under,Louisiana,Teams that have a result of 'VOID' did not play 12 regular season games.  Each of these teams win total bets were cancelled and refunds were given.
2025,Louisiana Tech,5.5,-185,150,unspecified_vegas_futures,preseason,7.0,Over,Louisiana Tech,Teams that have a result of 'VOID' did not play 12 regular season games.  Each of these teams win total bets were cancelled and refunds were given.
2025,Louisville,8.5,-160,135,unspecified_vegas_futures,preseason,8.0,Under,Louisville,Teams that have a result of 'VOID' did not play 12 regular season games.  Each of these teams win total bets were cancelled and refunds were given.
2025,Marshall,4.5,-145,120,unspecified_vegas_futures,preseason,5.0,Over,Marshall,Teams that have a result of 'VOID' did not play 12 regular season games.  Each of these teams win total bets were cancelled and refunds were given.
2025,Maryland,4.5,105,-125,unspecified_vegas_futures,preseason,4.0,Under,Maryland,Teams that have a result of 'VOID' did not play 12 regular season games.  Each of these teams win total bets were cancelled and refunds were given.
2025,Massachusetts,3.5,-125,105,unspecified_vegas_futures,preseason,0.0,Under,Massachusetts,Teams that have a result of 'VOID' did not play 12 regular season games.  Each of these teams win total bets were cancelled and refunds were given.
2025,Memphis,8.5,115,-140,unspecified_vegas_futures,preseason,8.0,Under,Memphis,Teams that have a result of 'VOID' did not play 12 regular season games.  Each of these teams win total bets were cancelled and refunds were given.
2025,Miami,9.5,110,-130,unspecified_vegas_futures,preseason,10.0,Over,Miami (FL),Teams that have a result of 'VOID' did not play 12 regular season games.  Each of these teams win total bets were cancelled and refunds were given.
2025,Miami (OH),6.5,105,-125,unspecified_vegas_futures,preseason,7.0,Over,Miami (OH),Teams that have a result of 'VOID' did not play 12 regular season games.  Each of these teams win total bets were cancelled and refunds were given.
2025,Michigan,8.5,-175,145,unspecified_vegas_futures,preseason,9.0,Over,Michigan,Teams that have a result of 'VOID' did not play 12 regular season games.  Each of these teams win total bets were cancelled and refunds were given.
2025,Michigan State,5.5,-145,120,unspecified_vegas_futures,preseason,4.0,Under,Michigan State,Teams that have a result of 'VOID' did not play 12 regular season games.  Each of these teams win total bets were cancelled and refunds were given.
2025,Middle Tennessee,4.5,-185,150,unspecified_vegas_futures,preseason,3.0,Under,Middle Tennessee,Teams that have a result of 'VOID' did not play 12 regular season games.  Each of these teams win total bets were cancelled and refunds were given.
2025,Minnesota,6.5,-200,165,unspecified_vegas_futures,preseason,7.0,Over,Minnesota,Teams that have a result of 'VOID' did not play 12 regular season games.  Each of these teams win total bets were cancelled and refunds were given.
2025,Mississippi State,3.5,-185,150,unspecified_vegas_futures,preseason,5.0,Over,Mississippi State,Teams that have a result of 'VOID' did not play 12 regular season games.  Each of these teams win total bets were cancelled and refunds were given.
2025,Missouri,7.5,115,-140,unspecified_vegas_futures,preseason,8.0,Over,Missouri,Teams that have a result of 'VOID' did not play 12 regular season games.  Each of these teams win total bets were cancelled and refunds were given.
2025,Missouri State,4.5,-115,-105,unspecified_vegas_futures,preseason,7.0,Over,Missouri State,Teams that have a result of 'VOID' did not play 12 regular season games.  Each of these teams win total bets were cancelled and refunds were given.
2025,NC State,6.5,120,-145,unspecified_vegas_futures,preseason,7.0,Over,NC State,Teams that have a result of 'VOID' did not play 12 regular season games.  Each of these teams win total bets were cancelled and refunds were given.
2025,Navy,8.5,-120,100,unspecified_vegas_futures,preseason,10.0,Over,Navy,Teams that have a result of 'VOID' did not play 12 regular season games.  Each of these teams win total bets were cancelled and refunds were given.
2025,Nebraska,7.5,-155,130,unspecified_vegas_futures,preseason,7.0,Under,Nebraska,Teams that have a result of 'VOID' did not play 12 regular season games.  Each of these teams win total bets were cancelled and refunds were given.
2025,Nevada,3.5,-145,120,unspecified_vegas_futures,preseason,3.0,Under,Nevada,Teams that have a result of 'VOID' did not play 12 regular season games.  Each of these teams win total bets were cancelled and refunds were given.
2025,New Mexico,3.5,120,-145,unspecified_vegas_futures,preseason,9.0,Over,New Mexico,Teams that have a result of 'VOID' did not play 12 regular season games.  Each of these teams win total bets were cancelled and refunds were given.
2025,New Mexico State,4.5,-150,125,unspecified_vegas_futures,preseason,4.0,Under,New Mexico State,Teams that have a result of 'VOID' did not play 12 regular season games.  Each of these teams win total bets were cancelled and refunds were given.
2025,North Carolina,7.5,135,-160,unspecified_vegas_futures,preseason,4.0,Under,North Carolina,Teams that have a result of 'VOID' did not play 12 regular season games.  Each of these teams win total bets were cancelled and refunds were given.
2025,North Texas,6.5,-175,145,unspecified_vegas_futures,preseason,11.0,Over,North Texas,Teams that have a result of 'VOID' did not play 12 regular season games.  Each of these teams win total bets were cancelled and refunds were given.
2025,Northern Illinois,6.5,135,-160,unspecified_vegas_futures,preseason,3.0,Under,Northern Illinois,Teams that have a result of 'VOID' did not play 12 regular season games.  Each of these teams win total bets were cancelled and refunds were given.
2025,Northwestern,3.5,-200,165,unspecified_vegas_futures,preseason,6.0,Over,Northwestern,Teams that have a result of 'VOID' did not play 12 regular season games.  Each of these teams win total bets were cancelled and refunds were given.
2025,Notre Dame,10.5,115,-140,unspecified_vegas_futures,preseason,10.0,Under,Notre Dame,Teams that have a result of 'VOID' did not play 12 regular season games.  Each of these teams win total bets were cancelled and refunds were given.
2025,Ohio,7.5,120,-145,unspecified_vegas_futures,preseason,8.0,Over,Ohio,Teams that have a result of 'VOID' did not play 12 regular season games.  Each of these teams win total bets were cancelled and refunds were given.
2025,Ohio State,10.5,120,-145,unspecified_vegas_futures,preseason,11.0,Over,Ohio State,Teams that have a result of 'VOID' did not play 12 regular season games.  Each of these teams win total bets were cancelled and refunds were given.
2025,Oklahoma,7.5,110,-135,unspecified_vegas_futures,preseason,10.0,Over,Oklahoma,Teams that have a result of 'VOID' did not play 12 regular season games.  Each of these teams win total bets were cancelled and refunds were given.
2025,Oklahoma State,5.5,140,-170,unspecified_vegas_futures,preseason,1.0,Under,Oklahoma State,Teams that have a result of 'VOID' did not play 12 regular season games.  Each of these teams win total bets were cancelled and refunds were given.
2025,Old Dominion,5.5,-200,165,unspecified_vegas_futures,preseason,9.0,Over,Old Dominion,Teams that have a result of 'VOID' did not play 12 regular season games.  Each of these teams win total bets were cancelled and refunds were given.
2025,Ole Miss,8.5,-115,-105,unspecified_vegas_futures,preseason,11.0,Over,Ole Miss,Teams that have a result of 'VOID' did not play 12 regular season games.  Each of these teams win total bets were cancelled and refunds were given.
2025,Oregon,10.5,180,-220,unspecified_vegas_futures,preseason,11.0,Over,Oregon,Teams that have a result of 'VOID' did not play 12 regular season games.  Each of these teams win total bets were cancelled and refunds were given.
2025,Oregon State,6.5,-165,140,unspecified_vegas_futures,preseason,2.0,Under,Oregon State,Teams that have a result of 'VOID' did not play 12 regular season games.  Each of these teams win total bets were cancelled and refunds were given.
2025,Penn State,10.5,-105,-115,unspecified_vegas_futures,preseason,6.0,Under,Penn State,Teams that have a result of 'VOID' did not play 12 regular season games.  Each of these teams win total bets were cancelled and refunds were given.
2025,Pittsburgh,6.5,105,-125,unspecified_vegas_futures,preseason,8.0,Over,Pittsburgh,Teams that have a result of 'VOID' did not play 12 regular season games.  Each of these teams win total bets were cancelled and refunds were given.
2025,Purdue,3.5,175,-220,unspecified_vegas_futures,preseason,2.0,Under,Purdue,Teams that have a result of 'VOID' did not play 12 regular season games.  Each of these teams win total bets were cancelled and refunds were given.
2025,Rice,3.5,-160,135,unspecified_vegas_futures,preseason,5.0,Over,Rice,Teams that have a result of 'VOID' did not play 12 regular season games.  Each of these teams win total bets were cancelled and refunds were given.
2025,Rutgers,5.5,-145,120,unspecified_vegas_futures,preseason,5.0,Under,Rutgers,Teams that have a result of 'VOID' did not play 12 regular season games.  Each of these teams win total bets were cancelled and refunds were given.
2025,SMU,8.5,-125,105,unspecified_vegas_futures,preseason,8.0,Under,SMU,Teams that have a result of 'VOID' did not play 12 regular season games.  Each of these teams win total bets were cancelled and refunds were given.
2025,Sam Houston,4.5,-115,-105,unspecified_vegas_futures,preseason,2.0,Under,Sam Houston State,Teams that have a result of 'VOID' did not play 12 regular season games.  Each of these teams win total bets were cancelled and refunds were given.
2025,San Diego State,4.5,-165,140,unspecified_vegas_futures,preseason,9.0,Over,San Diego State,Teams that have a result of 'VOID' did not play 12 regular season games.  Each of these teams win total bets were cancelled and refunds were given.
2025,San José State,7.5,-105,-115,unspecified_vegas_futures,preseason,3.0,Under,San Jose State,Teams that have a result of 'VOID' did not play 12 regular season games.  Each of these teams win total bets were cancelled and refunds were given.
2025,South Alabama,6.5,110,-130,unspecified_vegas_futures,preseason,4.0,Under,South Alabama,Teams that have a result of 'VOID' did not play 12 regular season games.  Each of these teams win total bets were cancelled and refunds were given.
2025,South Carolina,7.5,140,-165,unspecified_vegas_futures,preseason,4.0,Under,South Carolina,Teams that have a result of 'VOID' did not play 12 regular season games.  Each of these teams win total bets were cancelled and refunds were given.
2025,South Florida,6.5,-120,100,unspecified_vegas_futures,preseason,9.0,Over,South Florida,Teams that have a result of 'VOID' did not play 12 regular season games.  Each of these teams win total bets were cancelled and refunds were given.
2025,Southern Miss,5.5,-125,105,unspecified_vegas_futures,preseason,7.0,Over,Southern Miss,Teams that have a result of 'VOID' did not play 12 regular season games.  Each of these teams win total bets were cancelled and refunds were given.
2025,Stanford,3.5,150,-185,unspecified_vegas_futures,preseason,4.0,Over,Stanford,Teams that have a result of 'VOID' did not play 12 regular season games.  Each of these teams win total bets were cancelled and refunds were given.
2025,Syracuse,5.5,160,-190,unspecified_vegas_futures,preseason,3.0,Under,Syracuse,Teams that have a result of 'VOID' did not play 12 regular season games.  Each of these teams win total bets were cancelled and refunds were given.
2025,TCU,6.5,-190,155,unspecified_vegas_futures,preseason,8.0,Over,TCU,Teams that have a result of 'VOID' did not play 12 regular season games.  Each of these teams win total bets were cancelled and refunds were given.
2025,Temple,3.5,100,-120,unspecified_vegas_futures,preseason,5.0,Over,Temple,Teams that have a result of 'VOID' did not play 12 regular season games.  Each of these teams win total bets were cancelled and refunds were given.
2025,Tennessee,8.5,130,-155,unspecified_vegas_futures,preseason,8.0,Under,Tennessee,Teams that have a result of 'VOID' did not play 12 regular season games.  Each of these teams win total bets were cancelled and refunds were given.
2025,Texas,9.5,-190,155,unspecified_vegas_futures,preseason,9.0,Under,Texas,Teams that have a result of 'VOID' did not play 12 regular season games.  Each of these teams win total bets were cancelled and refunds were given.
2025,Texas A&M,7.5,-175,145,unspecified_vegas_futures,preseason,11.0,Over,Texas A&M,Teams that have a result of 'VOID' did not play 12 regular season games.  Each of these teams win total bets were cancelled and refunds were given.
2025,Texas State,7.5,135,-160,unspecified_vegas_futures,preseason,6.0,Under,Texas State,Teams that have a result of 'VOID' did not play 12 regular season games.  Each of these teams win total bets were cancelled and refunds were given.
2025,Texas Tech,8.5,-145,120,unspecified_vegas_futures,preseason,11.0,Over,Texas Tech,Teams that have a result of 'VOID' did not play 12 regular season games.  Each of these teams win total bets were cancelled and refunds were given.
2025,Toledo,8.5,-160,130,unspecified_vegas_futures,preseason,8.0,Under,Toledo,Teams that have a result of 'VOID' did not play 12 regular season games.  Each of these teams win total bets were cancelled and refunds were given.
2025,Troy,5.5,-115,-105,unspecified_vegas_futures,preseason,8.0,Over,Troy,Teams that have a result of 'VOID' did not play 12 regular season games.  Each of these teams win total bets were cancelled and refunds were given.
2025,Tulane,8.5,125,-150,unspecified_vegas_futures,preseason,10.0,Over,Tulane,Teams that have a result of 'VOID' did not play 12 regular season games.  Each of these teams win total bets were cancelled and refunds were given.
2025,Tulsa,3.5,-125,105,unspecified_vegas_futures,preseason,4.0,Over,Tulsa,Teams that have a result of 'VOID' did not play 12 regular season games.  Each of these teams win total bets were cancelled and refunds were given.
2025,UAB,4.5,125,-150,unspecified_vegas_futures,preseason,4.0,Under,UAB,Teams that have a result of 'VOID' did not play 12 regular season games.  Each of these teams win total bets were cancelled and refunds were given.
2025,UCF,5.5,105,-125,unspecified_vegas_futures,preseason,5.0,Under,Central Florida,Teams that have a result of 'VOID' did not play 12 regular season games.  Each of these teams win total bets were cancelled and refunds were given.
2025,UCLA,5.5,130,-155,unspecified_vegas_futures,preseason,3.0,Under,UCLA,Teams that have a result of 'VOID' did not play 12 regular season games.  Each of these teams win total bets were cancelled and refunds were given.
2025,UConn,7.5,-105,-115,unspecified_vegas_futures,preseason,9.0,Over,Connecticut,Teams that have a result of 'VOID' did not play 12 regular season games.  Each of these teams win total bets were cancelled and refunds were given.
2025,UL Monroe,4.5,110,-130,unspecified_vegas_futures,preseason,3.0,Under,Louisiana-Monroe,Teams that have a result of 'VOID' did not play 12 regular season games.  Each of these teams win total bets were cancelled and refunds were given.
2025,UNLV,8.5,115,-135,unspecified_vegas_futures,preseason,10.0,Over,UNLV,Teams that have a result of 'VOID' did not play 12 regular season games.  Each of these teams win total bets were cancelled and refunds were given.
2025,USC,7.5,-185,150,unspecified_vegas_futures,preseason,9.0,Over,USC,Teams that have a result of 'VOID' did not play 12 regular season games.  Each of these teams win total bets were cancelled and refunds were given.
2025,UTEP,5.5,110,-135,unspecified_vegas_futures,preseason,2.0,Under,UTEP,Teams that have a result of 'VOID' did not play 12 regular season games.  Each of these teams win total bets were cancelled and refunds were given.
2025,UTSA,7.5,105,-125,unspecified_vegas_futures,preseason,6.0,Under,Texas San Antonio,Teams that have a result of 'VOID' did not play 12 regular season games.  Each of these teams win total bets were cancelled and refunds were given.
2025,Utah,8.5,115,-140,unspecified_vegas_futures,preseason,10.0,Over,Utah,Teams that have a result of 'VOID' did not play 12 regular season games.  Each of these teams win total bets were cancelled and refunds were given.
2025,Utah State,4.5,125,-150,unspecified_vegas_futures,preseason,6.0,Over,Utah State,Teams that have a result of 'VOID' did not play 12 regular season games.  Each of these teams win total bets were cancelled and refunds were given.
2025,Vanderbilt,5.5,-115,-105,unspecified_vegas_futures,preseason,10.0,Over,Vanderbilt,Teams that have a result of 'VOID' did not play 12 regular season games.  Each of these teams win total bets were cancelled and refunds were given.
2025,Virginia,6.5,130,-155,unspecified_vegas_futures,preseason,10.0,Over,Virginia,Teams that have a result of 'VOID' did not play 12 regular season games.  Each of these teams win total bets were cancelled and refunds were given.
2025,Virginia Tech,6.5,120,-145,unspecified_vegas_futures,preseason,3.0,Under,Virginia Tech,Teams that have a result of 'VOID' did not play 12 regular season games.  Each of these teams win total bets were cancelled and refunds were given.
2025,Wake Forest,4.5,105,-125,unspecified_vegas_futures,preseason,8.0,Over,Wake Forest,Teams that have a result of 'VOID' did not play 12 regular season games.  Each of these teams win total bets were cancelled and refunds were given.
2025,Washington,7.5,-105,-115,unspecified_vegas_futures,preseason,8.0,Over,Washington,Teams that have a result of 'VOID' did not play 12 regular season games.  Each of these teams win total bets were cancelled and refunds were given.
2025,Washington State,5.5,140,-165,unspecified_vegas_futures,preseason,6.0,Over,Washington State,Teams that have a result of 'VOID' did not play 12 regular season games.  Each of these teams win total bets were cancelled and refunds were given.
2025,West Virginia,5.5,115,-140,unspecified_vegas_futures,preseason,4.0,Under,West Virginia,Teams that have a result of 'VOID' did not play 12 regular season games.  Each of these teams win total bets were cancelled and refunds were given.
2025,Western Kentucky,7.5,-120,100,unspecified_vegas_futures,preseason,8.0,Over,Western Kentucky,Teams that have a result of 'VOID' did not play 12 regular season games.  Each of these teams win total bets were cancelled and refunds were given.
2025,Western Michigan,4.5,-155,130,unspecified_vegas_futures,preseason,8.0,Over,Western Michigan,Teams that have a result of 'VOID' did not play 12 regular season games.  Each of these teams win total bets were cancelled and refunds were given.
2025,Wisconsin,5.5,125,-150,unspecified_vegas_futures,preseason,4.0,Under,Wisconsin,Teams that have a result of 'VOID' did not play 12 regular season games.  Each of these teams win total bets were cancelled and refunds were given.
2025,Wyoming,5.5,145,-175,unspecified_vegas_futures,preseason,4.0,Under,Wyoming,Teams that have a result of 'VOID' did not play 12 regular season games.  Each of these teams win total bets were cancelled and refunds were given.
