game_id,season,week,home_team,away_team,margin_predictor_v2_p_home_win,margin_predictor_v2_predicted_margin,in_game_wp_v1_p_home_win,in_game_wp_v1_predicted_margin,season_win_totals_v1_home_p50,season_win_totals_v1_away_p50,ensemble_p_home_win,ensemble_predicted_margin
401628363,2024,4,Auburn,Arkansas,0.4926904653607343,-0.5890270474776211,0.5138706178431527,3.807139454551951,7.0,5.0,0.5032805416019435,1.609056203537165
401628364,2024,4,Kentucky,Ohio,0.8047216140033296,12.080578090806842,0.7093166620284919,8.233841094158993,7.0,8.0,0.7570191380159108,10.157209592482918
401628365,2024,4,LSU,UCLA,0.7817321592944666,10.850873547178503,0.7585043479789247,11.860419441081136,8.0,6.0,0.7701182536366957,11.35564649412982
401628366,2024,4,Ole Miss,Georgia Southern,0.9723993740680744,30.891188844095872,0.9962954770512288,27.444506631938623,7.0,6.0,0.9843474255596516,29.167847738017247
401628367,2024,4,Mississippi State,Florida,0.4615983990516837,-1.6818791632075354,0.5257228322695868,4.018663804107511,5.0,6.0,0.49366061566063524,1.168392320449988
401628368,2024,4,Missouri,Vanderbilt,0.8195685511773393,12.93400949579859,0.7879293175666335,14.187970154957403,8.0,4.0,0.8037489343719864,13.560989825377996
401628369,2024,4,Oklahoma,Tennessee,0.3452868070255765,-5.94139155163665,0.3606961662177864,-5.06607731172368,8.0,8.0,0.35299148662168145,-5.503734431680165
401628370,2024,4,South Carolina,Akron,0.9294745115832102,22.27172125028232,0.925647801411154,23.307803249258555,5.0,5.0,0.9275611564971821,22.789762249770437
401628371,2024,4,Texas,UL Monroe,0.9721192730093352,30.800151179307164,0.9962954770512288,29.79828597572249,9.0,4.0,0.984207375030282,30.29921857751483
401628372,2024,4,Texas A&M,Bowling Green,0.8489712526119403,14.802291583548636,0.7715118216941832,11.591883645314628,7.0,6.0,0.8102415371530618,13.19708761443163
401628485,2024,4,Nebraska,Illinois,0.4939436916446704,-0.5450759989499265,0.5754815595184704,2.174098847676926,6.0,6.0,0.5347126255815704,0.8145114243634997
401628486,2024,4,Indiana,Charlotte,0.9784973508037896,33.134531511541496,0.9962954770512288,31.951059828918364,6.0,5.0,0.9873964139275092,32.54279567022993
401628487,2024,4,Minnesota,Iowa,0.5979215084218522,3.1457522154142668,0.6714531164514496,4.73152521389519,6.0,6.0,0.6346873124366509,3.9386387146547284
401628489,2024,4,Michigan,USC,0.5322374230050643,0.7992374750069051,0.5130596178696325,0.5267178909370962,9.0,6.0,0.5226485204373483,0.6629776829720007
401628490,2024,4,Boston College,Michigan State,0.7129477412154138,7.642116100844358,0.7093166620284919,9.03054808860076,5.0,5.0,0.7111322016219528,8.33633209472256
401628491,2024,4,Washington,Northwestern,0.785343250266885,11.037514208102705,0.8014701125058992,11.145050197398035,7.0,6.0,0.793406681386392,11.09128220275037
401628492,2024,4,Ohio State,Marshall,0.939192501672403,23.66255518714463,0.917932470658316,24.59862512375477,8.5,7.0,0.9285624861653594,24.1305901554497
401628493,2024,4,Penn State,Kent State,0.9958354187326066,47.678431113318425,0.9819195201783018,38.84712933715628,10.0,4.0,0.9888774694554542,43.26278022523735
401628494,2024,4,Virginia Tech,Rutgers,0.7437721850104717,9.008947324442712,0.716202013533849,4.837947792299879,8.0,5.0,0.7299870992721604,6.923447558371295
401628979,2024,4,Notre Dame,Miami (OH),0.9613728538860256,27.844815375013464,0.939805475390844,25.370980420588303,8.0,7.0,0.9505891646384348,26.607897897800882
401629031,2024,4,UConn,Florida Atlantic,0.6470217074519347,4.979260551909894,0.4609770448877394,0.0564884323543504,6.0,7.0,0.553999376169837,2.517874492132122
401634766,2024,4,Syracuse,Stanford,0.7540848277421289,9.489766301705112,0.747888280995861,10.172004601782202,6.0,5.0,0.750986554368995,9.830885451743658
401635551,2024,4,Florida State,California,0.5412987256199601,1.1186997796854872,0.5339577906986226,3.6653180281723383,8.0,7.0,0.5376282581592913,2.3920089039289127
401635552,2024,4,Clemson,NC State,0.846639763912215,14.643894447948098,0.8456458564285433,15.504465221410356,8.0,7.0,0.8461428101703792,15.074179834679228
401635553,2024,4,Middle Tennessee,Duke,0.2144157894322917,-11.71546307503126,0.1394276053689707,-12.333670974697764,6.0,6.0,0.17692169740063118,-12.024567024864512
401635554,2024,4,Louisville,Georgia Tech,0.6715461832925477,5.936625076853584,0.8014701125058992,11.134458738773274,8.0,5.0,0.7365081478992235,8.535541907813428
401635555,2024,4,South Florida,Miami,0.1810962762148137,-13.56006932089354,0.2537832129300246,-9.239116772945644,6.0,8.0,0.21743974457241916,-11.399593046919591
401635556,2024,4,North Carolina,James Madison,0.7345716849826002,8.590589081199438,0.7057593171082679,7.276605475734095,7.0,9.0,0.720165501045434,7.933597278466767
401635557,2024,4,SMU,TCU,0.593711258062843,2.992494700190952,0.5257228322695868,3.913725301991136,8.0,7.0,0.5597170451662149,3.4531100010910443
401635558,2024,4,Coastal Carolina,Virginia,0.7076284122957027,7.415512325418234,0.7042508205171714,9.588243264667277,6.0,5.0,0.7059396164064371,8.501877795042756
401636872,2024,4,BYU,Kansas State,0.3590003793330651,-5.414410182132224,0.3866876895027196,-4.271491748595892,5.0,8.0,0.3728440344178924,-4.842950965364058
401636873,2024,4,Cincinnati,Houston,0.3630951737377214,-5.258812011503204,0.5077174197957641,-0.8751399866880147,5.0,5.0,0.43540629676674275,-3.0669759990956096
401636874,2024,4,Colorado,Baylor,0.3272265014998372,-6.650861967819472,0.3606961662177864,-5.117637794428742,5.0,5.0,0.3439613338588118,-5.884249881124107
401636875,2024,4,Iowa State,Arkansas State,0.8563548404717664,15.317589249378573,0.7585043479789247,11.805424427359084,8.0,5.0,0.8074295942253455,13.561506838368828
401636876,2024,4,Oklahoma State,Utah,0.4662893043428251,-1.5165360298676744,0.5231011853062879,2.0381248065761923,7.0,8.0,0.4946952448245565,0.26079438835425894
401636877,2024,4,Texas Tech,Arizona State,0.4752116407414888,-1.2026001111146036,0.5130596178696325,0.6761466923338659,7.0,5.0,0.49413562930556065,-0.26322670939036885
401636879,2024,4,West Virginia,Kansas,0.2924711570859786,-8.076707937202306,0.448497606330901,-3.389263777098158,6.0,8.0,0.3704843817084398,-5.732985857150232
401640991,2024,4,Liberty,East Carolina,0.6742401847755006,6.04391671694283,0.554861574374456,3.419627451219176,9.0,6.0,0.6145508795749783,4.731772084081003
401641000,2024,4,Jacksonville State,Southern Miss,0.7310591208015821,8.433326643883149,0.6932321974132383,7.510498812757316,8.0,4.0,0.7121456591074102,7.971912728320232
401641008,2024,4,Louisiana Tech,Tulsa,0.4871294833285536,-0.7840989859896963,0.5581279566032963,2.317594616685037,5.0,6.0,0.522628719965925,0.7667478153476703
401641028,2024,4,Colorado State,UTEP,0.7420966723461746,8.932041994640922,0.6784983224003648,5.9520274021533,6.0,5.0,0.7102974973732696,7.442034698397111
401641034,2024,4,Sam Houston,New Mexico State,0.8654095603586922,15.980542850617676,0.852452982574402,16.29950498833206,5.0,7.0,0.8589312714665471,16.140023919474867
401641037,2024,4,Western Kentucky,Toledo,0.3439006188103435,-5.995194568001976,0.2878006453521,-6.416303047583051,6.0,8.0,0.31585063208122177,-6.205748807792514
401643711,2024,4,New Mexico,Fresno State,0.1824734833782985,-13.478902662221843,0.1399823316071244,-11.807350425480468,5.0,6.0,0.16122790749271143,-12.643126543851157
401643714,2024,4,Washington State,San José State,0.770343904229559,10.27639181119767,0.775269348317486,10.40427220895086,7.0,7.0,0.7728066262735225,10.340332010074265
401643715,2024,4,Temple,Utah State,0.4871743372948305,-0.7825251856477875,0.5077174197957641,-1.0438936593140955,4.0,6.0,0.4974458785452973,-0.9132094224809415
401643716,2024,4,North Texas,Wyoming,0.782954575239102,10.913802795204877,0.7715118216941832,11.495457183834528,6.0,6.0,0.7772331984666425,11.204629989519702
401643717,2024,4,Oregon State,Purdue,0.729267724988778,8.353623799490956,0.7093166620284919,8.742131086061173,8.0,5.0,0.7192921935086349,8.547877442776064
401643790,2024,4,App State,South Alabama,0.3359487824279171,-6.305870796406385,0.3866876895027196,-4.569575916391528,6.0,7.0,0.3613182359653183,-5.437723356398957
401643791,2024,4,Louisiana,Tulane,0.552004978614575,1.4974161647841886,0.5130596178696325,0.9586982807189468,7.0,8.0,0.5325322982421037,1.2280572227515676
401644735,2024,4,Central Michigan,Ball State,0.7536825658865204,9.470761378093512,0.766240572301453,12.475278334911565,6.0,6.0,0.7599615690939867,10.973019856502539
401644736,2024,4,Northern Illinois,Buffalo,0.8411367019418492,14.277689705365429,0.7879293175666335,14.47652182742092,7.0,6.0,0.8145330097542414,14.377105766393175
401645328,2024,4,Army,Rice,0.6506269793690987,5.1179652875454,0.7042508205171714,9.142276792800669,5.0,6.0,0.6774388999431351,7.130121040173034
401645329,2024,4,Navy,Memphis,0.2246634792185283,-11.191106106365805,0.3866876895027196,-4.685025660563333,6.0,6.0,0.3056755843606239,-7.938065883464569
401628373,2024,5,Texas A&M,Arkansas,0.4865401050720718,-0.8047793073460441,0.4362089262424756,-2.159470095753777,7.0,5.0,0.4613745156572737,-1.4821247015499106
401628374,2024,5,Alabama,Georgia,0.5874291632086696,2.764742721617484,0.7585043479789247,11.904212832904754,8.0,9.0,0.6729667555937972,7.334477777261119
401628375,2024,5,Auburn,Oklahoma,0.3692629812990819,-5.025852516801658,0.4862937879233298,-1.536701106437559,7.0,8.0,0.4277783846112059,-3.2812768116196085
401628376,2024,5,LSU,South Alabama,0.7676215067787018,10.142054587679963,0.5927882833951295,4.109004255737067,8.0,7.0,0.6802048950869156,7.125529421708515
401628377,2024,5,Ole Miss,Kentucky,0.8820157565626071,17.30151338775078,0.9169647598686674,22.33222436881849,7.0,7.0,0.8994902582156372,19.816868878284637
401628378,2024,5,Texas,Mississippi State,0.9811694623251213,34.32165395948484,0.9962954770512288,33.047440146262176,9.0,5.0,0.988732469688175,33.68454705287351
401628495,2024,5,Penn State,Illinois,0.7983639566531436,11.730201019991084,0.7545536150948478,13.467282044435375,10.0,6.0,0.7764587858739957,12.598741532213229
401628496,2024,5,Indiana,Maryland,0.8398325673220145,14.192420129125582,0.7585043479789247,12.001106802454158,6.0,7.0,0.7991684576504696,13.09676346578987
401628497,2024,5,Michigan,Minnesota,0.8536395688346068,15.125596400785836,0.7715118216941832,11.600636733511182,9.0,6.0,0.812575695264395,13.36311656714851
401628498,2024,5,Michigan State,Ohio State,0.1404281701714677,-16.214421879227036,0.1220220467086543,-14.31141729434247,5.0,8.5,0.131225108440061,-15.262919586784752
401628499,2024,5,Purdue,Nebraska,0.3150722211476123,-7.139614266466179,0.3279857029161949,-5.400882050749303,5.0,6.0,0.3215289620319036,-6.270248158607741
401628500,2024,5,UCLA,Oregon,0.22700073153608,-11.073916318142052,0.2813777886995282,-7.861007331596753,6.0,9.0,0.2541892601178041,-9.467461824869403
401628501,2024,5,Rutgers,Washington,0.415346073470128,-3.329875827206477,0.5134749933560657,2.6129841180146194,5.0,7.0,0.46441053341309685,-0.3584458545959288
401628502,2024,5,USC,Wisconsin,0.8677119754637581,16.15508984496767,0.88245194553543,19.963888987252275,6.0,7.0,0.8750819604995941,18.059489416109972
401628980,2024,5,Notre Dame,Louisville,0.7099897133949127,7.515800099489441,0.5975707329920286,6.896803948372014,8.0,8.0,0.6537802231934706,7.206302023930728
401629032,2024,5,UConn,Buffalo,0.6393587457583304,4.686552289742193,0.6932321974132383,7.34958371305488,6.0,6.0,0.6662954715857843,6.018068001398536
401629043,2024,5,Miami (OH),Massachusetts,0.8589703544474644,15.505405861229702,0.852452982574402,16.225008042564646,7.0,5.0,0.8557116685109332,15.865206951897175
401634767,2024,5,Miami,Virginia Tech,0.9103388725924868,19.984970950159735,0.88245194553543,19.69675673823728,8.0,8.0,0.8963954090639584,19.84086384419851
401635560,2024,5,Boston College,Western Kentucky,0.8665566648277443,16.06718680425285,0.7879293175666335,13.94164768203437,5.0,6.0,0.8272429911971889,15.00441724314361
401635561,2024,5,Clemson,Stanford,0.7908170925843835,11.324838022661678,0.7879293175666335,14.151242598805116,8.0,5.0,0.7893732050755085,12.738040310733396
401635562,2024,5,Duke,North Carolina,0.6042913771071636,3.3786316717571454,0.7057593171082679,7.217388106711203,6.0,7.0,0.6550253471077158,5.298009889234175
401635563,2024,5,SMU,Florida State,0.7472500566561501,9.169640631710475,0.766240572301453,12.337211892924874,8.0,8.0,0.7567453144788016,10.753426262317674
401635564,2024,5,NC State,Northern Illinois,0.3719723797169367,-4.924031928649198,0.448497606330901,-3.429319836254045,7.0,7.0,0.41023499302391886,-4.1766758824516215
401635659,2024,5,Wake Forest,Louisiana,0.343428678188333,-6.013535807830948,0.5077174197957641,-0.793086390852701,6.0,7.0,0.42557304899204856,-3.4033110993418245
401636880,2024,5,Baylor,BYU,0.4163994827423758,-3.2918628997627857,0.529449279626121,-0.5111730058278843,5.0,5.0,0.4729243811842484,-1.901517952795335
401636881,2024,5,Houston,Iowa State,0.3193534957286454,-6.966336096430121,0.3866876895027196,-4.481768867269032,5.0,8.0,0.3530205926156825,-5.724052481849577
401636882,2024,5,Kansas,TCU,0.5926923560421584,2.95548180510824,0.5280085951891043,1.8943336530418948,8.0,7.0,0.5603504756156313,2.424907729075067
401636883,2024,5,Kansas State,Oklahoma State,0.7783351433642632,10.677318671954811,0.6120556754270379,4.46978377941377,8.0,7.0,0.6951954093956505,7.573551225684291
401636884,2024,5,Texas Tech,Cincinnati,0.6442616530569113,4.873508930390795,0.5581279566032963,2.2372210646998165,7.0,5.0,0.6011948048301038,3.555364997545306
401636885,2024,5,UCF,Colorado,0.9220777111320384,21.327378942021845,0.88245194553543,19.450744824907236,7.0,5.0,0.9022648283337342,20.389061883464542
401636886,2024,5,Utah,Arizona,0.7651027539612594,10.018740263984736,0.8456458564285433,15.59567218418675,8.0,8.0,0.8053743051949014,12.807206224085743
401640981,2024,5,Florida International,Louisiana Tech,0.4830781298740443,-0.926282777858384,0.554861574374456,3.501712660294872,5.0,5.0,0.5189698521242502,1.287714941218244
401641025,2024,5,Memphis,Middle Tennessee,0.9497230281511868,25.427292099213822,0.9683527431493656,26.774231374950386,6.0,6.0,0.9590378856502761,26.100761737082102
401641035,2024,5,New Mexico State,New Mexico,0.5106775517761515,0.0417480212746905,0.6784983224003648,6.338768355233949,7.0,5.0,0.5945879370882581,3.1902581882543197
401641041,2024,5,Sam Houston,Texas State,0.5061125955147996,-0.1183640282578748,0.4842557629377501,1.098049081921273,5.0,6.0,0.49518417922627483,0.48984252683169904
401643718,2024,5,Wyoming,Air Force,0.3131987793023588,-7.2158375715512495,0.3638948953439975,-4.753857514868674,6.0,8.0,0.33854683732317814,-5.984847543209962
401643719,2024,5,Boise State,Washington State,0.6339345378798719,4.481002650679999,0.716202013533849,4.826505932325806,8.0,7.0,0.6750682757068605,4.653754291502903
401643720,2024,5,UNLV,Fresno State,0.7862289442889036,11.083638971356718,0.7319362341316171,12.522755154857524,6.0,6.0,0.7590825892102604,11.80319706310712
401643721,2024,5,Central Michigan,San Diego State,0.6813808111474131,6.330553494005789,0.6120556754270379,4.474855403203064,6.0,5.0,0.6467182432872255,5.4027044486044264
401643792,2024,5,Georgia State,Georgia Southern,0.5785130638927194,2.443245789285096,0.5130596178696325,0.6472028074282958,7.0,6.0,0.545786340881176,1.545224298356696
401643793,2024,5,James Madison,Ball State,0.937453975031039,23.399203416781003,0.9169647598686674,22.46248858678833,9.0,6.0,0.9272093674498532,22.930846001784666
401643794,2024,5,Marshall,Western Michigan,0.8143032810285864,12.625366665487048,0.766240572301453,12.417723665300551,7.0,5.0,0.7902719266650198,12.5215451653938
401643795,2024,5,Bowling Green,Old Dominion,0.7879773353539371,11.175101156131207,0.8022990688285825,11.04602220484139,6.0,6.0,0.7951382020912598,11.110561680486299
401643796,2024,5,Troy,UL Monroe,0.6661303023912011,5.722278266662622,0.7057593171082679,7.1938411990949245,9.0,4.0,0.6859448097497345,6.458059732878773
401644738,2024,5,Ohio,Akron,0.854116640120215,15.159114113092487,0.8037925454479611,14.603627920711329,8.0,5.0,0.828954592784088,14.881371016901909
401644739,2024,5,Kent State,Eastern Michigan,0.071779937673543,-22.7707442730444,0.0758385552775663,-16.38204222839604,4.0,5.0,0.07380924647555465,-19.57639325072022
401645331,2024,5,Temple,Army,0.2566874967203166,-9.653229430806087,0.1444440221279581,-12.70884136188254,4.0,5.0,0.20056575942413735,-11.181035396344313
401645332,2024,5,UAB,Navy,0.4478435785483249,-2.1681985822451417,0.4323829570261501,-2.054724001170051,6.0,6.0,0.44011326778723747,-2.111461291707596
401645333,2024,5,Rice,Charlotte,0.800918987915691,11.86999864451825,0.7879293175666335,14.376968578341906,6.0,5.0,0.7944241527411623,13.123483611430078
401645334,2024,5,East Carolina,UTSA,0.6400310550218931,4.712122118979144,0.7093166620284919,9.104881347226987,6.0,8.0,0.6746738585251925,6.908501733103066
401645336,2024,5,North Texas,Tulsa,0.5516662643515746,1.485410440328356,0.7093166620284919,7.857942476325438,6.0,6.0,0.6304914631900332,4.671676458326897
401645337,2024,5,Tulane,South Florida,0.6534583748281354,5.227361494319897,0.747888280995861,9.961799406519992,8.0,6.0,0.7006733279119982,7.594580450419945
401628379,2024,6,Arkansas,Tennessee,0.341675970682224,-6.081757734372326,0.2381924898755449,-10.31610278694885,5.0,8.0,0.28993423027888443,-8.198930260660589
401628380,2024,6,Florida,UCF,0.4703600276917143,-1.3732240730960623,0.4609770448877394,-0.0320222793094573,6.0,7.0,0.4656685362897268,-0.7026231762027598
401628381,2024,6,Georgia,Auburn,0.8750671184683853,16.73054032434432,0.8423145874694133,14.857702962431844,9.0,7.0,0.8586908529688992,15.794121643388083
401628382,2024,6,South Carolina,Ole Miss,0.1908172594965853,-12.997035910436855,0.2660622535560335,-7.039535117095841,5.0,7.0,0.2284397565263094,-10.018285513766347
401628383,2024,6,Texas A&M,Missouri,0.518097660164961,0.3021473914991253,0.5262141520227859,1.4075517061122094,7.0,8.0,0.5221559060938734,0.8548495488056673
401628384,2024,6,Vanderbilt,Alabama,0.1550110111434947,-15.198346386109469,0.1220220467086543,-15.193074185343304,4.0,8.0,0.1385165289260745,-15.195710285726387
401628503,2024,6,Northwestern,Indiana,0.0806856432649598,-21.66099944953908,0.0758385552775663,-16.834296162293988,6.0,6.0,0.07826209927126306,-19.247647805916536
401628504,2024,6,Ohio State,Iowa,0.8782889941075452,16.99178769542374,0.88245194553543,19.90521965825899,8.5,6.0,0.8803704698214876,18.448503676841362
401628505,2024,6,Washington,Michigan,0.5055064467542907,-0.1396209236600474,0.554861574374456,3.526821180021451,7.0,9.0,0.5301840105643734,1.6936001281807018
401628506,2024,6,Oregon,Michigan State,0.8633611917471511,15.82736242316321,0.8037925454479611,14.671407221657066,9.0,5.0,0.8335768685975561,15.24938482241014
401628507,2024,6,Minnesota,USC,0.2972171695383594,-7.8766018664503665,0.3866876895027196,-4.611301997854559,6.0,6.0,0.3419524295205395,-6.243951932152463
401628508,2024,6,Nebraska,Rutgers,0.6576133352293282,5.388660727505172,0.5394263802669865,2.846675920226269,6.0,5.0,0.5985198577481574,4.11766832386572
401628509,2024,6,Wisconsin,Purdue,0.7773849502656709,10.629114326260291,0.7093166620284919,8.777925341690372,7.0,5.0,0.7433508061470814,9.703519833975331
401628510,2024,6,Penn State,UCLA,0.9316664845711902,22.569146195038105,0.925647801411154,22.94849544731865,10.0,6.0,0.9286571429911721,22.758820821178375
401629033,2024,6,UConn,Temple,0.9104218415166324,19.993885334076943,0.8587992146606919,20.91260514609146,6.0,4.0,0.8846105280886621,20.4532452400842
401629044,2024,6,Northern Illinois,Massachusetts,0.910011305860403,19.9498488544579,0.8694350237973016,18.30782132994541,7.0,5.0,0.8897231648288524,19.128835092201655
401634779,2024,6,UNLV,Syracuse,0.808906002805294,12.31591955461064,0.8694350237973016,17.545520343073758,6.0,6.0,0.8391705133012979,14.9307199488422
401635567,2024,6,Virginia,Boston College,0.3877643511052456,-4.336313944507339,0.4434545735054379,-2.470414617998866,5.0,5.0,0.41560946230534174,-3.4033642812531024
401635568,2024,6,California,Miami,0.1765927347455107,-13.828897095141189,0.1399823316071244,-11.77261720746204,7.0,8.0,0.15828753317631755,-12.800757151301614
401635569,2024,6,Florida State,Clemson,0.3481006381229957,-5.832488778031051,0.3348187688635667,-5.854863997776018,8.0,8.0,0.3414597034932812,-5.8436763879035345
401635570,2024,6,Georgia Tech,Duke,0.7194036721452757,7.92053961181089,0.6784983224003648,5.9330756822983215,5.0,6.0,0.6989509972728203,6.926807647054606
401635571,2024,6,Louisville,SMU,0.6171886232348718,3.8542223461306304,0.6784983224003648,6.143775132368749,8.0,8.0,0.6478434728176183,4.998998739249689
401635572,2024,6,North Carolina,Pittsburgh,0.4754563028475705,-1.1940003407508315,0.5262141520227859,1.3179314012695338,7.0,6.0,0.5008352274351782,0.06196553025935114
401635573,2024,6,Stanford,Virginia Tech,0.2646406527351804,-9.291449516965423,0.2878006453521,-6.26052753987601,5.0,8.0,0.2762206490436402,-7.775988528420717
401635638,2024,6,NC State,Wake Forest,0.66391857163605,5.635245128058521,0.5927882833951295,4.070474019940104,7.0,6.0,0.6283534275155898,4.852859573999313
401636887,2024,6,Arizona,Texas Tech,0.6298070184781235,4.325454111213944,0.5927882833951295,4.148946800596753,8.0,7.0,0.6112976509366265,4.237200455905349
401636888,2024,6,Arizona State,Kansas,0.4740131870969166,-1.2447313748023698,0.5130596178696325,0.819109477676006,5.0,8.0,0.49353640248327457,-0.21281094856318195
401636889,2024,6,Iowa State,Baylor,0.741912774747985,8.92362107386361,0.775269348317486,10.74239421038003,8.0,5.0,0.7585910615327355,9.83300764212182
401636890,2024,6,Oklahoma State,West Virginia,0.5126902377937268,0.1123595731877897,0.6784983224003648,5.759923964093117,7.0,6.0,0.5955942800970457,2.936141768640453
401636891,2024,6,TCU,Houston,0.7467072402102087,9.144464459422537,0.7319362341316171,12.535121214936831,7.0,5.0,0.7393217371709129,10.839792837179683
401641001,2024,6,Kennesaw State,Jacksonville State,0.2234740594384528,-11.251076008580688,0.2519065369304993,-8.106024502875957,5.0,8.0,0.23769029818447607,-9.678550255728322
401641029,2024,6,UTEP,Sam Houston,0.2387691862218218,-10.496362663314477,0.2707132109323179,-9.6541420166269,5.0,5.0,0.2547411985770699,-10.075252339970689
401643722,2024,6,Air Force,Navy,0.2501886341671134,-9.95433588343396,0.2381924898755449,-10.06505291368091,8.0,6.0,0.24419056202132916,-10.009694398557436
401643723,2024,6,Boise State,Utah State,0.9523611205116496,25.92407790311181,0.9769469907902336,26.154186709189943,8.0,6.0,0.9646540556509415,26.039132306150876
401643724,2024,6,Oregon State,Colorado State,0.8320922577758535,13.697542264285742,0.8456458564285433,15.289479849819436,8.0,6.0,0.8388690571021984,14.49351105705259
401643725,2024,6,San Diego State,Hawai'i,0.4417301437803193,-2.385209348505496,0.5257228322695868,3.9228311219892937,5.0,6.0,0.48372648802495305,0.7688108867418988
401643726,2024,6,San José State,Nevada,0.6401079731308139,4.715048863130033,0.775269348317486,10.405361741636096,7.0,4.0,0.7076886607241499,7.560205302383064
401643797,2024,6,Troy,Texas State,0.5779924816570233,2.424533739536694,0.5267731046392776,0.1244846766229996,9.0,6.0,0.5523827931481504,1.2745092080798468
401643798,2024,6,Coastal Carolina,Old Dominion,0.7023914819397367,7.1947704398833885,0.68369027604823,5.198229849275612,6.0,6.0,0.6930408789939833,6.196500144579501
401643799,2024,6,Marshall,App State,0.6873164418845158,6.571429390647708,0.747888280995861,10.286150480881462,7.0,6.0,0.7176023614401884,8.428789935764584
401643800,2024,6,Arkansas State,South Alabama,0.1989501776110279,-12.54260732373926,0.1399823316071244,-11.705077745698825,5.0,7.0,0.16946625460907616,-12.123842534719042
401643801,2024,6,UL Monroe,James Madison,0.2394920312491482,-10.461536782509018,0.1863977521174458,-11.316374263486544,4.0,9.0,0.212944891683297,-10.888955522997781
401643802,2024,6,Southern Miss,Louisiana,0.1141243640583918,-18.296783298660447,0.1444440221279581,-13.036843565811786,4.0,7.0,0.12928419309317496,-15.666813432236117
401644684,2024,6,Toledo,Miami (OH),0.7322829151544531,8.487968761531747,0.7879293175666335,14.20119329400584,8.0,7.0,0.7601061163605434,11.344581027768793
401644740,2024,6,Akron,Bowling Green,0.1687768959310121,-14.308535877429604,0.1444440221279581,-13.038707299162862,5.0,6.0,0.15661045902948512,-13.673621588296232
401644741,2024,6,Ball State,Western Michigan,0.3304892687564083,-6.521273023826964,0.3606961662177864,-5.081553671713307,6.0,5.0,0.34559271748709736,-5.8014133477701355
401645338,2024,6,UAB,Tulane,0.1582263656351345,-14.984955342525632,0.150546851059994,-12.221271834366242,6.0,8.0,0.15438660834756424,-13.603113588445936
401645339,2024,6,Tulsa,Army,0.2629851790693412,-9.366170239209508,0.1149050051949272,-13.87842242234187,6.0,5.0,0.1889450921321342,-11.62229633077569
401645340,2024,6,Charlotte,East Carolina,0.3278105971614735,-6.627614813928117,0.2878006453521,-6.456214250452625,5.0,6.0,0.30780562125678673,-6.541914532190371
401628385,2024,7,Alabama,South Carolina,0.871432817107146,16.442692945059793,0.8608537302727398,16.931498694456998,8.0,5.0,0.8661432736899429,16.687095819758397
401628386,2024,7,Georgia,Mississippi State,0.9607798419164848,27.70585147406848,0.925647801411154,22.778415766992165,9.0,5.0,0.9432138216638194,25.242133620530325
401628387,2024,7,Kentucky,Vanderbilt,0.7185144725877138,7.881962677610401,0.6784983224003648,6.15354835480053,7.0,4.0,0.6985063974940393,7.017755516205465
401628388,2024,7,LSU,Ole Miss,0.3051676322858874,-7.545461788258834,0.2368985570795272,-8.636744643858064,8.0,7.0,0.2710330946827073,-8.09110321605845
401628389,2024,7,Massachusetts,Missouri,0.0623146954838232,-24.099261868878823,0.0976572176144474,-17.64384019580154,5.0,8.0,0.0799859565491353,-20.871551032340182
401628390,2024,7,Oklahoma,Texas,0.2178871572332293,-11.535857551106306,0.2381924898755449,-10.35224107243842,8.0,9.0,0.2280398235543871,-10.944049311772364
401628391,2024,7,Tennessee,Florida,0.8397756564271424,14.188711887777703,0.8706790660337156,20.64859066426162,8.0,6.0,0.855227361230429,17.41865127601966
401628511,2024,7,Illinois,Purdue,0.925923541389661,21.80754943842621,0.9169647598686674,22.49954092850936,6.0,5.0,0.9214441506291642,22.153545183467784
401628512,2024,7,Iowa,Washington,0.4902967571539761,-0.6729845833566817,0.5581279566032963,2.3157180379066675,6.0,7.0,0.5242123568786362,0.8213667272749929
401628513,2024,7,Maryland,Northwestern,0.7553088424653019,9.547724329641662,0.766240572301453,12.230549135683486,7.0,6.0,0.7607747073833775,10.889136732662575
401628514,2024,7,UCLA,Minnesota,0.5621054779992403,1.8562659586524544,0.448497606330901,-3.340041217596505,6.0,6.0,0.5053015421650706,-0.7418876294720254
401628515,2024,7,Oregon,Ohio State,0.3195517907074781,-6.958340537561712,0.2537832129300246,-8.768329285810296,9.0,8.5,0.28666750181875134,-7.863334911686004
401628516,2024,7,USC,Penn State,0.2665884223509416,-9.203917868745863,0.5077174197957641,-0.962867281993363,6.0,10.0,0.38715292107335286,-5.083392575369613
401628517,2024,7,Rutgers,Wisconsin,0.5982791931815491,3.158796212978693,0.7093166620284919,9.057225005413482,5.0,7.0,0.6537979276050205,6.1080106091960875
401628981,2024,7,Notre Dame,Stanford,0.9418664242898642,24.081681908723912,0.8657507620667089,25.02852013316025,8.0,5.0,0.9038085931782865,24.555101020942082
401635574,2024,7,NC State,Syracuse,0.2881954299519652,-8.258622135527997,0.3767738704325416,-4.091189033220403,7.0,6.0,0.3324846501922534,-6.1749055843742
401635575,2024,7,Pittsburgh,California,0.6427086252250638,4.8141664723204585,0.7057593171082679,7.1584187579369125,6.0,7.0,0.6742339711666658,5.9862926151286855
401635576,2024,7,Wake Forest,Clemson,0.1795752022695372,-13.650275563095532,0.2381924898755449,-10.304876606356247,6.0,8.0,0.20888384607254104,-11.97757608472589
401635577,2024,7,North Carolina,Georgia Tech,0.3638124584433049,-5.2316342013904364,0.5077174197957641,-0.7952382220411449,7.0,5.0,0.4357649391195345,-3.0134362117157907
401635578,2024,7,Virginia,Louisville,0.249695301582232,-9.977403769375764,0.2537832129300246,-9.17093829534362,5.0,8.0,0.2517392572561283,-9.574171032359692
401636892,2024,7,Arizona State,Utah,0.5866379701554908,2.7361334489004694,0.5754815595184704,2.137637666241442,5.0,8.0,0.5810597648369806,2.436885557570956
401636893,2024,7,BYU,Arizona,0.6948213577891168,6.87959265438287,0.7715118216941832,11.619765908237822,5.0,8.0,0.7331665897416499,9.249679281310346
401636894,2024,7,Colorado,Kansas State,0.2373004548488336,-10.567348183881055,0.3866876895027196,-4.365680141261982,5.0,8.0,0.31199407217577657,-7.466514162571519
401636895,2024,7,UCF,Cincinnati,0.7979088069774071,11.705436999160575,0.6120556754270379,4.490675142725793,7.0,5.0,0.7049822412022224,8.098056070943183
401636896,2024,7,West Virginia,Iowa State,0.4272828992215098,-2.900670515745144,0.4323829570261501,-1.6022278298053134,6.0,8.0,0.42983292812382995,-2.251449172775229
401640982,2024,7,Liberty,Florida International,0.8593243883179281,15.53105154738996,0.7042508205171714,9.372941965023635,9.0,5.0,0.7817876044175498,12.451996756206798
401641002,2024,7,Jacksonville State,New Mexico State,0.948836327791692,25.265851360760937,0.8694350237973016,18.127086228272937,8.0,7.0,0.9091356757944968,21.69646879451694
401641009,2024,7,Louisiana Tech,Middle Tennessee,0.5556372306556396,1.6262712044174807,0.6932321974132383,7.465656873163702,5.0,6.0,0.624434714034439,4.545964038790592
401641030,2024,7,Western Kentucky,UTEP,0.9116591252123004,20.12771349774216,0.8694350237973016,18.21540731548384,6.0,5.0,0.890547074504801,19.171560406613
401643727,2024,7,New Mexico,Air Force,0.5273292044226443,0.6265212775361584,0.5231011853062879,1.9532968273885287,5.0,8.0,0.5252151948644661,1.2899090524623436
401643728,2024,7,Hawai'i,Boise State,0.1550128528730337,-15.1982231289704,0.1220220467086543,-14.621407579421042,6.0,8.0,0.13851744979084402,-14.909815354195722
401643729,2024,7,Colorado State,San José State,0.3527638003221673,-5.65290844654143,0.3558162381015561,-5.808717372315568,6.0,7.0,0.3542900192118617,-5.730812909428499
401643730,2024,7,Fresno State,Washington State,0.2753457424853641,-8.815285951724329,0.3731415134770628,-3.7421793250267577,6.0,7.0,0.3242436279812134,-6.278732638375543
401643731,2024,7,Nevada,Oregon State,0.5835433296772726,2.6243860674835937,0.5077174197957641,-1.1297818194186622,4.0,8.0,0.5456303747365183,0.7473021240324658
401643732,2024,7,Wyoming,San Diego State,0.3929876366561424,-4.143913740839947,0.4446499797156309,-2.60839293827118,6.0,5.0,0.4188188081858867,-3.3761533395555636
401643733,2024,7,Utah State,UNLV,0.1044315273786116,-19.17022196718369,0.0711357391367059,-21.65933612637437,6.0,6.0,0.08778363325765876,-20.41477904677903
401643803,2024,7,James Madison,Coastal Carolina,0.7700438726018496,10.261532202290098,0.7585043479789247,12.175046860418288,9.0,6.0,0.7642741102903872,11.218289531354193
401643804,2024,7,Georgia Southern,Marshall,0.5317376702084865,0.7816421080127274,0.554861574374456,3.453239646967196,6.0,7.0,0.5432996222914712,2.117440877489962
401643805,2024,7,Georgia State,Old Dominion,0.5883983338592993,2.799809882461968,0.4323829570261501,-2.062327806170294,7.0,6.0,0.5103906454427247,0.36874103814583714
401643806,2024,7,Louisiana,App State,0.8622527269504575,15.74527433036025,0.7879293175666335,14.285684862134444,7.0,6.0,0.8250910222585455,15.015479596247346
401643807,2024,7,UL Monroe,Southern Miss,0.79486051092775,11.54064646382393,0.7879293175666335,13.70813984214989,4.0,4.0,0.7913949142471918,12.62439315298691
401643808,2024,7,Texas State,Arkansas State,0.8175885600153053,12.817134994623538,0.8423145874694133,14.912531800386578,6.0,5.0,0.8299515737423593,13.864833397505059
401644685,2024,7,Eastern Michigan,Miami (OH),0.5231067127192001,0.4780851885034254,0.6784983224003648,5.7840894323254775,5.0,7.0,0.6008025175597824,3.1310873104144514
401644742,2024,7,Western Michigan,Akron,0.777044326909067,10.611869897856174,0.8014701125058992,11.248283223627272,5.0,5.0,0.7892572197074831,10.930076560741723
401644743,2024,7,Kent State,Ball State,0.3200528377246454,-6.938149263180847,0.4446499797156309,-2.6748803961967624,4.0,6.0,0.3823514087201382,-4.806514829688805
401644744,2024,7,Bowling Green,Northern Illinois,0.5002598578121622,-0.3235953223255432,0.5339577906986226,3.70714596676265,6.0,7.0,0.5171088242553924,1.6917753222185534
401644745,2024,7,Buffalo,Toledo,0.256040887739469,-9.682961572012577,0.2381924898755449,-10.320433646986633,6.0,8.0,0.24711668880750692,-10.001697609499605
401644746,2024,7,Central Michigan,Ohio,0.417827585783,-3.240372820136766,0.4609770448877394,-0.0378510222512353,6.0,8.0,0.43940231533536966,-1.6391119211940006
401645341,2024,7,South Florida,Memphis,0.323812627906666,-6.787165121765733,0.2715871003625438,-7.384107142364023,6.0,6.0,0.2976998641346049,-7.085636132064878
401645342,2024,7,Army,UAB,0.9245089962971176,21.628331974200297,0.8657507620667089,24.745115703521805,5.0,6.0,0.8951298791819132,23.18672383886105
401645343,2024,7,Florida Atlantic,North Texas,0.3912948980425149,-4.206164857713082,0.4842557629377501,1.0077540681788308,7.0,6.0,0.4377753304901325,-1.5992053947671256
401645344,2024,7,Rice,UTSA,0.6498907666097337,5.089587900529885,0.7057593171082679,7.152025354943484,6.0,8.0,0.6778250418590008,6.120806627736684
401628392,2024,8,Arkansas,LSU,0.4917836435211802,-0.6208315580759791,0.5262141520227859,1.1299773882790127,5.0,8.0,0.508998897771983,0.2545729151015168
401628393,2024,8,Florida,Kentucky,0.4305091582180272,-2.7852094336691224,0.5280085951891043,1.8181284183678013,6.0,7.0,0.4792588767035657,-0.4835405076506606
401628394,2024,8,Mississippi State,Texas A&M,0.1382244472703518,-16.37552171095653,0.2537832129300246,-9.11504326196692,5.0,7.0,0.19600383010018818,-12.745282486461726
401628395,2024,8,Missouri,Auburn,0.7104746961383757,7.53645760228938,0.7093166620284919,8.069539999396468,8.0,7.0,0.7098956790834338,7.802998800842924
401628396,2024,8,Oklahoma,South Carolina,0.669676817494539,5.8624398083476175,0.6784983224003648,5.91814059177821,8.0,5.0,0.6740875699474519,5.890290200062914
401628397,2024,8,Tennessee,Alabama,0.4637480816270404,-1.6060800530239052,0.4471554494293384,2.503676163620911,8.0,8.0,0.4554517655281894,0.4487980552985029
401628398,2024,8,Texas,Georgia,0.7983922377614118,11.73174113104119,0.7879293175666335,14.237488967227806,9.0,9.0,0.7931607776640226,12.984615049134497
401628399,2024,8,Vanderbilt,Ball State,0.9816868106762624,34.57048157712525,0.9962954770512288,28.457073078170843,4.0,6.0,0.9889911438637455,31.513777327648047
401628518,2024,8,Illinois,Michigan,0.4139998215574107,-3.3784968701591933,0.5267731046392776,0.1044554126084653,6.0,9.0,0.4703864630983442,-1.637020728775364
401628519,2024,8,Indiana,Nebraska,0.8745665457577227,16.690471505145613,0.8037925454479611,14.722256411598725,6.0,6.0,0.8391795456028419,15.706363958372169
401628520,2024,8,Michigan State,Iowa,0.3389710640918896,-6.187374523234071,0.3252191472609644,-6.105324028043084,5.0,6.0,0.33209510567642697,-6.146349275638578
401628521,2024,8,Maryland,USC,0.3125965240151109,-7.240393644821786,0.3638948953439975,-4.749750834099752,7.0,6.0,0.3382457096795542,-5.995072239460769
401628522,2024,8,Northwestern,Wisconsin,0.3965627311622799,-4.012746559866523,0.4446499797156309,-2.8151126318301563,6.0,7.0,0.4206063554389554,-3.4139295958483395
401628523,2024,8,Purdue,Oregon,0.0609923528847006,-24.299635430351916,0.1985038758894331,-19.957308427361625,5.0,9.0,0.12974811438706685,-22.12847192885677
401628524,2024,8,Rutgers,UCLA,0.445868951419372,-2.238228204260444,0.5975707329920286,7.079261369250064,5.0,6.0,0.5217198422057003,2.42051658249481
401628982,2024,8,Georgia Tech,Notre Dame,0.358606296303356,-5.429425757347712,0.150546851059994,-12.298922624054024,5.0,8.0,0.25457657368167497,-8.864174190700869
401629034,2024,8,UConn,Wake Forest,0.7862046253412543,11.08237064564243,0.775269348317486,10.934996363541217,6.0,6.0,0.7807369868293701,11.008683504591822
401634768,2024,8,Virginia Tech,Boston College,0.67583917372161,6.107814886504208,0.6932321974132383,7.703286535796048,8.0,5.0,0.6845356855674241,6.905550711150128
401634769,2024,8,Duke,Florida State,0.7118675083946121,7.595897822438211,0.6308356702160808,6.452302995960409,6.0,8.0,0.6713515893053464,7.02410040919931
401635587,2024,8,California,NC State,0.8109354533322887,12.43147928359398,0.766240572301453,12.350072446863818,7.0,7.0,0.7885880128168709,12.3907758652289
401635588,2024,8,Clemson,Virginia,0.8310224958762245,13.630592960008643,0.852452982574402,16.093988731498115,8.0,5.0,0.8417377392253133,14.862290845753378
401635589,2024,8,Louisville,Miami,0.4043996586484946,-3.726609829114596,0.4609770448877394,-0.1645949868493428,8.0,8.0,0.432688351768117,-1.9456024079819694
401635590,2024,8,Stanford,SMU,0.1392041942829508,-16.303634949549885,0.0758385552775663,-16.646768464232117,5.0,8.0,0.10752137478025856,-16.475201706891
401636897,2024,8,Arizona,Colorado,0.5803501011458992,2.5093275539450515,0.5262141520227859,1.2064764109289392,8.0,5.0,0.5532821265843426,1.8579019824369953
401636898,2024,8,BYU,Oklahoma State,0.8855444155858945,17.60268665721455,0.7319362341316171,12.753502989202104,5.0,7.0,0.8087403248587558,15.178094823208328
401636899,2024,8,Cincinnati,Arizona State,0.4385034439604544,-2.499997413896382,0.5796033054460699,4.273592593465818,5.0,5.0,0.5090533747032622,0.8867975897847178
401636900,2024,8,Iowa State,UCF,0.6163333419188355,3.822502983801937,0.8014701125058992,11.20159255149276,8.0,7.0,0.7089017272123673,7.512047767647349
401636901,2024,8,Kansas,Houston,0.5378832711427836,0.9981840661858286,0.6647535604976416,5.092604222247816,8.0,5.0,0.6013184158202125,3.0453941442168224
401636902,2024,8,Texas Tech,Baylor,0.7159007525355479,7.768995896799469,0.6784983224003648,5.947742806924733,7.0,5.0,0.6971995374679563,6.858369351862101
401636903,2024,8,Utah,TCU,0.5500803314701894,1.429219471001594,0.716202013533849,4.827998827791563,8.0,7.0,0.6331411725020193,3.1286091493965786
401636904,2024,8,West Virginia,Kansas State,0.3149932906788338,-7.142820691590247,0.4323829570261501,-1.8501858565792075,6.0,8.0,0.37368812385249195,-4.496503274084727
401640983,2024,8,UTEP,Florida International,0.419655987909711,-3.174522362230555,0.2715871003625438,-7.150601284681537,5.0,5.0,0.3456215441361274,-5.162561823456046
401641010,2024,8,New Mexico State,Louisiana Tech,0.2353850312135399,-10.660379227142714,0.3606961662177864,-5.121733390066861,7.0,5.0,0.29804059871566313,-7.891056308604788
401641019,2024,8,Middle Tennessee,Kennesaw State,0.7831621344416568,10.924513224978574,0.6784983224003648,5.910105182729344,6.0,5.0,0.7308302284210109,8.417309203853959
401641038,2024,8,Sam Houston,Western Kentucky,0.5109274550803101,0.0505147324623553,0.5927882833951295,4.102666319964741,5.0,6.0,0.5518578692377198,2.0765905262135482
401643734,2024,8,Air Force,Colorado State,0.3732252105563032,-4.87705248318548,0.4323829570261501,-1.5867648271016126,8.0,6.0,0.4028040837912267,-3.2319086551435463
401643735,2024,8,Nevada,Fresno State,0.6832582476646449,6.406479372580272,0.5280085951891043,1.783823675146177,4.0,6.0,0.6056334214268746,4.095151523863224
401643736,2024,8,Washington State,Hawai'i,0.86629659805954,16.04748820959272,0.8608537302727398,16.88453063595052,7.0,6.0,0.8635751641661399,16.46600942277162
401643737,2024,8,Utah State,New Mexico,0.6256041956802122,4.167800468463211,0.554861574374456,3.538908645462138,6.0,5.0,0.5902328850273342,3.8533545569626746
401643738,2024,8,San José State,Wyoming,0.8450507103529986,14.53706379393642,0.8456458564285433,15.473608467548996,7.0,6.0,0.845348283390771,15.005336130742709
401643739,2024,8,Oregon State,UNLV,0.3030628909757093,-7.632643710398378,0.2368985570795272,-8.36677837210286,8.0,6.0,0.26998072402761825,-7.999711041250619
401643809,2024,8,South Alabama,Troy,0.6710413264439853,5.916568828967719,0.766240572301453,12.23419439287271,7.0,9.0,0.7186409493727192,9.075381610920214
401643810,2024,8,Marshall,Georgia State,0.6906949703757722,6.709645127981959,0.7585043479789247,11.810539537532875,7.0,7.0,0.7245996591773485,9.260092332757417
401643811,2024,8,Coastal Carolina,Louisiana,0.3976307090005276,-3.97364262759041,0.5262141520227859,1.1325072581976547,6.0,7.0,0.4619224305116567,-1.4205676846963777
401643812,2024,8,Georgia Southern,James Madison,0.2288982663260018,-10.979399451227916,0.2537832129300246,-8.721941346722769,6.0,9.0,0.2413407396280132,-9.850670398975343
401643813,2024,8,Old Dominion,Texas State,0.3292119656669685,-6.571926281513461,0.4367261454497751,-3.493841699699296,6.0,6.0,0.3829690555583718,-5.032883990606378
401643814,2024,8,Southern Miss,Arkansas State,0.4222007391152737,-3.083004084271165,0.4606519464280855,-0.6836389287014395,4.0,5.0,0.4414263427716796,-1.8833215064863023
401644686,2024,8,Miami (OH),Ohio,0.6542668638338378,5.25867568478961,0.6932321974132383,7.6461950055681935,7.0,8.0,0.673749530623538,6.452435345178902
401644748,2024,8,Bowling Green,Kent State,0.9633202227890104,28.316017194889398,0.9683527431493656,26.4879155000698,6.0,4.0,0.965836482969188,27.4019663474796
401644749,2024,8,Buffalo,Western Michigan,0.6247089703091675,4.134311962188431,0.6784983224003648,5.599341941625166,6.0,5.0,0.6516036463547661,4.866826951906798
401644750,2024,8,Eastern Michigan,Central Michigan,0.6398405756272227,4.704875530433499,0.7057593171082679,7.134515257999055,5.0,6.0,0.6727999463677453,5.919695394216277
401644751,2024,8,Northern Illinois,Toledo,0.5697840356174018,2.130279380910275,0.5231011853062879,1.9722975543718448,7.0,8.0,0.5464426104618448,2.05128846764106
401645345,2024,8,South Florida,UAB,0.8352476297697174,13.89702190061426,0.8014701125058992,11.168758373531675,6.0,6.0,0.8183588711378083,12.532890137072968
401645346,2024,8,Army,East Carolina,0.8446951776267709,14.513284293514106,0.88245194553543,19.798077698007106,5.0,6.0,0.8635735615811004,17.155680995760605
401645347,2024,8,Navy,Charlotte,0.8284757721955048,13.47255755208426,0.8170697795405115,17.072877300756204,6.0,5.0,0.8227727758680081,15.272717426420233
401645348,2024,8,UTSA,Florida Atlantic,0.7068057949090037,7.380686487241675,0.5262141520227859,1.4152106540733014,8.0,7.0,0.6165099734658948,4.397948570657489
401645349,2024,8,Memphis,North Texas,0.8148546727596263,12.657368161194215,0.775269348317486,10.447444160054705,6.0,6.0,0.7950620105385562,11.55240616062446
401645350,2024,8,Tulane,Rice,0.861979518974574,15.725127061685695,0.8706790660337156,20.58531422797424,8.0,6.0,0.8663292925041448,18.155220644829967
401645351,2024,8,Temple,Tulsa,0.4958963351476898,-0.4766012779154542,0.68369027604823,5.2755141511870765,4.0,6.0,0.5897933055979598,2.3994564366358113
401628400,2024,9,Alabama,Missouri,0.7508992348170659,9.339830345434418,0.7879293175666335,13.625159863990724,8.0,8.0,0.7694142761918497,11.482495104712571
401628401,2024,9,Kentucky,Auburn,0.6298470375905904,4.326958788580967,0.5754815595184704,2.2265397112584493,7.0,7.0,0.6026642985545303,3.276749249919708
401628402,2024,9,Ole Miss,Oklahoma,0.833822027219841,13.806521271579976,0.7718298825644386,16.55083819225079,7.0,8.0,0.8028259548921398,15.178679731915384
401628403,2024,9,Mississippi State,Arkansas,0.2508808295933847,-9.922020343060783,0.3866876895027196,-4.143600972098698,5.0,5.0,0.3187842595480521,-7.03281065757974
401628404,2024,9,Texas A&M,LSU,0.5153180708647714,0.204574563805858,0.4842557629377501,0.9981486027283122,7.0,8.0,0.49978691690126076,0.6013615832670851
401628405,2024,9,Vanderbilt,Texas,0.1263308472913159,-17.284394358950887,0.1220220467086543,-15.296339137879173,4.0,9.0,0.1241764469999851,-16.290366748415032
401628525,2024,9,Oregon,Illinois,0.8632822771444937,15.821499864709368,0.773312631215673,13.335643872706717,9.0,6.0,0.8182974541800834,14.578571868708043
401628526,2024,9,Indiana,Washington,0.8562187375964316,15.30789412630492,0.7718298825644386,16.592051193938826,6.0,7.0,0.8140243100804352,15.949972660121873
401628527,2024,9,Iowa,Northwestern,0.7885670053717672,11.206072287253498,0.7042508205171714,9.46974836782529,6.0,6.0,0.7464089129444693,10.337910327539394
401628528,2024,9,Minnesota,Maryland,0.5472152012169629,1.3277960303120315,0.5138706178431527,3.7833942241933705,6.0,7.0,0.5305429095300578,2.555595127252701
401628529,2024,9,Michigan,Michigan State,0.6901219797163058,6.686145856782938,0.6932321974132383,7.505055951690387,9.0,5.0,0.6916770885647721,7.095600904236663
401628530,2024,9,Ohio State,Nebraska,0.9444753332421176,24.50842992082823,0.9769469907902336,26.066443175636195,8.5,6.0,0.9607111620161757,25.287436548232215
401628531,2024,9,Wisconsin,Penn State,0.1842208893297854,-13.376600044145173,0.3606961662177864,-5.132089284810203,7.0,10.0,0.2724585277737859,-9.254344664477689
401628532,2024,9,USC,Rutgers,0.8458772292909471,14.59251752455609,0.7879293175666335,13.60559995614295,6.0,5.0,0.8169032734287903,14.09905874034952
401628983,2024,9,Navy,Notre Dame,0.1933214042319914,-12.855575706643128,0.150546851059994,-12.074974487725068,6.0,8.0,0.1719341276459927,-12.465275097184097
401629035,2024,9,UConn,Rice,0.6290654512127711,4.29758405115268,0.7093166620284919,8.663178651073075,6.0,6.0,0.6691910566206315,6.480381351112877
401634770,2024,9,Pittsburgh,Syracuse,0.6240134040524897,4.108314307106339,0.6308356702160808,6.445392640974159,6.0,6.0,0.6274245371342853,5.276853474040249
401634771,2024,9,Boston College,Louisville,0.3284935150568857,-6.600461401030648,0.3132254873336326,-6.928680097015231,5.0,8.0,0.32085950119525913,-6.76457074902294
401635594,2024,9,California,Oregon State,0.8012948744941414,11.890678558166355,0.6784983224003648,6.079160433487455,7.0,8.0,0.7398965984472531,8.984919495826905
401635595,2024,9,Duke,SMU,0.2151107950951955,-11.679336238383248,0.2368985570795272,-8.60394299541618,6.0,8.0,0.22600467608736136,-10.141639616899713
401635596,2024,9,Miami,Florida State,0.9430299530172525,24.269733282008197,0.8587992146606919,21.19182912972418,8.0,8.0,0.9009145838389722,22.730781205866187
401635597,2024,9,Virginia Tech,Georgia Tech,0.5479773129174856,1.3547631145523582,0.6308356702160808,6.4795728194570685,8.0,5.0,0.5894064915667832,3.9171679670047133
401635598,2024,9,Virginia,North Carolina,0.5551407307570736,1.6086456147207,0.4471554494293384,2.5397684807249377,5.0,7.0,0.5011480900932059,2.074207047722819
401635599,2024,9,Stanford,Wake Forest,0.5223567010633863,0.4517322770341749,0.476719999841216,-0.2110690247968287,5.0,6.0,0.4995383504523011,0.1203316261186731
401636905,2024,9,Arizona,West Virginia,0.4670079130339348,-1.4912260925786778,0.4323829570261501,-1.982659188100769,8.0,6.0,0.44969543503004245,-1.7369426403397235
401636906,2024,9,Baylor,Oklahoma State,0.7641606920625011,9.972854117170366,0.6784983224003648,5.40690221391487,5.0,7.0,0.721329507231433,7.689878165542618
401636907,2024,9,Colorado,Cincinnati,0.6262576580125999,4.192265420206313,0.5134749933560657,2.669506341482459,5.0,5.0,0.5698663256843328,3.430885880844386
401636908,2024,9,Houston,Utah,0.4954636799282291,-0.4917730504090492,0.4446499797156309,-2.919710711708561,5.0,8.0,0.47005682982193,-1.705741881058805
401636909,2024,9,Kansas State,Kansas,0.7982293950773063,11.722875378920874,0.7093166620284919,8.478689364469378,8.0,8.0,0.7537730285528991,10.100782371695125
401636910,2024,9,TCU,Texas Tech,0.6812218284214296,6.324135011146445,0.6308356702160808,6.5745360406423154,7.0,7.0,0.6560287493187552,6.44933552589438
401636911,2024,9,UCF,BYU,0.5530413472043229,1.534160914378174,0.5077174197957641,-1.067922798006833,7.0,5.0,0.5303793835000434,0.23311905818567047
401640984,2024,9,Florida International,Sam Houston,0.2183033253208959,-11.514464596523675,0.3558162381015561,-5.760458517315256,5.0,5.0,0.28705978171122604,-8.637461556919465
401640993,2024,9,Kennesaw State,Liberty,0.0766872677021395,-22.14457491042065,0.1297751732572601,-15.815873721622928,5.0,9.0,0.10323122047969979,-18.98022431602179
401641003,2024,9,Jacksonville State,Middle Tennessee,0.871087491303407,16.41570496649493,0.8706790660337156,20.594577367854,8.0,6.0,0.8708832786685613,18.505141167174465
401641011,2024,9,Louisiana Tech,UTEP,0.7183242485436896,7.873719654084534,0.7093166620284919,8.477187293789639,5.0,5.0,0.7138204552860907,8.175453473937086
401643740,2024,9,UNLV,Boise State,0.4912711846702505,-0.6388055972329765,0.5134749933560657,2.6869185973988507,6.0,8.0,0.5023730890131581,1.0240565000829371
401643741,2024,9,Colorado State,New Mexico,0.7133980708942027,7.661414334667192,0.6932321974132383,7.597721396421791,6.0,5.0,0.7033151341537205,7.629567865544492
401643742,2024,9,Fresno State,San José State,0.5418629013717531,1.1386198259386744,0.5485006618577397,3.036287127203712,6.0,7.0,0.5451817816147464,2.087453476571193
401643743,2024,9,Hawai'i,Nevada,0.4337079092009672,-2.670941123794711,0.4323829570261501,-1.896951762781625,6.0,4.0,0.43304543311355864,-2.283946443288168
401643744,2024,9,San Diego State,Washington State,0.2091284670836994,-11.993137104950277,0.1863977521174458,-11.435630792579584,5.0,7.0,0.19776310960057258,-11.71438394876493
401643745,2024,9,Wyoming,Utah State,0.4380083886347118,-2.517624860807668,0.5485006618577397,2.9330406916152167,6.0,6.0,0.49325452524622576,0.20770791540377442
401643815,2024,9,Old Dominion,Georgia Southern,0.4803826612536543,-1.02092337794291,0.5130596178696325,0.8025039274548575,6.0,6.0,0.49672113956164343,-0.10920972524402628
401643816,2024,9,App State,Georgia State,0.5526079109406621,1.518791336193691,0.5257228322695868,3.9144643528363545,6.0,7.0,0.5391653716051245,2.7166278445150227
401643817,2024,9,James Madison,Southern Miss,0.9643703905676356,28.580208207716908,0.9962954770512288,28.30749411790245,9.0,4.0,0.9803329338094322,28.44385116280968
401643818,2024,9,Arkansas State,Troy,0.3887754763641587,-4.29899636186742,0.529449279626121,-0.5050917337424163,5.0,9.0,0.4591123779951398,-2.4020440478049183
401643819,2024,9,South Alabama,UL Monroe,0.7995922503003324,11.797239937650454,0.8014701125058992,11.387088049515656,7.0,4.0,0.8005311814031157,11.592163993583055
401644687,2024,9,Miami (OH),Central Michigan,0.830787807445273,13.615950574173173,0.8014701125058992,11.127599959846002,7.0,6.0,0.8161289599755861,12.371775267009587
401644752,2024,9,Akron,Eastern Michigan,0.3784905630978459,-4.68029664124202,0.2612163668721204,-7.464561566324853,5.0,5.0,0.3198534649849831,-6.072429103783437
401644753,2024,9,Ball State,Northern Illinois,0.1473406273854637,-15.722427498443857,0.1333592252942791,-13.535973842191137,6.0,7.0,0.1403499263398714,-14.629200670317497
401644754,2024,9,Toledo,Bowling Green,0.7080122724950714,7.431782868571842,0.7093166620284919,8.71064957808932,8.0,6.0,0.7086644672617817,8.07121622333058
401644755,2024,9,Ohio,Buffalo,0.711515541842359,7.580861065942514,0.6647535604976416,4.986338547987756,8.0,6.0,0.6881345511700003,6.283599806965135
401644756,2024,9,Western Michigan,Kent State,0.9474606305515452,25.020543700756168,0.8781564569432876,20.38660009971114,5.0,4.0,0.9128085437474164,22.703571900233655
401645352,2024,9,East Carolina,Temple,0.7665779970921098,10.09085373433337,0.747888280995861,10.15463336935168,6.0,4.0,0.7572331390439855,10.122743551842525
401645353,2024,9,Memphis,Charlotte,0.8788210385335689,17.035499818530937,0.8694350237973016,17.931115079086922,6.0,5.0,0.8741280311654352,17.48330744880893
401645354,2024,9,North Texas,Tulane,0.2002399974189456,-12.47183350785077,0.2381924898755449,-10.227038175322608,6.0,8.0,0.21921624364724523,-11.34943584158669
401645355,2024,9,Tulsa,UTSA,0.3043236475808807,-7.580380281760069,0.3698466612981735,-4.9610843377358265,6.0,8.0,0.33708515443952713,-6.270732309747948
401628406,2024,10,Arkansas,Ole Miss,0.3294079039670202,-6.564149595327997,0.2715871003625438,-7.321267136944554,5.0,7.0,0.300497502164782,-6.942708366136276
401628407,2024,10,Auburn,Vanderbilt,0.5974208092843766,3.127499169068234,0.6714531164514496,4.774505107202776,7.0,4.0,0.6344369628679131,3.9510021381355047
401628408,2024,10,Georgia,Florida,0.8096711236085982,12.35937580812058,0.775269348317486,10.508562533450382,9.0,6.0,0.792470235963042,11.433969170785481
401628409,2024,10,Mississippi State,Massachusetts,0.8710122417916969,16.40983222590904,0.8681640136003178,15.9710250148887,5.0,5.0,0.8695881276960074,16.19042862039887
401628411,2024,10,South Carolina,Texas A&M,0.4439690695813709,-2.305664198437635,0.5134749933560657,2.629987412998169,5.0,7.0,0.4787220314687183,0.16216160728026696
401628412,2024,10,Tennessee,Kentucky,0.8136520076045038,12.587662612248533,0.88245194553543,19.75354040639516,8.0,7.0,0.848051976569967,16.17060150932185
401628533,2024,10,Illinois,Minnesota,0.5547916428301696,1.596255445146832,0.5262141520227859,1.2255482794497,6.0,6.0,0.5405028974264777,1.410901862298266
401628534,2024,10,Michigan State,Indiana,0.1823359219649727,-13.486988484012748,0.1333592252942791,-13.389939081669096,5.0,6.0,0.1578475736296259,-13.438463782840923
401628535,2024,10,Iowa,Wisconsin,0.6467683968812401,4.9695394022390165,0.6784983224003648,6.401601576647318,6.0,7.0,0.6626333596408025,5.685570489443167
401628536,2024,10,Michigan,Oregon,0.258095710602448,-9.588646587218197,0.3132254873336326,-6.905214674578829,9.0,9.0,0.2856605989680403,-8.246930630898513
401628537,2024,10,Nebraska,UCLA,0.5701581553122026,2.1436595637668434,0.6932321974132383,7.606829742520962,6.0,6.0,0.6316951763627204,4.875244653143903
401628538,2024,10,Purdue,Northwestern,0.4387638527218485,-2.490726784589353,0.2715871003625438,-7.224632282855101,5.0,6.0,0.35517547654219617,-4.8576795337222265
401628539,2024,10,Penn State,Ohio State,0.5333698369235375,0.839116147096969,0.448497606330901,-3.070431638297721,10.0,8.5,0.49093372162721927,-1.115657745600376
401628540,2024,10,Washington,USC,0.4837750429943471,-0.9018193075517348,0.4434545735054379,-2.376949214251012,7.0,6.0,0.4636148082498925,-1.6393842609013733
401629036,2024,10,UConn,Georgia State,0.710540361123862,7.539256131413804,0.7660492970501612,13.031241787707517,6.0,7.0,0.7382948290870116,10.285248959560661
401635516,2024,10,NC State,Stanford,0.637921354909196,4.631953744029211,0.6932321974132383,7.366678234672497,7.0,5.0,0.6655767761612171,5.999315989350854
401635600,2024,10,Clemson,Louisville,0.5222411812589506,0.4476736136585835,0.5746851315952506,4.413320331072008,8.0,8.0,0.5484631564271005,2.4304969723652956
401635601,2024,10,Miami,Duke,0.921065608619428,21.20462657895141,0.8938718963320842,18.778767961099888,8.0,6.0,0.9074687524757561,19.991697270025647
401635602,2024,10,Florida State,North Carolina,0.3944368820176814,-4.090692314691379,0.4609770448877394,-0.1558021870230703,8.0,7.0,0.4277069634527104,-2.123247250857225
401635604,2024,10,Syracuse,Virginia Tech,0.3849074647709062,-4.441947190866973,0.3252191472609644,-6.075700462348145,6.0,8.0,0.3550633060159353,-5.258823826607559
401635627,2024,10,SMU,Pittsburgh,0.6867084199212073,6.546642067956317,0.7042508205171714,9.117887632246324,8.0,6.0,0.6954796202191893,7.832264850101321
401636912,2024,10,Baylor,TCU,0.5686770585149866,2.090705588527434,0.6120556754270379,4.498878923349918,5.0,7.0,0.5903663669710122,3.2947922559386758
401636913,2024,10,Houston,Kansas State,0.189944133785392,-13.046692349276857,0.2381924898755449,-10.359119467816162,5.0,8.0,0.21406831183046843,-11.702905908546509
401636914,2024,10,Iowa State,Texas Tech,0.7963984564260269,11.623558088977443,0.7879293175666335,14.038350277368504,8.0,7.0,0.7921638869963302,12.830954183172974
401636915,2024,10,Oklahoma State,Arizona State,0.2657766228902297,-9.240349898206354,0.5280085951891043,1.5815544347277255,7.0,5.0,0.39689260903966694,-3.829397731739314
401636916,2024,10,UCF,Arizona,0.7760121755770405,10.559730496804546,0.775269348317486,10.797446287419332,7.0,8.0,0.7756407619472632,10.678588392111939
401640985,2024,10,Florida International,New Mexico State,0.6771262040233191,6.1593658664020055,0.7042508205171714,9.612082048584783,5.0,7.0,0.6906885122702453,7.885723957493394
401640994,2024,10,Liberty,Jacksonville State,0.5279699433195593,0.6490570879929365,0.4609770448877394,-0.036745811510817,9.0,8.0,0.4944734941036493,0.30615563824105974
401641012,2024,10,Sam Houston,Louisiana Tech,0.7446476219656,9.04926058894791,0.766240572301453,12.245785835479811,5.0,5.0,0.7554440971335266,10.64752321221386
401641020,2024,10,Western Kentucky,Kennesaw State,0.9323627728861292,22.66547504574492,0.925647801411154,23.64018290632711,6.0,5.0,0.9290052871486416,23.152828976036012
401641026,2024,10,UTEP,Middle Tennessee,0.5593075480911293,1.7566911181493925,0.6784983224003648,5.712750629189001,5.0,6.0,0.618902935245747,3.734720873669197
401643746,2024,10,Army,Air Force,0.954802814605778,26.407742125475945,0.9962954770512288,28.09302037005846,5.0,8.0,0.9755491458285034,27.2503812477672
401643747,2024,10,Boise State,San Diego State,0.9379441480221248,23.472755561993853,0.925647801411154,23.62289364549409,8.0,5.0,0.9317959747166393,23.547824603743972
401643748,2024,10,Nevada,Colorado State,0.6788316762428811,6.2278432041723,0.716202013533849,4.826547912839262,4.0,6.0,0.6975168448883651,5.527195558505781
401643749,2024,10,Fresno State,Hawai'i,0.6296101521848384,4.318053117257996,0.747888280995861,10.29114857153106,6.0,6.0,0.6887492165903497,7.304600844394528
401643750,2024,10,New Mexico,Wyoming,0.7209294223776495,7.986906831619336,0.6784983224003648,5.77653198433511,5.0,6.0,0.6997138723890071,6.881719407977223
401643820,2024,10,Texas State,Louisiana,0.49140379224845,-0.6341544439932174,0.6910731365912233,4.66386287216604,6.0,7.0,0.5912384644198366,2.0148542140864114
401643821,2024,10,App State,Old Dominion,0.3702358886900944,-4.989254895015181,0.3279857029161949,-5.365681533433312,6.0,6.0,0.34911079580314464,-5.1774682142242465
401643822,2024,10,Marshall,UL Monroe,0.7396335985410836,8.819577125830454,0.7010772228021325,9.914089924187628,7.0,4.0,0.720355410671608,9.366833525009042
401643823,2024,10,South Alabama,Georgia Southern,0.7371055458281777,8.70485990331433,0.775269348317486,10.817626153637866,7.0,6.0,0.7561874470728318,9.761243028476098
401643824,2024,10,Troy,Coastal Carolina,0.5438399638577902,1.208456663686785,0.4609770448877394,-0.0972707345034731,9.0,6.0,0.5024085043727649,0.555592964591656
401644757,2024,10,Akron,Buffalo,0.4855705391505533,-0.838802678122136,0.5040737725067659,-1.309247459082837,5.0,6.0,0.4948221558286596,-1.0740250686024866
401644758,2024,10,Eastern Michigan,Toledo,0.3210104266851123,-6.899606648809245,0.3866876895027196,-4.337405260164776,5.0,8.0,0.353849058093916,-5.618505954487011
401645356,2024,10,Charlotte,Tulane,0.1205438616741955,-17.753309991915454,0.1297751732572601,-16.03192502179569,5.0,8.0,0.1251595174657278,-16.892617506855572
401645357,2024,10,Florida Atlantic,South Florida,0.3280021271462765,-6.61999649603032,0.5262141520227859,1.3638487334389335,7.0,6.0,0.4271081395845312,-2.6280738812956934
401645358,2024,10,UAB,Tulsa,0.5756305386644577,2.3397125246864072,0.6784983224003648,5.435862828356564,6.0,6.0,0.6270644305324112,3.8877876765214854
401645359,2024,10,UTSA,Memphis,0.3113929783371357,-7.289543911478981,0.3132254873336326,-6.935551352976511,8.0,6.0,0.31230923283538414,-7.112547632227747
401645360,2024,10,Rice,Navy,0.4409115733470774,-2.4143125778131256,0.3348187688635667,-5.901603579874124,6.0,6.0,0.38786517110532204,-4.157958078843625
401628413,2024,11,LSU,Alabama,0.4143340708406721,-3.366420869426112,0.3698466612981735,-4.985343432223003,8.0,8.0,0.3920903660694228,-4.175882150824558
401628414,2024,11,Ole Miss,Georgia,0.6952430257926476,6.897031338700852,0.7093166620284919,8.156592565497512,7.0,9.0,0.7022798439105697,7.526811952099182
401628415,2024,11,Missouri,Oklahoma,0.5545855525941668,1.5889415908545876,0.5754815595184704,2.1655778509640564,8.0,8.0,0.5650335560563186,1.877259720909322
401628416,2024,11,Tennessee,Mississippi State,0.93437102202763,22.94855413756397,0.8657507620667089,24.93832005330893,8.0,5.0,0.9000608920471694,23.94343709543645
401628417,2024,11,Texas,Florida,0.9150010015352896,20.497835813439263,0.8450890758936708,18.551736149121147,9.0,6.0,0.8800450387144803,19.524785981280203
401628418,2024,11,Vanderbilt,South Carolina,0.3902204389810943,-4.245728333359487,0.448497606330901,-3.4621007193190723,4.0,5.0,0.41935902265599767,-3.85391452633928
401628541,2024,11,Indiana,Michigan,0.8864330722677751,17.679805759078995,0.88245194553543,19.40779206102035,6.0,9.0,0.8844425089016026,18.543798910049674
401628542,2024,11,UCLA,Iowa,0.4940462376505575,-0.5414798031855073,0.3252191472609644,-6.152715005418873,6.0,6.0,0.40963269245576095,-3.34709740430219
401628543,2024,11,Oregon,Maryland,0.8988910009650448,18.820696260445057,0.8938718963320842,19.32423062629621,9.0,7.0,0.8963814486485645,19.072463443370633
401628544,2024,11,Rutgers,Minnesota,0.3334280463191894,-6.405105846199389,0.3767738704325416,-4.024943770393569,5.0,6.0,0.3551009583758655,-5.215024808296478
401628545,2024,11,Ohio State,Purdue,0.9798780951265303,33.72866727515695,0.9819195201783018,37.88848745698937,8.5,5.0,0.9808988076524161,35.80857736607316
401628546,2024,11,Penn State,Washington,0.8466116973477931,14.64199971843325,0.7319362341316171,12.7833403711861,10.0,7.0,0.7892739657397051,13.712670044809675
401628984,2024,11,Notre Dame,Florida State,0.952745795244378,25.9986890880503,0.9683527431493656,26.548826582397467,8.0,8.0,0.9605492691968718,26.273757835223883
401629037,2024,11,UAB,UConn,0.3239263885472149,-6.782611118022771,0.3279857029161949,-5.446874333213911,6.0,6.0,0.3259560457317049,-6.114742725618341
401629045,2024,11,North Texas,Army,0.2883829084277545,-8.250612339458849,0.2813777886995282,-7.794539611496532,6.0,5.0,0.2848803485636413,-8.02257597547769
401634773,2024,11,Wake Forest,California,0.2495030174592236,-9.986403073879943,0.3252191472609644,-6.066329241760698,6.0,7.0,0.287361082360094,-8.02636615782032
401635606,2024,11,Boston College,Syracuse,0.5710679118170652,2.176208491911339,0.5796033054460699,4.223916568534112,5.0,6.0,0.5753356086315675,3.2000625302227257
401635607,2024,11,Virginia Tech,Clemson,0.5328054588142236,0.8192397273559497,0.5130596178696325,0.8618473962399857,8.0,8.0,0.5229325383419281,0.8405435617979677
401635608,2024,11,NC State,Duke,0.42199607704692,-3.090358898296404,0.4362089262424756,-2.2156250148685217,7.0,6.0,0.42910250164469776,-2.652991956582463
401635609,2024,11,Georgia Tech,Miami,0.2899460859222594,-8.183947482734157,0.2707132109323179,-9.488135429755086,5.0,8.0,0.2803296484272887,-8.836041456244622
401635610,2024,11,Pittsburgh,Virginia,0.8252928381614267,13.277636570085487,0.773312631215673,13.28248889071386,6.0,5.0,0.7993027346885498,13.280062730399674
401636917,2024,11,Arizona State,UCF,0.4548835117396789,-1.9189877868182044,0.5754815595184704,2.183626870115134,5.0,7.0,0.5151825356290747,0.13231954164846482
401636918,2024,11,Cincinnati,West Virginia,0.5613384020303285,1.8289529660949848,0.7057593171082679,7.152312098163739,5.0,6.0,0.6335488595692982,4.490632532129362
401636919,2024,11,Kansas,Iowa State,0.4467034879716245,-2.2086243269275667,0.448497606330901,-3.168163015728406,8.0,8.0,0.44760054715126274,-2.6883936713279866
401636920,2024,11,TCU,Oklahoma State,0.8434605983531808,14.431053853973568,0.7093166620284919,8.300694212561789,7.0,7.0,0.7763886301908363,11.365874033267678
401636921,2024,11,Texas Tech,Colorado,0.5048973337514284,-0.1609811996872756,0.476719999841216,-0.2454027036519197,7.0,5.0,0.4908086667963222,-0.20319195166959764
401636922,2024,11,Utah,BYU,0.2693681495910022,-9.079700152738054,0.3767738704325416,-4.057963497676246,8.0,5.0,0.3230710100117719,-6.56883182520715
401640995,2024,11,Middle Tennessee,Liberty,0.2554884199553028,-9.70840397961714,0.2368985570795272,-8.392910769260833,6.0,9.0,0.24619348851741502,-9.050657374438988
401641004,2024,11,Louisiana Tech,Jacksonville State,0.2516761968106191,-9.884961295550813,0.2368985570795272,-8.368563997300319,5.0,8.0,0.24428737694507313,-9.126762646425565
401641021,2024,11,UTEP,Kennesaw State,0.6477440329450783,5.006998247780014,0.68369027604823,5.273599003370187,5.0,5.0,0.6657171544966541,5.140298625575101
401641036,2024,11,New Mexico State,Western Kentucky,0.1009718515025009,-19.49934617125677,0.1297751732572601,-15.644942504274926,7.0,6.0,0.1153735123798805,-17.57214433776585
401643751,2024,11,Air Force,Fresno State,0.2708042728619507,-9.01584139606127,0.2715871003625438,-7.315493603112142,8.0,6.0,0.27119568661224724,-8.165667499586707
401643752,2024,11,Boise State,Nevada,0.9111705683470795,20.07466891714645,0.8657507620667089,25.12346558777145,8.0,4.0,0.8884606652068943,22.59906725245895
401643753,2024,11,Hawai'i,UNLV,0.259168638231625,-9.539594605251157,0.1149050051949272,-13.931955912754646,6.0,6.0,0.1870368217132761,-11.735775259002901
401643754,2024,11,San Diego State,New Mexico,0.6917316168904772,6.752220873038822,0.7093166620284919,8.807761949042664,5.0,5.0,0.7005241394594846,7.7799914110407435
401643755,2024,11,Oregon State,San José State,0.613598510382665,3.721255626810689,0.6910731365912233,4.69864068799199,8.0,7.0,0.6523358234869441,4.209948157401339
401643756,2024,11,Washington State,Utah State,0.9302896972227864,22.381320162282947,0.925647801411154,22.88037016274313,7.0,6.0,0.9279687493169702,22.63084516251304
401643825,2024,11,Coastal Carolina,App State,0.5967345158420613,3.102492278287293,0.6784983224003648,6.067088366247425,6.0,6.0,0.637616419121213,4.584790322267359
401643826,2024,11,James Madison,Georgia State,0.8589821069121754,15.506256328150345,0.8781564569432876,20.00986062048749,9.0,7.0,0.8685692819277315,17.75805847431892
401643827,2024,11,Louisiana,Arkansas State,0.8836822617057211,17.442761507050975,0.852452982574402,16.291866427074055,7.0,5.0,0.8680676221400616,16.867313967062515
401643828,2024,11,UL Monroe,Texas State,0.2893835516268972,-8.20791328474601,0.3767738704325416,-4.039277653737317,4.0,6.0,0.3330787110297194,-6.123595469241663
401643829,2024,11,Southern Miss,Marshall,0.1765006334802868,-13.834450623470191,0.1399823316071244,-11.639594395578513,4.0,7.0,0.1582414825437056,-12.737022509524351
401644688,2024,11,Ball State,Miami (OH),0.1137850112626646,-18.326245522446992,0.1444440221279581,-12.624479639873226,6.0,7.0,0.12911451669531135,-15.475362581160109
401644760,2024,11,Central Michigan,Bowling Green,0.3055827147058704,-7.528308306014528,0.2513544637786443,-7.596485021533095,6.0,6.0,0.27846858924225737,-7.562396663773812
401644761,2024,11,Kent State,Ohio,0.0470797761465433,-26.69812547968,0.0976572176144474,-17.6433796550709,4.0,8.0,0.07236849688049535,-22.17075256737545
401644762,2024,11,Western Michigan,Northern Illinois,0.4468326605997459,-2.2040430866771827,0.4323829570261501,-2.053762759070004,5.0,7.0,0.43960780881294803,-2.1289029228735936
401645361,2024,11,East Carolina,Florida Atlantic,0.7502183218707759,9.30794869447953,0.7093166620284919,8.084850723818942,6.0,7.0,0.7297674919496339,8.696399709149237
401645362,2024,11,Memphis,Rice,0.7150421924445147,7.7320254461753635,0.7042508205171714,9.288681954655338,6.0,6.0,0.709646506480843,8.51035370041535
401645363,2024,11,South Florida,Navy,0.5098629375486115,0.0131722944157308,0.4323829570261501,-1.6972571797655762,6.0,6.0,0.4711229472873808,-0.8420424426749227
401645364,2024,11,Tulane,Temple,0.9731427809961236,31.137233354243666,0.9962954770512288,30.69165491077928,8.0,4.0,0.9847191290236762,30.914444132511473
401628419,2024,12,Arkansas,Texas,0.1879011022506023,-13.163570743264367,0.1444440221279581,-12.777245013626942,5.0,9.0,0.1661725621892802,-12.970407878445656
401628420,2024,12,Florida,LSU,0.3446198465335768,-5.967265908415552,0.4362089262424756,-2.167470447015929,6.0,8.0,0.39041438638802617,-4.067368177715741
401628421,2024,12,Georgia,Tennessee,0.6630745000769614,5.602105076974321,0.5485006618577397,2.980668150955583,9.0,8.0,0.6057875809673505,4.291386613964952
401628423,2024,12,South Carolina,Missouri,0.7401509512630882,8.843142103913145,0.8022990688285825,11.050332004241865,5.0,8.0,0.7712250100458353,9.946737054077506
401628424,2024,12,Texas A&M,New Mexico State,0.9912915169245712,41.17181476048011,0.956948812733562,33.514433804868354,7.0,7.0,0.9741201648290666,37.34312428267423
401628426,2024,12,Auburn,UL Monroe,0.9355776405429148,23.12253403106368,0.7718298825644386,16.646852397758504,7.0,4.0,0.8537037615536767,19.884693214411094
401628547,2024,12,Illinois,Michigan State,0.5877012063538081,2.7745834753002896,0.6932321974132383,7.3721363663271315,6.0,5.0,0.6404667018835232,5.073359920813711
401628548,2024,12,Maryland,Rutgers,0.7053145412121896,7.317699038187204,0.5746851315952506,4.31380172735545,7.0,5.0,0.63999983640372,5.815750382771327
401628549,2024,12,USC,Nebraska,0.7240661161545442,8.124050132501749,0.7715118216941832,11.489416798990431,6.0,6.0,0.7477889689243638,9.80673346574609
401628550,2024,12,Northwestern,Ohio State,0.0567008876210921,-24.979162721604773,0.0768347481971466,-24.33703709505283,6.0,8.5,0.06676781790911934,-24.6580999083288
401628551,2024,12,Wisconsin,Oregon,0.1408771763089632,-16.181857874463002,0.2381924898755449,-9.96498264795025,7.0,9.0,0.18953483309225405,-13.073420261206627
401628552,2024,12,Purdue,Penn State,0.0388596797538313,-28.455496031963765,0.0768347481971466,-25.10298099854249,5.0,10.0,0.05784721397548895,-26.779238515253127
401628553,2024,12,Washington,UCLA,0.616157977650773,3.816002646784744,0.622932109850588,6.702780615898703,7.0,6.0,0.6195450437506804,5.259391631341724
401628985,2024,12,Notre Dame,Virginia,0.9389248373845536,23.621554761670367,0.9962954770512288,27.35386166491877,8.0,5.0,0.9676101572178912,25.487708213294567
401629046,2024,12,Massachusetts,Liberty,0.2070686887044608,-12.102705437827757,0.2707132109323179,-9.565142673153352,5.0,9.0,0.23889094981838938,-10.833924055490554
401635517,2024,12,Stanford,Louisville,0.0896991296137304,-20.64630435783062,0.0711357391367059,-20.328051216844003,5.0,8.0,0.08041743437521814,-20.48717778733731
401635580,2024,12,SMU,Boston College,0.8189694425900594,12.898540521525666,0.8456458564285433,15.403673382722172,8.0,5.0,0.8323076495093014,14.151106952123918
401635581,2024,12,California,Syracuse,0.6197945149324173,3.951032667719002,0.5975707329920286,6.937589349759657,7.0,6.0,0.608682623962223,5.444311008739329
401635582,2024,12,Pittsburgh,Clemson,0.450866828274972,-2.0610920311908214,0.4367261454497751,-3.550240787510585,6.0,8.0,0.44379648686237355,-2.805666409350703
401635583,2024,12,North Carolina,Wake Forest,0.8656854789752274,16.00132657318614,0.773312631215673,13.1914212989631,7.0,6.0,0.8194990550954502,14.59637393607462
401636923,2024,12,Arizona,Houston,0.4470735640382414,-2.195499877810708,0.5077174197957641,-1.0517368476501998,8.0,5.0,0.47739549191700276,-1.623618362730454
401636924,2024,12,BYU,Kansas,0.6609762447082389,5.519899252048107,0.6647535604976416,5.098304030611421,5.0,8.0,0.6628649026029403,5.3091016413297645
401636925,2024,12,Colorado,Utah,0.7024087824995158,7.195495952170376,0.6932321974132383,7.367068037978448,5.0,8.0,0.697820489956377,7.281281995074412
401636926,2024,12,Iowa State,Cincinnati,0.7104090594180593,7.533660653571188,0.7093166620284919,8.144045669382933,8.0,5.0,0.7098628607232755,7.8388531614770605
401636927,2024,12,Kansas State,Arizona State,0.720662196524061,7.975267012062899,0.7093166620284919,8.184201525306129,8.0,5.0,0.7149894292762764,8.079734268684515
401636929,2024,12,West Virginia,Baylor,0.5481432123800655,1.3606344659686662,0.5134749933560657,2.650045834691172,6.0,5.0,0.5308091028680656,2.005340150329919
401640986,2024,12,Jacksonville State,Florida International,0.9084329643896358,19.78221455013717,0.7585043479789247,12.181885508611682,8.0,5.0,0.8334686561842803,15.982050029374426
401641013,2024,12,Western Kentucky,Louisiana Tech,0.78754317044722,11.152337815904655,0.7879293175666335,14.272706324609397,6.0,5.0,0.7877362440069268,12.712522070257027
401641022,2024,12,Kennesaw State,Sam Houston,0.1826722933555566,-13.46722502923429,0.150546851059994,-12.194473265588282,5.0,5.0,0.16660957220777528,-12.830849147411286
401643757,2024,12,Air Force,Oregon State,0.4065800745939678,-3.647322673722478,0.3731415134770628,-3.868000470463678,8.0,8.0,0.3898607940355153,-3.7576615720930784
401643758,2024,12,San José State,Boise State,0.2098445168575273,-11.955233530484264,0.222225581790291,-11.1310996863842,7.0,8.0,0.21603504932390916,-11.543166608434232
401643759,2024,12,Colorado State,Wyoming,0.7988647543207587,11.757497006335042,0.775269348317486,10.863472737253916,6.0,6.0,0.7870670513191222,11.310484871794479
401643760,2024,12,Utah State,Hawai'i,0.310203233056585,-7.338232983701973,0.3731415134770628,-3.739728462646097,6.0,6.0,0.34167237326682387,-5.538980723174035
401643761,2024,12,New Mexico,Washington State,0.2151803831755483,-11.675723676925337,0.1220220467086543,-14.353004073894809,5.0,7.0,0.16860121494210129,-13.014363875410073
401643762,2024,12,UNLV,San Diego State,0.9166354769167578,20.683687081963857,0.9500219945514468,22.169279942753,6.0,5.0,0.9333287357341022,21.42648351235843
401643830,2024,12,Georgia Southern,Troy,0.6153573128799525,3.786338099333389,0.7042508205171714,9.236483379265252,6.0,9.0,0.659804066698562,6.51141073929932
401643831,2024,12,Georgia State,Arkansas State,0.659879068467433,5.477012708139238,0.6784983224003648,5.5827320451550255,7.0,5.0,0.6691886954338989,5.529872376647132
401643832,2024,12,Marshall,Coastal Carolina,0.6725980081794236,5.97846119868194,0.7093166620284919,7.990476502390676,7.0,6.0,0.6909573351039577,6.984468850536308
401643833,2024,12,Old Dominion,James Madison,0.3605323315028723,-5.356107491682712,0.3866876895027196,-4.43896549004595,6.0,9.0,0.37361001050279596,-4.897536490864331
401643834,2024,12,Louisiana,South Alabama,0.6769684707108586,6.153042221694966,0.5339577906986226,3.6447030782809713,7.0,7.0,0.6054631307047407,4.898872649987968
401643835,2024,12,Texas State,Southern Miss,0.9523249977381408,25.9171009876526,0.917932470658316,24.20604570392683,6.0,4.0,0.9351287341982284,25.061573345789714
401644689,2024,12,Miami (OH),Kent State,0.9848953741652064,36.28759883714047,0.9962954770512288,30.93234639831988,7.0,4.0,0.9905954256082177,33.60997261773018
401644763,2024,12,Buffalo,Ball State,0.7020298363610955,7.179610112872165,0.7093166620284919,8.774108295978579,6.0,6.0,0.7056732491947937,7.976859204425372
401644764,2024,12,Bowling Green,Western Michigan,0.7304546785402909,8.406396455641211,0.775269348317486,10.851564106404396,6.0,5.0,0.7528620134288884,9.628980281022804
401644765,2024,12,Toledo,Central Michigan,0.8303109481378944,13.586248702763047,0.8681640136003178,15.852160965628784,8.0,6.0,0.8492374808691061,14.719204834195915
401644766,2024,12,Northern Illinois,Akron,0.8608809275612916,15.64444973840594,0.8938718963320842,19.19726313920964,7.0,5.0,0.8773764119466879,17.42085643880779
401644767,2024,12,Ohio,Eastern Michigan,0.8529354721518909,15.07629349718101,0.7093166620284919,8.434745971433411,8.0,5.0,0.7811260670901914,11.75551973430721
401645365,2024,12,Tulsa,East Carolina,0.2182562241698276,-11.516884336009555,0.1399823316071244,-11.708860310906886,6.0,6.0,0.17911927788847598,-11.61287232345822
401645366,2024,12,UTSA,North Texas,0.5763508339306866,2.3655661661864587,0.5267731046392776,0.143147382015051,8.0,6.0,0.5515619692849821,1.2543567741007549
401645367,2024,12,Memphis,UAB,0.8906063779859857,18.04917624563468,0.8681640136003178,15.699552670357164,6.0,6.0,0.8793851957931518,16.874364457995924
401645368,2024,12,Charlotte,South Florida,0.4260570889096693,-2.9445972254181103,0.4323829570261501,-1.6575511730281385,5.0,6.0,0.42922002296790973,-2.3010741992231245
401645369,2024,12,Temple,Florida Atlantic,0.4945574855253115,-0.5235510583022185,0.5212841720668582,-0.3132572202858261,4.0,7.0,0.5079208287960848,-0.4184041392940223
401645370,2024,12,Navy,Tulane,0.2789377123854714,-8.658110690507725,0.3348187688635667,-5.856313201039474,6.0,8.0,0.30687824062451907,-7.2572119457736
401628427,2024,13,Arkansas,Louisiana Tech,0.9464657079863767,24.8468865679749,0.8781564569432876,20.05103232769269,5.0,5.0,0.9123110824648322,22.448959447833793
401628428,2024,13,Auburn,Texas A&M,0.4444886096017955,-2.2872175178937604,0.4606519464280855,-0.6738860952944488,7.0,7.0,0.4525702780149405,-1.4805518065941046
401628429,2024,13,Florida,Ole Miss,0.1507382413065952,-15.487582440237428,0.1444440221279581,-12.651224630603878,6.0,7.0,0.14759113171727664,-14.069403535420653
401628430,2024,13,Georgia,Massachusetts,0.9931444746184588,43.28538866512741,0.9819195201783018,37.852772822599846,9.0,5.0,0.9875319973983803,40.56908074386362
401628431,2024,13,LSU,Vanderbilt,0.6925779991536483,6.787041218819415,0.7093166620284919,7.993499587680811,8.0,4.0,0.7009473305910701,7.390270403250113
401628432,2024,13,Mississippi State,Missouri,0.189366073149695,-13.079664036544846,0.2715871003625438,-7.156616558739088,5.0,8.0,0.2304765867561194,-10.118140297641968
401628433,2024,13,Oklahoma,Alabama,0.2842517264949637,-8.42783906176791,0.2381924898755449,-10.269688381495763,8.0,8.0,0.2612221081852543,-9.348763721631837
401628435,2024,13,Tennessee,UTEP,0.9864721374998536,37.26807051691146,0.9819195201783018,37.17286594382846,8.0,5.0,0.9841958288390777,37.22046823036996
401628436,2024,13,Texas,Kentucky,0.9167554270884848,20.697456294032264,0.8599661959766178,21.90697234095494,9.0,7.0,0.8883608115325513,21.3022143174936
401628554,2024,13,Rutgers,Illinois,0.4128203784231918,-3.421131599590266,0.5262141520227859,1.366002595503852,5.0,6.0,0.46951726522298887,-1.027564502043207
401628555,2024,13,Ohio State,Indiana,0.6172320825456261,3.855834815167892,0.7093166620284919,8.388583699640183,8.5,6.0,0.663274372287059,6.122209257404037
401628556,2024,13,Maryland,Iowa,0.425660392670148,-2.958819718160686,0.2878006453521,-6.444615824892692,7.0,6.0,0.35673051901112396,-4.701717771526689
401628557,2024,13,Michigan,Northwestern,0.8182491771679388,12.856019538078456,0.7042508205171714,9.426948890873067,9.0,6.0,0.7612499988425551,11.141484214475762
401628558,2024,13,Michigan State,Purdue,0.8256300544321157,13.298153973689416,0.8037925454479611,14.565923006524104,5.0,5.0,0.8147112999400383,13.932038490106759
401628559,2024,13,Minnesota,Penn State,0.1361277224649937,-16.53081408003208,0.2813777886995282,-7.793235391084071,6.0,10.0,0.20875275558226092,-12.162024735558076
401628560,2024,13,Nebraska,Wisconsin,0.6019237197569175,3.291924667642671,0.5231011853062879,2.1040235905236258,6.0,7.0,0.5625124525316028,2.6979741290831485
401628561,2024,13,UCLA,USC,0.4158909423176382,-3.3102104341748144,0.3348187688635667,-5.900022723145044,6.0,6.0,0.37535485559060244,-4.6051165786599295
401628572,2024,13,Oregon State,Washington State,0.2862470022766655,-8.342050976137223,0.2513544637786443,-7.608043940306462,8.0,7.0,0.2688007330276549,-7.975047458221843
401634772,2024,13,Georgia Tech,NC State,0.8793650683649188,17.080368074984083,0.7899041410620369,12.924135285227193,5.0,7.0,0.8346346047134778,15.002251680105637
401635518,2024,13,Syracuse,UConn,0.8140892428510825,12.612964153150983,0.6932321974132383,7.695033538400606,6.0,6.0,0.7536607201321603,10.153998845775796
401635612,2024,13,Boston College,North Carolina,0.4963491049061512,-0.4607243861616039,0.5280085951891043,1.6683491277850495,5.0,7.0,0.5121788500476278,0.6038123708117228
401635613,2024,13,California,Stanford,0.8218985512675961,13.07283259641662,0.865370839862553,15.267504842095445,7.0,5.0,0.8436346955650746,14.170168719256033
401635615,2024,13,Duke,Virginia Tech,0.3580086079550745,-5.452213114738761,0.4323829570261501,-1.813835294920453,6.0,8.0,0.39519578249061227,-3.6330242048296073
401635617,2024,13,Louisville,Pittsburgh,0.7305653440625751,8.41132416936277,0.775269348317486,10.557306890258054,8.0,6.0,0.7529173461900305,9.484315529810413
401635618,2024,13,Miami,Wake Forest,0.959843947078742,27.49058537595296,0.8657507620667089,24.88916768369497,8.0,6.0,0.9127973545727255,26.189876529823966
401635619,2024,13,Virginia,SMU,0.2260739969532879,-11.120280073225702,0.222225581790291,-11.116357611192416,5.0,8.0,0.22414978937178945,-11.11831884220906
401636930,2024,13,Arizona State,BYU,0.4946129036788462,-0.5216076461437549,0.5262141520227859,1.3602871362527496,5.0,5.0,0.5104135278508161,0.41933974505449734
401636931,2024,13,Houston,Baylor,0.445226107121333,-2.261039472512512,0.3638948953439975,-4.729578667045191,5.0,5.0,0.40456050123266524,-3.4953090697788514
401636932,2024,13,Kansas,Colorado,0.5519589105714966,1.4957831831110902,0.5130596178696325,0.5410663022804343,8.0,5.0,0.5325092642205645,1.0184247426957622
401636933,2024,13,Kansas State,Cincinnati,0.8021710615922693,11.938997689289446,0.7093166620284919,8.903891293213606,8.0,5.0,0.7557438618103806,10.421444491251526
401636934,2024,13,Oklahoma State,Texas Tech,0.3076131107223204,-7.444588243346354,0.5267731046392776,0.2253710643355941,7.0,7.0,0.417193107680799,-3.60960858950538
401636935,2024,13,TCU,Arizona,0.7415245870851357,8.90585827026612,0.766240572301453,12.333635189165305,7.0,8.0,0.7538825796932944,10.619746729715713
401636936,2024,13,Utah,Iowa State,0.3135632699874779,-7.200988479204614,0.3866876895027196,-4.164560571007419,8.0,8.0,0.3501254797450988,-5.682774525106017
401636937,2024,13,West Virginia,UCF,0.3443822430271804,-5.976489333954898,0.5077174197957641,-1.1673709833507853,6.0,7.0,0.42604983141147224,-3.571930158652842
401640959,2024,13,Notre Dame,Army,0.8577707111647328,15.418903516666989,0.7319362341316171,12.684593734009528,8.0,5.0,0.794853472648175,14.05174862533826
401640987,2024,13,Kennesaw State,Florida International,0.388000905233771,-4.327580261140664,0.2715871003625438,-7.270071833618214,5.0,5.0,0.3297940027981574,-5.798826047379439
401640996,2024,13,Liberty,Western Kentucky,0.5997112949571632,3.2110602893731928,0.5130596178696325,0.8579786345027931,9.0,6.0,0.5563854564133979,2.034519461937993
401641005,2024,13,Jacksonville State,Sam Houston,0.7233616027008303,8.093163865869837,0.622932109850588,6.732565245984617,8.0,5.0,0.6731468562757091,7.412864555927227
401641027,2024,13,Middle Tennessee,New Mexico State,0.6674975942431359,5.77622586681251,0.68369027604823,5.156764569214733,6.0,7.0,0.675593935145683,5.4664952180136215
401643763,2024,13,Nevada,Air Force,0.7289006131537247,8.337331277364882,0.6784983224003648,5.3720094162016245,4.0,8.0,0.7036994677770447,6.854670346783253
401643764,2024,13,Wyoming,Boise State,0.050567090201307,-26.039589835595876,0.0711357391367059,-21.59131215952884,6.0,8.0,0.060851414669006454,-23.81545099756236
401643765,2024,13,Fresno State,Colorado State,0.5820895364084984,2.57197223008745,0.6784983224003648,5.821238530234266,6.0,6.0,0.6302939294044316,4.196605380160858
401643766,2024,13,Utah State,San Diego State,0.6571311574514582,5.369894573488766,0.554861574374456,3.5656625447181667,6.0,5.0,0.6059963659129571,4.467778559103467
401643767,2024,13,San José State,UNLV,0.2723217521180661,-8.948595937980988,0.2537832129300246,-8.982704509809796,7.0,6.0,0.26305248252404534,-8.965650223895391
401643836,2024,13,App State,James Madison,0.2287598173308442,-10.986276940876808,0.222225581790291,-11.12307922777538,6.0,9.0,0.2254926995605676,-11.054678084326094
401643837,2024,13,Coastal Carolina,Georgia Southern,0.5128692743226531,0.1186414207386206,0.5262141520227859,1.566199318352004,6.0,6.0,0.5195417131727195,0.8424203695453123
401643838,2024,13,Old Dominion,Marshall,0.586660280171952,2.736939949207798,0.5447985756990616,3.238983627140406,6.0,7.0,0.5657294279355068,2.9879617881741023
401643839,2024,13,Arkansas State,UL Monroe,0.5837339243606112,2.631261472134678,0.5262141520227859,1.1823120324091767,5.0,4.0,0.5549740381916985,1.9067867522719273
401643840,2024,13,Louisiana,Troy,0.7793177975340821,10.72732550520168,0.766240572301453,12.488710254517656,7.0,9.0,0.7727791849177676,11.608017879859668
401643841,2024,13,Southern Miss,South Alabama,0.0547109531453046,-25.310809448321223,0.0711357391367059,-20.476134237543505,4.0,7.0,0.06292334614100525,-22.893471842932364
401643842,2024,13,Texas State,Georgia State,0.8817503307842993,17.27917653628644,0.8781564569432876,20.09075619934562,6.0,7.0,0.8799533938637935,18.68496636781603
401644690,2024,13,Miami (OH),Northern Illinois,0.6608400324221614,5.514571306779855,0.5796033054460699,4.231462956680785,7.0,7.0,0.6202216689341156,4.87301713173032
401644769,2024,13,Kent State,Akron,0.165353034756513,-14.524228023512036,0.2513544637786443,-7.699378181418139,4.0,5.0,0.20835374926757866,-11.111803102465087
401644770,2024,13,Central Michigan,Western Michigan,0.4470974171779592,-2.1946540169605737,0.5077174197957641,-0.7937052168810905,6.0,5.0,0.47740741848686163,-1.4941796169208321
401644772,2024,13,Eastern Michigan,Buffalo,0.5578833764844541,1.7060585010921647,0.68369027604823,5.263086491782282,5.0,6.0,0.6207868262663421,3.4845724964372233
401644773,2024,13,Toledo,Ohio,0.4412278344322933,-2.4030669727191047,0.6784983224003648,5.767506259314539,8.0,8.0,0.559863078416329,1.682219643297717
401644774,2024,13,Ball State,Bowling Green,0.1771562753316368,-13.79496613502773,0.1399823316071244,-11.59867482209149,6.0,6.0,0.15856930346938058,-12.69682047855961
401645371,2024,13,Florida Atlantic,Charlotte,0.4738726123637409,-1.2496739159954229,0.5138706178431527,3.7829926956790447,7.0,5.0,0.4938716151034468,1.266659389841811
401645372,2024,13,North Texas,East Carolina,0.5548493841284838,1.5983047229029608,0.5134749933560657,2.593510638727418,6.0,6.0,0.5341621887422747,2.0959076808151895
401645373,2024,13,UAB,Rice,0.2434220791742542,-10.273437466702624,0.3638948953439975,-4.735254126833006,6.0,6.0,0.30365848725912586,-7.504345796767815
401645374,2024,13,UTSA,Temple,0.8707088781542651,16.38618620272201,0.7879293175666335,14.144464503049896,8.0,4.0,0.8293190978604493,15.265325352885952
401645375,2024,13,South Florida,Tulsa,0.8999073403670798,18.919163095958897,0.8938718963320842,18.74619564302017,6.0,6.0,0.896889618349582,18.832679369489533
401628437,2024,14,Alabama,Auburn,0.7870493378535472,11.1264873414281,0.7918132185282531,16.76280010050599,8.0,7.0,0.7894312781909002,13.944643720967045
401628438,2024,14,Florida State,Florida,0.2497675707693551,-9.974022613892048,0.2519065369304993,-8.083595527585889,8.0,6.0,0.2508370538499272,-9.02880907073897
401628439,2024,14,Georgia,Georgia Tech,0.8576703557882813,15.41169485637884,0.8142735676515831,16.36347839560695,9.0,5.0,0.8359719617199322,15.887586625992896
401628440,2024,14,Kentucky,Louisville,0.4288830765334295,-2.8433764727663244,0.3866876895027196,-4.362639742150563,7.0,8.0,0.40778538301807454,-3.603008107458444
401628441,2024,14,LSU,Oklahoma,0.5447747277259796,1.2414926867235154,0.5485006618577397,3.156768722603376,8.0,8.0,0.5466376947918596,2.1991307046634456
401628442,2024,14,Ole Miss,Mississippi State,0.9708747980912008,30.406126328974803,0.9962954770512288,28.63314391824701,7.0,5.0,0.9835851375712148,29.519635123610907
401628443,2024,14,Missouri,Arkansas,0.5723049319090259,2.2204937534544635,0.6784983224003648,6.235628922067157,8.0,5.0,0.6254016271546954,4.22806133776081
401628444,2024,14,Clemson,South Carolina,0.4138602732609868,-3.383539418473968,0.4842557629377501,1.042903692493077,8.0,5.0,0.4490580180993684,-1.1703178629904456
401628445,2024,14,Texas A&M,Texas,0.2327437272382078,-10.789529805990863,0.2513544637786443,-7.754123660429773,7.0,9.0,0.24204909550842604,-9.271826733210318
401628446,2024,14,Vanderbilt,Tennessee,0.3255615404960474,-6.717245228319495,0.2368985570795272,-8.618745332470063,4.0,8.0,0.2812300487877873,-7.667995280394779
401628562,2024,14,Iowa,Nebraska,0.6619809406593806,5.559230243545043,0.747888280995861,10.063419148533582,6.0,6.0,0.7049346108276209,7.811324696039312
401628563,2024,14,Northwestern,Illinois,0.2699781843029851,-9.052548164804854,0.2519065369304993,-8.054459229680305,6.0,6.0,0.2609423606167422,-8.55350369724258
401628564,2024,14,Indiana,Purdue,0.9727161106771754,30.99522149241149,0.956948812733562,33.86723499904562,6.0,5.0,0.9648324617053687,32.431228245728555
401628565,2024,14,Penn State,Maryland,0.9459317958760252,24.754947444615446,0.9169647598686674,22.432387034520172,10.0,7.0,0.9314482778723463,23.593667239567807
401628566,2024,14,Ohio State,Michigan,0.8708225377924865,16.39503999121892,0.8587992146606919,20.879237420984005,8.5,9.0,0.8648108762265891,18.63713870610146
401628567,2024,14,Michigan State,Rutgers,0.6558969158022925,5.321915763402183,0.5267731046392776,0.1374419599153808,5.0,5.0,0.591335010220785,2.729678861658782
401628568,2024,14,Wisconsin,Minnesota,0.4596371906750846,-1.751076427079726,0.476719999841216,-0.1984348420920736,7.0,6.0,0.4681785952581503,-0.9747556345858999
401628569,2024,14,Oregon,Washington,0.8040265878635146,12.041859546878165,0.8456458564285433,15.345062570593958,9.0,7.0,0.8248362221460289,13.693461058736062
401628570,2024,14,UCLA,Fresno State,0.8552918778948679,15.242072626037803,0.7093166620284919,7.934422889910633,6.0,6.0,0.7823042699616799,11.588247757974218
401628571,2024,14,USC,Notre Dame,0.3794466606870206,-4.644685364709414,0.2537832129300246,-9.396472260467569,6.0,8.0,0.3166149368085226,-7.020578812588491
401629038,2024,14,Massachusetts,UConn,0.196855565585943,-12.658279730175323,0.3134495356396575,-10.531131423115774,5.0,6.0,0.25515255061280023,-11.594705576645548
401635620,2024,14,Boston College,Pittsburgh,0.5740175309424791,2.28185828680697,0.5138706178431527,3.771076516957705,5.0,6.0,0.5439440743928159,3.0264674018823374
401635621,2024,14,SMU,California,0.8277443131234633,13.4275117880085,0.8681640136003178,15.959682867133711,8.0,7.0,0.8479541633618906,14.693597327571105
401635622,2024,14,Wake Forest,Duke,0.3410915576134973,-6.104542608747407,0.3767738704325416,-4.038881627862426,6.0,6.0,0.35893271402301946,-5.071712118304916
401635623,2024,14,Syracuse,Miami,0.2204209363523319,-11.406062034782162,0.222225581790291,-11.145632958510491,6.0,8.0,0.22132325907131145,-11.275847496646326
401635624,2024,14,North Carolina,NC State,0.7792191648978756,10.722298942328312,0.7093166620284919,8.919497616148242,7.0,7.0,0.7442679134631838,9.820898279238277
401635625,2024,14,San José State,Stanford,0.6451424340234395,4.907215788041148,0.6308356702160808,6.5984572231199765,7.0,5.0,0.6379890521197602,5.752836505580563
401635640,2024,14,Virginia Tech,Virginia,0.7541713369288082,9.493856177559683,0.7879293175666335,14.323115499121046,8.0,5.0,0.7710503272477209,11.908485838340365
401636938,2024,14,Colorado,Oklahoma State,0.8702814186761244,16.35294744093813,0.7879293175666335,13.659801002047848,5.0,7.0,0.8291053681213789,15.00637422149299
401636939,2024,14,UCF,Utah,0.8296305668764754,13.543984921202536,0.6932321974132383,7.578284621955711,7.0,8.0,0.7614313821448568,10.561134771579123
401636940,2024,14,Arizona,Arizona State,0.2796544649586803,-8.626896674794763,0.2513544637786443,-7.775524603373068,8.0,5.0,0.26550446436866226,-8.201210639083914
401636941,2024,14,Baylor,Kansas,0.4745877473724306,-1.224531604272729,0.529449279626121,-0.6067269878178863,5.0,8.0,0.5020185134992758,-0.9156292960453076
401636942,2024,14,BYU,Houston,0.801662358550194,11.910924654738178,0.852452982574402,16.290452470316644,5.0,5.0,0.8270576705622981,14.100688562527411
401636943,2024,14,Cincinnati,TCU,0.424481076916176,-3.001121302976693,0.5130596178696325,0.5435452394090401,5.0,7.0,0.46877034739290424,-1.2287880317838265
401636944,2024,14,Iowa State,Kansas State,0.4524998613263385,-2.003291504046491,0.5447985756990616,3.2896691208736843,8.0,8.0,0.49864921851270005,0.6431888084135966
401636945,2024,14,Texas Tech,West Virginia,0.513464593090009,0.1395301887821873,0.4471554494293384,2.5073590056512467,7.0,6.0,0.4803100212596737,1.323444597216717
401640988,2024,14,Florida International,Middle Tennessee,0.5928906846495451,2.9626840603498006,0.8022990688285825,10.964568079372071,5.0,6.0,0.6975948767390638,6.963626069860936
401640997,2024,14,Sam Houston,Liberty,0.3880191041356807,-4.326908430398321,0.5394263802669865,2.8479423012670395,5.0,9.0,0.4637227422013336,-0.7394830645656407
401641006,2024,14,Western Kentucky,Jacksonville State,0.4098744111862515,-3.5277822458752426,0.4842557629377501,1.0153357397621634,6.0,8.0,0.44706508706200077,-1.2562232530565396
401641014,2024,14,Louisiana Tech,Kennesaw State,0.8333924480297614,13.77937254497647,0.7585043479789247,11.689912247668504,5.0,5.0,0.7959483980043431,12.734642396322487
401641031,2024,14,New Mexico State,UTEP,0.5151465071319554,0.1985532582117244,0.5257228322695868,3.8750077119791566,7.0,5.0,0.5204346697007711,2.0367804850954405
401643768,2024,14,San Diego State,Air Force,0.4479589160059212,-2.1641099949661915,0.5262141520227859,1.3185824317956385,5.0,8.0,0.48708653401435353,-0.4227637815852765
401643769,2024,14,Boise State,Oregon State,0.9339840248945278,22.89338359950103,0.8587992146606919,21.06463790081716,8.0,8.0,0.8963916197776098,21.979010750159095
401643770,2024,14,Colorado State,Utah State,0.6438429313189312,4.857497868004496,0.5975707329920286,6.996954636883562,6.0,6.0,0.6207068321554798,5.927226252444029
401643771,2024,14,Hawai'i,New Mexico,0.5970788370306006,3.115036787152932,0.5927882833951295,4.111931824919301,6.0,5.0,0.594933560212865,3.6134843060361166
401643772,2024,14,UNLV,Nevada,0.8389664178954781,14.136097874516873,0.8587992146606919,20.876300014139424,6.0,4.0,0.848882816278085,17.506198944328148
401643773,2024,14,Washington State,Wyoming,0.9211090888892144,21.20987038624401,0.8938718963320842,19.13005758462749,7.0,6.0,0.9074904926106493,20.16996398543575
401643843,2024,14,South Alabama,Texas State,0.6251127635267213,4.149413056768811,0.6714531164514496,4.703676042813295,7.0,6.0,0.6482829399890855,4.426544549791053
401643844,2024,14,Georgia Southern,App State,0.6507064098330035,5.121028594133049,0.7093166620284919,8.492778294429165,6.0,6.0,0.6800115359307477,6.806903444281107
401643845,2024,14,Georgia State,Coastal Carolina,0.5008346065892642,-0.3034422831012642,0.5130596178696325,0.3892670042714474,7.0,6.0,0.5069471122294483,0.0429123605850916
401643846,2024,14,James Madison,Marshall,0.7151420407057265,7.7363215620636545,0.7093166620284919,7.729655737959548,9.0,7.0,0.7122293513671092,7.732988650011601
401643847,2024,14,Arkansas State,Old Dominion,0.3598469247571662,-5.382179106373901,0.2878006453521,-6.255316825877799,5.0,6.0,0.32382378505463305,-5.81874796612585
401643848,2024,14,UL Monroe,Louisiana,0.1458199324005399,-15.828991168496968,0.2707132109323179,-9.52577524262694,4.0,7.0,0.20826657166642892,-12.677383205561954
401643849,2024,14,Troy,Southern Miss,0.9348515003534508,23.017473871620155,0.8694350237973016,18.023773944007544,9.0,4.0,0.9021432620753762,20.52062390781385
401644691,2024,14,Bowling Green,Miami (OH),0.4723555823163935,-1.3030214056761389,0.6910731365912233,4.696971397313494,6.0,7.0,0.5817143594538083,1.6969749958186773
401644775,2024,14,Akron,Toledo,0.2802929549552659,-8.599132129223083,0.2381924898755449,-10.164030058585956,5.0,8.0,0.2592427224154054,-9.381581093904519
401644776,2024,14,Buffalo,Kent State,0.9333622573053648,22.80537022163203,0.925647801411154,22.874763791918923,6.0,4.0,0.9295050293582594,22.840067006775477
401644777,2024,14,Ohio,Ball State,0.9332562682925034,22.790443247735336,0.8781564569432876,20.22492026878539,8.0,6.0,0.9057063626178955,21.50768175826036
401644779,2024,14,Northern Illinois,Central Michigan,0.8313066574674982,13.648343713792938,0.8456458564285433,15.485683394651568,7.0,6.0,0.8384762569480207,14.567013554222253
401644780,2024,14,Western Michigan,Eastern Michigan,0.7186265585036421,7.88682130949662,0.6784983224003648,5.452939188497767,5.0,5.0,0.6985624404520034,6.669880248997194
401645376,2024,14,Tulane,Memphis,0.8013196734491433,11.892043940447316,0.8142735676515831,16.47252325174433,8.0,6.0,0.8077966205503633,14.182283596095823
401645377,2024,14,Charlotte,UAB,0.5857479799701965,2.7039710216990773,0.5581279566032963,2.4201334723099155,5.0,6.0,0.5719379682867464,2.5620522470044964
401645378,2024,14,Army,UTSA,0.7740105131933499,10.459100755361968,0.8456458564285433,15.293208361842431,5.0,8.0,0.8098281848109465,12.876154558602199
401645379,2024,14,East Carolina,Navy,0.4159086155705178,-3.309572696070522,0.5077174197957641,-1.054640836194669,6.0,6.0,0.461813017683141,-2.1821067661325957
401645380,2024,14,Tulsa,Florida Atlantic,0.4200791071071378,-3.159294980828113,0.4862937879233298,-1.5349264814354342,6.0,7.0,0.4531864475152338,-2.3471107311317736
401645381,2024,14,Temple,North Texas,0.2480918172491143,-10.052592487493898,0.3132254873336326,-6.77944473943589,4.0,6.0,0.28065865229137343,-8.416018613464894
401645382,2024,14,Rice,South Florida,0.5294896144001585,0.7025194453178494,0.529449279626121,-0.619929499378518,6.0,6.0,0.5294694470131398,0.041294972969665666
401673462,2024,15,Army,Tulane,0.3126509377269784,-7.238173947223606,0.3731415134770628,-3.7542783693600654,5.0,8.0,0.3428962256020206,-5.496226158291836
401673463,2024,15,SMU,Clemson,0.6813500419392806,6.329311140286624,0.5257228322695868,3.9815202193701023,8.0,8.0,0.6035364371044337,5.155415679828363
401673464,2024,15,Oregon,Penn State,0.4278830322370248,-2.879176549237361,0.5077174197957641,-0.8380490483901788,9.0,10.0,0.4678002260163945,-1.85861279881377
401673465,2024,15,Arizona State,Iowa State,0.6735686866846403,6.017130978359262,0.4606519464280855,-0.6917383584942325,5.0,8.0,0.5671103165563629,2.6626963099325147
401673466,2024,15,Jacksonville State,Western Kentucky,0.7159242645538727,7.770009294195919,0.6784983224003648,6.222785036410811,8.0,6.0,0.6972112934771187,6.996397165303366
401673467,2024,15,Miami (OH),Ohio,0.522721507263367,0.464549901994264,0.5130596178696325,0.591248258228287,7.0,8.0,0.5178905625664998,0.5278990801112755
401673468,2024,15,Boise State,UNLV,0.6447655207214315,4.8927869933708905,0.716202013533849,4.8069765534084095,8.0,6.0,0.6804837671276402,4.84988177338965
401673469,2024,15,Texas,Georgia,0.7565510026586866,9.606742290407936,0.6784983224003648,5.857703976501401,9.0,9.0,0.7175246625295257,7.732223133454669
401673470,2024,15,Louisiana,Marshall,0.7525376202974002,9.416782284693888,0.6784983224003648,6.0298371365059,7.0,7.0,0.7155179713488825,7.723309710599894
401645383,2024,16,Army,Navy,0.6538076888176956,5.240886812227487,,,5.0,6.0,0.6538076888176956,5.240886812227487
401752708,2025,4,Memphis,Arkansas,0.4961161044052938,-0.468894788545513,0.5581279566032963,2.440297102910365,8.0,7.0,0.5271220305042951,0.9857011571824259
401752709,2025,4,Miami,Florida,0.8350423738280943,13.8839531607133,0.7660492970501612,12.9984634881065,9.0,6.0,0.8005458354391277,13.4412083244099
401752711,2025,4,Ole Miss,Tulane,0.8399858067294218,14.202410317678424,0.7718298825644386,16.659475612945567,8.0,9.0,0.8059078446469302,15.430942965311996
401752712,2025,4,Mississippi State,Northern Illinois,0.912431284860854,20.21209275511056,0.8587992146606919,20.87879559535415,5.0,8.0,0.885615249760773,20.545444175232355
401752713,2025,4,Missouri,South Carolina,0.8429503162823003,14.397220253381663,0.8450890758936708,18.37689226729084,7.0,8.0,0.8440196960879855,16.38705626033625
401752714,2025,4,Oklahoma,Auburn,0.6242473827858734,4.117057414033639,0.7093166620284919,9.044362586466438,7.0,7.0,0.6667820224071827,6.580710000250038
401752715,2025,4,Tennessee,UAB,0.9434958880317068,24.346051785612246,0.9962954770512288,27.942025458517737,8.0,5.0,0.9698956825414677,26.14403862206499
401752716,2025,4,Vanderbilt,Georgia State,0.9761105084574891,32.1903901686354,0.956948812733562,33.2721469007345,6.0,5.0,0.9665296605955256,32.73126853468495
401752723,2025,4,Texas,Sam Houston,0.9512733843427464,25.716157106856464,0.9962954770512288,27.127003237824397,9.0,6.0,0.9737844306969876,26.42158017234043
401752841,2025,4,Oregon,Oregon State,0.9785291021359912,33.14776962373227,0.956948812733562,33.6181131934657,8.0,6.0,0.9677389574347766,33.38294140859899
401752842,2025,4,Washington State,Washington,0.1503211239291918,-15.516177440273792,0.2537832129300246,-9.13030799060807,7.0,7.0,0.20205216842960821,-12.32324271544093
401752843,2025,4,Indiana,Illinois,0.8057872798045591,12.14014748279212,0.7585043479789247,12.160830682656975,9.0,6.0,0.7821458138917419,12.150489082724548
401752844,2025,4,Rutgers,Iowa,0.5344371222551524,0.8767123541106856,0.7093166620284919,8.106771601442109,5.0,7.0,0.6218768921418221,4.491741977776397
401752845,2025,4,Wisconsin,Maryland,0.6468811600082124,4.973866454828839,0.7093166620284919,7.842616788017543,5.0,6.0,0.6780989110183522,6.4082416214231905
401752846,2025,4,Nebraska,Michigan,0.4937213812422757,-0.5528722856470343,0.7093166620284919,9.022310755305076,7.0,8.0,0.6015190216353838,4.234719234829021
401752847,2025,4,USC,Michigan State,0.9259961244192234,21.816830069747777,0.9769469907902336,26.19374188638368,7.0,6.0,0.9514715576047286,24.00528597806573
401752848,2025,4,Notre Dame,Purdue,0.8488730526516488,14.795579697025492,0.9169647598686674,22.53130442929703,8.0,4.0,0.8829189062601581,18.663442063161263
401754537,2025,4,Clemson,Syracuse,0.6616369080505752,5.5457559250248485,0.7093166620284919,8.289761554927422,7.0,6.0,0.6854767850395336,6.917758739976135
401754538,2025,4,Duke,NC State,0.4288233084587818,-2.845515492544671,0.5130596178696325,0.937805293672791,6.0,6.0,0.47094146316420715,-0.95385509943594
401754539,2025,4,Virginia,Stanford,0.700026685791209,7.095828041506559,0.7660492970501612,12.96771159192745,7.0,5.0,0.733037991420685,10.031769816717006
401754540,2025,4,San Diego State,California,0.2349911486638606,-10.679574698806784,0.3279857029161949,-5.418096746767317,4.0,7.0,0.28148842579002775,-8.04883572278705
401754541,2025,4,Florida State,Kent State,0.98875387142203,38.90764614657655,0.9819195201783018,36.96108731686428,5.0,3.0,0.9853366958001659,37.93436673172042
401754542,2025,4,Georgia Tech,Temple,0.9247560213583726,21.65940546845138,0.8608537302727398,16.879425681427502,7.0,4.0,0.8928048758155562,19.26941557493944
401754636,2025,4,TCU,SMU,0.7641955882523402,9.974551583919997,0.7042508205171714,9.258031896012085,6.0,8.0,0.7342232043847559,9.61629173996604
401754640,2025,4,UCF,North Carolina,0.8583426222616697,15.46006585093306,0.8170697795405115,17.075031631584736,8.0,7.0,0.8377062009010906,16.2675487412589
401754642,2025,4,Louisville,Bowling Green,0.8199466452639355,12.956441058777315,0.8423145874694133,15.054722409304548,8.0,7.0,0.8311306163666744,14.00558173404093
401756896,2025,4,Baylor,Arizona State,0.4762386773056318,-1.1665029658051052,0.6714531164514496,4.799726677102425,7.0,8.0,0.5738458968785407,1.8166118556486601
401756897,2025,4,Colorado,Wyoming,0.7690407391705888,10.21194866928415,0.8423145874694133,14.977388513928563,7.0,5.0,0.8056776633200011,12.594668591606357
401756898,2025,4,East Carolina,BYU,0.4266176438451817,-2.924505825154839,0.5280085951891043,1.8913846102847405,6.0,8.0,0.47731311951714295,-0.5165606074350493
401756899,2025,4,Kansas,West Virginia,0.7270420485184114,8.255059298180786,0.7715118216941832,11.555344271940069,7.0,6.0,0.7492769351062973,9.905201785060427
401756900,2025,4,Oklahoma State,Tulsa,0.5684265601813866,2.081753835578257,0.6784983224003648,5.689755275303188,5.0,4.0,0.6234624412908757,3.8857545554407227
401756901,2025,4,Utah,Texas Tech,0.6230562389496793,4.072570282903873,0.7093166620284919,8.123423469815293,5.0,8.0,0.6661864504890855,6.097996876359582
401757169,2025,4,UConn,Ball State,0.9407121211202008,23.898579344835056,0.8657507620667089,25.036958135463635,7.0,5.0,0.9032314415934548,24.467768740149346
401757259,2025,4,Florida International,Delaware,0.5919590995801366,2.928863277769545,0.747888280995861,10.242349788411488,6.0,5.0,0.6699236902879988,6.585606533090516
401757261,2025,4,Kennesaw State,Arkansas State,0.620856567692293,3.990561792353173,0.7057593171082679,7.1020101327445335,5.0,6.0,0.6633079424002805,5.546285962548853
401757262,2025,4,Liberty,James Madison,0.4733851454606791,-1.2668141550585967,0.5130596178696325,0.8992140085142957,8.0,8.0,0.4932223816651558,-0.18380007327215053
401757263,2025,4,Louisiana Tech,Southern Miss,0.830718963356654,13.61165840842228,0.865370839862553,15.198862226046218,7.0,4.0,0.8480449016096034,14.405260317234248
401757264,2025,4,Middle Tennessee,Marshall,0.2733392241122532,-8.903639051886193,0.3279857029161949,-5.202926470419275,5.0,7.0,0.30066246351422404,-7.053282761152734
401757267,2025,4,UTEP,UL Monroe,0.7609405702686021,9.81695639938022,0.7545536150948478,13.400338450863869,5.0,5.0,0.7577470926817249,11.608647425122044
401757268,2025,4,Western Kentucky,Nevada,0.8463283345674107,14.622886225453652,0.8706790660337156,20.605651449124736,6.0,6.0,0.8585037003005631,17.614268837289195
401760372,2025,4,Air Force,Boise State,0.3730289921905074,-4.884406173017318,0.5280085951891043,1.8585503251683504,6.0,9.0,0.45051879368980585,-1.512927923924484
401760373,2025,4,Colorado State,UTSA,0.4710883522515836,-1.3475982156530866,0.4471554494293384,2.508967490188903,6.0,6.0,0.459121900840461,0.5806846372679082
401760374,2025,4,Hawai'i,Fresno State,0.2549024045091796,-9.73543086129407,0.3638948953439975,-4.748192313829465,6.0,7.0,0.30939864992658855,-7.2418115875617675
401760376,2025,4,Miami (OH),UNLV,0.5976413907816724,3.135539578842987,0.5746851315952506,4.353141238039912,7.0,8.0,0.5861632611884615,3.7443404084414498
401761610,2025,4,Eastern Michigan,Louisiana,0.3631834652193856,-5.255465417491768,0.5267731046392776,0.2275873205099721,5.0,7.0,0.4449782849293316,-2.513939048490898
401761611,2025,4,South Alabama,Coastal Carolina,0.8650304125694063,15.952041944141753,0.88245194553543,19.526224680804965,7.0,6.0,0.8737411790524181,17.73913331247336
401761613,2025,4,Buffalo,Troy,0.708015738250193,7.431929827487675,0.7585043479789247,11.921679247234854,6.0,7.0,0.7332600431145588,9.676804537361264
401762468,2025,4,Charlotte,Rice,0.263822276949046,-9.328349760244167,0.4362089262424756,-2.246613862239249,5.0,7.0,0.3500156015957608,-5.787481811241708
401762469,2025,4,Army,North Texas,0.2700548909927532,-9.049136771497569,0.3279857029161949,-5.300442337207851,8.0,7.0,0.2990202969544741,-7.17478955435271
401762820,2025,4,Western Michigan,Toledo,0.1297593469162966,-17.015196400849284,0.2368985570795272,-8.478111493836998,6.0,7.0,0.18332895199791188,-12.746653947343141
401752717,2025,5,Arkansas,Notre Dame,0.711488778020899,7.579718105314464,0.6784983224003648,6.26819556789294,7.0,8.0,0.6949935502106319,6.923956836603702
401752718,2025,5,Georgia,Alabama,0.2962244009224658,-7.918305560800375,0.4323829570261501,-1.9163530674478224,8.0,8.0,0.36430367897430793,-4.917329314124099
401752719,2025,5,Ole Miss,LSU,0.6509589664040354,5.13077080857592,0.8037925454479611,14.719575656033223,8.0,7.0,0.7273757559259982,9.925173232304571
401752720,2025,5,Mississippi State,Tennessee,0.4690666987252502,-1.4187404397372192,0.5262141520227859,1.4420097364430298,5.0,8.0,0.49764042537401804,0.011634648352905286
401752721,2025,5,Missouri,Massachusetts,0.9918492949465236,41.75699588826553,0.9819195201783018,38.855477008325714,7.0,5.0,0.9868844075624127,40.30623644829562
401752722,2025,5,South Carolina,Kentucky,0.5824556852307929,2.5851681686519017,0.5746851315952506,4.4203848093810185,8.0,6.0,0.5785704084130218,3.50277648901646
401752724,2025,5,Texas A&M,Auburn,0.6434954445170362,4.844217069824175,0.6308356702160808,6.530664748378843,7.0,7.0,0.6371655573665584,5.687440909101509
401752725,2025,5,Vanderbilt,Utah State,0.9367063725843302,23.2880524678687,0.8587992146606919,21.27896945973989,6.0,6.0,0.897752793622511,22.283510963804297
401752849,2025,5,Minnesota,Rutgers,0.7880013084743592,11.176359062844138,0.7042508205171714,9.116997387934532,7.0,5.0,0.7461260644957652,10.146678225389335
401752850,2025,5,Illinois,USC,0.2436885056617627,-10.26076081353879,0.4323829570261501,-1.783221079332999,6.0,7.0,0.33803573134395637,-6.021990946435894
401752851,2025,5,Northwestern,UCLA,0.646267462213084,4.95032463557563,0.7899041410620369,12.870335762824244,5.0,6.0,0.7180858016375604,8.910330199199937
401752852,2025,5,Washington,Ohio State,0.5863809888447923,2.726844578738344,0.5077174197957641,-0.8785210256512084,7.0,9.0,0.5470492043202781,0.9241617765435679
401752853,2025,5,Iowa,Indiana,0.0902591646563095,-20.586349386724663,0.1399823316071244,-11.68554687692918,7.0,9.0,0.11512074813171694,-16.135948131826922
401752854,2025,5,Penn State,Oregon,0.3696896999310114,-5.009795844040633,0.5267731046392776,0.0807471331196936,9.0,8.0,0.4482314022851445,-2.46452435546047
401752939,2025,5,Oregon State,Houston,0.208369697186099,-12.033406361501758,0.2519065369304993,-8.051993136503448,6.0,6.0,0.23013811705829915,-10.042699749002603
401752950,2025,5,Colorado State,Washington State,0.6555020805452602,5.306584590204242,0.7093166620284919,8.824768890287874,6.0,7.0,0.682409371286876,7.065676740246058
401754543,2025,5,Virginia,Florida State,0.2478702566523112,-10.06300719841993,0.4434545735054379,-2.3938613561223825,7.0,5.0,0.3456624150788745,-6.228434277271156
401754544,2025,5,Boston College,California,0.6397497595290195,4.701421117227351,0.7042508205171714,9.588177207957344,6.0,7.0,0.6720002900230955,7.1447991625923475
401754545,2025,5,Syracuse,Duke,0.5870229416121964,2.750051856288874,0.7585043479789247,12.089745273598702,6.0,6.0,0.6727636447955605,7.419898564943788
401754546,2025,5,Wake Forest,Georgia Tech,0.1330351986987627,-16.763580405192812,0.2715871003625438,-7.305456566232984,6.0,7.0,0.20231114953065327,-12.034518485712898
401754547,2025,5,Pittsburgh,Louisville,0.4695191469395463,-1.402815714068964,0.5447985756990616,3.36073201558968,7.0,8.0,0.507158861319304,0.9789581507603579
401754548,2025,5,NC State,Virginia Tech,0.7170146019746054,7.81705995278347,0.7585043479789247,11.644609266347796,6.0,7.0,0.7377594749767651,9.730834609565633
401754549,2025,5,Stanford,San José State,0.7602997199232681,9.78610297746783,0.773312631215673,13.130618313195347,5.0,7.0,0.7668061755694705,11.458360645331588
401756902,2025,5,Arizona State,TCU,0.4379478510651617,-2.5197807243988266,0.5796033054460699,4.301971256480674,8.0,6.0,0.5087755782556158,0.8910952660409237
401756903,2025,5,Colorado,BYU,0.1745889109169212,-13.950241781445426,0.2612163668721204,-7.417862927486997,7.0,8.0,0.2179026388945208,-10.68405235446621
401756904,2025,5,Iowa State,Arizona,0.5670202532771049,2.0315214461483126,0.5975707329920286,7.068074411105814,6.0,5.0,0.5822954931345667,4.549797928627063
401756905,2025,5,Kansas,Cincinnati,0.5490197277272331,1.3916615570133095,0.622932109850588,6.8062663126876775,7.0,6.0,0.5859759187889105,4.098963934850493
401756906,2025,5,Kansas State,UCF,0.2198711088498876,-11.434136044088318,0.2878006453521,-6.273646111327624,8.0,8.0,0.25383587710099376,-8.85389107770797
401756907,2025,5,Oklahoma State,Baylor,0.2037069643646543,-12.28327392429203,0.2707132109323179,-9.9473001769519,5.0,7.0,0.2372100876484861,-11.115287050621966
401756908,2025,5,West Virginia,Utah,0.2640262853690253,-9.31914424281204,0.4367261454497751,-3.505228529084656,6.0,5.0,0.3503762154094002,-6.412186385948348
401757170,2025,5,Buffalo,UConn,0.4230856682158374,-3.0512139496322743,0.5280085951891043,1.599272306697202,6.0,7.0,0.4755471317024708,-0.7259708214675361
401757269,2025,5,Southern Miss,Jacksonville State,0.4083141058543678,-3.584363210546044,0.448497606330901,-3.440133146024543,4.0,9.0,0.4284058560926344,-3.5122481782852937
401757270,2025,5,Kennesaw State,Middle Tennessee,0.7921727155440513,11.396845448669485,0.8423145874694133,14.813943297781938,5.0,5.0,0.8172436515067323,13.10539437322571
401757271,2025,5,Old Dominion,Liberty,0.90545945070495,19.473334523555376,0.8587992146606919,21.229830332208028,6.0,8.0,0.882129332682821,20.351582427881702
401757272,2025,5,UTEP,Louisiana Tech,0.3483528384884309,-5.822748104098336,0.5077174197957641,-0.8191293337036765,5.0,7.0,0.4280351291420975,-3.3209387189010062
401757273,2025,5,Missouri State,Western Kentucky,0.4016234917310991,-3.827759720228061,0.3731415134770628,-3.69253276527896,5.0,6.0,0.38738250260408097,-3.7601462427535104
401757274,2025,5,New Mexico,New Mexico State,0.8905996263141945,18.048568777224148,0.7918132185282531,16.704815591297784,6.0,5.0,0.8412064224212239,17.376692184260968
401760378,2025,5,Air Force,Hawai'i,0.5531213736925371,1.5369989523682168,0.6932321974132383,7.66112970434316,6.0,6.0,0.6231767855528877,4.599064328355688
401760379,2025,5,Boise State,App State,0.8238953430961191,13.192939245546665,0.852452982574402,16.13114905817631,9.0,6.0,0.8381741628352606,14.662044151861487
401760380,2025,5,Northern Illinois,San Diego State,0.4138516938145349,-3.383849451263804,0.5077174197957641,-0.781427404474158,8.0,4.0,0.4607845568051495,-2.0826384278689813
401761614,2025,5,James Madison,Georgia Southern,0.8687809680733322,16.237006730526197,0.8681640136003178,15.979968358371966,8.0,6.0,0.868472490836825,16.108487544449083
401761615,2025,5,Louisiana,Marshall,0.381735308807642,-4.559582155024176,0.5485006618577397,2.990486626577183,7.0,7.0,0.4651179853326909,-0.7845477642234968
401761616,2025,5,UL Monroe,Arkansas State,0.6708183012662877,5.907713795362506,0.5975707329920286,7.0726241640098415,5.0,6.0,0.6341945171291581,6.490168979686174
401761617,2025,5,North Texas,South Alabama,0.8632198491308974,15.81686411075753,0.8587992146606919,20.92874315656229,7.0,7.0,0.8610095318957947,18.37280363365991
401762471,2025,5,East Carolina,Army,0.8740066998710877,16.64582003844954,0.8681640136003178,15.66958189910486,6.0,8.0,0.8710853567357028,16.1577009687772
401762472,2025,5,Florida Atlantic,Memphis,0.1186054484416779,-17.91471797943817,0.2813777886995282,-7.805409041203212,5.0,8.0,0.19999161857060305,-12.86006351032069
401762473,2025,5,Navy,Rice,0.7969015687310926,11.650782302135417,0.8694350237973016,17.886891407909886,7.0,7.0,0.8331682962641971,14.768836855022652
401762474,2025,5,Tulsa,Tulane,0.2458025776613267,-10.160503576720634,0.2878006453521,-6.488588243826182,4.0,9.0,0.26680161150671333,-8.324545910273407
401762824,2025,5,Toledo,Akron,0.9450259495935664,24.600901867451714,0.917932470658316,24.11344330300701,7.0,6.0,0.9314792101259413,24.357172585229364
401762825,2025,5,Ohio,Bowling Green,0.6098481923371907,3.582842813319041,0.7093166620284919,8.01899584554981,8.0,7.0,0.6595824271828412,5.800919329434425
401762826,2025,5,Central Michigan,Eastern Michigan,0.730652074774443,8.415187006987715,0.7042508205171714,9.160435116243375,6.0,5.0,0.7174514476458071,8.787811061615546
401752726,2025,6,Alabama,Vanderbilt,0.6576907557672154,5.391675081188144,0.7093166620284919,8.27868758397208,8.0,6.0,0.6835037088978536,6.835181332580111
401752727,2025,6,Florida,Texas,0.3095210319061165,-7.366197682850901,0.3866876895027196,-4.679844614928005,6.0,9.0,0.3481043607044181,-6.023021148889453
401752728,2025,6,Georgia,Kentucky,0.8082038357481283,12.27615564765483,0.7545536150948478,13.364326035322865,8.0,6.0,0.781378725421488,12.820240841488847
401752729,2025,6,Oklahoma,Kent State,0.993311112173372,43.50256751156576,0.9819195201783018,37.56619803950503,7.0,3.0,0.9876153161758369,40.53438277553539
401752730,2025,6,Texas A&M,Mississippi State,0.7924000155880382,11.408952943787757,0.7093166620284919,7.835906882373246,7.0,5.0,0.750858338808265,9.622429913080502
401752855,2025,6,UCLA,Penn State,0.159758840321106,-14.884488823277549,0.1297751732572601,-15.58032790195183,6.0,9.0,0.14476700678918303,-15.232408362614688
401752856,2025,6,Michigan,Wisconsin,0.8914569386675938,18.12596820162419,0.8450890758936708,18.538477047119027,8.0,5.0,0.8682730072806323,18.33222262437161
401752857,2025,6,Maryland,Washington,0.2016066287545474,-12.39721683542292,0.4609770448877394,0.0067707441942506,6.0,7.0,0.3312918368211434,-6.195223045614335
401752858,2025,6,Northwestern,UL Monroe,0.643641427502705,4.849795773441574,0.775269348317486,10.640576659672146,5.0,5.0,0.7094553879100955,7.74518621655686
401752859,2025,6,Ohio State,Minnesota,0.8216053792674157,13.055287368888544,0.8938718963320842,18.930751180439728,9.0,7.0,0.85773863779975,15.993019274664135
401752860,2025,6,Nebraska,Michigan State,0.7966201512155989,11.635548167994433,0.88245194553543,19.53792062177232,7.0,6.0,0.8395360483755145,15.586734394883376
401752861,2025,6,Purdue,Illinois,0.1714074305026925,-14.145178397724353,0.2537832129300246,-9.110861755829196,4.0,6.0,0.21259532171635853,-11.628020076776775
401752940,2025,6,App State,Oregon State,0.6976845818081502,6.998273487793874,0.5447985756990616,3.348290515101024,6.0,6.0,0.6212415787536059,5.173282001447449
401754550,2025,6,Pittsburgh,Boston College,0.6709787261100127,5.914083024787709,0.5975707329920286,7.025145518259432,7.0,6.0,0.6342747295510207,6.469614271523571
401754551,2025,6,California,Duke,0.4623182329336124,-1.6564919176385875,0.5485006618577397,3.077589058000032,7.0,6.0,0.5054094473956761,0.7105485701807223
401754552,2025,6,North Carolina,Clemson,0.3401144110466054,-6.142681357679757,0.5077174197957641,-1.1735969680474447,7.0,7.0,0.4239159154211848,-3.658139162863601
401754553,2025,6,Florida State,Miami,0.5061028576431349,-0.1187055283160671,0.5257228322695868,3.953070273130997,5.0,9.0,0.5159128449563608,1.9171823724074648
401754554,2025,6,Louisville,Virginia,0.6965967963716588,6.953110343947629,0.6784983224003648,6.2105606281541625,8.0,7.0,0.6875475593860119,6.581835486050895
401754555,2025,6,SMU,Syracuse,0.701866639766232,7.172772315071784,0.7042508205171714,9.482795699125209,8.0,6.0,0.7030587301417017,8.327784007098497
401754556,2025,6,Virginia Tech,Wake Forest,0.7426648727614555,8.958085451476595,0.7093166620284919,7.940597896273402,7.0,6.0,0.7259907673949737,8.449341673874999
401756909,2025,6,BYU,West Virginia,0.9286052552629184,22.15613500374801,0.9110918013188564,24.050011488207865,8.0,6.0,0.9198485282908874,23.10307324597794
401756910,2025,6,Arizona,Oklahoma State,0.9278352568380052,22.054827248401157,0.8599661959766178,21.886385001720896,5.0,5.0,0.8939007264073116,21.970606125061025
401756911,2025,6,Baylor,Kansas State,0.6226673692833398,4.0580587325515545,0.7093166620284919,8.711682711769244,7.0,8.0,0.6659920156559158,6.384870722160399
401756912,2025,6,Cincinnati,Iowa State,0.7269842085963623,8.25250456457847,0.7093166620284919,8.141914990965404,6.0,6.0,0.7181504353124271,8.197209777771937
401756913,2025,6,Houston,Texas Tech,0.2093265495670658,-11.982642219642232,0.2715871003625438,-7.204101091382288,6.0,8.0,0.2404568249648048,-9.59337165551226
401756914,2025,6,TCU,Colorado,0.6917351539861839,6.752366279436849,0.7093166620284919,8.209109095869843,6.0,7.0,0.7005259080073378,7.480737687653346
401756915,2025,6,UCF,Kansas,0.4507297004821839,-2.0659473000860147,0.5280085951891043,1.6042283064972187,8.0,7.0,0.4893691478356441,-0.230859496794398
401757165,2025,6,Notre Dame,Boise State,0.871420585286061,16.441735946232587,0.8450890758936708,18.6753880990746,8.0,9.0,0.8582548305898658,17.558562022653593
401757171,2025,6,UConn,Florida International,0.79803968950154,11.712553852258171,0.773312631215673,13.27402342001303,7.0,6.0,0.7856761603586064,12.4932886361356
401757275,2025,6,New Mexico State,Sam Houston,0.424782433365069,-2.9903088537438083,0.5796033054460699,4.185310426657706,5.0,6.0,0.5021928694055694,0.5975007864569488
401757276,2025,6,Delaware,Western Kentucky,0.5138773166158834,0.1540127698211493,0.5262141520227859,1.1555106005454925,5.0,6.0,0.5200457343193347,0.6547616851833209
401760381,2025,6,Navy,Air Force,0.883638967459921,17.439069862707587,0.8608537302727398,16.895257400597668,7.0,6.0,0.8722463488663303,17.167163631652627
401760382,2025,6,San Diego State,Colorado State,0.7719774996826085,10.357538800873792,0.8681640136003178,15.815542954764489,4.0,6.0,0.8200707566414631,13.08654087781914
401760383,2025,6,Fresno State,Nevada,0.9047581024805084,19.40175140640285,0.8587992146606919,21.41919568385489,7.0,6.0,0.8817786585706001,20.41047354512887
401760384,2025,6,San José State,New Mexico,0.3439389090047511,-5.9937070048314,0.4323829570261501,-1.912000004938992,7.0,6.0,0.3881609330154506,-3.952853504885196
401760385,2025,6,Wyoming,UNLV,0.307608070969334,-7.4447956675759155,0.4609770448877394,-0.1639009269096476,5.0,8.0,0.38429255792853667,-3.8043482972427816
401761618,2025,6,Georgia State,James Madison,0.0986643579628641,-19.724469379746655,0.0758385552775663,-16.799200024573697,5.0,8.0,0.0872514566202152,-18.261834702160176
401761619,2025,6,Old Dominion,Coastal Carolina,0.8963769140023086,18.58084242409865,0.925647801411154,23.28220219808779,6.0,6.0,0.9110123577067313,20.931522311093218
401761620,2025,6,Arkansas State,Texas State,0.2166137712188428,-11.601499198636244,0.2537832129300246,-9.328730918670786,6.0,8.0,0.2351984920744337,-10.465115058653515
401761621,2025,6,Troy,South Alabama,0.5558794555927805,1.6348715425119962,0.6784983224003648,5.412351717917846,7.0,7.0,0.6171888889965726,3.523611630214921
401762475,2025,6,South Florida,Charlotte,0.9568731797698586,26.837765329022265,0.9962954770512288,27.613052419851236,6.0,5.0,0.9765843284105438,27.225408874436752
401762476,2025,6,UAB,Army,0.5275555737164767,0.6344826816039166,0.5212841720668582,-0.3667194592447202,5.0,8.0,0.5244198728916674,0.1338816111795982
401762477,2025,6,Rice,Florida Atlantic,0.7738725086387622,10.45218616583904,0.7093166620284919,8.745653794115897,7.0,5.0,0.741594585333627,9.598919979977468
401762478,2025,6,Memphis,Tulsa,0.9518689616638856,25.8294493221848,0.8657507620667089,24.671415308032344,8.0,4.0,0.9088098618652972,25.250432315108572
401762479,2025,6,Temple,UTSA,0.3760843669369019,-4.770075504145341,0.5746851315952506,4.339553843799969,4.0,6.0,0.4753847492660762,-0.21526083017268594
401762829,2025,6,Akron,Central Michigan,0.3243203880294433,-6.766845179175853,0.5130596178696325,0.6039317678482998,6.0,6.0,0.4186900029495379,-3.0814567056637765
401762830,2025,6,Ball State,Ohio,0.1675290409566344,-14.386738210798628,0.2707132109323179,-9.924125693679766,5.0,8.0,0.21912112594447616,-12.155431952239198
401762831,2025,6,Buffalo,Eastern Michigan,0.7860667877921839,11.07518387664983,0.7879293175666335,13.880768277568686,6.0,5.0,0.7869980526794087,12.477976077109258
401762832,2025,6,Massachusetts,Western Michigan,0.2256275766516565,-11.142662114849756,0.2707132109323179,-9.82202554286276,5.0,6.0,0.24817039379198721,-10.482343828856258
401762873,2025,6,Northern Illinois,Miami (OH),0.4401679930896267,-2.440759523794895,0.5280085951891043,1.805719776038732,8.0,7.0,0.4840882941393655,-0.31751987387808145
401752731,2025,7,Auburn,Georgia,0.558579271011978,1.7307948905580766,0.5447985756990616,3.3095650747064216,7.0,8.0,0.5516889233555198,2.520179982632249
401752732,2025,7,LSU,South Carolina,0.7441083609036557,9.024417284867912,0.8022990688285825,10.958744861046268,7.0,8.0,0.773203714866119,9.99158107295709
401752733,2025,7,Ole Miss,Washington State,0.9437991779825812,24.396048124477787,0.9962954770512288,29.75683610798729,8.0,7.0,0.970047327516905,27.07644211623254
401752734,2025,7,Missouri,Alabama,0.3962359385252441,-4.024719245794774,0.4323829570261501,-1.6671667418346008,7.0,8.0,0.4143094477756971,-2.8459429938146874
401752735,2025,7,Tennessee,Arkansas,0.5667073689976152,2.020350692089307,0.8014701125058992,11.378911770080572,8.0,7.0,0.6840887407517572,6.69963123108494
401752736,2025,7,Texas,Oklahoma,0.5109818282351366,0.0524221904338486,0.5262141520227859,1.2335379888232811,9.0,7.0,0.5185979901289612,0.6429800896285649
401752737,2025,7,Texas A&M,Florida,0.8079450701247866,12.261529686854487,0.747888280995861,10.264231394143016,7.0,6.0,0.7779166755603237,11.262880540498752
401752862,2025,7,Washington,Rutgers,0.8991681582880392,18.847460837997897,0.747888280995861,10.111426726873889,7.0,5.0,0.8235282196419501,14.479443782435894
401752863,2025,7,Michigan State,UCLA,0.6935444438510854,6.826866225069782,0.747888280995861,10.168497086868095,6.0,6.0,0.7207163624234731,8.49768165596894
401752864,2025,7,Minnesota,Purdue,0.8457011037033034,14.580680367016503,0.7879293175666335,13.509118204903992,7.0,4.0,0.8168152106349684,14.044899285960248
401752865,2025,7,Illinois,Ohio State,0.3108853529036435,-7.310305434279821,0.3132254873336326,-6.718389949473496,6.0,9.0,0.31205542011863807,-7.014347691876658
401752866,2025,7,Penn State,Northwestern,0.8197713738770184,12.946037994861786,0.8456458564285433,15.493940403012733,9.0,5.0,0.8327086151527808,14.21998919893726
401752867,2025,7,Maryland,Nebraska,0.2922687219015809,-8.08528520469103,0.4367261454497751,-3.500832573161098,6.0,7.0,0.364497433675678,-5.793058888926064
401752868,2025,7,USC,Michigan,0.5581751485231774,1.716428892030034,0.6932321974132383,7.423507504212511,7.0,8.0,0.6257036729682078,4.5699681981212725
401752869,2025,7,Wisconsin,Iowa,0.4361067902086559,-2.5853763235169773,0.4434545735054379,-2.3472046586331494,5.0,7.0,0.4397806818570469,-2.466290491075063
401752870,2025,7,Oregon,Indiana,0.348875015911216,-5.8025905940788665,0.5077174197957641,-0.8416535418189248,8.0,9.0,0.42829621785349004,-3.3221220679488956
401754558,2025,7,Boston College,Clemson,0.3184849921866975,-7.001386610754096,0.5040737725067659,-1.3480863404306085,6.0,7.0,0.41127938234673167,-4.174736475592352
401754559,2025,7,Florida State,Pittsburgh,0.715109966723447,7.734941433825567,0.747888280995861,10.24885385193966,5.0,7.0,0.731499123859654,8.991897642882613
401754560,2025,7,Georgia Tech,Virginia Tech,0.8432440963978168,14.416688019196378,0.865370839862553,15.121231551534532,7.0,7.0,0.854307468130185,14.768959785365455
401754561,2025,7,SMU,Stanford,0.7977360793055613,11.696050045317032,0.7879293175666335,14.337782292231436,8.0,5.0,0.7928326984360974,13.016916168774234
401754562,2025,7,Notre Dame,NC State,0.8896226265439926,17.961009736213885,0.8781564569432876,20.39130239017325,8.0,6.0,0.8838895417436401,19.176156063193567
401754563,2025,7,Oregon State,Wake Forest,0.372929171580998,-4.888147758303589,0.5077174197957641,-1.1035190021063563,6.0,6.0,0.440323295688381,-2.9958333802049726
401756916,2025,7,Arizona,BYU,0.2490524552283871,-10.007508495016516,0.2878006453521,-6.452294058882982,5.0,8.0,0.26842655029024354,-8.22990127694975
401756917,2025,7,Cincinnati,UCF,0.7519488613607602,9.389090190464978,0.8022990688285825,10.99091195858338,6.0,8.0,0.7771239650946713,10.19000107452418
401756918,2025,7,Colorado,Iowa State,0.4585433725740396,-1.7896886083387824,0.4609770448877394,-0.1464758565205723,7.0,6.0,0.4597602087308895,-0.9680822324296774
401756919,2025,7,Kansas State,TCU,0.3035793467022525,-7.611219747065443,0.4362089262424756,-2.2636241732448417,8.0,6.0,0.369894136472364,-4.937421960155142
401756920,2025,7,Oklahoma State,Houston,0.1922023113329059,-12.918620074662275,0.1444440221279581,-12.854257781347195,5.0,6.0,0.16832316673043202,-12.886438928004736
401756921,2025,7,Texas Tech,Kansas,0.727619901795668,8.28060111298519,0.773312631215673,13.333522620407408,8.0,7.0,0.7504662665056705,10.807061866696298
401756922,2025,7,Utah,Arizona State,0.7692769433947496,10.223610328412352,0.7545536150948478,13.399832145154516,5.0,8.0,0.7619152792447987,11.811721236783434
401757277,2025,7,UTEP,Liberty,0.4871580123889433,-0.7830979801386944,0.5130596178696325,0.9005081285549741,5.0,8.0,0.5001088151292878,0.05870507420813986
401757278,2025,7,Middle Tennessee,Missouri State,0.322870573620873,-6.824909044466722,0.4446499797156309,-2.9430283952638856,5.0,5.0,0.38376027666825197,-4.883968719865304
401757279,2025,7,Sam Houston,Jacksonville State,0.3181374038855728,-7.015428613094072,0.1394276053689707,-12.562995569383014,6.0,9.0,0.22878250462727176,-9.789212091238543
401757280,2025,7,Kennesaw State,Louisiana Tech,0.2954753993764025,-7.949822798873518,0.2715871003625438,-7.22773033726315,5.0,7.0,0.28353124986947315,-7.588776568068334
401760386,2025,7,UNLV,Air Force,0.7135611693409653,7.668408158332024,0.8014701125058992,11.360658973030048,8.0,6.0,0.7575156409234323,9.514533565681036
401760387,2025,7,Boise State,New Mexico,0.7751835018280696,10.517993395579069,0.7585043479789247,11.987321409548432,9.0,6.0,0.7668439249034972,11.25265740256375
401760388,2025,7,Colorado State,Fresno State,0.2499061159190401,-9.967542523629788,0.2813777886995282,-7.94678346568042,6.0,7.0,0.2656419523092841,-8.957162994655103
401760389,2025,7,Hawai'i,Utah State,0.4738094134331303,-1.2518960079366956,0.5040737725067659,-1.3165755053462735,6.0,6.0,0.4889415929699481,-1.2842357566414846
401760390,2025,7,Nevada,San Diego State,0.2398974274762987,-10.442036754594003,0.2878006453521,-6.196100516003783,6.0,4.0,0.2638490364141993,-8.319068635298894
401760391,2025,7,Wyoming,San José State,0.4871031873549517,-0.7850216416051903,0.6910731365912233,4.692119877935774,5.0,7.0,0.5890881619730874,1.9535491181652918
401761622,2025,7,Georgia Southern,Southern Miss,0.4002685330642297,-3.877210875502397,0.5138706178431527,3.788508071933759,6.0,4.0,0.4570695754536912,-0.044351401784318956
401761623,2025,7,Coastal Carolina,UL Monroe,0.426314169182924,-2.935382116422286,0.6784983224003648,5.420611440730822,6.0,5.0,0.5524062457916443,1.2426146621542677
401761624,2025,7,Georgia State,App State,0.3531331439339908,-5.63873151039421,0.5267731046392776,0.0637561977977192,5.0,6.0,0.43995312428663425,-2.7874876562982456
401761625,2025,7,James Madison,Louisiana,0.8718728267406908,16.47717035454171,0.8170697795405115,17.199602228154912,8.0,7.0,0.8444713031406011,16.83838629134831
401761626,2025,7,Marshall,Old Dominion,0.2694589778826837,-9.075655027031514,0.2707132109323179,-9.637920752658012,7.0,6.0,0.2700860944075008,-9.356787889844764
401761627,2025,7,Texas State,Troy,0.6773953792934789,6.170161035462792,0.775269348317486,10.477468762907456,8.0,7.0,0.7263323638054824,8.323814899185123
401762480,2025,7,Tulane,East Carolina,0.4401264300310611,-2.4422380793042806,0.5485006618577397,3.2059298457830057,9.0,6.0,0.4943135459444004,0.3818458832393625
401762481,2025,7,North Texas,South Florida,0.5743887746981533,2.295168747907251,0.7057593171082679,7.27572949639471,7.0,6.0,0.6400740459032106,4.785449122150981
401762482,2025,7,Florida Atlantic,UAB,0.5458398970979202,1.279151053831379,0.7042508205171714,9.155738713964949,5.0,5.0,0.6250453588075457,5.217444883898164
401762483,2025,7,Army,Charlotte,0.8772503372496927,16.906925012063084,0.8781564569432876,20.36853495935808,8.0,5.0,0.8777033970964901,18.637729985710582
401762484,2025,7,Temple,Navy,0.2235534801517046,-11.247064592792134,0.5077174197957641,-1.0403341635922816,4.0,7.0,0.36563544997373437,-6.143699378192208
401762485,2025,7,UTSA,Rice,0.6809889443801489,6.314736042956783,0.7093166620284919,8.832066390176621,6.0,7.0,0.6951528032043204,7.573401216566702
401762833,2025,7,Akron,Miami (OH),0.2082525571112213,-12.039632810450051,0.3252191472609644,-6.047437892844284,6.0,7.0,0.26673585218609286,-9.043535351647169
401762834,2025,7,Western Michigan,Ball State,0.7598441787362089,9.76420550667528,0.7879293175666335,13.593871616645322,6.0,5.0,0.7738867481514212,11.6790385616603
401762835,2025,7,Bowling Green,Toledo,0.2001627902392404,-12.476060309692697,0.2612163668721204,-7.501271953058497,7.0,7.0,0.2306895785556804,-9.988666131375597
401762836,2025,7,Eastern Michigan,Northern Illinois,0.3984750003798065,-3.9427542346034383,0.5280085951891043,1.7522720351960943,5.0,8.0,0.4632417977844554,-1.0952410997036721
401762837,2025,7,Kent State,Massachusetts,0.5194422786236995,0.3493617092583543,0.6910731365912233,4.639379833042117,3.0,5.0,0.6052577076074614,2.4943707711502356
401752738,2025,8,Alabama,Tennessee,0.7858192352278154,11.062285087742904,0.8014701125058992,11.373524245838912,8.0,8.0,0.7936446738668572,11.217904666790908
401752739,2025,8,Arkansas,Texas A&M,0.3400903032532775,-6.1436229722624045,0.5040737725067659,-1.370347269213597,7.0,7.0,0.4220820378800217,-3.7569851207380007
401752740,2025,8,Auburn,Missouri,0.4222794785835637,-3.080174728634899,0.5262141520227859,1.138852822111712,7.0,7.0,0.4742468153031748,-0.9706609532615935
401752741,2025,8,Florida,Mississippi State,0.6984806012063307,7.031381325144112,0.6784983224003648,6.08129815183006,6.0,5.0,0.6884894618033477,6.556339738487086
401752742,2025,8,Georgia,Ole Miss,0.6153313505122507,3.785376584717021,0.5796033054460699,4.293529060014569,8.0,8.0,0.5974673279791602,4.039452822365795
401752743,2025,8,Kentucky,Texas,0.1772875827114957,-13.787072247774075,0.2537832129300246,-9.356302548676902,6.0,9.0,0.21553539782076014,-11.571687398225489
401752744,2025,8,South Carolina,Oklahoma,0.3268442426033325,-6.666087504424903,0.5040737725067659,-1.3599164113561342,8.0,7.0,0.41545900755504916,-4.013001957890518
401752745,2025,8,Vanderbilt,LSU,0.6756714259446936,6.101103745419172,0.7093166620284919,8.310399759268249,6.0,7.0,0.6924940439865928,7.20575175234371
401752871,2025,8,Notre Dame,USC,0.7496639210862964,9.282033381248302,0.7042508205171714,9.195645024544898,8.0,7.0,0.7269573708017338,9.2388392028966
401752872,2025,8,Minnesota,Nebraska,0.3670472525248481,-5.109350927820321,0.4367261454497751,-3.6132424241886927,7.0,7.0,0.4018866989873116,-4.361296676004507
401752873,2025,8,Michigan,Washington,0.5244472218078051,0.5251954123381535,0.5746851315952506,4.3244461732933495,8.0,7.0,0.5495661767015279,2.4248207928157512
401752874,2025,8,Northwestern,Purdue,0.700351628699071,7.109396993725754,0.747888280995861,10.214580081576612,5.0,4.0,0.7241199548474659,8.661988537651183
401752875,2025,8,Iowa,Penn State,0.6058928209209956,3.437380173637142,0.7093166620284919,8.654625891735556,7.0,9.0,0.6576047414747437,6.0460030326863485
401752876,2025,8,Rutgers,Oregon,0.0993845546899809,-19.653707504067366,0.2519065369304993,-8.111147772231298,5.0,8.0,0.1756455458102401,-13.882427638149332
401752877,2025,8,Wisconsin,Ohio State,0.0821074633602246,-21.49430442076179,0.0711357391367059,-21.75913672026147,5.0,9.0,0.07662160124846526,-21.62672057051163
401752878,2025,8,Indiana,Michigan State,0.9843261933334492,35.95827750502228,0.956948812733562,34.86299493769288,9.0,6.0,0.9706375030335056,35.41063622135758
401752879,2025,8,UCLA,Maryland,0.5266053709185251,0.6010667018724432,0.5077174197957641,-0.8723814910504721,6.0,6.0,0.5171613953571446,-0.1356573945890145
401752951,2025,8,Virginia,Washington State,0.7925031589695337,11.414450265477184,0.8450890758936708,18.52330592485474,7.0,7.0,0.8187961174316023,14.968878095165962
401754371,2025,8,California,North Carolina,0.6845814791066956,6.460137535735507,0.775269348317486,10.879028435673366,7.0,7.0,0.7299254137120907,8.669582985704437
401754564,2025,8,Miami,Louisville,0.8115393679523993,12.466050438365182,0.7660492970501612,13.030317788856662,9.0,8.0,0.7887943325012803,12.748184113610922
401754565,2025,8,Clemson,SMU,0.7345884351815655,8.591342175261317,0.6932321974132383,7.371185867625884,7.0,8.0,0.7139103162974019,7.9812640214436
401754566,2025,8,Duke,Georgia Tech,0.4654860835935052,-1.5448319047228902,0.5138706178431527,3.787849870712512,6.0,7.0,0.48967835071832894,1.1215089829948108
401754567,2025,8,Stanford,Florida State,0.1103501051244406,-18.628858277199527,0.1333592252942791,-13.718735220371103,5.0,5.0,0.12185466520935985,-16.173796748785314
401754568,2025,8,Syracuse,Pittsburgh,0.2669769681216201,-9.186505661891244,0.3731415134770628,-3.864701610474013,6.0,7.0,0.32005924079934145,-6.525603636182629
401754569,2025,8,Boston College,UConn,0.4378315894807556,-2.523921215891093,0.4434545735054379,-2.487509960104391,6.0,7.0,0.4406430814930967,-2.505715587997742
401756923,2025,8,Arizona State,Texas Tech,0.1643209634527037,-14.589946409103872,0.150546851059994,-12.062104009606976,8.0,8.0,0.15743390725634884,-13.326025209355425
401756924,2025,8,BYU,Utah,0.517661511232443,0.2868346671911381,0.5485006618577397,3.1452835121881257,8.0,5.0,0.5330810865450913,1.716059089689632
401756925,2025,8,Houston,Arizona,0.5112810119548497,0.0629179820864473,0.5746851315952506,4.419764590760286,6.0,5.0,0.5429830717750501,2.2413412864233666
401756926,2025,8,Oklahoma State,Cincinnati,0.0497320719001319,-26.193258364342743,0.0768347481971466,-22.20900595899608,5.0,6.0,0.06328341004863924,-24.201132161669413
401756927,2025,8,TCU,Baylor,0.7929666656349404,11.439179115761362,0.7093166620284919,8.896649859879929,6.0,7.0,0.7511416638317161,10.167914487820646
401756928,2025,8,UCF,West Virginia,0.7350042127572458,8.610045402541994,0.8014701125058992,11.479217118664458,8.0,6.0,0.7682371626315725,10.044631260603225
401757281,2025,8,Western Kentucky,Florida International,0.7977708437738306,11.697938852964178,0.7918132185282531,16.740531950912427,6.0,6.0,0.7947920311510419,14.219235401938302
401757282,2025,8,Liberty,New Mexico State,0.7526147214255028,9.420411984292247,0.775269348317486,10.873469099020364,8.0,5.0,0.7639420348714944,10.146940541656306
401757283,2025,8,Jacksonville State,Delaware,0.5384560656587684,1.0183862894080993,0.6784983224003648,6.291243537726376,9.0,5.0,0.6084771940295666,3.654814913567238
401757284,2025,8,Sam Houston,UTEP,0.5878160276933863,2.7787375466828155,0.4323829570261501,-1.8381800446402965,6.0,5.0,0.5100994923597681,0.4702787510212595
401760392,2025,8,Air Force,Wyoming,0.6834180250570413,6.412952078095691,0.6932321974132383,7.502626089563249,6.0,5.0,0.6883251112351398,6.95778908382947
401760393,2025,8,Boise State,UNLV,0.7896762976282096,11.264507249849972,0.775269348317486,10.865602590423316,9.0,8.0,0.7824728229728477,11.065054920136644
401760394,2025,8,Colorado State,Hawai'i,0.5492527048855892,1.3999103394403871,0.554861574374456,3.521823942246746,6.0,6.0,0.5520571396300227,2.4608671408435665
401760395,2025,8,New Mexico,Nevada,0.8684381645418231,16.210676231949034,0.8170697795405115,17.093714173957963,6.0,6.0,0.8427539720411673,16.6521952029535
401760396,2025,8,Utah State,San José State,0.7271282379529004,8.258866829813059,0.775269348317486,10.77843460971441,6.0,7.0,0.7511987931351931,9.518650719763734
401761628,2025,8,South Alabama,Arkansas State,0.7163723347540907,7.789331361901169,0.747888280995861,10.009469904546368,7.0,6.0,0.7321303078749759,8.899400633223769
401761629,2025,8,App State,Coastal Carolina,0.7580113349375885,9.67638794345754,0.7093166620284919,8.658341630858008,6.0,6.0,0.7336639984830402,9.167364787157773
401761630,2025,8,Georgia Southern,Georgia State,0.6295755969422507,4.316754214184066,0.773312631215673,13.285934659594147,6.0,5.0,0.7014441140789618,8.801344436889107
401761631,2025,8,James Madison,Old Dominion,0.5197605976645608,0.360540440736842,0.5280085951891043,1.6071795577928456,8.0,6.0,0.5238845964268326,0.9838599992648438
401761632,2025,8,Marshall,Texas State,0.5798422535305092,2.491051368214807,0.6714531164514496,4.722172291473886,7.0,8.0,0.6256476849909793,3.606611829844347
401761633,2025,8,UL Monroe,Troy,0.4007154327022371,-3.860894520311324,0.3558162381015561,-5.823478496766526,5.0,7.0,0.3782658354018966,-4.842186508538925
401761668,2025,8,Louisiana,Southern Miss,0.4804859958719656,-1.0172944921891456,0.5927882833951295,4.132127727351787,7.0,4.0,0.5366371396335475,1.5574166175813209
401762486,2025,8,East Carolina,Tulsa,0.9312459675002908,22.51140890814267,0.925647801411154,23.66034729684487,6.0,4.0,0.9284468844557223,23.08587810249377
401762487,2025,8,UAB,Memphis,0.0943644202659373,-20.15679979298462,0.1985038758894331,-19.18649942785797,5.0,8.0,0.1464341480776852,-19.671649610421298
401762488,2025,8,Tulane,Army,0.8310941664173784,13.635067767294526,0.773312631215673,13.22064294874809,9.0,8.0,0.8022033988165257,13.427855358021308
401762489,2025,8,Charlotte,Temple,0.2562319873724994,-9.67416938022363,0.2368985570795272,-8.460286164932112,5.0,4.0,0.24656527222601332,-9.067227772577871
401762490,2025,8,South Florida,Florida Atlantic,0.9104255665235844,19.99428573250685,0.8599661959766178,21.843753608423476,6.0,5.0,0.8851958812501011,20.91901967046516
401762491,2025,8,North Texas,UTSA,0.5463485088354095,1.2971379015028766,0.7042508205171714,9.368232358117991,7.0,6.0,0.6252996646762905,5.332685129810434
401762838,2025,8,Ball State,Akron,0.6166386239609446,3.833821741486256,0.5257228322695868,4.061519322558846,5.0,6.0,0.5711807281152657,3.947670532022551
401762839,2025,8,Bowling Green,Central Michigan,0.689845501922949,6.674815622693514,0.7585043479789247,12.208714333187434,7.0,6.0,0.7241749249509368,9.441764977940474
401762840,2025,8,Massachusetts,Buffalo,0.1577075545703561,-15.019146680984347,0.1444440221279581,-12.90874038025198,5.0,6.0,0.15107578834915708,-13.963943530618163
401762841,2025,8,Miami (OH),Eastern Michigan,0.8511183699145407,14.949950857975656,0.7879293175666335,14.432522468417629,7.0,5.0,0.8195238437405872,14.691236663196642
401762842,2025,8,Toledo,Kent State,0.9787417889164848,33.23694216840647,0.9962954770512288,30.1457957369068,7.0,3.0,0.9875186329838568,31.691368952656635
401762843,2025,8,Ohio,Northern Illinois,0.7994534265365385,11.789647696655855,0.773312631215673,13.118216347335258,8.0,8.0,0.7863830288761058,12.453932021995556
401752746,2025,9,Arkansas,Auburn,0.6142595306342662,3.7457029582772527,0.5339577906986226,3.622794844188098,7.0,7.0,0.5741086606664444,3.6842489012326753
401752747,2025,9,Kentucky,Tennessee,0.3273704019116597,-6.645132720122339,0.3279857029161949,-5.456864167091128,6.0,8.0,0.32767805241392733,-6.0509984436067334
401752748,2025,9,LSU,Texas A&M,0.4162848337216379,-3.295998738271799,0.5262141520227859,1.1233843790130198,7.0,7.0,0.47124949287221185,-1.0863071796293895
401752749,2025,9,Mississippi State,Texas,0.2861477017931434,-8.34631195652707,0.3767738704325416,-4.03962250094138,5.0,9.0,0.3314607861128425,-6.192967228734225
401752750,2025,9,Oklahoma,Ole Miss,0.7116811422858785,7.587934507332031,0.5257228322695868,3.9593282872527897,7.0,8.0,0.6187019872777326,5.7736313972924105
401752751,2025,9,South Carolina,Alabama,0.195226545426939,-12.74888418016713,0.222225581790291,-11.056360968712085,8.0,8.0,0.208726063608615,-11.902622574439608
401752752,2025,9,Vanderbilt,Missouri,0.6258850863356847,4.178314616204213,0.68369027604823,5.331945611932277,6.0,7.0,0.6547876811919573,4.755130114068245
401752880,2025,9,Washington,Illinois,0.6430146820966466,4.825852047267244,0.6647535604976416,5.04284978751978,7.0,6.0,0.653884121297144,4.9343509173935125
401752881,2025,9,Michigan State,Michigan,0.1107260556637913,-18.595339069665968,0.1399823316071244,-11.610225475215769,6.0,8.0,0.12535419363545786,-15.10278227244087
401752882,2025,9,Iowa,Minnesota,0.6341595259672461,4.489502568391156,0.747888280995861,10.239331842469308,7.0,7.0,0.6910239034815535,7.364417205430232
401752883,2025,9,Nebraska,Northwestern,0.792650106433193,11.422285736335557,0.766240572301453,12.22825288611191,7.0,5.0,0.7794453393673231,11.825269311223733
401752884,2025,9,Purdue,Rutgers,0.547519423069369,1.3385598789624873,0.5040737725067659,-1.251210532125639,4.0,5.0,0.5257965977880674,0.043674673418424126
401752885,2025,9,Indiana,UCLA,0.9794698708331712,33.54895355956091,0.9962954770512288,30.84676978045106,9.0,6.0,0.9878826739422,32.197861670005985
401752886,2025,9,Oregon,Wisconsin,0.9629465649285296,28.223768540831173,0.9962954770512288,29.53798519022692,8.0,5.0,0.9796210209898792,28.880876865529046
401752942,2025,9,Wake Forest,SMU,0.425983998734091,-2.9472174230515944,0.4323829570261501,-2.1262394978875925,6.0,8.0,0.42918347788012057,-2.536728460469593
401752952,2025,9,Washington State,Toledo,0.3404590278716055,-6.129224668762099,0.3279857029161949,-5.4275337133463015,7.0,7.0,0.33422236539390016,-5.7783791910542
401754372,2025,9,Virginia Tech,California,0.6674674771813248,5.775036378529803,0.5138706178431527,3.778205214252969,7.0,7.0,0.5906690475122387,4.776620796391386
401754570,2025,9,Louisville,Boston College,0.9198850073518328,21.06324318972551,0.8599661959766178,21.792837417920243,8.0,6.0,0.8899256016642253,21.428040303822876
401754571,2025,9,Georgia Tech,Syracuse,0.8966328157159748,18.60501944250937,0.8037925454479611,14.536045302498216,7.0,6.0,0.8502126805819679,16.57053237250379
401754572,2025,9,Miami,Stanford,0.938981001335536,23.63014392573764,0.917932470658316,24.536663373477936,9.0,5.0,0.928456735996926,24.08340364960779
401754573,2025,9,North Carolina,Virginia,0.2860093624217763,-8.352249571455516,0.3134495356396575,-10.652421659695978,7.0,7.0,0.2997294490307169,-9.502335615575747
401754574,2025,9,Pittsburgh,NC State,0.6973427108082525,6.984069648937282,0.766240572301453,12.223211287320176,7.0,6.0,0.7317916415548528,9.603640468128729
401756929,2025,9,Arizona State,Houston,0.6400842778103973,4.714147223898198,0.6308356702160808,6.671500190493998,8.0,6.0,0.6354599740132391,5.692823707196098
401756930,2025,9,Cincinnati,Baylor,0.8403971885974347,14.229268036316675,0.773312631215673,13.219887508225252,6.0,7.0,0.8068549099065538,13.724577772270964
401756931,2025,9,Iowa State,BYU,0.3370047780617037,-6.264408524080428,0.4323829570261501,-1.9371348458902335,6.0,8.0,0.38469386754392687,-4.100771684985331
401756932,2025,9,Kansas,Kansas State,0.810651720178443,12.415266188518665,0.8014701125058992,11.324522084497628,7.0,8.0,0.806060916342171,11.869894136508147
401756933,2025,9,Texas Tech,Oklahoma State,0.9862529015807509,37.1251968577633,0.9819195201783018,40.18709892131645,8.0,5.0,0.9840862108795263,38.656147889539874
401756934,2025,9,Utah,Colorado,0.8636869287401161,15.851591600035333,0.7918132185282531,16.831783254191848,5.0,7.0,0.8277500736341846,16.34168742711359
401756935,2025,9,West Virginia,TCU,0.2796763473983484,-8.625944482519252,0.3698466612981735,-4.99754986918826,6.0,6.0,0.32476150434826095,-6.811747175853756
401757172,2025,9,Rice,UConn,0.3051889760262415,-7.544579429018901,0.3134495356396575,-10.597028400853551,7.0,7.0,0.3093192558329495,-9.070803914936226
401757285,2025,9,Florida International,Kennesaw State,0.5511844617191456,1.4683358738127144,0.5134749933560657,2.579135712766301,6.0,5.0,0.5323297275376057,2.0237357932895077
401757286,2025,9,Louisiana Tech,Western Kentucky,0.5985022091773119,3.1669310594601643,0.6308356702160808,6.494364612575284,7.0,6.0,0.6146689396966963,4.830647836017724
401757287,2025,9,Delaware,Middle Tennessee,0.8575525500416893,15.403238119826122,0.8170697795405115,17.307781519544932,5.0,5.0,0.8373111647911005,16.355509819685526
401757288,2025,9,New Mexico State,Missouri State,0.4254904532765116,-2.964913493673318,0.5257228322695868,3.918317428292356,5.0,5.0,0.4756066427730492,0.47670196730951897
401760397,2025,9,Nevada,Boise State,0.0931389720477622,-20.28323737132944,0.1297751732572601,-16.032252681536953,6.0,9.0,0.11145707265251115,-18.157745026433197
401760398,2025,9,Wyoming,Colorado State,0.5116161272393871,0.0746746413122783,0.68369027604823,5.179090002525086,5.0,6.0,0.5976532016438085,2.626882321918682
401760399,2025,9,Fresno State,San Diego State,0.4940533281500704,-0.5412311464274757,0.5077174197957641,-0.934392898399647,7.0,4.0,0.5008853739729173,-0.7378120224135614
401760400,2025,9,New Mexico,Utah State,0.6493318009651188,5.068060903635659,0.5339577906986226,3.6285269445070822,6.0,6.0,0.5916447958318707,4.3482939240713705
401761634,2025,9,Georgia State,South Alabama,0.3387389382312368,-6.196457220891594,0.3252191472609644,-6.175014914107635,5.0,7.0,0.33197904274610057,-6.185736067499614
401761635,2025,9,Old Dominion,App State,0.8508538984616058,14.931668522740784,0.8170697795405115,17.273015354894206,6.0,6.0,0.8339618390010586,16.102341938817496
401761636,2025,9,Arkansas State,Georgia Southern,0.6292617073826917,4.304957646603205,0.5231011853062879,1.9944994858087528,6.0,6.0,0.5761814463444899,3.1497285662059786
401761637,2025,9,Southern Miss,UL Monroe,0.755296427198014,9.547135475524165,0.8423145874694133,14.742392186410186,4.0,5.0,0.7988055073337137,12.144763830967175
401761638,2025,9,Troy,Louisiana,0.7047606112440734,7.294349519345371,0.8022990688285825,11.024148893398175,7.0,7.0,0.753529840036328,9.159249206371772
401762492,2025,9,Charlotte,North Texas,0.0641665795186851,-23.82521772617588,0.0768347481971466,-23.244443280667006,5.0,7.0,0.07050066385791584,-23.534830503421443
401762493,2025,9,Navy,Florida Atlantic,0.8933151147463917,18.2955881857918,0.865370839862553,15.14051455384854,7.0,5.0,0.8793429773044723,16.71805136982017
401762494,2025,9,Memphis,South Florida,0.5794278473129203,2.4761424171402706,0.5280085951891043,1.7833279722549742,8.0,6.0,0.5537182212510123,2.1297351946976226
401762495,2025,9,Tulsa,Temple,0.337669006274494,-6.238361223257302,0.3252191472609644,-6.170095905037911,4.0,4.0,0.3314440767677292,-6.2042285641476065
401762844,2025,9,Buffalo,Akron,0.8370748937731493,14.013945018596308,0.7879293175666335,14.366449897017691,6.0,6.0,0.8125021056698913,14.190197457806999
401762845,2025,9,Northern Illinois,Ball State,0.7023996004857599,7.195110894331165,0.7093166620284919,8.314097840663878,8.0,5.0,0.7058581312571259,7.754604367497522
401762846,2025,9,Kent State,Bowling Green,0.1582770048509546,-14.98162293343413,0.2368985570795272,-8.612771764921185,3.0,7.0,0.1975877809652409,-11.797197349177658
401762847,2025,9,Central Michigan,Massachusetts,0.936475915807298,23.254035789546755,0.8781564569432876,20.439003356385108,6.0,5.0,0.9073161863752928,21.84651957296593
401762848,2025,9,Eastern Michigan,Ohio,0.186801315258132,-13.22689238211919,0.2715871003625438,-7.178524269280636,5.0,8.0,0.2291942078103379,-10.202708325699913
401762874,2025,9,Miami (OH),Western Michigan,0.6018965446929011,3.2909304997509228,0.5394263802669865,2.9029311987934,7.0,6.0,0.5706614624799438,3.0969308492721614
401752753,2025,10,Arkansas,Mississippi State,0.7276150888366628,8.280388234507743,0.5927882833951295,4.113686306184361,7.0,5.0,0.6602016861158961,6.197037270346052
401752754,2025,10,Auburn,Kentucky,0.7863969219987513,11.092402518999435,0.773312631215673,13.34413418343786,7.0,6.0,0.7798547766072121,12.218268351218647
401752755,2025,10,Florida,Georgia,0.3894914831602989,-4.272592086546196,0.3132254873336326,-6.663106592032385,6.0,8.0,0.3513584852469658,-5.467849339289291
401752756,2025,10,Ole Miss,South Carolina,0.7706920597241128,10.293651931383955,0.8681640136003178,15.832526506964502,8.0,8.0,0.8194280366622153,13.063089219174229
401752757,2025,10,Tennessee,Oklahoma,0.4480974904717225,-2.1591979434882904,0.6784983224003648,5.6067953882699335,8.0,7.0,0.5632979064360436,1.7237987223908215
401752758,2025,10,Texas,Vanderbilt,0.5552982103908503,1.614235667131967,0.6308356702160808,6.64529380976793,9.0,6.0,0.5930669403034655,4.129764738449948
401752887,2025,10,Maryland,Indiana,0.0337351668062249,-29.741766981545897,0.1360785420086947,-18.922765770744668,6.0,9.0,0.0849068544074598,-24.332266376145284
401752888,2025,10,Minnesota,Michigan State,0.7587545870792789,9.711944708967716,0.747888280995861,10.17853333229614,7.0,6.0,0.75332143403757,9.945239020631927
401752889,2025,10,Ohio State,Penn State,0.8901806955659531,18.010940463906458,0.8781564569432876,20.2338476926292,9.0,9.0,0.8841685762546203,19.12239407826783
401752890,2025,10,Michigan,Purdue,0.9565426371064528,26.767806337004007,0.925647801411154,22.854572472681006,8.0,4.0,0.9410952192588034,24.81118940484251
401752891,2025,10,Illinois,Rutgers,0.8903060996870821,18.0221910298586,0.7319362341316171,12.520327505172562,6.0,5.0,0.8111211669093497,15.271259267515582
401752892,2025,10,Nebraska,USC,0.3913651780369939,-4.2035783808391525,0.4434545735054379,-2.3637370522568237,7.0,7.0,0.4174098757712159,-3.283657716547988
401752943,2025,10,Oregon State,Washington State,0.2737499184670045,-8.885522161497134,0.3698466612981735,-4.9882385091539945,6.0,7.0,0.321798289882589,-6.936880335325564
401754575,2025,10,Syracuse,North Carolina,0.6574198916535136,5.381130466746344,0.7042508205171714,9.250092196078183,6.0,7.0,0.6808353560853424,7.3156113314122635
401754576,2025,10,California,Virginia,0.356067858355714,-5.526322356852262,0.3426258580826621,-5.550074084866584,7.0,7.0,0.34934685821918804,-5.538198220859423
401754577,2025,10,Clemson,Duke,0.554600710569334,1.5894795034699567,0.68369027604823,5.319747516176233,7.0,6.0,0.619145493308782,3.454613509823095
401754578,2025,10,Florida State,Wake Forest,0.8284673916605251,13.472040588466577,0.7879293175666335,14.03468038670297,5.0,6.0,0.8081983546135794,13.753360487584773
401754579,2025,10,NC State,Georgia Tech,0.3178220477893234,-7.028175568809784,0.448497606330901,-3.14256104611162,6.0,7.0,0.3831598270601122,-5.085368307460702
401754580,2025,10,Virginia Tech,Louisville,0.2533182328929069,-9.808697851855497,0.2537832129300246,-8.6818569517202,7.0,8.0,0.25355072291146574,-9.245277401787849
401754581,2025,10,SMU,Miami,0.1952429077469493,-12.747971285813357,0.3279857029161949,-5.462317987146243,8.0,9.0,0.2616143053315721,-9.1051446364798
401754582,2025,10,Stanford,Pittsburgh,0.2012006338501422,-12.419344114297225,0.1863977521174458,-11.389531504910526,5.0,7.0,0.193799192983794,-11.904437809603875
401754583,2025,10,Boston College,Notre Dame,0.0503423382247959,-26.08071320624117,0.0711357391367059,-21.953874741485805,6.0,8.0,0.060739038680750895,-24.017293973863488
401756936,2025,10,Baylor,UCF,0.3540607481197296,-5.603155854404207,0.529449279626121,-0.4731726375182443,7.0,8.0,0.44175501387292526,-3.0381642459612257
401756937,2025,10,Colorado,Arizona,0.4984105499852582,-0.3884397104878943,0.5231011853062879,2.061622917865229,7.0,5.0,0.5107558676457731,0.8365916036886674
401756938,2025,10,Houston,West Virginia,0.7221772916466879,8.041352225149671,0.7585043479789247,11.736428364079796,6.0,6.0,0.7403408198128063,9.888890294614733
401756939,2025,10,Iowa State,Arizona State,0.6355257653675709,4.541165967757678,0.7093166620284919,8.15467095310615,6.0,8.0,0.6724212136980314,6.347918460431914
401756940,2025,10,Kansas,Oklahoma State,0.9425174458413824,24.186460803205588,0.9962954770512288,27.14931843887129,7.0,5.0,0.9694064614463056,25.66788962103844
401756941,2025,10,Kansas State,Texas Tech,0.1832549820526199,-13.433055998432463,0.2537832129300246,-9.233762161580543,8.0,8.0,0.21851909749132226,-11.333409080006504
401756942,2025,10,Utah,Cincinnati,0.7674331536871124,10.132801025349506,0.7585043479789247,11.758654147296085,5.0,6.0,0.7629687508330185,10.945727586322796
401757173,2025,10,UConn,UAB,0.8120363173035018,12.494562200180445,0.8170697795405115,17.19552228560918,7.0,5.0,0.8145530484220067,14.845042242894813
401757289,2025,10,Kennesaw State,UTEP,0.7845171974011922,10.994619889850078,0.8014701125058992,11.430152041307718,5.0,5.0,0.7929936549535457,11.212385965578898
401757290,2025,10,Louisiana Tech,Sam Houston,0.8086630919168141,12.302150848366056,0.8694350237973016,17.798781193433307,7.0,6.0,0.8390490578570579,15.05046602089968
401757291,2025,10,Missouri State,Florida International,0.6358515390538129,4.55349703882973,0.6784983224003648,6.2927456525333305,5.0,6.0,0.6571749307270889,5.42312134568153
401757292,2025,10,Middle Tennessee,Jacksonville State,0.302967514196495,-7.636602449372498,0.2537832129300246,-8.834399872855188,5.0,9.0,0.27837536356325976,-8.235501161113843
401757293,2025,10,Liberty,Delaware,0.5648534602915788,1.954200135465427,0.68369027604823,5.128103209439473,8.0,5.0,0.6242718681699044,3.5411516724524503
401757294,2025,10,Western Kentucky,New Mexico State,0.7882978327198173,11.19192675408297,0.7319362341316171,12.633932577489546,6.0,5.0,0.7601170334257172,11.912929665786258
401760401,2025,10,Air Force,Army,0.5862107414729373,2.720691738150688,0.5262141520227859,1.1303495836724091,6.0,8.0,0.5562124467478615,1.9255206609115487
401760402,2025,10,Boise State,Fresno State,0.8020843465204861,11.93420843365147,0.8608537302727398,16.984798693847296,9.0,7.0,0.831469038396613,14.459503563749383
401760403,2025,10,San José State,Hawai'i,0.4668857406914167,-1.4955287510691773,0.5280085951891043,1.7445559365758685,7.0,6.0,0.49744716794026045,0.12451359275334561
401760404,2025,10,UNLV,New Mexico,0.4839055065216772,-0.8972399461097984,0.6784983224003648,5.629513065700676,8.0,6.0,0.581201914461021,2.366136559795439
401760405,2025,10,San Diego State,Wyoming,0.8582061139414189,15.450228310242034,0.865370839862553,15.18314483418107,4.0,5.0,0.8617884769019859,15.316686572211552
401761639,2025,10,Texas State,James Madison,0.3030997042454044,-7.631115915447177,0.4434545735054379,-2.476685814250816,8.0,8.0,0.37327713887542113,-5.0539008648489965
401761640,2025,10,Coastal Carolina,Marshall,0.2975742359234958,-7.86162208591465,0.3698466612981735,-4.945767661531589,6.0,7.0,0.33371044861083465,-6.403694873723119
401761641,2025,10,UL Monroe,Old Dominion,0.1789331321588179,-13.688532203278156,0.1333592252942791,-13.687973468610366,5.0,6.0,0.1561461787265485,-13.688252835944262
401761642,2025,10,South Alabama,Louisiana,0.5885747856089312,2.806197035712134,0.6784983224003648,5.995041607434295,7.0,7.0,0.633536554004648,4.400619321573215
401761643,2025,10,Troy,Arkansas State,0.7393833471552608,8.808189276938283,0.7319362341316171,12.571527773595657,7.0,6.0,0.735659790643439,10.68985852526697
401762443,2025,10,UTSA,Tulane,0.436241443664736,-2.58057661854284,0.4323829570261501,-1.7539883227400992,6.0,9.0,0.43431220034544304,-2.1672824706414695
401762497,2025,10,Rice,Memphis,0.1604066648680673,-14.842253211095631,0.1149050051949272,-14.100211500335169,7.0,8.0,0.13765583503149725,-14.4712323557154
401762498,2025,10,Temple,East Carolina,0.3024402322526971,-7.658500713339016,0.4446499797156309,-2.7345956748764024,4.0,6.0,0.373545105984164,-5.196548194107709
401762499,2025,10,North Texas,Navy,0.6030978066537647,3.334899306740157,0.7585043479789247,12.100078860219307,7.0,7.0,0.6808010773163446,7.717489083479732
401762849,2025,10,Bowling Green,Buffalo,0.6802670723464638,6.285625141948662,0.6784983224003648,5.881063014012459,7.0,6.0,0.6793826973734143,6.083344077980561
401762850,2025,10,Western Michigan,Central Michigan,0.5568999079549852,1.671113706761569,0.7093166620284919,7.980654527471278,6.0,6.0,0.6331082849917385,4.8258841171164235
401752759,2025,11,Alabama,LSU,0.7738523794502108,10.451177861262584,0.8037925454479611,14.60994248471767,8.0,7.0,0.7888224624490859,12.530560172990128
401752760,2025,11,Kentucky,Florida,0.4221272411668429,-3.08564522391181,0.5077174197957641,-1.1216098194291657,6.0,6.0,0.4649223304813035,-2.1036275216704876
401752762,2025,11,Mississippi State,Georgia,0.3426545411363833,-6.043647506960134,0.4323829570261501,-1.693644799263458,5.0,8.0,0.3875187490812667,-3.868646153111796
401752763,2025,11,Missouri,Texas A&M,0.4324670366037476,-2.715244589076788,0.5130596178696325,0.7221467629201488,7.0,7.0,0.47276332723669,-0.9965489130783196
401752764,2025,11,Vanderbilt,Auburn,0.722622664881289,8.060820564145994,0.747888280995861,10.266605567321458,6.0,7.0,0.735255472938575,9.163713065733726
401752893,2025,11,Penn State,Indiana,0.0832578964719161,-21.361339952303265,0.1297751732572601,-15.70026358321984,9.0,9.0,0.10651653486458809,-18.530801767761552
401752894,2025,11,Rutgers,Maryland,0.5655506970047608,1.9790710095524795,0.5339577906986226,3.7094325966868578,5.0,6.0,0.5497542438516917,2.8442518031196684
401752895,2025,11,UCLA,Nebraska,0.2818250180632661,-8.53266779270954,0.2715871003625438,-7.319483855371303,6.0,7.0,0.2767060592129049,-7.926075824040422
401752896,2025,11,USC,Northwestern,0.8891817274769085,17.921718394362934,0.8450890758936708,18.599324187349804,7.0,5.0,0.8671354016852897,18.260521290856367
401752897,2025,11,Purdue,Ohio State,0.0344783520117333,-29.54400354273157,0.0768347481971466,-25.272106558324065,4.0,9.0,0.05565655010443995,-27.408055050527818
401752898,2025,11,Iowa,Oregon,0.2248972922649819,-11.17934393393194,0.448497606330901,-3.095790524071805,7.0,8.0,0.33669744929794143,-7.137567229001872
401752899,2025,11,Wisconsin,Washington,0.1652837020610718,-14.52863253815446,0.2707132109323179,-9.482268571402855,5.0,7.0,0.21799845649669486,-12.005450554778658
401752944,2025,11,Oregon State,Sam Houston,0.7716401319306772,10.340747011899971,0.773312631215673,13.21358003896808,6.0,6.0,0.772476381573175,11.777163525434027
401754584,2025,11,Boston College,SMU,0.2632402005823442,-9.35464006399371,0.2368985570795272,-8.4869904939862,6.0,8.0,0.2500693788309357,-8.920815278989956
401754585,2025,11,Louisville,California,0.9203876380314246,21.123201691193334,0.8694350237973016,17.776707668719656,8.0,7.0,0.8949113309143631,19.449954679956495
401754586,2025,11,Clemson,Florida State,0.3554698679763867,-5.549193430985628,0.448497606330901,-2.999755000794644,7.0,5.0,0.4019837371536439,-4.274474215890136
401754587,2025,11,Miami,Syracuse,0.9465629437114472,24.86372351088948,0.917932470658316,24.138042846613352,9.0,6.0,0.9322477071848816,24.500883178751415
401754588,2025,11,North Carolina,Stanford,0.6002441154418865,3.2305212192895048,0.6714531164514496,4.734285885877826,7.0,5.0,0.6358486159466681,3.9824035525836656
401754589,2025,11,Virginia,Wake Forest,0.7156169404430646,7.756767228172224,0.7660492970501612,13.015882649923018,7.0,6.0,0.7408331187466128,10.386324939047622
401754590,2025,11,UConn,Duke,0.3779356638465821,-4.700980806160262,0.488398131436683,0.3617512456943745,7.0,6.0,0.4331668976416325,-2.1696147802329437
401756943,2025,11,Arizona,Kansas,0.5834922091990034,2.6225421296249403,0.6784983224003648,6.298561624654045,5.0,7.0,0.630995265799684,4.460551877139492
401756944,2025,11,TCU,Iowa State,0.6231957706429039,4.077778664019409,0.6120556754270379,4.453127438758753,6.0,6.0,0.6176257230349709,4.2654530513890805
401756945,2025,11,Texas Tech,BYU,0.6443684061650601,4.877592299975113,0.7093166620284919,8.504182311656555,8.0,8.0,0.676842534096776,6.690887305815834
401756946,2025,11,UCF,Houston,0.6703928514256455,5.890830121967131,0.6308356702160808,6.640445757545748,8.0,6.0,0.6506142608208632,6.26563793975644
401756947,2025,11,West Virginia,Colorado,0.592154183393663,2.9359437146211977,0.5257228322695868,3.988440562846296,6.0,7.0,0.5589385078316249,3.462192138733747
401757166,2025,11,Notre Dame,Navy,0.93048501905196,22.4077564863054,0.925647801411154,22.917450493584557,8.0,7.0,0.928066410231557,22.662603489944978
401757295,2025,11,Delaware,Louisiana Tech,0.3357501429570513,-6.313677295397515,0.3698466612981735,-4.923936830557011,5.0,7.0,0.3527984021276124,-5.618807062977263
401757296,2025,11,Middle Tennessee,Florida International,0.4658053201720426,-1.5335850860838796,0.5077174197957641,-1.0268352110739745,5.0,6.0,0.4867613699839034,-1.280210148578927
401757297,2025,11,UTEP,Jacksonville State,0.31384332264179,-7.189585701584507,0.4446499797156309,-2.921410527910957,5.0,9.0,0.3792466511787105,-5.055498114747732
401757298,2025,11,New Mexico State,Kennesaw State,0.3121222395878159,-7.259750053643694,0.3866876895027196,-4.353504999518,5.0,5.0,0.3494049645452677,-5.806627526580847
401757299,2025,11,Liberty,Missouri State,0.6245648618701742,4.128924153741881,0.7093166620284919,8.58496587707931,8.0,5.0,0.666940761949333,6.356945015410595
401760406,2025,11,San José State,Air Force,0.5952739391266613,3.049318133147847,0.5138706178431527,3.8168978002147194,7.0,6.0,0.554572278484907,3.433107966681283
401760407,2025,11,Colorado State,UNLV,0.4166066962796475,-3.2843887244836254,0.4362089262424756,-2.257148387244756,6.0,8.0,0.42640781126106153,-2.7707685558641906
401760408,2025,11,Hawai'i,San Diego State,0.2911607637240944,-8.132291834744944,0.3348187688635667,-5.911484241936883,6.0,4.0,0.3129897662938306,-7.021888038340913
401760409,2025,11,Utah State,Nevada,0.7871026204721924,11.12927440054236,0.7879293175666335,14.04878692259788,6.0,6.0,0.7875159690194129,12.58903066157012
401761644,2025,11,App State,Georgia Southern,0.7341185639925728,8.570228124055753,0.6404927305255931,4.508611290272945,6.0,6.0,0.6873056472590829,6.539419707164349
401761645,2025,11,Coastal Carolina,Georgia State,0.6491611311621123,5.06149118184462,0.7319362341316171,12.72580127641383,6.0,5.0,0.6905486826468648,8.893646229129224
401761646,2025,11,Marshall,James Madison,0.1594489078186786,-14.90474426426105,0.2368985570795272,-8.379201758893984,7.0,8.0,0.1981737324491029,-11.641973011577516
401761647,2025,11,Arkansas State,Southern Miss,0.4052010453191152,-3.697452978394884,0.5077174197957641,-0.975384097876912,6.0,4.0,0.4564592325574397,-2.336418538135898
401761648,2025,11,Louisiana,Texas State,0.4402799486445101,-2.436776988808808,0.5267731046392776,0.1792324028892729,7.0,8.0,0.4835265266418939,-1.1287722929597677
401762500,2025,11,South Florida,UTSA,0.756322622731567,9.595876143179389,0.8423145874694133,14.864332286487658,6.0,6.0,0.7993186051004901,12.230104214833524
401762501,2025,11,Memphis,Tulane,0.7067022969150571,7.376308912818613,0.747888280995861,9.986309201278628,8.0,9.0,0.7272952889554591,8.68130905704862
401762502,2025,11,Rice,UAB,0.5691131691310714,2.106293340073636,0.5796033054460699,4.221084998031099,7.0,5.0,0.5743582372885706,3.1636891690523674
401762503,2025,11,Army,Temple,0.6585910739583666,5.42675286376736,0.6784983224003648,6.377137704293029,8.0,4.0,0.6685446981793657,5.9019452840301945
401762504,2025,11,East Carolina,Charlotte,0.9777139779059328,32.81383203166205,0.9962954770512288,32.35173571181484,6.0,5.0,0.9870047274785808,32.58278387173844
401762505,2025,11,Florida Atlantic,Tulsa,0.5981740483350344,3.1549614101821395,0.6932321974132383,7.521867157672808,5.0,4.0,0.6457031228741363,5.338414283927474
401762851,2025,11,Akron,Massachusetts,0.8010213059853243,11.875624903620986,0.7545536150948478,13.4744505016695,6.0,5.0,0.7777874605400861,12.675037702645243
401762852,2025,11,Ohio,Miami (OH),0.6083518021220781,3.527750256025413,0.6308356702160808,6.456212350134263,8.0,7.0,0.6195937361690794,4.991981303079838
401762853,2025,11,Ball State,Kent State,0.5885098533929,2.8038465409351847,0.6308356702160808,6.651415157351028,5.0,3.0,0.6096727618044904,4.7276308491431065
401762854,2025,11,Toledo,Northern Illinois,0.9135431450119884,20.334782915669592,0.88245194553543,19.388339409386266,7.0,8.0,0.8979975452737092,19.861561162527927
401762855,2025,11,Eastern Michigan,Bowling Green,0.3634510478439043,-5.245325118659636,0.5130596178696325,0.8418342583804996,5.0,7.0,0.43825533285676843,-2.2017454301395682
401752765,2025,12,Alabama,Oklahoma,0.5818744085768615,2.564220582885289,0.706522976434765,9.769656028552866,8.0,7.0,0.6441986925058132,6.166938305719078
401752766,2025,12,Georgia,Texas,0.5651074561925339,1.96325926479743,0.5138706178431527,3.808173778245695,8.0,9.0,0.5394890370178433,2.8857165215215623
401752768,2025,12,LSU,Arkansas,0.5614955004286994,1.834545856800096,0.5975707329920286,6.941217773042175,7.0,7.0,0.579533116710364,4.387881814921135
401752769,2025,12,Ole Miss,Florida,0.7129801821064538,7.643505703720168,0.7879293175666335,14.213577540019376,8.0,6.0,0.7504547498365437,10.928541621869773
401752770,2025,12,Missouri,Mississippi State,0.7670774987929005,10.115342356484089,0.7093166620284919,8.686826401384984,7.0,5.0,0.7381970804106962,9.401084378934536
401752771,2025,12,Tennessee,New Mexico State,0.9738712412422263,31.384841193572168,0.9962954770512288,28.81041049333261,8.0,5.0,0.9850833591467276,30.09762584345239
401752772,2025,12,Texas A&M,South Carolina,0.8942241020577338,18.379512492610985,0.8694350237973016,17.996553991309767,7.0,8.0,0.8818295629275177,18.188033241960376
401752900,2025,12,Ohio State,UCLA,0.9620148016745906,27.99757403217222,0.9962954770512288,32.002248196073715,9.0,6.0,0.9791551393629097,29.999911114122966
401752901,2025,12,Indiana,Wisconsin,0.9774796513728916,32.720041775355945,0.956948812733562,33.75498929532331,9.0,5.0,0.9672142320532269,33.237515535339625
401752902,2025,12,Washington,Purdue,0.9309382693462616,22.46936859436857,0.8694350237973016,18.086164265139708,7.0,4.0,0.9001866465717816,20.277766429754138
401752903,2025,12,Michigan State,Penn State,0.2595702674218308,-9.521266953453402,0.2537832129300246,-8.79222916661428,6.0,9.0,0.2566767401759277,-9.156748060033841
401752904,2025,12,Oregon,Minnesota,0.9205685508223864,21.14486731235646,0.9169647598686674,22.38857947829244,8.0,7.0,0.9187666553455269,21.766723395324448
401752905,2025,12,Northwestern,Michigan,0.1912376356681698,-12.973190181126748,0.2707132109323179,-9.524787338614503,5.0,8.0,0.23097542330024384,-11.248988759870626
401752906,2025,12,Illinois,Maryland,0.9059703172172844,19.52577609401896,0.7879293175666335,14.400041621149263,6.0,6.0,0.846949817391959,16.96290885758411
401752907,2025,12,USC,Iowa,0.7585741079116264,9.703303831039433,0.7093166620284919,8.042770425881706,7.0,7.0,0.7339453849700591,8.87303712846057
401752945,2025,12,Tulsa,Oregon State,0.5340492752929403,0.8630487854361202,0.5280085951891043,1.6024078171975935,4.0,6.0,0.5310289352410222,1.2327283013168568
401752953,2025,12,Washington State,Louisiana Tech,0.6230106154652927,4.070867433677638,0.5447985756990616,3.265131347629984,7.0,7.0,0.5839045955821771,3.6679993906538106
401754591,2025,12,Louisville,Clemson,0.6889937054313798,6.639943344673398,0.6784983224003648,6.27745982875324,8.0,7.0,0.6837460139158723,6.458701586713319
401754592,2025,12,Boston College,Georgia Tech,0.0927497346475364,-20.323709880764145,0.3134495356396575,-10.73947052778674,6.0,7.0,0.20309963514359694,-15.531590204275442
401754593,2025,12,Duke,Virginia,0.6528135301288037,5.2024101307160535,0.5485006618577397,3.142582673171197,6.0,7.0,0.6006570959932718,4.172496401943626
401754594,2025,12,Florida State,Virginia Tech,0.8616666763432876,15.702098095416371,0.8450890758936708,18.45808849574997,5.0,7.0,0.8533778761184792,17.08009329558317
401754595,2025,12,Miami,NC State,0.7923704319174392,11.407376569415632,0.8608537302727398,16.961985722990974,9.0,6.0,0.8266120810950894,14.184681146203303
401754596,2025,12,Wake Forest,North Carolina,0.6425131222265619,4.80670428819246,0.7042508205171714,9.519893399700852,6.0,7.0,0.6733819713718666,7.163298843946656
401754597,2025,12,Pittsburgh,Notre Dame,0.2719725980516248,-8.964047474846677,0.3252191472609644,-6.052129213988546,7.0,8.0,0.2985958726562946,-7.508088344417612
401756948,2025,12,Arizona State,West Virginia,0.7206173554779279,7.973314494846798,0.775269348317486,10.823163221267798,8.0,6.0,0.747943351897707,9.398238858057297
401756949,2025,12,Baylor,Utah,0.1524920257202529,-15.368060727715616,0.1399823316071244,-11.653598162236817,7.0,5.0,0.14623717866368863,-13.510829444976217
401756950,2025,12,BYU,TCU,0.7891758582120122,11.238117361483065,0.7319362341316171,12.835998787362769,8.0,6.0,0.7605560461718146,12.037058074422916
401756951,2025,12,Cincinnati,Arizona,0.6019592109239148,3.29322310503503,0.622932109850588,6.752408148158167,6.0,5.0,0.6124456603872515,5.022815626596598
401756952,2025,12,Oklahoma State,Kansas State,0.1840583005523175,-13.386087056880546,0.1297751732572601,-15.882920061787807,5.0,8.0,0.1569167369047888,-14.634503559334178
401756953,2025,12,Texas Tech,UCF,0.9015551774999208,19.080717003201467,0.8587992146606919,21.176644600182,8.0,8.0,0.8801771960803063,20.128680801691736
401757174,2025,12,UConn,Air Force,0.7583600476400203,9.693060883248322,0.775269348317486,10.649921788206289,7.0,6.0,0.7668146979787531,10.171491335727305
401757300,2025,12,Sam Houston,Delaware,0.2987176313361615,-7.813723458137476,0.2660622535560335,-7.09119951025183,6.0,5.0,0.2823899424460975,-7.452461484194653
401757301,2025,12,Florida International,Liberty,0.4391370378199974,-2.4774433759212555,0.4842557629377501,1.0338551808769507,6.0,8.0,0.4616964003788737,-0.7217940975221524
401757302,2025,12,Jacksonville State,Kennesaw State,0.5612622711921528,1.826242774817339,0.5257228322695868,3.894375129830876,9.0,5.0,0.5434925517308697,2.8603089523241074
401757303,2025,12,Western Kentucky,Middle Tennessee,0.8583978976355742,15.46405155003188,0.88245194553543,19.43899042220778,6.0,5.0,0.8704249215855021,17.45152098611983
401757304,2025,12,Missouri State,UTEP,0.7750966462850624,10.5136251481944,0.7057593171082679,7.197088146412281,5.0,5.0,0.7404279816966651,8.85535664730334
401760410,2025,12,San Diego State,Boise State,0.4803739298859081,-1.0212300071747635,0.5262141520227859,1.5640418955642827,4.0,9.0,0.5032940409543469,0.2714059441947596
401760411,2025,12,New Mexico,Colorado State,0.8653930417084783,15.97929971621145,0.7879293175666335,14.37770620009042,6.0,6.0,0.8266611796375559,15.178502958150936
401760412,2025,12,Fresno State,Wyoming,0.79140598482873,11.35607621047138,0.7093166620284919,8.018337896565281,7.0,5.0,0.750361323428611,9.687207053518332
401760413,2025,12,Nevada,San José State,0.3245687116901398,-6.756913594093808,0.3866876895027196,-4.235558419897074,6.0,7.0,0.3556282005964297,-5.49623600699544
401760414,2025,12,UNLV,Utah State,0.6336357963274397,4.4697197806594255,0.6784983224003648,5.56741276529278,8.0,6.0,0.6560670593639022,5.018566272976103
401761649,2025,12,Old Dominion,Troy,0.7529482928767911,9.436124327778384,0.7585043479789247,11.801040702115491,6.0,7.0,0.7557263204278579,10.618582514946937
401761650,2025,12,Georgia Southern,Coastal Carolina,0.5659138063364011,1.992027006913532,0.6784983224003648,5.583420341688302,6.0,6.0,0.6222060643683829,3.787723674300917
401761651,2025,12,Georgia State,Marshall,0.2926280311277887,-8.070063510284687,0.2707132109323179,-9.672543478763249,5.0,7.0,0.2816706210300533,-8.871303494523968
401761652,2025,12,James Madison,App State,0.929973295642336,22.33864104021765,0.9500219945514468,21.965033306822708,8.0,6.0,0.9399976450968914,22.15183717352018
401761653,2025,12,UL Monroe,South Alabama,0.409688103128792,-3.5345348064890367,0.3866876895027196,-4.571396572730046,5.0,7.0,0.3981878963157558,-4.052965689609541
401761654,2025,12,Southern Miss,Texas State,0.5771568409697331,2.3945100864546816,0.6714531164514496,4.725321399463989,4.0,8.0,0.6243049787105913,3.559915742959335
401762506,2025,12,UAB,North Texas,0.2255771025093746,-11.145194695314611,0.0758385552775663,-16.64253079312658,5.0,7.0,0.15070782889347045,-13.893862744220595
401762507,2025,12,Charlotte,UTSA,0.0921797225994978,-20.383255197177352,0.1149050051949272,-14.018042684392784,5.0,6.0,0.1035423638972125,-17.20064894078507
401762508,2025,12,East Carolina,Memphis,0.4728178457669009,-1.2867637115223896,0.5257228322695868,4.058803916655974,6.0,8.0,0.49927033901824386,1.3860201025667924
401762509,2025,12,Tulane,Florida Atlantic,0.9199360596562784,21.06931749069304,0.8456458564285433,15.600222944811648,9.0,5.0,0.8827909580424109,18.334770217752343
401762510,2025,12,Navy,South Florida,0.3406104366681768,-6.123314502385005,0.2715871003625438,-7.39169021572411,7.0,6.0,0.30609876851536033,-6.757502359054557
401762856,2025,12,Akron,Kent State,0.6418263979216869,4.780506926064346,0.7042508205171714,9.688835561409718,6.0,3.0,0.6730386092194292,7.234671243737032
401762857,2025,12,Western Michigan,Ohio,0.4733235223225153,-1.2689810650602662,0.5754815595184704,2.2241768335595715,6.0,8.0,0.5244025409204929,0.47759788424965266
401762858,2025,12,Central Michigan,Buffalo,0.5889191546484415,2.8186647906838296,0.5339577906986226,3.739268628406156,6.0,6.0,0.561438472673532,3.278966709544993
401762859,2025,12,Massachusetts,Northern Illinois,0.1829499465698084,-13.45093283227373,0.2519065369304993,-8.21009268073524,5.0,8.0,0.21742824175015385,-10.830512756504486
401762860,2025,12,Miami (OH),Toledo,0.2760933056360978,-8.782470701096761,0.3698466612981735,-4.918362015191829,7.0,7.0,0.3229699834671357,-6.850416358144296
401762861,2025,12,Ball State,Eastern Michigan,0.4479827421761556,-2.163265407926064,0.5130596178696325,0.5576002473169224,5.0,5.0,0.480521180022894,-0.8028325803045708
401752775,2025,13,Florida,Tennessee,0.4501854280242642,-2.085220916862068,0.448497606330901,-3.1627990625867435,6.0,8.0,0.44934151717758264,-2.6240099897244056
401752776,2025,13,Georgia,Charlotte,0.9939246896002886,44.35139819662415,0.9819195201783018,41.17489249010643,8.0,5.0,0.9879221048892952,42.763145343365295
401752777,2025,13,LSU,Western Kentucky,0.8837410731718575,17.447778196496163,0.8456458564285433,15.540486338229597,7.0,6.0,0.8646934648002004,16.49413226736288
401752778,2025,13,Oklahoma,Missouri,0.7230207030533791,8.078236077901717,0.622932109850588,6.772302098707021,7.0,7.0,0.6729764064519835,7.425269088304369
401752779,2025,13,South Carolina,Coastal Carolina,0.9323292107483632,22.66081080542099,0.8694350237973016,18.23234915887206,8.0,6.0,0.9008821172728324,20.446579982146524
401752780,2025,13,Texas,Arkansas,0.6606032762673536,5.505313064456612,0.8014701125058992,11.421889019602908,9.0,7.0,0.7310366943866264,8.46360104202976
401752782,2025,13,Vanderbilt,Kentucky,0.782600003287441,10.895523352800238,0.7899041410620369,12.895292305496971,6.0,6.0,0.7862520721747389,11.895407829148605
401752908,2025,13,Penn State,Nebraska,0.5706356419702225,2.1607407744288865,0.622932109850588,6.8147897932143096,9.0,7.0,0.5967838759104053,4.487765283821598
401752909,2025,13,Northwestern,Minnesota,0.4617588370815468,-1.6762203173071506,0.5262141520227859,1.178269097101094,5.0,7.0,0.49398649455216637,-0.24897561010302827
401752910,2025,13,UCLA,Washington,0.1563045806475971,-15.112067515286816,0.2381924898755449,-10.35753906333559,6.0,7.0,0.197248535261571,-12.734803289311202
401752911,2025,13,Oregon,USC,0.7896944890947354,11.265467415368722,0.7093166620284919,8.490685981266678,8.0,7.0,0.7495055755616136,9.878076698317699
401752912,2025,13,Ohio State,Rutgers,0.9753263854248522,31.900240553520835,0.9962954770512288,28.894662841698384,9.0,5.0,0.9858109312380405,30.39745169760961
401752913,2025,13,Iowa,Michigan State,0.875192643986714,16.740609709488915,0.8587992146606919,21.24807070146958,7.0,6.0,0.866995929323703,18.994340205479247
401752914,2025,13,Maryland,Michigan,0.1047156103549278,-19.14362723970788,0.3132254873336326,-6.9502883660087456,6.0,8.0,0.20897054884428018,-13.046957802858312
401752915,2025,13,Wisconsin,Illinois,0.2740646898411404,-8.871648166934994,0.3132254873336326,-6.686500120959421,5.0,6.0,0.29364508858738647,-7.7790741439472075
401752954,2025,13,James Madison,Washington State,0.8892740608873102,17.929935471135828,0.8456458564285433,15.45966703741803,8.0,7.0,0.8674599586579268,16.69480125427693
401754598,2025,13,NC State,Florida State,0.3436779583488439,-6.003846426238029,0.3638948953439975,-4.852768808346241,6.0,5.0,0.3537864268464207,-5.428307617292135
401754599,2025,13,Stanford,California,0.5881304918721053,2.7901161813824813,0.5262141520227859,1.2149859483823475,5.0,7.0,0.5571723219474456,2.0025510648824145
401754600,2025,13,North Carolina,Duke,0.3050340676244734,-7.5509841939722495,0.3866876895027196,-4.585499994807778,7.0,6.0,0.3458608785635965,-6.068242094390014
401754601,2025,13,Georgia Tech,Pittsburgh,0.6733315844733468,6.0076798730762935,0.5280085951891043,1.6319957007569332,7.0,7.0,0.6006700898312256,3.8198377869166134
401754602,2025,13,SMU,Louisville,0.4187117274266626,-3.2085201507924768,0.68369027604823,5.246121001053182,8.0,8.0,0.5512010017374462,1.0188004251303526
401754603,2025,13,Virginia Tech,Miami,0.1287911933476302,-17.090592977190678,0.0758385552775663,-16.447328953219895,7.0,9.0,0.10231487431259825,-16.768960965205288
401754604,2025,13,Notre Dame,Syracuse,0.975827366803542,32.08456191317031,0.9962954770512288,30.794225464051657,8.0,6.0,0.9860614219273853,31.439393688610984
401754606,2025,13,Wake Forest,Delaware,0.8451657965341803,14.54477077889404,0.8456458564285433,15.577693179206433,6.0,5.0,0.8454058264813618,15.061231979050238
401756954,2025,13,Arizona,Baylor,0.8029250953207705,11.980709660459578,0.7042508205171714,9.551153454498694,5.0,7.0,0.7535879579189709,10.765931557479135
401756955,2025,13,Cincinnati,BYU,0.3089064229760952,-7.391420781822664,0.448497606330901,-3.4448053286976483,6.0,8.0,0.3787020146534981,-5.4181130552601555
401756956,2025,13,Colorado,Arizona State,0.3733570704788808,-4.872111638093804,0.4323829570261501,-1.819529887647084,7.0,8.0,0.4028700137525154,-3.345820762870444
401756957,2025,13,Houston,TCU,0.4591859105696564,-1.767005095851434,0.5394263802669865,2.827181641827665,6.0,6.0,0.49930614541832147,0.5300882729881156
401756958,2025,13,Iowa State,Kansas,0.572080754067907,2.2124658127086323,0.6784983224003648,5.740868800251118,6.0,7.0,0.6252895382341359,3.976667306479875
401756959,2025,13,UCF,Oklahoma State,0.897406533880559,18.678442139895736,0.9500219945514468,22.09763169831742,8.0,5.0,0.9237142642160029,20.38803691910658
401756960,2025,13,Utah,Kansas State,0.9193243248599052,20.99676356791855,0.9500219945514468,22.088833582243524,5.0,8.0,0.934673159705676,21.542798575081036
401757175,2025,13,Florida Atlantic,UConn,0.3310310009161251,-6.499819844528666,0.3866876895027196,-4.199576969933824,5.0,7.0,0.3588593452094223,-5.349698407231245
401757305,2025,13,Florida International,Jacksonville State,0.434783237952326,-2.632572164978402,0.4609770448877394,0.0186716406609566,6.0,9.0,0.4478801414200327,-1.3069502621587228
401757306,2025,13,Kennesaw State,Missouri State,0.5840280186324063,2.641872235202137,0.6932321974132383,7.333841749851282,5.0,5.0,0.6386301080228223,4.9878569925267096
401757307,2025,13,Louisiana Tech,Liberty,0.6170325310883414,3.84843143856307,0.6932321974132383,7.484186147249317,7.0,8.0,0.6551323642507898,5.666308792906193
401757308,2025,13,Middle Tennessee,Sam Houston,0.6203613018645844,3.972122883271693,0.6224653791883044,2.7758417005399405,5.0,6.0,0.6214133405264444,3.3739822919058167
401757309,2025,13,UTEP,New Mexico State,0.5339182702561206,0.858433900980478,0.6647535604976416,4.903943961113997,5.0,5.0,0.5993359153768811,2.8811889310472374
401760415,2025,13,Air Force,New Mexico,0.3837911115105144,-4.483303649862622,0.5231011853062879,2.052434330958801,6.0,6.0,0.45344614840840114,-1.2154346594519103
401760416,2025,13,Boise State,Colorado State,0.8995720565727945,18.886581753639327,0.88245194553543,19.43496409417575,9.0,6.0,0.8910120010541123,19.160772923907537
401760417,2025,13,Fresno State,Utah State,0.6753717588678466,6.089119354905149,0.68369027604823,5.313753503893867,7.0,6.0,0.6795310174580382,5.701436429399508
401760418,2025,13,UNLV,Hawai'i,0.6148767779909855,3.768545456400384,0.68369027604823,5.217508037641265,8.0,6.0,0.6492835270196078,4.493026747020824
401760419,2025,13,Wyoming,Nevada,0.6115066688007826,3.643991946051917,0.7042508205171714,9.384683448554,5.0,6.0,0.657878744658977,6.514337697302959
401760420,2025,13,San Diego State,San José State,0.8673719678893214,16.129152712907562,0.8938718963320842,18.90054757851488,4.0,7.0,0.8806219321107027,17.514850145711222
401761655,2025,13,Arkansas State,Louisiana,0.5200181050584622,0.3695839999725154,0.5231011853062879,2.120716785450978,6.0,7.0,0.5215596451823751,1.2451503927117467
401761656,2025,13,App State,Marshall,0.3808663896135447,-4.591869636997721,0.4367261454497751,-3.5399758888281667,6.0,7.0,0.4087962675316599,-4.065922762912944
401761657,2025,13,Georgia Southern,Old Dominion,0.165171336754346,-14.535773943500711,0.2537832129300246,-8.672475877615964,6.0,6.0,0.2094772748421853,-11.604124910558337
401761658,2025,13,South Alabama,Southern Miss,0.4724244797737041,-1.3005981936637814,0.4471554494293384,2.5453207898686605,7.0,4.0,0.4597899646015212,0.6223612981024396
401761659,2025,13,Texas State,UL Monroe,0.8955362360078079,18.501786916122423,0.8706790660337156,20.783260809416767,8.0,5.0,0.8831076510207617,19.642523862769593
401761660,2025,13,Troy,Georgia State,0.7932520096575812,11.45442304123417,0.8142735676515831,16.354394600258267,7.0,5.0,0.8037627886545822,13.90440882074622
401762511,2025,13,UAB,South Florida,0.1073141165975641,-18.90327503271713,0.1985038758894331,-19.31884266667919,5.0,6.0,0.1529089962434986,-19.11105884969816
401762512,2025,13,Army,Tulsa,0.7493744292770828,9.268516359261666,0.7879293175666335,13.579949237165357,8.0,4.0,0.7686518734218581,11.424232798213511
401762513,2025,13,UTSA,East Carolina,0.4071420305962096,-3.6269099130911697,0.3731415134770628,-3.821007125867592,6.0,6.0,0.39014177203663625,-3.723958519479381
401762514,2025,13,Rice,North Texas,0.2052742432563544,-12.198817776534955,0.0758385552775663,-17.323374185111838,7.0,7.0,0.14055639926696034,-14.761095980823397
401762515,2025,13,Temple,Tulane,0.2139565055428055,-11.739383683373434,0.448497606330901,-3.320850964633361,4.0,9.0,0.33122705593685325,-7.530117324003397
401762862,2025,13,Bowling Green,Akron,0.786214936830677,11.082908416249277,0.7093166620284919,8.708502666948297,7.0,6.0,0.7477657994295844,9.895705541598787
401762863,2025,13,Ohio,Massachusetts,0.971370283016799,30.5610114543708,0.9962954770512288,30.490005838579734,8.0,5.0,0.9838328800340139,30.525508646475267
401762864,2025,13,Northern Illinois,Western Michigan,0.4016679695143992,-3.8261373740844538,0.4434545735054379,-2.447671464806689,8.0,6.0,0.4225612715099185,-3.136904419445571
401762865,2025,13,Buffalo,Miami (OH),0.4627149301300279,-1.642503496083036,0.5130596178696325,0.5120444201820114,6.0,7.0,0.48788727399983023,-0.5652295379505123
401762866,2025,13,Kent State,Central Michigan,0.2943379004249045,-7.99777650339578,0.2878006453521,-6.507817523219906,3.0,6.0,0.29106927288850226,-7.252797013307843
401762867,2025,13,Toledo,Ball State,0.9745784032853876,31.631721563686284,0.9962954770512288,28.967547954672405,7.0,5.0,0.9854369401683082,30.299634759179344
401752783,2025,14,Arkansas,Missouri,0.51976108002118,0.3605573805669757,0.5077174197957641,-0.7792151406209387,7.0,7.0,0.5137392499084721,-0.20932888002698147
401752784,2025,14,Auburn,Alabama,0.3577443311476442,-5.462294246064792,0.3348187688635667,-5.889826172588471,7.0,8.0,0.34628155000560545,-5.676060209326631
401752785,2025,14,Florida,Florida State,0.4356110540553846,-2.603049674463238,0.4323829570261501,-2.119760662408881,6.0,5.0,0.43399700554076737,-2.3614051684360593
401752786,2025,14,Georgia Tech,Georgia,0.4712913772651241,-1.3404556247132544,0.2707132109323179,-9.900111961458103,7.0,8.0,0.371002294098721,-5.620283793085679
401752787,2025,14,Louisville,Kentucky,0.7243243803937237,8.135384800906193,0.6308356702160808,6.588138228267621,8.0,6.0,0.6775800253049022,7.361761514586907
401752788,2025,14,Mississippi State,Ole Miss,0.2676391112240345,-9.156869598318172,0.3252191472609644,-6.117883631699339,5.0,8.0,0.2964291292424994,-7.637376615008756
401752789,2025,14,Oklahoma,LSU,0.7988576707355428,11.75711056115502,0.8022990688285825,11.053325706139738,7.0,7.0,0.8005783697820626,11.405218133647379
401752790,2025,14,South Carolina,Clemson,0.6418771117174951,4.782440810386621,0.6647535604976416,5.018897976247689,8.0,7.0,0.6533153361075683,4.9006693933171555
401752791,2025,14,Tennessee,Vanderbilt,0.4394566129327729,-2.4660701459238763,0.5447985756990616,3.23366333345696,8.0,6.0,0.49212759431591724,0.38379659376654196
401752792,2025,14,Texas,Texas A&M,0.4462778020671833,-2.223723525728715,0.4842557629377501,1.0589499590116611,9.0,7.0,0.46526678250246667,-0.5823867833585269
401752916,2025,14,Nebraska,Iowa,0.5366522233984194,0.9547773915710652,0.5077174197957641,-0.9621370347197428,7.0,7.0,0.5221848215970918,-0.0036798215743387708
401752917,2025,14,Washington,Oregon,0.2724308949278457,-8.943768453419516,0.3731415134770628,-3.937162722614909,7.0,8.0,0.3227862042024543,-6.440465588017212
401752918,2025,14,Minnesota,Wisconsin,0.6305977579682379,4.355197561221179,0.5257228322695868,4.038933319482052,7.0,5.0,0.5781602951189124,4.197065440351615
401752919,2025,14,USC,UCLA,0.92619145444171,21.841847071698076,0.8657507620667089,24.761585257344656,7.0,6.0,0.8959711082542094,23.301716164521366
401752920,2025,14,Rutgers,Penn State,0.1751367096461216,-13.916960530961251,0.2612163668721204,-7.544067732139114,5.0,9.0,0.218176538259121,-10.730514131550184
401752921,2025,14,Michigan,Ohio State,0.3405484116402005,-6.125735464556774,0.2537832129300246,-9.229323268202863,8.0,9.0,0.2971658122851125,-7.677529366379819
401752922,2025,14,Illinois,Northwestern,0.7918355294505335,11.378902678387607,0.747888280995861,10.114026033856677,6.0,5.0,0.7698619052231972,10.746464356122143
401752923,2025,14,Michigan State,Maryland,0.5903499986527181,2.8705019108427314,0.5077174197957641,-1.0393129233071323,6.0,6.0,0.5490337092242411,0.9155944937677996
401752924,2025,14,Purdue,Indiana,0.0206914009183674,-34.144332883095586,0.092860780253317,-28.102698069586964,4.0,9.0,0.056776090585842195,-31.123515476341275
401752946,2025,14,Washington State,Oregon State,0.8567391519163382,15.34500654616564,0.7718298825644386,16.4788778359127,7.0,6.0,0.8142845172403884,15.91194219103917
401754608,2025,14,Syracuse,Boston College,0.5930247977810497,2.9675549691519008,0.5796033054460699,4.203310516428881,6.0,6.0,0.5863140516135598,3.585432742790391
401754609,2025,14,California,SMU,0.2163332575066627,-11.615996849262334,0.3134495356396575,-10.62564404409232,7.0,8.0,0.2648913965731601,-11.120820446677328
401754610,2025,14,Duke,Wake Forest,0.6723882961486196,5.970114455703568,0.6647535604976416,5.010622807431005,6.0,6.0,0.6685709283231306,5.490368631567287
401754611,2025,14,Pittsburgh,Miami,0.349678121920052,-5.771615755137885,0.4434545735054379,-2.464507862673436,7.0,9.0,0.3965663477127449,-4.118061808905661
401754612,2025,14,NC State,North Carolina,0.8040477092141307,12.043034643982882,0.7899041410620369,12.917119102879235,6.0,7.0,0.7969759251380838,12.48007687343106
401754613,2025,14,Virginia,Virginia Tech,0.6813557124131916,6.329540089521222,0.865370839862553,15.064375152378064,7.0,7.0,0.7733632761378724,10.696957620949643
401754614,2025,14,Stanford,Notre Dame,0.0542679180427121,-25.386190751294,0.0768347481971466,-24.42376101534401,5.0,8.0,0.06555133311992935,-24.904975883319004
401756961,2025,14,Arizona State,Arizona,0.4870150137007812,-0.7881154383929148,0.5130596178696325,0.9821139181757016,8.0,5.0,0.5000373157852068,0.09699923989139342
401756962,2025,14,Baylor,Houston,0.5134886023473844,0.1403726623270556,0.554861574374456,3.530539930617337,7.0,6.0,0.5341750883609202,1.8354562964721963
401756963,2025,14,BYU,UCF,0.8878220170349228,17.801401327172194,0.88245194553543,19.858056996852092,8.0,8.0,0.8851369812851764,18.829729162012143
401756964,2025,14,Kansas,Utah,0.2585387799599259,-9.568374327999187,0.1399823316071244,-11.634050824399198,7.0,5.0,0.19926055578352514,-10.601212576199192
401756965,2025,14,Kansas State,Colorado,0.7203114328123631,7.959998795948101,0.766240572301453,12.310357631089811,8.0,7.0,0.7432760025569081,10.135178213518955
401756966,2025,14,Oklahoma State,Iowa State,0.1334590989337097,-16.73140583848704,0.0976572176144474,-17.61425080492709,5.0,6.0,0.11555815827407855,-17.172828321707065
401756967,2025,14,TCU,Cincinnati,0.5535970632167131,1.5538706985326822,0.5280085951891043,1.6440920863519874,6.0,6.0,0.5408028292029087,1.5989813924423348
401756968,2025,14,West Virginia,Texas Tech,0.094746759740437,-20.117652421279143,0.1985038758894331,-19.625422377212537,6.0,8.0,0.14662531781493504,-19.871537399245838
401757310,2025,14,Delaware,UTEP,0.6927406481258881,6.793738731410682,0.6714531164514496,4.702335771643259,5.0,5.0,0.6820968822886688,5.74803725152697
401757311,2025,14,Sam Houston,Florida International,0.3165306503223,-7.080445624737234,0.2537832129300246,-9.105410757218998,6.0,6.0,0.2851569316261623,-8.092928190978116
401757312,2025,14,Jacksonville State,Western Kentucky,0.4684134530088579,-1.441735758096914,0.5262141520227859,1.296154450957832,9.0,6.0,0.4973138025158219,-0.07279065356954095
401757313,2025,14,Liberty,Kennesaw State,0.581092992458256,2.5360734295656573,0.5581279566032963,2.366983910635588,8.0,5.0,0.5696104745307762,2.4515286701006227
401757314,2025,14,Missouri State,Louisiana Tech,0.5390322369990878,1.038711225184239,0.5267731046392776,0.0669692111078923,5.0,7.0,0.5329026708191826,0.5528402181460657
401757315,2025,14,New Mexico State,Middle Tennessee,0.6205497365219431,3.979137264912279,0.7042508205171714,9.277629825139195,5.0,5.0,0.6624002785195573,6.628383545025737
401760421,2025,14,Colorado State,Air Force,0.4002753320444188,-3.8769625986686695,0.529449279626121,-0.493937203195137,6.0,6.0,0.4648623058352699,-2.1854499009319035
401760422,2025,14,Utah State,Boise State,0.3455226777731475,-5.932246737558133,0.4323829570261501,-1.6281334944116317,6.0,9.0,0.3889528173996488,-3.7801901159848823
401760423,2025,14,San José State,Fresno State,0.3249941038785252,-6.739909404447767,0.3698466612981735,-4.916586412716287,7.0,7.0,0.34742038258834934,-5.828247908582027
401760424,2025,14,Hawai'i,Wyoming,0.7771431308752174,10.616870020163876,0.7042508205171714,9.26207527310447,6.0,5.0,0.7406969756961943,9.939472646634172
401760425,2025,14,Nevada,UNLV,0.2797885491969141,-8.621062850246767,0.2715871003625438,-7.279450152368764,6.0,8.0,0.275687824779729,-7.9502565013077655
401760426,2025,14,New Mexico,San Diego State,0.5732521029211259,2.254424285794681,0.5212841720668582,-0.3952275654497486,6.0,4.0,0.5472681374939921,0.9295983601724662
401761661,2025,14,App State,Arkansas State,0.5781755856793686,2.431114603148031,0.5447985756990616,3.2740577675848126,6.0,6.0,0.5614870806892152,2.852586185366422
401761662,2025,14,Coastal Carolina,James Madison,0.0445522298352353,-27.20506584757152,0.0758385552775663,-17.252546524409254,6.0,8.0,0.0601953925564008,-22.228806185990386
401761663,2025,14,Marshall,Georgia Southern,0.8463840673568517,14.626643254057385,0.8014701125058992,11.177587997861096,7.0,6.0,0.8239270899313754,12.90211562595924
401761664,2025,14,Old Dominion,Georgia State,0.9438559129901926,24.40542886315806,0.9962954770512288,28.260991135998925,6.0,5.0,0.9700756950207107,26.333209999578493
401761665,2025,14,Louisiana,UL Monroe,0.752658459254363,9.422471373203027,0.8423145874694133,14.925233829864364,7.0,5.0,0.7974865233618882,12.173852601533696
401761666,2025,14,Southern Miss,Troy,0.6584623694444707,5.421735615508069,0.5138706178431527,3.813071874850638,4.0,7.0,0.5861664936438117,4.617403745179354
401761667,2025,14,Texas State,South Alabama,0.7707249232520857,10.295282120555632,0.747888280995861,10.115827667266084,8.0,7.0,0.7593066021239734,10.205554893910858
401762441,2025,14,UTSA,Army,0.8180271103009217,12.842936232522478,0.7042508205171714,9.547550887114618,6.0,8.0,0.7611389654090466,11.195243559818547
401762442,2025,14,North Texas,Temple,0.9003045096176172,18.957883931274523,0.8587992146606919,21.42155383972492,7.0,4.0,0.8795518621391545,20.189718885499722
401762516,2025,14,Memphis,Navy,0.7105564243736171,7.5399407768540065,0.747888280995861,10.291026850142764,8.0,7.0,0.729222352684739,8.915483813498385
401762517,2025,14,Tulsa,UAB,0.5868824685443988,2.7449726937079166,0.6308356702160808,6.6118117235724885,4.0,5.0,0.6088590693802398,4.6783922086402026
401762518,2025,14,Tulane,Charlotte,0.976701053790761,32.41510998437515,0.9962954770512288,28.98087130812276,9.0,5.0,0.9864982654209948,30.697990646248954
401762519,2025,14,Florida Atlantic,East Carolina,0.1846964607619392,-13.348887727380104,0.2513544637786443,-7.659853922853589,5.0,6.0,0.21802546227029174,-10.504370825116847
401762520,2025,14,South Florida,Rice,0.9455501210003014,24.689746650441887,0.9962954770512288,28.41444017486409,6.0,7.0,0.9709227990257652,26.552093412652987
401762868,2025,14,Massachusetts,Bowling Green,0.1154869170837481,-18.179250790073343,0.1444440221279581,-12.615659185290331,5.0,7.0,0.1299654696058531,-15.397454987681837
401762869,2025,14,Eastern Michigan,Western Michigan,0.3051945155963128,-7.54435042650892,0.3866876895027196,-4.636458445837494,5.0,6.0,0.34594110254951616,-6.090404436173207
401762870,2025,14,Buffalo,Ohio,0.3873003936931487,-4.353449136162443,0.448497606330901,-3.1550628575968505,6.0,8.0,0.41789900001202485,-3.7542559968796465
401762871,2025,14,Northern Illinois,Kent State,0.7022097254881475,7.187149811484215,0.775269348317486,10.546284163711364,8.0,3.0,0.7387395369028167,8.86671698759779
401762872,2025,14,Central Michigan,Toledo,0.1623070642438895,-14.719145172644335,0.2537832129300246,-9.312798421344931,6.0,7.0,0.20804513858695706,-12.015971796994634
401762875,2025,14,Miami (OH),Ball State,0.9118712702528484,20.15082946557342,0.8938718963320842,18.792044540345472,7.0,5.0,0.9028715832924663,19.471437002959448
401777324,2025,15,Tulane,North Texas,0.5535100574053566,1.5507845190116822,0.3731415134770628,-3.900365605973164,9.0,7.0,0.4633257854412097,-1.1747905434807409
401777325,2025,15,Jacksonville State,Kennesaw State,0.604952487329835,3.402874283959577,0.4471554494293384,2.5115310266385986,9.0,5.0,0.5260539683795866,2.9572026552990875
401777326,2025,15,Boise State,UNLV,0.708238008450476,7.441356925123349,0.7057593171082679,7.268147911430766,9.0,8.0,0.706998662779372,7.354752418277058
401777327,2025,15,Texas Tech,BYU,0.6938172079973242,6.838118889487332,0.6932321974132383,7.482315389504832,8.0,8.0,0.6935247027052812,7.160217139496082
401777328,2025,15,Virginia,Duke,0.582936734432084,2.6025100794777263,0.5138706178431527,3.81418320371834,7.0,6.0,0.5484036761376183,3.208346641598033
401777329,2025,15,Western Michigan,Miami (OH),0.5047679262896744,-0.1655191717723214,0.5267731046392776,0.1420225066322675,6.0,7.0,0.515770515464476,-0.011748332570026943
401777351,2025,15,Alabama,Georgia,0.6587544751086886,5.433123992897095,0.5485006618577397,3.1428397998212105,8.0,8.0,0.6036275684832142,4.2879818963591525
401777352,2025,15,James Madison,Troy,0.958423953120613,27.17297957456864,0.8587992146606919,21.392584700395822,8.0,7.0,0.9086115838906524,24.28278213748223
401777353,2025,15,Ohio State,Indiana,0.4202347804838223,-3.153693610603011,0.4446499797156309,-2.675457838120561,9.0,9.0,0.4324423800997266,-2.914575724361786
401762521,2025,16,Navy,Army,0.8220679648377606,13.082981668486148,,,7.0,8.0,0.8220679648377606,13.082981668486148
