game_id,season,week,home_team,away_team,p_home_win,predicted_margin,model_name,model_version,split
401520145,2023,1,Jacksonville State,UTEP,0.5250912016953475,1.3738709429978666,in_game_wp,v1,val
401520146,2023,1,Louisiana Tech,Florida International,0.7058766851847651,7.9819427787663315,in_game_wp,v1,val
401520147,2023,1,Vanderbilt,Hawai'i,0.6884233406620748,7.402189146594971,in_game_wp,v1,val
401520148,2023,1,Minnesota,Nebraska,0.7395782903381769,8.895792936418248,in_game_wp,v1,val
401520149,2023,1,Alabama,Middle Tennessee,0.848534808204684,15.206924703253613,in_game_wp,v1,val
401520151,2023,1,Auburn,Massachusetts,0.8043955301157563,13.840585734325419,in_game_wp,v1,val
401520152,2023,1,BYU,Sam Houston,0.7058766851847651,8.31000983366891,in_game_wp,v1,val
401520155,2023,1,Illinois,Toledo,0.6884233406620748,7.655068265410839,in_game_wp,v1,val
401520156,2023,1,Indiana,Ohio State,0.16695128561741027,-11.003227844798575,in_game_wp,v1,val
401520157,2023,1,Iowa,Utah State,0.7681323777083462,10.021366381745533,in_game_wp,v1,val
401520159,2023,1,Kentucky,Ball State,0.7395782903381769,8.66942695112659,in_game_wp,v1,val
401520160,2023,1,Liberty,Bowling Green,0.6884233406620748,7.414173940913958,in_game_wp,v1,val
401520162,2023,1,Michigan,East Carolina,0.7357132469623296,13.092686300089715,in_game_wp,v1,val
401520163,2023,1,Michigan State,Central Michigan,0.6884233406620748,7.472081898167326,in_game_wp,v1,val
401520167,2023,1,North Carolina,South Carolina,0.5404858537950527,-0.4653090232048953,in_game_wp,v1,val
401520169,2023,1,Penn State,West Virginia,0.7681323777083462,10.075438276743471,in_game_wp,v1,val
401520170,2023,1,Purdue,Fresno State,0.5238962119411956,3.7332294757638684,in_game_wp,v1,val
401520171,2023,1,Rutgers,Northwestern,0.5665917202498129,3.6072542396688325,in_game_wp,v1,val
401520172,2023,1,SMU,Louisiana Tech,0.7700935795659859,10.454583343437506,in_game_wp,v1,val
401520173,2023,1,Texas A&M,New Mexico,0.747794467276581,11.95495976128236,in_game_wp,v1,val
401520174,2023,1,UConn,NC State,0.3765568305024165,-5.2517956879705245,in_game_wp,v1,val
401520175,2023,1,UL Monroe,Army,0.4426834606915839,-2.1262565024589613,in_game_wp,v1,val
401520176,2023,1,Utah,Florida,0.7058766851847651,7.7458509068484,in_game_wp,v1,val
401520179,2023,1,Tennessee,Virginia,0.7411871426702996,12.652259398410337,in_game_wp,v1,val
401520180,2023,1,Wisconsin,Buffalo,0.7441061592907754,8.65399045742475,in_game_wp,v1,val
401520181,2023,1,Western Kentucky,South Florida,0.7681323777083462,9.952053465259304,in_game_wp,v1,val
401520182,2023,1,Florida State,LSU,0.520288394876687,0.883191271234943,in_game_wp,v1,val
401523986,2023,1,USC,San José State,0.7713735904123631,9.72447140550741,in_game_wp,v1,val
401523988,2023,1,Hawai'i,Stanford,0.45791150710596124,-2.488919997667697,in_game_wp,v1,val
401523990,2023,1,Colorado State,Washington State,0.3705539923848802,-6.716251782564569,in_game_wp,v1,val
401523991,2023,1,North Texas,California,0.5686953265992765,3.4591682095852923,in_game_wp,v1,val
401523994,2023,1,TCU,Colorado,0.8066824643442647,18.372884179256367,in_game_wp,v1,val
401523995,2023,1,UCLA,Coastal Carolina,0.7058766851847651,7.78965453199362,in_game_wp,v1,val
401523996,2023,1,USC,Nevada,0.8367945929639559,14.938301692976724,in_game_wp,v1,val
401523997,2023,1,Washington,Boise State,0.6605214289099872,4.984564168338586,in_game_wp,v1,val
401525434,2023,1,Notre Dame,Navy,0.6580944641473541,5.943705469065562,in_game_wp,v1,val
401525450,2023,1,New Mexico State,Massachusetts,0.7058766851847651,8.315007172792846,in_game_wp,v1,val
401525462,2023,1,Georgia Tech,Louisville,0.28312048685789437,-7.391846840308391,in_game_wp,v1,val
401525463,2023,1,Miami,Miami (OH),0.6605214289099872,4.936974296368654,in_game_wp,v1,val
401525464,2023,1,Boston College,Northern Illinois,0.5665917202498129,3.6573260582669542,in_game_wp,v1,val
401525467,2023,1,Virginia Tech,Old Dominion,0.5585958959393216,2.986066328815879,in_game_wp,v1,val
401525468,2023,1,Duke,Clemson,0.4426834606915839,-1.7701653934925403,in_game_wp,v1,val
401525816,2023,1,UCF,Kent State,0.73898414279549,8.46536107145859,in_game_wp,v1,val
401525817,2023,1,Baylor,Texas State,0.7262180243796285,11.690112555159878,in_game_wp,v1,val
401525819,2023,1,Houston,UTSA,0.5250912016953475,1.5816584199444985,in_game_wp,v1,val
401525822,2023,1,Oklahoma,Arkansas State,0.7700935795659859,10.727425671507577,in_game_wp,v1,val
401525824,2023,1,Texas,Rice,0.8628858483159394,16.060071468279066,in_game_wp,v1,val
401525825,2023,1,Wyoming,Texas Tech,0.38955611256073264,-3.8856345058014083,in_game_wp,v1,val
401531347,2023,1,Tulane,South Alabama,0.6629098972346779,5.743975656273097,in_game_wp,v1,val
401531387,2023,1,Temple,Akron,0.6605214289099872,4.775926809294467,in_game_wp,v1,val
401532392,2023,1,San Diego State,Ohio,0.5351753880218355,2.657925337890905,in_game_wp,v1,val
401532573,2023,1,San José State,Oregon State,0.4460984719030421,-2.9489592329133885,in_game_wp,v1,val
401520183,2023,2,Alabama,Texas,0.7411871426702996,12.562604966188395,in_game_wp,v1,val
401520184,2023,2,Arkansas,Kent State,0.8796708611673287,22.089106334321052,in_game_wp,v1,val
401520186,2023,2,California,Auburn,0.6770802122619589,5.400974171333862,in_game_wp,v1,val
401520187,2023,2,Coastal Carolina,Jacksonville State,0.6770802122619589,5.427537551690635,in_game_wp,v1,val
401520188,2023,2,Colorado,Nebraska,0.526280987933077,1.8441672129240034,in_game_wp,v1,val
401520189,2023,2,Florida International,North Texas,0.536338626374796,2.3940717575500017,in_game_wp,v1,val
401520191,2023,2,Georgia,Ball State,0.9381789893872703,25.20369061676341,in_game_wp,v1,val
401520192,2023,2,Georgia State,UConn,0.6389863788797332,6.578776650440019,in_game_wp,v1,val
401520194,2023,2,Iowa State,Iowa,0.5809795962765812,4.192756027296729,in_game_wp,v1,val
401520195,2023,2,Kansas,Illinois,0.6605214289099872,4.705932048216875,in_game_wp,v1,val
401520198,2023,2,Liberty,New Mexico State,0.7986723662268006,11.379958673949464,in_game_wp,v1,val
401520200,2023,2,Maryland,Charlotte,0.7904932162155465,17.420834709014514,in_game_wp,v1,val
401520201,2023,2,Miami,Texas A&M,0.5585958959393216,3.151206458397793,in_game_wp,v1,val
401520202,2023,2,Michigan,UNLV,0.8796708611673287,21.913298588456584,in_game_wp,v1,val
401520204,2023,2,Minnesota,Eastern Michigan,0.7826906100761908,16.684303839859396,in_game_wp,v1,val
401520205,2023,2,Mississippi State,Arizona,0.7411871426702996,12.849902073987188,in_game_wp,v1,val
401520206,2023,2,Missouri,Middle Tennessee,0.828116539243061,14.084504065591306,in_game_wp,v1,val
401520207,2023,2,Northwestern,UTEP,0.6605214289099872,4.85639369481041,in_game_wp,v1,val
401520210,2023,2,Rutgers,Temple,0.7534861502594312,10.890915256626563,in_game_wp,v1,val
401520211,2023,2,Sam Houston,Air Force,0.21174353247996802,-8.446030698735758,in_game_wp,v1,val
401520214,2023,2,Tulane,Ole Miss,0.5331380417652314,0.5585357505935624,in_game_wp,v1,val
401520215,2023,2,Virginia Tech,Purdue,0.6344621514562316,5.039980548688165,in_game_wp,v1,val
401520216,2023,2,Wake Forest,Vanderbilt,0.6917863520494438,9.196691768519466,in_game_wp,v1,val
401520217,2023,2,Washington State,Wisconsin,0.6884233406620748,7.566668111739045,in_game_wp,v1,val
401523998,2023,2,Arizona State,Oklahoma State,0.5104674686727421,0.05457854532588868,in_game_wp,v1,val
401523999,2023,2,Baylor,Utah,0.4460984719030421,-2.9219659749339204,in_game_wp,v1,val
401524001,2023,2,San Diego State,UCLA,0.38955611256073264,-3.875590670599788,in_game_wp,v1,val
401524002,2023,2,Texas Tech,Oregon,0.339382640480943,-6.208548479695949,in_game_wp,v1,val
401524003,2023,2,USC,Stanford,0.8066824643442647,18.65119753011637,in_game_wp,v1,val
401524004,2023,2,Washington,Tulsa,0.8605347735527286,15.902384891555187,in_game_wp,v1,val
401525436,2023,2,NC State,Notre Dame,0.38955611256073264,-3.7131791885506615,in_game_wp,v1,val
401525493,2023,2,Florida State,Southern Miss,0.8066824643442647,18.676527104115177,in_game_wp,v1,val
401525495,2023,2,North Carolina,App State,0.7986723662268006,11.555884516419498,in_game_wp,v1,val
401525496,2023,2,Pittsburgh,Cincinnati,0.526280987933077,1.8113786516109611,in_game_wp,v1,val
401525497,2023,2,Syracuse,Western Michigan,0.9166587481775852,22.990670964675214,in_game_wp,v1,val
401525498,2023,2,Virginia,James Madison,0.3603038387896912,-5.378841239052456,in_game_wp,v1,val
401525827,2023,2,Boise State,UCF,0.286827219310001,-9.293117325200054,in_game_wp,v1,val
401525829,2023,2,Kansas State,Troy,0.807421619926176,16.910758362743664,in_game_wp,v1,val
401525830,2023,2,Oklahoma,SMU,0.8403800892157549,17.987660567596684,in_game_wp,v1,val
401525831,2023,2,Rice,Houston,0.4426834606915839,-1.830995299560473,in_game_wp,v1,val
401526833,2023,2,Massachusetts,Miami (OH),0.6605214289099872,4.79558974014885,in_game_wp,v1,val
401531378,2023,2,Georgia Southern,UAB,0.6580944641473541,5.960296161476176,in_game_wp,v1,val
401531395,2023,2,UTSA,Texas State,0.7395782903381769,8.723522846702537,in_game_wp,v1,val
401531411,2023,2,East Carolina,Marshall,0.7681323777083462,9.920696203195739,in_game_wp,v1,val
401531419,2023,2,Florida Atlantic,Ohio,0.7058766851847651,7.979668041680344,in_game_wp,v1,val
401531427,2023,2,Arkansas State,Memphis,0.1407571746894193,-14.643237790212218,in_game_wp,v1,val
401531842,2023,2,Old Dominion,Louisiana,0.5250912016953475,1.3850720611704084,in_game_wp,v1,val
401520219,2023,3,Arizona,UTEP,0.8605347735527286,15.636091934702646,in_game_wp,v1,val
401520220,2023,3,Arkansas,BYU,0.8245109577877295,13.162703851139481,in_game_wp,v1,val
401520222,2023,3,Buffalo,Liberty,0.47737159770698506,-3.1374497466574542,in_game_wp,v1,val
401520223,2023,3,Duke,Northwestern,0.7217280822419854,13.305360678619966,in_game_wp,v1,val
401520224,2023,3,Florida,Tennessee,0.526280987933077,1.9744589895675944,in_game_wp,v1,val
401520225,2023,3,Georgia,South Carolina,0.8796708611673287,22.071645804134704,in_game_wp,v1,val
401520226,2023,3,Illinois,Penn State,0.4560991453103952,-4.490803835526885,in_game_wp,v1,val
401520227,2023,3,Iowa,Western Michigan,0.8882879687758688,19.775552642020976,in_game_wp,v1,val
401520228,2023,3,Kentucky,Akron,0.7904932162155465,17.285977470410536,in_game_wp,v1,val
401520229,2023,3,Louisiana Tech,North Texas,0.7681323777083462,9.92077483982241,in_game_wp,v1,val
401520230,2023,3,Indiana,Louisville,0.16599706267731257,-12.370267951757334,in_game_wp,v1,val
401520231,2023,3,Maryland,Virginia,0.7904932162155465,17.125707387409307,in_game_wp,v1,val
401520232,2023,3,Michigan,Bowling Green,0.9381789893872703,25.063449279355012,in_game_wp,v1,val
401520233,2023,3,Michigan State,Washington,0.4560991453103952,-4.120255354342046,in_game_wp,v1,val
401520235,2023,3,Mississippi State,LSU,0.4841005314080672,2.4943012954452684,in_game_wp,v1,val
401520236,2023,3,Missouri,Kansas State,0.28312048685789437,-7.40182774193026,in_game_wp,v1,val
401520237,2023,3,Nebraska,Northern Illinois,0.8043955301157563,13.581687957359309,in_game_wp,v1,val
401520238,2023,3,New Mexico,New Mexico State,0.6136164369543262,6.909348227691087,in_game_wp,v1,val
401520239,2023,3,North Carolina,Minnesota,0.6136164369543262,6.92068367318932,in_game_wp,v1,val
401520240,2023,3,Ohio State,Western Kentucky,0.848534808204684,15.346159064511658,in_game_wp,v1,val
401520241,2023,3,Ole Miss,Georgia Tech,0.8796708611673287,21.610448955729964,in_game_wp,v1,val
401520242,2023,3,Purdue,Syracuse,0.339382640480943,-6.164627583187334,in_game_wp,v1,val
401520243,2023,3,Rutgers,Virginia Tech,0.7986723662268006,11.380193703807171,in_game_wp,v1,val
401520244,2023,3,South Florida,Alabama,0.1407571746894193,-14.035165807357421,in_game_wp,v1,val
401520245,2023,3,Texas A&M,UL Monroe,0.8928128040141043,19.002482151053094,in_game_wp,v1,val
401520246,2023,3,UConn,Florida International,0.7395782903381769,8.726862482415887,in_game_wp,v1,val
401520247,2023,3,UNLV,Vanderbilt,0.6136164369543262,6.68401912174253,in_game_wp,v1,val
401520249,2023,3,Wisconsin,Georgia Southern,0.7058766851847651,8.033861215652417,in_game_wp,v1,val
401524005,2023,3,Arizona State,Fresno State,0.4426834606915839,-1.8501050391366505,in_game_wp,v1,val
401524007,2023,3,Colorado,Colorado State,0.8066824643442647,18.382208834029633,in_game_wp,v1,val
401524008,2023,3,Oregon,Hawai'i,0.9664398884209753,33.54134447240438,in_game_wp,v1,val
401524009,2023,3,Oregon State,San Diego State,0.9956763893961676,27.325439971411022,in_game_wp,v1,val
401525437,2023,3,Notre Dame,Central Michigan,0.9664398884209753,33.09793628728854,in_game_wp,v1,val
401525500,2023,3,Boston College,Florida State,0.08709121063856713,-23.049141758330045,in_game_wp,v1,val
401525501,2023,3,Clemson,Florida Atlantic,0.7904932162155465,17.49442350811654,in_game_wp,v1,val
401525503,2023,3,West Virginia,Pittsburgh,0.6866927910910903,5.350744118111217,in_game_wp,v1,val
401525504,2023,3,Old Dominion,Wake Forest,0.5289632789155015,-0.26749852185020906,in_game_wp,v1,val
401525835,2023,3,Cincinnati,Miami (OH),0.8796708611673287,21.436059454457798,in_game_wp,v1,val
401525836,2023,3,Houston,TCU,0.5686953265992765,3.446305648078609,in_game_wp,v1,val
401525837,2023,3,Nevada,Kansas,0.09654483009451986,-17.734264101637642,in_game_wp,v1,val
401525838,2023,3,Ohio,Iowa State,0.6866927910910903,5.358880811588253,in_game_wp,v1,val
401525839,2023,3,Oklahoma State,South Alabama,0.7129237777849589,9.63462114236383,in_game_wp,v1,val
401525840,2023,3,Texas,Wyoming,0.9381789893872703,25.579846799833838,in_game_wp,v1,val
401525842,2023,3,Tulsa,Oklahoma,0.19919747921832354,-11.120745457734538,in_game_wp,v1,val
401526834,2023,3,Eastern Michigan,Massachusetts,0.7986723662268006,10.906812621634064,in_game_wp,v1,val
401531348,2023,3,Southern Miss,Tulane,0.4254694608323779,-4.792992929632712,in_game_wp,v1,val
401531379,2023,3,UAB,Louisiana,0.6884233406620748,7.605866879302495,in_game_wp,v1,val
401531396,2023,3,UTSA,Army,0.6605214289099872,4.6133907247378145,in_game_wp,v1,val
401531403,2023,3,Charlotte,Georgia State,0.536338626374796,2.1063317005545628,in_game_wp,v1,val
401531412,2023,3,App State,East Carolina,0.747794467276581,12.308599373352662,in_game_wp,v1,val
401531428,2023,3,Memphis,Navy,0.8625262576585906,20.380962273072647,in_game_wp,v1,val
401531848,2023,3,Troy,James Madison,0.5320674141546959,-0.35544117279070875,in_game_wp,v1,val
401532403,2023,3,Toledo,San José State,0.8605347735527286,15.762773101788195,in_game_wp,v1,val
401532581,2023,3,Air Force,Utah State,0.7058766851847651,7.92530164965235,in_game_wp,v1,val
401520250,2023,4,Alabama,Ole Miss,0.5250912016953475,1.38516602091733,in_game_wp,v1,val
401520251,2023,4,Florida,Charlotte,0.8796708611673287,21.694117348903504,in_game_wp,v1,val
401520252,2023,4,Georgia,UAB,0.9166587481775852,23.705538312348448,in_game_wp,v1,val
401520253,2023,4,Hawai'i,New Mexico State,0.4804176137299609,-4.5978913539451085,in_game_wp,v1,val
401520254,2023,4,Houston,Sam Houston,0.7058766851847651,8.028090950985145,in_game_wp,v1,val
401520255,2023,4,Illinois,Florida Atlantic,0.828116539243061,14.17902067444266,in_game_wp,v1,val
401520256,2023,4,Indiana,Akron,0.8457795544010422,16.3201483080231,in_game_wp,v1,val
401520257,2023,4,Jacksonville State,Eastern Michigan,0.747794467276581,11.917987009985866,in_game_wp,v1,val
401520258,2023,4,LSU,Arkansas,0.8043955301157563,13.749470312908551,in_game_wp,v1,val
401520259,2023,4,Missouri,Memphis,0.3705539923848802,-6.646929648065061,in_game_wp,v1,val
401520260,2023,4,Michigan,Rutgers,0.7270964275225729,14.238921109971283,in_game_wp,v1,val
401520261,2023,4,Michigan State,Maryland,0.5245535489084909,-0.7918158931946468,in_game_wp,v1,val
401520262,2023,4,Middle Tennessee,Colorado State,0.6136164369543262,6.714873402500534,in_game_wp,v1,val
401520263,2023,4,Nebraska,Louisiana Tech,0.7534861502594312,10.883409458430151,in_game_wp,v1,val
401520264,2023,4,Northwestern,Minnesota,0.520288394876687,0.9165787179699718,in_game_wp,v1,val
401520265,2023,4,Penn State,Iowa,0.8241403765585398,14.728095021451743,in_game_wp,v1,val
401520266,2023,4,Purdue,Wisconsin,0.5271187289065661,0.31005689666934977,in_game_wp,v1,val
401520267,2023,4,South Carolina,Mississippi State,0.5809795962765812,4.046631394912189,in_game_wp,v1,val
401520268,2023,4,Syracuse,Army,0.8149328890066365,14.502174247758017,in_game_wp,v1,val
401520269,2023,4,Tennessee,UTSA,0.7534861502594312,10.871016015532,in_game_wp,v1,val
401520270,2023,4,Texas A&M,Auburn,0.7058766851847651,7.791610014597304,in_game_wp,v1,val
401520271,2023,4,Troy,Western Kentucky,0.5809795962765812,4.206592137618518,in_game_wp,v1,val
401520272,2023,4,UConn,Duke,0.1407571746894193,-15.042897777436561,in_game_wp,v1,val
401520273,2023,4,UTEP,UNLV,0.5245535489084909,-0.8265664377056288,in_game_wp,v1,val
401520274,2023,4,Vanderbilt,Kentucky,0.4726623059849913,-2.632380598984306,in_game_wp,v1,val
401520275,2023,4,Florida International,Liberty,0.286827219310001,-9.324179405308891,in_game_wp,v1,val
401521330,2023,4,Notre Dame,Ohio State,0.5238962119411956,3.8017856486396813,in_game_wp,v1,val
401524014,2023,4,Arizona State,USC,0.08709121063856713,-25.873680597948645,in_game_wp,v1,val
401524015,2023,4,Oregon,Colorado,0.8796708611673287,22.006620963496296,in_game_wp,v1,val
401524016,2023,4,Stanford,Arizona,0.3705539923848802,-6.760556439746626,in_game_wp,v1,val
401524017,2023,4,Utah,UCLA,0.5271187289065661,0.11945404905277357,in_game_wp,v1,val
401524018,2023,4,Washington,California,0.8259351175159475,20.080327770676856,in_game_wp,v1,val
401524019,2023,4,Washington State,Oregon State,0.536338626374796,2.1367363267176707,in_game_wp,v1,val
401525505,2023,4,Virginia,NC State,0.3334827323000231,-6.481435337728431,in_game_wp,v1,val
401525506,2023,4,Louisville,Boston College,0.8796708611673287,21.545789524238852,in_game_wp,v1,val
401525507,2023,4,Clemson,Florida State,0.47249582342804375,-1.6565957151698782,in_game_wp,v1,val
401525508,2023,4,Wake Forest,Georgia Tech,0.6884233406620748,7.369561446076579,in_game_wp,v1,val
401525509,2023,4,Temple,Miami,0.16599706267731257,-12.376884901411877,in_game_wp,v1,val
401525510,2023,4,Pittsburgh,North Carolina,0.5271187289065661,0.26998050997397094,in_game_wp,v1,val
401525511,2023,4,Marshall,Virginia Tech,0.6884233406620748,7.350678530489224,in_game_wp,v1,val
401525844,2023,4,Baylor,Texas,0.19919747921832354,-11.299949957903774,in_game_wp,v1,val
401525845,2023,4,Cincinnati,Oklahoma,0.17615986130987804,-11.79325818181885,in_game_wp,v1,val
401525846,2023,4,Iowa State,Oklahoma State,0.7454844577470947,9.01455043729463,in_game_wp,v1,val
401525847,2023,4,Kansas,BYU,0.5585958959393216,3.1706422845605395,in_game_wp,v1,val
401525848,2023,4,Kansas State,UCF,0.6866927910910903,5.123143101714991,in_game_wp,v1,val
401525849,2023,4,TCU,SMU,0.520288394876687,1.08761661341478,in_game_wp,v1,val
401525850,2023,4,West Virginia,Texas Tech,0.6565504370519935,4.509587321879132,in_game_wp,v1,val
401526835,2023,4,Massachusetts,New Mexico,0.5351753880218355,2.7654077198999243,in_game_wp,v1,val
401531338,2023,4,Northern Illinois,Tulsa,0.5331380417652314,0.5972284706309683,in_game_wp,v1,val
401531423,2023,4,South Florida,Rice,0.4726623059849913,-2.7497908058520544,in_game_wp,v1,val
401531849,2023,4,Coastal Carolina,Georgia State,0.7411871426702996,12.649869798830148,in_game_wp,v1,val
401531870,2023,4,Wyoming,App State,0.5320674141546959,-0.3453406399417016,in_game_wp,v1,val
401531871,2023,4,Ball State,Georgia Southern,0.4426834606915839,-2.2013205077892923,in_game_wp,v1,val
401531872,2023,4,Utah State,James Madison,0.536338626374796,2.1295626905718996,in_game_wp,v1,val
401531874,2023,4,Arkansas State,Southern Miss,0.512436792154753,-1.4092477237079848,in_game_wp,v1,val
401531875,2023,4,Louisiana,Buffalo,0.8882879687758688,19.6997126914101,in_game_wp,v1,val
401531876,2023,4,South Alabama,Central Michigan,0.807421619926176,16.85002519891013,in_game_wp,v1,val
401531877,2023,4,Texas State,Nevada,0.9956763893961676,26.817281911812053,in_game_wp,v1,val
401532405,2023,4,Bowling Green,Ohio,0.5248390824957088,3.2104506504166235,in_game_wp,v1,val
401532406,2023,4,Toledo,Western Michigan,0.9166587481775852,22.90067674370234,in_game_wp,v1,val
401532407,2023,4,Fresno State,Kent State,0.8605347735527286,15.559925241624494,in_game_wp,v1,val
401532583,2023,4,San Diego State,Boise State,0.5271187289065661,0.30911366897504067,in_game_wp,v1,val
401532584,2023,4,San José State,Air Force,0.520288394876687,0.9563059689640867,in_game_wp,v1,val
401520276,2023,5,Sam Houston,Jacksonville State,0.4460984719030421,-2.909067583580203,in_game_wp,v1,val
401520277,2023,5,Western Kentucky,Middle Tennessee,0.7681323777083462,10.130841710614465,in_game_wp,v1,val
401520278,2023,5,UTEP,Louisiana Tech,0.5271187289065661,0.27593688213645073,in_game_wp,v1,val
401520279,2023,5,Arkansas,Texas A&M,0.3274812426805016,-7.870718137881614,in_game_wp,v1,val
401520280,2023,5,Auburn,Georgia,0.4560991453103952,-4.1637271820880315,in_game_wp,v1,val
401520281,2023,5,Iowa,Michigan State,0.7986723662268006,10.942780406948955,in_game_wp,v1,val
401520282,2023,5,Kentucky,Florida,0.5585958959393216,2.9649791812788386,in_game_wp,v1,val
401520283,2023,5,Maryland,Indiana,0.8241403765585398,14.731797056180424,in_game_wp,v1,val
401520284,2023,5,Minnesota,Louisiana,0.6580944641473541,6.3097154505051245,in_game_wp,v1,val
401520285,2023,5,Mississippi State,Alabama,0.345911800758141,-10.400321117728543,in_game_wp,v1,val
401520286,2023,5,Nebraska,Michigan,0.15849525982951762,-13.301678595513767,in_game_wp,v1,val
401520287,2023,5,Northwestern,Penn State,0.0929482052477641,-16.434067580680928,in_game_wp,v1,val
401520288,2023,5,Ole Miss,LSU,0.6884233406620748,7.587559680812454,in_game_wp,v1,val
401520289,2023,5,Purdue,Illinois,0.526280987933077,1.926279998065891,in_game_wp,v1,val
401520291,2023,5,Tennessee,South Carolina,0.747794467276581,12.21399323151422,in_game_wp,v1,val
401520292,2023,5,UConn,Utah State,0.2573083970020845,-8.197035473839987,in_game_wp,v1,val
401520293,2023,5,Vanderbilt,Missouri,0.43874731026451025,-3.5485237685610747,in_game_wp,v1,val
401524020,2023,5,Oregon State,Utah,0.6136164369543262,7.075012287722134,in_game_wp,v1,val
401524021,2023,5,Arizona,Washington,0.1407571746894193,-14.634926456964529,in_game_wp,v1,val
401524022,2023,5,California,Arizona State,0.7570552464769358,16.462946478742357,in_game_wp,v1,val
401524023,2023,5,Colorado,USC,0.16599706267731257,-12.294919738812922,in_game_wp,v1,val
401524024,2023,5,Stanford,Oregon,0.08709121063856713,-25.76492353187616,in_game_wp,v1,val
401525438,2023,5,Duke,Notre Dame,0.5289632789155015,-0.1434807080534597,in_game_wp,v1,val
401525512,2023,5,NC State,Louisville,0.4560991453103952,-4.463247541783737,in_game_wp,v1,val
401525513,2023,5,Boston College,Virginia,0.5585958959393216,2.9943004487729503,in_game_wp,v1,val
401525514,2023,5,Syracuse,Clemson,0.7681323777083462,9.889847253064117,in_game_wp,v1,val
401525515,2023,5,Georgia Tech,Bowling Green,0.8241403765585398,14.63298129480254,in_game_wp,v1,val
401525516,2023,5,Virginia Tech,Pittsburgh,0.5271187289065661,0.16899405169131976,in_game_wp,v1,val
401525851,2023,5,BYU,Cincinnati,0.5320674141546959,-0.3197004047903871,in_game_wp,v1,val
401525852,2023,5,Oklahoma,Iowa State,0.9956763893961676,28.0843945484848,in_game_wp,v1,val
401525853,2023,5,TCU,West Virginia,0.7681323777083462,10.146205179941935,in_game_wp,v1,val
401525854,2023,5,Texas,Kansas,0.8928128040141043,19.069218835700575,in_game_wp,v1,val
401525855,2023,5,Texas Tech,Houston,0.6136164369543262,6.899609644071523,in_game_wp,v1,val
401525856,2023,5,UCF,Baylor,0.8457795544010422,16.32550048237251,in_game_wp,v1,val
401526836,2023,5,Massachusetts,Arkansas State,0.6136164369543262,7.087710462997988,in_game_wp,v1,val
401531339,2023,5,Tulsa,Temple,0.7058766851847651,8.278621389512377,in_game_wp,v1,val
401531370,2023,5,Tulane,UAB,0.7270964275225729,14.262853697294716,in_game_wp,v1,val
401531404,2023,5,SMU,Charlotte,0.8796708611673287,22.173254820888157,in_game_wp,v1,val
401531414,2023,5,Rice,East Carolina,0.6866927910910903,5.133626404943568,in_game_wp,v1,val
401531424,2023,5,Navy,South Florida,0.6866927910910903,5.309681488968771,in_game_wp,v1,val
401531429,2023,5,Memphis,Boise State,0.7700935795659859,10.262671651924196,in_game_wp,v1,val
401531878,2023,5,Georgia Southern,Coastal Carolina,0.6770802122619589,5.409560779056495,in_game_wp,v1,val
401531879,2023,5,Georgia State,Troy,0.7395782903381769,8.772178317856158,in_game_wp,v1,val
401531880,2023,5,James Madison,South Alabama,0.7395782903381769,8.689056082561583,in_game_wp,v1,val
401531881,2023,5,Marshall,Old Dominion,0.7411871426702996,12.498472596533524,in_game_wp,v1,val
401531882,2023,5,UL Monroe,App State,0.3705539923848802,-6.866464062433801,in_game_wp,v1,val
401531883,2023,5,Southern Miss,Texas State,0.3334827323000231,-6.515233342693289,in_game_wp,v1,val
401532409,2023,5,Western Michigan,Ball State,0.6605214289099872,4.873772902888595,in_game_wp,v1,val
401532410,2023,5,Central Michigan,Eastern Michigan,0.6136164369543262,6.663319240176596,in_game_wp,v1,val
401532411,2023,5,Toledo,Northern Illinois,0.9166587481775852,22.68132987409163,in_game_wp,v1,val
401532412,2023,5,Akron,Buffalo,0.5686953265992765,3.4066318861810476,in_game_wp,v1,val
401532413,2023,5,Kent State,Miami (OH),0.28382339622043257,-9.96316285270828,in_game_wp,v1,val
401532586,2023,5,UNLV,Hawai'i,0.848534808204684,15.007170733665346,in_game_wp,v1,val
401532587,2023,5,Fresno State,Nevada,0.9956763893961676,26.648577206484614,in_game_wp,v1,val
401532588,2023,5,Wyoming,New Mexico,0.7395782903381769,8.683759444884993,in_game_wp,v1,val
401532589,2023,5,Air Force,San Diego State,0.8403800892157549,17.789002741263484,in_game_wp,v1,val
401520294,2023,6,Middle Tennessee,Jacksonville State,0.4804176137299609,-4.65173432118049,in_game_wp,v1,val
401520295,2023,6,Louisiana Tech,Western Kentucky,0.4711902512878232,-3.411700044114463,in_game_wp,v1,val
401520296,2023,6,Liberty,Sam Houston,0.8928128040141043,19.313522112641458,in_game_wp,v1,val
401520297,2023,6,New Mexico State,Florida International,0.7700935795659859,10.454310628185578,in_game_wp,v1,val
401520298,2023,6,Army,Boston College,0.8457795544010422,16.361323231970516,in_game_wp,v1,val
401520299,2023,6,Florida,Vanderbilt,0.8149328890066365,14.501696976855111,in_game_wp,v1,val
401520300,2023,6,Georgia,Kentucky,0.7986723662268006,11.314798475159257,in_game_wp,v1,val
401520301,2023,6,Illinois,Nebraska,0.6866927910910903,5.229701813481912,in_game_wp,v1,val
401520302,2023,6,Iowa,Purdue,0.6580944641473541,5.840167724982527,in_game_wp,v1,val
401520303,2023,6,Minnesota,Michigan,0.1407571746894193,-14.646527312661371,in_game_wp,v1,val
401520304,2023,6,Mississippi State,Western Michigan,0.8043955301157563,13.44426537877388,in_game_wp,v1,val
401520305,2023,6,Missouri,LSU,0.4804176137299609,-4.696135147127832,in_game_wp,v1,val
401520307,2023,6,Ohio State,Maryland,0.7986723662268006,11.493343512067067,in_game_wp,v1,val
401520308,2023,6,Ole Miss,Arkansas,0.8043955301157563,13.973941997807986,in_game_wp,v1,val
401520309,2023,6,Rice,UConn,0.8367945929639559,14.93302652336846,in_game_wp,v1,val
401520310,2023,6,Texas A&M,Alabama,0.5245535489084909,-0.8965036232394841,in_game_wp,v1,val
401520311,2023,6,Wisconsin,Rutgers,0.6884233406620748,7.530141691120745,in_game_wp,v1,val
401524025,2023,6,USC,Arizona,0.8066824643442647,18.414429996627394,in_game_wp,v1,val
401524026,2023,6,Arizona State,Colorado,0.3334827323000231,-6.396336539437803,in_game_wp,v1,val
401524027,2023,6,California,Oregon State,0.286827219310001,-9.202324368965492,in_game_wp,v1,val
401524028,2023,6,UCLA,Washington State,0.5686953265992765,3.4472482358409238,in_game_wp,v1,val
401525439,2023,6,Louisville,Notre Dame,0.43874731026451025,-3.556574399635858,in_game_wp,v1,val
401525517,2023,6,Clemson,Wake Forest,0.807421619926176,16.978273758606043,in_game_wp,v1,val
401525518,2023,6,Florida State,Virginia Tech,0.8625262576585906,20.427450483341083,in_game_wp,v1,val
401525519,2023,6,Miami,Georgia Tech,0.8403800892157549,17.801133114799764,in_game_wp,v1,val
401525520,2023,6,North Carolina,Syracuse,0.5320674141546959,-0.3301531226501977,in_game_wp,v1,val
401525521,2023,6,NC State,Marshall,0.6770802122619589,5.399108243738403,in_game_wp,v1,val
401525857,2023,6,Oklahoma State,Kansas State,0.1407571746894193,-13.732471287924893,in_game_wp,v1,val
401525858,2023,6,Baylor,Texas Tech,0.4560991453103952,-4.24412697761988,in_game_wp,v1,val
401525859,2023,6,Iowa State,TCU,0.3334827323000231,-6.464569818395988,in_game_wp,v1,val
401525860,2023,6,Kansas,UCF,0.512436792154753,-1.221131387568752,in_game_wp,v1,val
401525861,2023,6,Texas,Oklahoma,0.4804176137299609,-4.671863943941741,in_game_wp,v1,val
401526837,2023,6,Massachusetts,Toledo,0.13398105829174287,-15.406811680410597,in_game_wp,v1,val
401531340,2023,6,Florida Atlantic,Tulsa,0.520288394876687,1.142668009093871,in_game_wp,v1,val
401531380,2023,6,UAB,South Florida,0.5250912016953475,1.3101370178615266,in_game_wp,v1,val
401531389,2023,6,Temple,UTSA,0.3334827323000231,-6.612260898762402,in_game_wp,v1,val
401531433,2023,6,Navy,North Texas,0.6884233406620748,7.613245272794466,in_game_wp,v1,val
401531884,2023,6,Louisiana,Texas State,0.5250912016953475,1.598224704952508,in_game_wp,v1,val
401531885,2023,6,UL Monroe,South Alabama,0.4560991453103952,-4.129250026089044,in_game_wp,v1,val
401531886,2023,6,Southern Miss,Old Dominion,0.5104674686727421,-0.013169979090019268,in_game_wp,v1,val
401531887,2023,6,Troy,Arkansas State,0.8367945929639559,14.941915173492104,in_game_wp,v1,val
401532414,2023,6,Eastern Michigan,Ball State,0.6580944641473541,5.881027163994094,in_game_wp,v1,val
401532415,2023,6,Buffalo,Central Michigan,0.526280987933077,1.7177944709855382,in_game_wp,v1,val
401532416,2023,6,Miami (OH),Bowling Green,0.7700935795659859,10.249521569306937,in_game_wp,v1,val
401532417,2023,6,Ohio,Kent State,0.8066824643442647,18.568112990162383,in_game_wp,v1,val
401532418,2023,6,Akron,Northern Illinois,0.5250912016953475,1.3835733626069686,in_game_wp,v1,val
401532590,2023,6,Utah State,Colorado State,0.7454844577470947,8.97918187677533,in_game_wp,v1,val
401532591,2023,6,Wyoming,Fresno State,0.43874731026451025,-3.583131371411703,in_game_wp,v1,val
401532592,2023,6,Boise State,San José State,0.5809795962765812,4.3232876711319275,in_game_wp,v1,val
401520312,2023,7,Jacksonville State,Liberty,0.4426834606915839,-2.1198242080866656,in_game_wp,v1,val
401520313,2023,7,Middle Tennessee,Louisiana Tech,0.5271187289065661,0.10883118253240553,in_game_wp,v1,val
401520314,2023,7,Florida International,UTEP,0.5248390824957088,3.1754525493410632,in_game_wp,v1,val
401520315,2023,7,New Mexico State,Sam Houston,0.6605214289099872,4.924147967690981,in_game_wp,v1,val
401520316,2023,7,Alabama,Arkansas,0.8628858483159394,16.1118754311211,in_game_wp,v1,val
401520317,2023,7,Army,Troy,0.5351753880218355,2.787760665721555,in_game_wp,v1,val
401520318,2023,7,Kentucky,Missouri,0.6565504370519935,4.582815599393867,in_game_wp,v1,val
401520319,2023,7,LSU,Auburn,0.7681323777083462,9.971418035930824,in_game_wp,v1,val
401520320,2023,7,Maryland,Illinois,0.848534808204684,15.288652699672815,in_game_wp,v1,val
401520321,2023,7,Michigan,Indiana,0.9956763893961676,30.695563753057954,in_game_wp,v1,val
401520322,2023,7,Penn State,Massachusetts,0.992982886012663,37.7072538320419,in_game_wp,v1,val
401520323,2023,7,Purdue,Ohio State,0.1407571746894193,-13.812223473446483,in_game_wp,v1,val
401520324,2023,7,Rutgers,Michigan State,0.7262180243796285,11.75439630983352,in_game_wp,v1,val
401520325,2023,7,South Carolina,Florida,0.5104674686727421,-0.061465050108367336,in_game_wp,v1,val
401520326,2023,7,Tennessee,Texas A&M,0.5351753880218355,2.654925545817026,in_game_wp,v1,val
401520327,2023,7,Vanderbilt,Georgia,0.08709121063856713,-21.8472960271651,in_game_wp,v1,val
401520328,2023,7,Wisconsin,Iowa,0.7129237777849589,9.548570081514097,in_game_wp,v1,val
401524029,2023,7,Colorado,Stanford,0.8043955301157563,13.916502106521857,in_game_wp,v1,val
401524030,2023,7,Washington State,Arizona,0.7986723662268006,11.16816269924023,in_game_wp,v1,val
401524031,2023,7,Notre Dame,USC,0.6565504370519935,4.424957347291212,in_game_wp,v1,val
401524032,2023,7,Oregon State,UCLA,0.6605214289099872,4.629904435422176,in_game_wp,v1,val
401524033,2023,7,Utah,California,0.7262180243796285,11.667707804848932,in_game_wp,v1,val
401524034,2023,7,Washington,Oregon,0.5271187289065661,0.2060426567552014,in_game_wp,v1,val
401525523,2023,7,Duke,NC State,0.747794467276581,12.104526956944516,in_game_wp,v1,val
401525524,2023,7,Florida State,Syracuse,0.7986723662268006,11.357630423694555,in_game_wp,v1,val
401525525,2023,7,Pittsburgh,Louisville,0.259331526135427,-9.055568608640577,in_game_wp,v1,val
401525526,2023,7,North Carolina,Miami,0.6605214289099872,4.836524989279939,in_game_wp,v1,val
401525527,2023,7,Virginia Tech,Wake Forest,0.536338626374796,2.3521346792236,in_game_wp,v1,val
401525862,2023,7,Houston,West Virginia,0.4726623059849913,-2.780639007420219,in_game_wp,v1,val
401525863,2023,7,Cincinnati,Iowa State,0.6884233406620748,7.428959172193796,in_game_wp,v1,val
401525864,2023,7,Oklahoma State,Kansas,0.4460984719030421,-2.8176079847636,in_game_wp,v1,val
401525865,2023,7,TCU,BYU,0.7219101744616258,7.184010673125727,in_game_wp,v1,val
401525866,2023,7,Texas Tech,Kansas State,0.536338626374796,2.2274324238878203,in_game_wp,v1,val
401531371,2023,7,Memphis,Tulane,0.5250912016953475,1.6388690135493613,in_game_wp,v1,val
401531381,2023,7,UTSA,UAB,0.6866927910910903,5.200700299080348,in_game_wp,v1,val
401531390,2023,7,North Texas,Temple,0.6580944641473541,5.984670122804529,in_game_wp,v1,val
401531405,2023,7,Charlotte,Navy,0.536338626374796,2.3433287071735176,in_game_wp,v1,val
401531415,2023,7,East Carolina,SMU,0.3274812426805016,-7.949015081055029,in_game_wp,v1,val
401531420,2023,7,South Florida,Florida Atlantic,0.6565504370519935,4.443091554441311,in_game_wp,v1,val
401531888,2023,7,App State,Coastal Carolina,0.526280987933077,1.9493464969201915,in_game_wp,v1,val
401531889,2023,7,Georgia State,Marshall,0.5351753880218355,2.7457709646530963,in_game_wp,v1,val
401531890,2023,7,James Madison,Georgia Southern,0.5665917202498129,3.529314227366817,in_game_wp,v1,val
401531891,2023,7,Texas State,UL Monroe,0.8403800892157549,17.860122731414275,in_game_wp,v1,val
401532419,2023,7,Ball State,Toledo,0.1407571746894193,-14.845143628840571,in_game_wp,v1,val
401532420,2023,7,Central Michigan,Akron,0.7681323777083462,10.031146198535334,in_game_wp,v1,val
401532421,2023,7,Buffalo,Bowling Green,0.526280987933077,1.8578089974647778,in_game_wp,v1,val
401532422,2023,7,Eastern Michigan,Kent State,0.7395782903381769,8.796941898842324,in_game_wp,v1,val
401532423,2023,7,Western Michigan,Miami (OH),0.30450538819322015,-9.659158076293846,in_game_wp,v1,val
401532424,2023,7,Northern Illinois,Ohio,0.47737159770698506,-3.2519316266511593,in_game_wp,v1,val
401532593,2023,7,Colorado State,Boise State,0.38955611256073264,-4.022734530077113,in_game_wp,v1,val
401532594,2023,7,Utah State,Fresno State,0.5289632789155015,-0.26428699799667665,in_game_wp,v1,val
401532595,2023,7,Hawai'i,San Diego State,0.4726623059849913,-2.7600548684043016,in_game_wp,v1,val
401532596,2023,7,New Mexico,San José State,0.4426834606915839,-2.0579806935712535,in_game_wp,v1,val
401532597,2023,7,Nevada,UNLV,0.15183610484426185,-12.524270790675097,in_game_wp,v1,val
401532598,2023,7,Air Force,Wyoming,0.848534808204684,15.354821724041267,in_game_wp,v1,val
401520329,2023,8,Jacksonville State,Western Kentucky,0.526280987933077,1.9311842820304856,in_game_wp,v1,val
401520330,2023,8,Liberty,Middle Tennessee,0.8259351175159475,20.161241001241326,in_game_wp,v1,val
401520331,2023,8,Sam Houston,Florida International,0.7129237777849589,9.597017481131624,in_game_wp,v1,val
401520332,2023,8,UTEP,New Mexico State,0.4726623059849913,-2.782390222183233,in_game_wp,v1,val
401520333,2023,8,Alabama,Tennessee,0.7058766851847651,7.708965785740725,in_game_wp,v1,val
401520334,2023,8,Arkansas,Mississippi State,0.7058766851847651,8.290558289790097,in_game_wp,v1,val
401520335,2023,8,Auburn,Ole Miss,0.259331526135427,-8.504733623438868,in_game_wp,v1,val
401520336,2023,8,Illinois,Wisconsin,0.3765568305024165,-5.0721189027056255,in_game_wp,v1,val
401520337,2023,8,Indiana,Rutgers,0.28312048685789437,-7.439923071206493,in_game_wp,v1,val
401520338,2023,8,Iowa,Minnesota,0.7681323777083462,10.088922887295201,in_game_wp,v1,val
401520339,2023,8,LSU,Army,0.8066824643442647,18.675936007810883,in_game_wp,v1,val
401520340,2023,8,Michigan State,Michigan,0.08709121063856713,-22.543064020141024,in_game_wp,v1,val
401520341,2023,8,Missouri,South Carolina,0.6136164369543262,6.879840965134754,in_game_wp,v1,val
401520342,2023,8,Nebraska,Northwestern,0.7058766851847651,8.176864187281346,in_game_wp,v1,val
401520343,2023,8,Ohio State,Penn State,0.5250912016953475,1.5209226632013149,in_game_wp,v1,val
401520344,2023,8,UConn,South Florida,0.5100254744673886,2.552566456902859,in_game_wp,v1,val
401524035,2023,8,Oregon,Washington State,0.8882879687758688,19.87477654958606,in_game_wp,v1,val
401524036,2023,8,Stanford,UCLA,0.13398105829174287,-15.51068579810109,in_game_wp,v1,val
401524037,2023,8,USC,Utah,0.6884233406620748,7.420893679139099,in_game_wp,v1,val
401524038,2023,8,Washington,Arizona State,0.9664398884209753,31.873028939584838,in_game_wp,v1,val
401525528,2023,8,Georgia Tech,Boston College,0.7681323777083462,9.857211091227986,in_game_wp,v1,val
401525529,2023,8,Miami,Clemson,0.536338626374796,2.1955566024174136,in_game_wp,v1,val
401525530,2023,8,Florida State,Duke,0.7534861502594312,10.804393175636527,in_game_wp,v1,val
401525531,2023,8,North Carolina,Virginia,0.9166587481775852,23.75282597872918,in_game_wp,v1,val
401525532,2023,8,Wake Forest,Pittsburgh,0.5271187289065661,0.40646371588717445,in_game_wp,v1,val
401525867,2023,8,BYU,Texas Tech,0.47737159770698506,-3.30018390523864,in_game_wp,v1,val
401525868,2023,8,Cincinnati,Baylor,0.7700935795659859,10.223992958835348,in_game_wp,v1,val
401525869,2023,8,Houston,Texas,0.13398105829174287,-15.467510665961875,in_game_wp,v1,val
401525870,2023,8,Kansas State,TCU,0.6580944641473541,5.982862041384708,in_game_wp,v1,val
401525871,2023,8,Oklahoma,UCF,0.8423516097240917,24.632449913593646,in_game_wp,v1,val
401525872,2023,8,West Virginia,Oklahoma State,0.6917863520494438,9.27033427875636,in_game_wp,v1,val
401531341,2023,8,Tulsa,Rice,0.5809795962765812,4.368363197529214,in_game_wp,v1,val
401531372,2023,8,Tulane,North Texas,0.8403800892157549,18.157464896943594,in_game_wp,v1,val
401531382,2023,8,UAB,Memphis,0.4254694608323779,-4.763997329103788,in_game_wp,v1,val
401531391,2023,8,Temple,SMU,0.08709121063856713,-22.08865514868513,in_game_wp,v1,val
401531397,2023,8,Florida Atlantic,UTSA,0.526280987933077,2.0608102249288134,in_game_wp,v1,val
401531406,2023,8,East Carolina,Charlotte,0.7413508538518101,9.440367569691798,in_game_wp,v1,val
401531434,2023,8,Navy,Air Force,0.15183610484426185,-12.417771235551568,in_game_wp,v1,val
401531892,2023,8,South Alabama,Southern Miss,0.8928128040141043,19.041634153312646,in_game_wp,v1,val
401531893,2023,8,Marshall,James Madison,0.3334827323000231,-6.602266427530868,in_game_wp,v1,val
401531894,2023,8,Georgia Southern,UL Monroe,0.8403800892157549,17.832898292966735,in_game_wp,v1,val
401531895,2023,8,Old Dominion,App State,0.4560991453103952,-4.259648624888232,in_game_wp,v1,val
401531896,2023,8,Arkansas State,Coastal Carolina,0.16599706267731257,-12.3056689629806,in_game_wp,v1,val
401531897,2023,8,Louisiana,Georgia State,0.526280987933077,1.9883488094611002,in_game_wp,v1,val
401532425,2023,8,Ball State,Central Michigan,0.5289632789155015,-0.29173187731715444,in_game_wp,v1,val
401532426,2023,8,Northern Illinois,Eastern Michigan,0.6917863520494438,9.231639880307236,in_game_wp,v1,val
401532427,2023,8,Miami (OH),Toledo,0.526280987933077,1.8762119438689506,in_game_wp,v1,val
401532428,2023,8,Ohio,Western Michigan,0.848534808204684,15.172837361119843,in_game_wp,v1,val
401532429,2023,8,Bowling Green,Akron,0.8367945929639559,14.873056626003537,in_game_wp,v1,val
401532430,2023,8,Kent State,Buffalo,0.5025442158093849,-3.0314526817175818,in_game_wp,v1,val
401532599,2023,8,UNLV,Colorado State,0.7411871426702996,12.463213454643416,in_game_wp,v1,val
401532600,2023,8,New Mexico,Hawai'i,0.6389863788797332,6.406724564460594,in_game_wp,v1,val
401532601,2023,8,San Diego State,Nevada,0.8245109577877295,13.173080117896896,in_game_wp,v1,val
401532602,2023,8,San José State,Utah State,0.5585958959393216,2.941597435939343,in_game_wp,v1,val
401520345,2023,9,Louisiana Tech,New Mexico State,0.5404858537950527,-0.44135945867470205,in_game_wp,v1,val
401520346,2023,9,Western Kentucky,Liberty,0.47737159770698506,-3.230167142371984,in_game_wp,v1,val
401520347,2023,9,Florida International,Jacksonville State,0.259331526135427,-9.154564804492686,in_game_wp,v1,val
401520348,2023,9,Sam Houston,UTEP,0.6580944641473541,5.99187027754494,in_game_wp,v1,val
401520349,2023,9,Army,Massachusetts,0.8605347735527286,15.653480336053331,in_game_wp,v1,val
401520350,2023,9,Auburn,Mississippi State,0.5385594420703427,3.9649537286344616,in_game_wp,v1,val
401520351,2023,9,Boston College,UConn,0.7413508538518101,9.498350879944242,in_game_wp,v1,val
401520352,2023,9,Florida,Georgia,0.19919747921832354,-11.228598070666362,in_game_wp,v1,val
401520353,2023,9,Kentucky,Tennessee,0.28312048685789437,-6.985537168756066,in_game_wp,v1,val
401520354,2023,9,Minnesota,Michigan State,0.7058766851847651,8.147587539649027,in_game_wp,v1,val
401520355,2023,9,Nebraska,Purdue,0.5585958959393216,2.9970163136406867,in_game_wp,v1,val
401520356,2023,9,Northwestern,Maryland,0.2031765223583918,-10.176084540604066,in_game_wp,v1,val
401520357,2023,9,Ole Miss,Vanderbilt,0.9381789893872703,25.159259894199163,in_game_wp,v1,val
401520358,2023,9,Penn State,Indiana,0.9956763893961676,30.85922226625507,in_game_wp,v1,val
401520359,2023,9,Texas A&M,South Carolina,0.7270964275225729,14.302940984960639,in_game_wp,v1,val
401520360,2023,9,Wisconsin,Ohio State,0.345911800758141,-10.759537859935898,in_game_wp,v1,val
401524039,2023,9,Arizona,Oregon State,0.38955611256073264,-3.749862052560127,in_game_wp,v1,val
401524040,2023,9,Arizona State,Washington State,0.30450538819322015,-9.477464263480785,in_game_wp,v1,val
401524041,2023,9,California,USC,0.2031765223583918,-10.239861408143172,in_game_wp,v1,val
401524042,2023,9,Stanford,Washington,0.08709121063856713,-24.621551700748288,in_game_wp,v1,val
401524043,2023,9,UCLA,Colorado,0.8457795544010422,16.419126959755914,in_game_wp,v1,val
401524044,2023,9,Utah,Oregon,0.28312048685789437,-7.514967967307243,in_game_wp,v1,val
401525440,2023,9,Notre Dame,Pittsburgh,0.8928128040141043,18.922326721262557,in_game_wp,v1,val
401525533,2023,9,Virginia Tech,Syracuse,0.4426834606915839,-2.0513364472096844,in_game_wp,v1,val
401525534,2023,9,NC State,Clemson,0.3946076414965518,-5.971520844824971,in_game_wp,v1,val
401525535,2023,9,Louisville,Duke,0.5271187289065661,0.0979040873786996,in_game_wp,v1,val
401525536,2023,9,Wake Forest,Florida State,0.26294417803673553,-19.209506160775273,in_game_wp,v1,val
401525537,2023,9,Georgia Tech,North Carolina,0.259331526135427,-8.677506422955974,in_game_wp,v1,val
401525538,2023,9,Miami,Virginia,0.7904932162155465,17.444719700487433,in_game_wp,v1,val
401525873,2023,9,Baylor,Iowa State,0.38955611256073264,-3.954975907351482,in_game_wp,v1,val
401525874,2023,9,Kansas,Oklahoma,0.1407571746894193,-14.56407204564907,in_game_wp,v1,val
401525875,2023,9,Kansas State,Houston,0.8403800892157549,17.790936496262585,in_game_wp,v1,val
401525876,2023,9,Oklahoma State,Cincinnati,0.6605214289099872,4.777368659892974,in_game_wp,v1,val
401525877,2023,9,Texas,BYU,0.8625262576585906,20.214277309816335,in_game_wp,v1,val
401525878,2023,9,UCF,West Virginia,0.5809795962765812,4.405556687441288,in_game_wp,v1,val
401531342,2023,9,SMU,Tulsa,0.9166587481775852,23.05324643080194,in_game_wp,v1,val
401531373,2023,9,Rice,Tulane,0.4560991453103952,-4.226825744956096,in_game_wp,v1,val
401531398,2023,9,UTSA,East Carolina,0.6917863520494438,9.217964999214441,in_game_wp,v1,val
401531407,2023,9,Charlotte,Florida Atlantic,0.47249582342804375,-1.6526497613177966,in_game_wp,v1,val
401531430,2023,9,North Texas,Memphis,0.30450538819322015,-9.56709794119387,in_game_wp,v1,val
401531898,2023,9,App State,Southern Miss,0.8605347735527286,15.778251756840675,in_game_wp,v1,val
401531899,2023,9,Coastal Carolina,Marshall,0.6136164369543262,7.078690018679267,in_game_wp,v1,val
401531900,2023,9,James Madison,Old Dominion,0.8403800892157549,17.904855923420442,in_game_wp,v1,val
401531901,2023,9,UL Monroe,Arkansas State,0.5809795962765812,4.157379259727,in_game_wp,v1,val
401531902,2023,9,South Alabama,Louisiana,0.7262180243796285,11.705474276106,in_game_wp,v1,val
401531903,2023,9,Texas State,Troy,0.47737159770698506,-3.2605207871664055,in_game_wp,v1,val
401531929,2023,9,Georgia Southern,Georgia State,0.5585958959393216,3.1146713977840577,in_game_wp,v1,val
401532431,2023,9,Eastern Michigan,Western Michigan,0.5351753880218355,2.799422538216225,in_game_wp,v1,val
401532432,2023,9,Ohio,Miami (OH),0.5331380417652314,0.422549679086516,in_game_wp,v1,val
401532603,2023,9,Colorado State,Air Force,0.1407571746894193,-14.605332195828563,in_game_wp,v1,val
401532604,2023,9,Nevada,New Mexico,0.38955611256073264,-3.7665818761153123,in_game_wp,v1,val
401532605,2023,9,Hawai'i,San José State,0.1407571746894193,-14.180310313946187,in_game_wp,v1,val
401532606,2023,9,Fresno State,UNLV,0.6136164369543262,7.079760879746871,in_game_wp,v1,val
401532607,2023,9,Boise State,Wyoming,0.5100254744673886,2.557629143899102,in_game_wp,v1,val
401520361,2023,10,Air Force,Army,0.8605347735527286,16.03550916262793,in_game_wp,v1,val
401520362,2023,10,Alabama,LSU,0.5250912016953475,1.2125557551082302,in_game_wp,v1,val
401520363,2023,10,Florida,Arkansas,0.5250912016953475,1.5679989484198615,in_game_wp,v1,val
401520364,2023,10,Georgia,Missouri,0.7357132469623296,13.024334246071284,in_game_wp,v1,val
401520365,2023,10,Indiana,Wisconsin,0.259331526135427,-8.802541747770078,in_game_wp,v1,val
401520366,2023,10,Liberty,Louisiana Tech,0.807421619926176,16.866012070692847,in_game_wp,v1,val
401520367,2023,10,Maryland,Penn State,0.345911800758141,-10.784476403083904,in_game_wp,v1,val
401520368,2023,10,Michigan,Purdue,0.9956763893961676,31.503325919680268,in_game_wp,v1,val
401520369,2023,10,Michigan State,Nebraska,0.47737159770698506,-3.3136928459311656,in_game_wp,v1,val
401520370,2023,10,Minnesota,Illinois,0.6770802122619589,5.482824292482032,in_game_wp,v1,val
401520371,2023,10,Mississippi State,Kentucky,0.5248390824957088,3.186569390565958,in_game_wp,v1,val
401520372,2023,10,New Mexico State,Middle Tennessee,0.6884233406620748,7.594127949963713,in_game_wp,v1,val
401520373,2023,10,Northwestern,Iowa,0.286827219310001,-9.397471566643738,in_game_wp,v1,val
401520374,2023,10,Ole Miss,Texas A&M,0.6884233406620748,7.271308811130533,in_game_wp,v1,val
401520375,2023,10,Rutgers,Ohio State,0.1642038453356022,-12.738669833765442,in_game_wp,v1,val
401520376,2023,10,South Carolina,Jacksonville State,0.5351753880218355,2.8081843099501116,in_game_wp,v1,val
401520377,2023,10,Tennessee,UConn,0.8423516097240917,24.600288473050007,in_game_wp,v1,val
401520378,2023,10,UTEP,Western Kentucky,0.259331526135427,-8.563630151696053,in_game_wp,v1,val
401520379,2023,10,Vanderbilt,Auburn,0.30450538819322015,-9.552731566494096,in_game_wp,v1,val
401524045,2023,10,Arizona,UCLA,0.512436792154753,-1.2068085881101878,in_game_wp,v1,val
401524046,2023,10,Colorado,Oregon State,0.345911800758141,-10.440576324092396,in_game_wp,v1,val
401524047,2023,10,Oregon,California,0.8423516097240917,24.677068037489235,in_game_wp,v1,val
401524048,2023,10,USC,Washington,0.5289632789155015,-0.24828194807509263,in_game_wp,v1,val
401524049,2023,10,Utah,Arizona State,0.8605347735527286,15.444278629656122,in_game_wp,v1,val
401524050,2023,10,Washington State,Stanford,0.8457795544010422,16.352013815516628,in_game_wp,v1,val
401525441,2023,10,Clemson,Notre Dame,0.28312048685789437,-7.6162679137190015,in_game_wp,v1,val
401525539,2023,10,Duke,Wake Forest,0.8241403765585398,14.845200656115892,in_game_wp,v1,val
401525540,2023,10,Syracuse,Boston College,0.7395782903381769,8.869723421179337,in_game_wp,v1,val
401525541,2023,10,Pittsburgh,Florida State,0.26294417803673553,-19.865729150285397,in_game_wp,v1,val
401525542,2023,10,Virginia,Georgia Tech,0.49325668244777265,-0.7444892211952743,in_game_wp,v1,val
401525543,2023,10,Louisville,Virginia Tech,0.7986723662268006,11.560935106409563,in_game_wp,v1,val
401525544,2023,10,NC State,Miami,0.4726623059849913,-2.6732493086116014,in_game_wp,v1,val
401525879,2023,10,Texas Tech,TCU,0.520288394876687,0.8053651007140461,in_game_wp,v1,val
401525880,2023,10,Baylor,Houston,0.5289632789155015,-0.23166342756630698,in_game_wp,v1,val
401525881,2023,10,Cincinnati,UCF,0.4726623059849913,-2.5696238122676327,in_game_wp,v1,val
401525882,2023,10,Iowa State,Kansas,0.520288394876687,1.0218983758232172,in_game_wp,v1,val
401525883,2023,10,Oklahoma State,Oklahoma,0.19919747921832354,-11.097150841559156,in_game_wp,v1,val
401525884,2023,10,Texas,Kansas State,0.5665917202498129,3.61256451457335,in_game_wp,v1,val
401525885,2023,10,West Virginia,BYU,0.6884233406620748,7.620144872585048,in_game_wp,v1,val
401531343,2023,10,Tulsa,Charlotte,0.5351753880218355,2.8285211534882677,in_game_wp,v1,val
401531374,2023,10,East Carolina,Tulane,0.3274812426805016,-7.936497921607291,in_game_wp,v1,val
401531383,2023,10,UAB,Florida Atlantic,0.5271187289065661,0.119560705533718,in_game_wp,v1,val
401531392,2023,10,Temple,Navy,0.28382339622043257,-10.025138858851754,in_game_wp,v1,val
401531399,2023,10,North Texas,UTSA,0.3603038387896912,-5.357443009627337,in_game_wp,v1,val
401531425,2023,10,Memphis,South Florida,0.7904932162155465,17.045420651869616,in_game_wp,v1,val
401531440,2023,10,Rice,SMU,0.1407571746894193,-13.623367663480163,in_game_wp,v1,val
401531904,2023,10,Troy,South Alabama,0.5686953265992765,3.478241488481986,in_game_wp,v1,val
401531905,2023,10,App State,Marshall,0.6605214289099872,4.95224561162442,in_game_wp,v1,val
401531906,2023,10,Georgia State,James Madison,0.4560991453103952,-4.3838435130584985,in_game_wp,v1,val
401531907,2023,10,Old Dominion,Coastal Carolina,0.339382640480943,-6.124785251162155,in_game_wp,v1,val
401531908,2023,10,Arkansas State,Louisiana,0.30450538819322015,-9.747511502344393,in_game_wp,v1,val
401531909,2023,10,Southern Miss,UL Monroe,0.5351753880218355,2.870792193829013,in_game_wp,v1,val
401531910,2023,10,Texas State,Georgia Southern,0.47249582342804375,-1.5668159040388687,in_game_wp,v1,val
401532433,2023,10,Central Michigan,Northern Illinois,0.47737159770698506,-3.1036530095789576,in_game_wp,v1,val
401532434,2023,10,Toledo,Buffalo,0.7570552464769358,16.565062342450375,in_game_wp,v1,val
401532435,2023,10,Bowling Green,Ball State,0.7986723662268006,11.414223910705177,in_game_wp,v1,val
401532436,2023,10,Akron,Kent State,0.536338626374796,2.2095885103823356,in_game_wp,v1,val
401532608,2023,10,Fresno State,Boise State,0.6580944641473541,6.287111029878393,in_game_wp,v1,val
401532609,2023,10,Wyoming,Colorado State,0.7058766851847651,7.812000157779515,in_game_wp,v1,val
401532610,2023,10,Nevada,Hawai'i,0.6770802122619589,5.531197081544958,in_game_wp,v1,val
401532611,2023,10,New Mexico,UNLV,0.28312048685789437,-7.118672641613809,in_game_wp,v1,val
401532612,2023,10,San Diego State,Utah State,0.4254694608323779,-4.723210207079989,in_game_wp,v1,val
401520380,2023,11,Arkansas,Auburn,0.5686953265992765,3.4173890635524184,in_game_wp,v1,val
401520382,2023,11,Georgia,Ole Miss,0.6770802122619589,5.593903532530428,in_game_wp,v1,val
401520383,2023,11,Illinois,Indiana,0.6580944641473541,6.105469802237756,in_game_wp,v1,val
401520384,2023,11,Iowa,Rutgers,0.5351753880218355,2.7140333749079293,in_game_wp,v1,val
401520385,2023,11,James Madison,UConn,0.8423516097240917,24.744827633717904,in_game_wp,v1,val
401520386,2023,11,Kentucky,Alabama,0.345911800758141,-10.73278805854526,in_game_wp,v1,val
401520387,2023,11,Louisiana Tech,Sam Houston,0.7058766851847651,7.738964027091079,in_game_wp,v1,val
401520388,2023,11,Liberty,Old Dominion,0.8605347735527286,15.552661092958171,in_game_wp,v1,val
401520389,2023,11,LSU,Florida,0.807421619926176,16.870272047049482,in_game_wp,v1,val
401520390,2023,11,Middle Tennessee,Florida International,0.7681323777083462,10.017941819734366,in_game_wp,v1,val
401520391,2023,11,Missouri,Tennessee,0.4460984719030421,-2.9574667073550627,in_game_wp,v1,val
401520392,2023,11,Nebraska,Maryland,0.5404858537950527,-0.6016748538332468,in_game_wp,v1,val
401520393,2023,11,Ohio State,Michigan State,0.9956763893961676,29.83575100640863,in_game_wp,v1,val
401520394,2023,11,Penn State,Michigan,0.512436792154753,-1.2651221873563259,in_game_wp,v1,val
401520395,2023,11,Purdue,Minnesota,0.5271187289065661,0.39801926443804625,in_game_wp,v1,val
401520396,2023,11,South Carolina,Vanderbilt,0.7986723662268006,11.248889327577393,in_game_wp,v1,val
401520397,2023,11,Texas A&M,Mississippi State,0.828116539243061,14.13833556495028,in_game_wp,v1,val
401520398,2023,11,Wisconsin,Northwestern,0.7411871426702996,12.61073941579604,in_game_wp,v1,val
401520399,2023,11,Western Kentucky,New Mexico State,0.6136164369543262,6.947482956061989,in_game_wp,v1,val
401524051,2023,11,California,Washington State,0.5404858537950527,-0.5158528864689749,in_game_wp,v1,val
401524052,2023,11,Colorado,Arizona,0.339382640480943,-6.153813436419508,in_game_wp,v1,val
401524053,2023,11,Oregon,USC,0.8605347735527286,15.518915619103112,in_game_wp,v1,val
401524054,2023,11,Oregon State,Stanford,0.9166587481775852,23.0392096331128,in_game_wp,v1,val
401524055,2023,11,UCLA,Arizona State,0.8524290188262654,21.142773875611404,in_game_wp,v1,val
401524056,2023,11,Washington,Utah,0.7454844577470947,8.98287238035304,in_game_wp,v1,val
401525546,2023,11,Louisville,Virginia,0.8796708611673287,21.78663271805193,in_game_wp,v1,val
401525547,2023,11,Boston College,Virginia Tech,0.5271187289065661,0.15868357434739977,in_game_wp,v1,val
401525548,2023,11,Clemson,Georgia Tech,0.7700935795659859,10.701446385964179,in_game_wp,v1,val
401525549,2023,11,North Carolina,Duke,0.5238962119411956,3.799074294937995,in_game_wp,v1,val
401525550,2023,11,Florida State,Miami,0.8457795544010422,16.360645862473774,in_game_wp,v1,val
401525551,2023,11,Wake Forest,NC State,0.518928587875564,-1.1505964247399323,in_game_wp,v1,val
401525552,2023,11,Syracuse,Pittsburgh,0.5585958959393216,3.082513124633982,in_game_wp,v1,val
401525886,2023,11,BYU,Iowa State,0.4426834606915839,-1.9091672313346102,in_game_wp,v1,val
401525887,2023,11,Houston,Cincinnati,0.5809795962765812,4.104813276637063,in_game_wp,v1,val
401525888,2023,11,Kansas,Texas Tech,0.5238962119411956,3.7465147860846946,in_game_wp,v1,val
401525889,2023,11,Kansas State,Baylor,0.9651260521791488,25.631350811715492,in_game_wp,v1,val
401525890,2023,11,Oklahoma,West Virginia,0.848534808204684,15.155032532268507,in_game_wp,v1,val
401525891,2023,11,TCU,Texas,0.21174353247996802,-8.380008174979569,in_game_wp,v1,val
401525892,2023,11,UCF,Oklahoma State,0.5331380417652314,0.555026350797736,in_game_wp,v1,val
401531344,2023,11,Tulane,Tulsa,0.8259351175159475,20.12414464224308,in_game_wp,v1,val
401531384,2023,11,Navy,UAB,0.5250912016953475,1.5368259802725195,in_game_wp,v1,val
401531393,2023,11,South Florida,Temple,0.7986723662268006,11.255677576875431,in_game_wp,v1,val
401531400,2023,11,UTSA,Rice,0.6136164369543262,6.883134402343409,in_game_wp,v1,val
401531408,2023,11,Charlotte,Memphis,0.18368958632123425,-11.559158958782858,in_game_wp,v1,val
401531416,2023,11,Florida Atlantic,East Carolina,0.6605214289099872,4.689196060680049,in_game_wp,v1,val
401531437,2023,11,SMU,North Texas,0.8423516097240917,24.854753232870067,in_game_wp,v1,val
401531911,2023,11,Louisiana,Southern Miss,0.8043955301157563,13.820274603601353,in_game_wp,v1,val
401531912,2023,11,Coastal Carolina,Texas State,0.7219101744616258,7.185935779000461,in_game_wp,v1,val
401531913,2023,11,Georgia State,App State,0.520288394876687,1.0819374057833357,in_game_wp,v1,val
401531914,2023,11,Marshall,Georgia Southern,0.45791150710596124,-2.390830467054637,in_game_wp,v1,val
401531915,2023,11,UL Monroe,Troy,0.13698615082484822,-18.757782288612553,in_game_wp,v1,val
401531916,2023,11,South Alabama,Arkansas State,0.7904932162155465,17.419169910106966,in_game_wp,v1,val
401532437,2023,11,Northern Illinois,Ball State,0.7713735904123631,9.713495244276235,in_game_wp,v1,val
401532438,2023,11,Western Michigan,Central Michigan,0.6770802122619589,5.477728850979057,in_game_wp,v1,val
401532439,2023,11,Buffalo,Ohio,0.38955611256073264,-3.858439146892964,in_game_wp,v1,val
401532440,2023,11,Toledo,Eastern Michigan,0.8259351175159475,20.190953685359222,in_game_wp,v1,val
401532441,2023,11,Miami (OH),Akron,0.9166587481775852,23.86673425638598,in_game_wp,v1,val
401532442,2023,11,Kent State,Bowling Green,0.30450538819322015,-9.553593881817047,in_game_wp,v1,val
401532613,2023,11,Hawai'i,Air Force,0.13698615082484822,-18.839349597921135,in_game_wp,v1,val
401532614,2023,11,San José State,Fresno State,0.526280987933077,1.9492852949691464,in_game_wp,v1,val
401532615,2023,11,Utah State,Nevada,0.7904932162155465,17.380364307863807,in_game_wp,v1,val
401532616,2023,11,Boise State,New Mexico,0.7826906100761908,16.753370498915682,in_game_wp,v1,val
401532617,2023,11,Colorado State,San Diego State,0.6344621514562316,5.045753325091598,in_game_wp,v1,val
401532618,2023,11,UNLV,Wyoming,0.7395782903381769,8.903221430533502,in_game_wp,v1,val
401520402,2023,12,Arkansas,Florida International,0.8796708611673287,21.65512099462353,in_game_wp,v1,val
401520403,2023,12,Army,Coastal Carolina,0.39579606681650703,-5.885157565961299,in_game_wp,v1,val
401520404,2023,12,Auburn,New Mexico State,0.8043955301157563,13.907119452899297,in_game_wp,v1,val
401520405,2023,12,Indiana,Michigan State,0.6344621514562316,5.031515638128769,in_game_wp,v1,val
401520406,2023,12,Iowa,Illinois,0.7700935795659859,10.326576932902057,in_game_wp,v1,val
401520407,2023,12,Jacksonville State,Louisiana Tech,0.7262180243796285,11.85440462098564,in_game_wp,v1,val
401520408,2023,12,Liberty,Massachusetts,0.9956763893961676,26.834890282379043,in_game_wp,v1,val
401520409,2023,12,LSU,Georgia State,0.9381789893872703,25.379880410563267,in_game_wp,v1,val
401520410,2023,12,Maryland,Michigan,0.26294417803673553,-19.557710196192943,in_game_wp,v1,val
401520411,2023,12,Middle Tennessee,UTEP,0.7395782903381769,8.885398029602252,in_game_wp,v1,val
401520412,2023,12,Mississippi State,Southern Miss,0.7411871426702996,12.895023355784668,in_game_wp,v1,val
401520413,2023,12,Missouri,Florida,0.7681323777083462,9.808526152693837,in_game_wp,v1,val
401520414,2023,12,Northwestern,Purdue,0.5250912016953475,1.6117569018088664,in_game_wp,v1,val
401520415,2023,12,Ohio State,Minnesota,0.9381789893872703,25.4542914592175,in_game_wp,v1,val
401520416,2023,12,Ole Miss,UL Monroe,0.9956763893961676,30.91550962890446,in_game_wp,v1,val
401520417,2023,12,Penn State,Rutgers,0.8524290188262654,21.00638136090243,in_game_wp,v1,val
401520418,2023,12,South Carolina,Kentucky,0.574213329875009,3.4003082350401397,in_game_wp,v1,val
401520419,2023,12,Tennessee,Georgia,0.4804176137299609,-4.644442807730817,in_game_wp,v1,val
401520422,2023,12,Wisconsin,Nebraska,0.6389863788797332,6.477296527105758,in_game_wp,v1,val
401520423,2023,12,Western Kentucky,Sam Houston,0.791387527310045,12.932863745072792,in_game_wp,v1,val
401524057,2023,12,Washington State,Colorado,0.6770802122619589,5.598277398201287,in_game_wp,v1,val
401524058,2023,12,Arizona,Utah,0.5331380417652314,0.4667010763152888,in_game_wp,v1,val
401524059,2023,12,Arizona State,Oregon,0.08709121063856713,-25.941926740702385,in_game_wp,v1,val
401524060,2023,12,Oregon State,Washington,0.520288394876687,0.6868984816700596,in_game_wp,v1,val
401524061,2023,12,Stanford,California,0.3603038387896912,-5.375581434926852,in_game_wp,v1,val
401524062,2023,12,USC,UCLA,0.6884233406620748,7.344581259406869,in_game_wp,v1,val
401525442,2023,12,Notre Dame,Wake Forest,0.9166587481775852,23.773508939481744,in_game_wp,v1,val
401525553,2023,12,Pittsburgh,Boston College,0.6605214289099872,4.908154900043193,in_game_wp,v1,val
401525554,2023,12,Clemson,North Carolina,0.5238962119411956,3.803074776146488,in_game_wp,v1,val
401525555,2023,12,Virginia,Duke,0.345911800758141,-10.653401772367323,in_game_wp,v1,val
401525557,2023,12,Georgia Tech,Syracuse,0.536338626374796,2.195723848287515,in_game_wp,v1,val
401525558,2023,12,Miami,Louisville,0.5289632789155015,-0.19946675038452177,in_game_wp,v1,val
401525559,2023,12,Virginia Tech,NC State,0.520288394876687,0.7537042654497244,in_game_wp,v1,val
401525893,2023,12,BYU,Oklahoma,0.08682690121540693,-21.75191790606715,in_game_wp,v1,val
401525894,2023,12,Houston,Oklahoma State,0.4460984719030421,-2.864879314471324,in_game_wp,v1,val
401525895,2023,12,Iowa State,Texas,0.259331526135427,-8.965618643781639,in_game_wp,v1,val
401525896,2023,12,Kansas,Kansas State,0.28382339622043257,-9.843003838108784,in_game_wp,v1,val
401525897,2023,12,TCU,Baylor,0.8241403765585398,14.636043635665478,in_game_wp,v1,val
401525898,2023,12,Texas Tech,UCF,0.536338626374796,2.108624194456514,in_game_wp,v1,val
401525899,2023,12,West Virginia,Cincinnati,0.7395782903381769,8.705734914212494,in_game_wp,v1,val
401531345,2023,12,Tulsa,North Texas,0.5104674686727421,-0.07337684188015725,in_game_wp,v1,val
401531375,2023,12,Florida Atlantic,Tulane,0.3765568305024165,-5.143204491262937,in_game_wp,v1,val
401531385,2023,12,UAB,Temple,0.7986723662268006,10.992149179689376,in_game_wp,v1,val
401531401,2023,12,UTSA,South Florida,0.8605347735527286,15.982434205072353,in_game_wp,v1,val
401531409,2023,12,Charlotte,Rice,0.4804176137299609,-4.6812622056173065,in_game_wp,v1,val
401531417,2023,12,Navy,East Carolina,0.5271187289065661,0.16269029506743404,in_game_wp,v1,val
401531431,2023,12,Memphis,SMU,0.28312048685789437,-7.609393705689227,in_game_wp,v1,val
401531917,2023,12,Georgia Southern,Old Dominion,0.7058766851847651,8.295399403264263,in_game_wp,v1,val
401531918,2023,12,James Madison,App State,0.7534861502594312,10.840281589406498,in_game_wp,v1,val
401531919,2023,12,Arkansas State,Texas State,0.4254694608323779,-4.913045750039215,in_game_wp,v1,val
401531920,2023,12,South Alabama,Marshall,0.7986723662268006,11.090830660861968,in_game_wp,v1,val
401531921,2023,12,Troy,Louisiana,0.8367945929639559,14.904575431007443,in_game_wp,v1,val
401532443,2023,12,Bowling Green,Toledo,0.39579606681650703,-5.901228890055654,in_game_wp,v1,val
401532444,2023,12,Northern Illinois,Western Michigan,0.5809795962765812,4.239541590421533,in_game_wp,v1,val
401532445,2023,12,Eastern Michigan,Akron,0.73898414279549,8.469545382447853,in_game_wp,v1,val
401532446,2023,12,Ohio,Central Michigan,0.7411871426702996,12.897288099924381,in_game_wp,v1,val
401532447,2023,12,Miami (OH),Buffalo,0.848534808204684,15.344878670365498,in_game_wp,v1,val
401532448,2023,12,Ball State,Kent State,0.7986723662268006,11.328620741011987,in_game_wp,v1,val
401532619,2023,12,Utah State,Boise State,0.5289632789155015,-0.16023648116283518,in_game_wp,v1,val
401532620,2023,12,Wyoming,Hawai'i,0.784023074017683,12.339482938738184,in_game_wp,v1,val
401532621,2023,12,Colorado State,Nevada,0.7700935795659859,10.736297216036604,in_game_wp,v1,val
401532622,2023,12,Fresno State,New Mexico,0.8928128040141043,18.94681791003353,in_game_wp,v1,val
401532623,2023,12,San José State,San Diego State,0.7904932162155465,17.34272972723462,in_game_wp,v1,val
401532624,2023,12,Air Force,UNLV,0.5809795962765812,4.22165540060953,in_game_wp,v1,val
401520424,2023,13,Mississippi State,Ole Miss,0.345911800758141,-10.66072982244182,in_game_wp,v1,val
401520425,2023,13,Nebraska,Iowa,0.4426834606915839,-1.8167159477103514,in_game_wp,v1,val
401520426,2023,13,Arkansas,Missouri,0.4804176137299609,-4.664180453594364,in_game_wp,v1,val
401520427,2023,13,Auburn,Alabama,0.28382339622043257,-9.835820626856544,in_game_wp,v1,val
401520428,2023,13,Florida International,Western Kentucky,0.18368958632123425,-11.398518491899,in_game_wp,v1,val
401520429,2023,13,Florida,Florida State,0.18368958632123425,-11.589746402208132,in_game_wp,v1,val
401520430,2023,13,Georgia Tech,Georgia,0.0929482052477641,-16.466654818313657,in_game_wp,v1,val
401520431,2023,13,Illinois,Northwestern,0.6565504370519935,4.45390554535366,in_game_wp,v1,val
401520432,2023,13,Louisville,Kentucky,0.7411871426702996,12.508130554646586,in_game_wp,v1,val
401520433,2023,13,LSU,Texas A&M,0.7681323777083462,9.915661756063354,in_game_wp,v1,val
401520434,2023,13,Michigan,Ohio State,0.7219101744616258,7.184009587143015,in_game_wp,v1,val
401520435,2023,13,Michigan State,Penn State,0.08709121063856713,-26.65717685782584,in_game_wp,v1,val
401520436,2023,13,Minnesota,Wisconsin,0.512436792154753,-1.3679220015972149,in_game_wp,v1,val
401520437,2023,13,New Mexico State,Jacksonville State,0.5250912016953475,1.5506339269391929,in_game_wp,v1,val
401520438,2023,13,Purdue,Indiana,0.6580944641473541,5.9038527668490355,in_game_wp,v1,val
401520439,2023,13,Rutgers,Maryland,0.5250912016953475,1.664995789021881,in_game_wp,v1,val
401520440,2023,13,Sam Houston,Middle Tennessee,0.5404858537950527,-0.6399850410620225,in_game_wp,v1,val
401520441,2023,13,South Carolina,Clemson,0.4560991453103952,-4.2733337906710425,in_game_wp,v1,val
401520442,2023,13,Tennessee,Vanderbilt,0.9166587481775852,23.010362344568748,in_game_wp,v1,val
401520443,2023,13,Massachusetts,UConn,0.5351753880218355,2.7319751921253967,in_game_wp,v1,val
401520444,2023,13,UTEP,Liberty,0.13398105829174287,-16.19081323805041,in_game_wp,v1,val
401524063,2023,13,Oregon,Oregon State,0.7217280822419854,13.379080419405183,in_game_wp,v1,val
401524064,2023,13,Arizona State,Arizona,0.1642038453356022,-12.927016553110336,in_game_wp,v1,val
401524065,2023,13,Stanford,Notre Dame,0.08709121063856713,-26.132362852561876,in_game_wp,v1,val
401524066,2023,13,UCLA,California,0.8245109577877295,13.255533495975248,in_game_wp,v1,val
401524067,2023,13,Utah,Colorado,0.848534808204684,15.392188411209167,in_game_wp,v1,val
401524068,2023,13,Washington,Washington State,0.848534808204684,15.394405757069503,in_game_wp,v1,val
401525560,2023,13,Boston College,Miami,0.259331526135427,-9.041815971492,in_game_wp,v1,val
401525561,2023,13,Duke,Pittsburgh,0.7270964275225729,14.21660935423716,in_game_wp,v1,val
401525562,2023,13,NC State,North Carolina,0.5404858537950527,-0.5327178488872182,in_game_wp,v1,val
401525563,2023,13,Syracuse,Wake Forest,0.7058766851847651,8.207768169677763,in_game_wp,v1,val
401525564,2023,13,Virginia,Virginia Tech,0.45791150710596124,-2.3236736231821036,in_game_wp,v1,val
401525900,2023,13,Oklahoma,TCU,0.8605347735527286,15.810406152370877,in_game_wp,v1,val
401525901,2023,13,Texas,Texas Tech,0.848534808204684,15.317974892246975,in_game_wp,v1,val
401525902,2023,13,Baylor,West Virginia,0.3274812426805016,-7.921226785899089,in_game_wp,v1,val
401525903,2023,13,Cincinnati,Kansas,0.4254694608323779,-4.848791273224055,in_game_wp,v1,val
401525904,2023,13,Kansas State,Iowa State,0.8457795544010422,16.384413921232948,in_game_wp,v1,val
401525905,2023,13,Oklahoma State,BYU,0.7986723662268006,10.981634242004892,in_game_wp,v1,val
401525906,2023,13,UCF,Houston,0.7357132469623296,13.075185212454807,in_game_wp,v1,val
401531346,2023,13,East Carolina,Tulsa,0.7681323777083462,10.149203007054071,in_game_wp,v1,val
401531376,2023,13,Tulane,UTSA,0.5809795962765812,4.204316135398966,in_game_wp,v1,val
401531386,2023,13,North Texas,UAB,0.6605214289099872,4.933680549046781,in_game_wp,v1,val
401531394,2023,13,Temple,Memphis,0.09654483009451986,-17.236609558267567,in_game_wp,v1,val
401531410,2023,13,South Florida,Charlotte,0.5809795962765812,4.242315002324428,in_game_wp,v1,val
401531421,2023,13,Rice,Florida Atlantic,0.7058766851847651,7.7546129783251665,in_game_wp,v1,val
401531435,2023,13,SMU,Navy,0.9166587481775852,23.325492186029607,in_game_wp,v1,val
401531922,2023,13,App State,Georgia Southern,0.6884233406620748,7.628057992190624,in_game_wp,v1,val
401531923,2023,13,Coastal Carolina,James Madison,0.45791150710596124,-2.278831365451121,in_game_wp,v1,val
401531924,2023,13,Marshall,Arkansas State,0.5351753880218355,2.8895713597412804,in_game_wp,v1,val
401531925,2023,13,Old Dominion,Georgia State,0.5809795962765812,4.255360924714317,in_game_wp,v1,val
401531926,2023,13,Louisiana,UL Monroe,0.8605347735527286,15.494615048480588,in_game_wp,v1,val
401531927,2023,13,Southern Miss,Troy,0.13398105829174287,-15.927515045508551,in_game_wp,v1,val
401531928,2023,13,Texas State,South Alabama,0.39579606681650703,-5.902368256554922,in_game_wp,v1,val
401532449,2023,13,Buffalo,Eastern Michigan,0.6136164369543262,6.7066499769713275,in_game_wp,v1,val
401532450,2023,13,Western Michigan,Bowling Green,0.4726623059849913,-2.6751128801903548,in_game_wp,v1,val
401532451,2023,13,Central Michigan,Toledo,0.1642038453356022,-12.846419188015583,in_game_wp,v1,val
401532452,2023,13,Akron,Ohio,0.15183610484426185,-12.630316256034812,in_game_wp,v1,val
401532453,2023,13,Kent State,Northern Illinois,0.17615986130987804,-12.070270167186168,in_game_wp,v1,val
401532454,2023,13,Ball State,Miami (OH),0.259331526135427,-8.907503221249737,in_game_wp,v1,val
401532625,2023,13,Boise State,Air Force,0.5665917202498129,3.6276076322532074,in_game_wp,v1,val
401532626,2023,13,Hawai'i,Colorado State,0.4460984719030421,-2.870299954311273,in_game_wp,v1,val
401532627,2023,13,San Diego State,Fresno State,0.3334827323000231,-6.582080726152656,in_game_wp,v1,val
401532628,2023,13,UNLV,San José State,0.574213329875009,3.390516138175567,in_game_wp,v1,val
401532629,2023,13,New Mexico,Utah State,0.4711902512878232,-3.3722395327681447,in_game_wp,v1,val
401532630,2023,13,Nevada,Wyoming,0.345911800758141,-10.38437066089555,in_game_wp,v1,val
401539475,2023,14,Washington,Oregon,0.259331526135427,-8.56262542850755,in_game_wp,v1,val
401539476,2023,14,Liberty,New Mexico State,0.7262180243796285,11.739074605840056,in_game_wp,v1,val
401539477,2023,14,Tulane,SMU,0.28312048685789437,-7.550059930002483,in_game_wp,v1,val
401539478,2023,14,Florida State,Louisville,0.7058766851847651,8.090665065497394,in_game_wp,v1,val
401539479,2023,14,Texas,Oklahoma State,0.8457795544010422,16.30208261292557,in_game_wp,v1,val
401539480,2023,14,Iowa,Michigan,0.08682690121540693,-20.99466879976008,in_game_wp,v1,val
401539481,2023,14,Toledo,Miami (OH),0.5238962119411956,3.778211778769137,in_game_wp,v1,val
401539482,2023,14,UNLV,Boise State,0.526280987933077,1.799912094929312,in_game_wp,v1,val
401539483,2023,14,Alabama,Georgia,0.4426834606915839,-2.233992836693851,in_game_wp,v1,val
401539484,2023,14,Troy,App State,0.7219101744616258,7.162283787912028,in_game_wp,v1,val
401520445,2023,15,Army,Navy,0.5250912016953475,1.6609304084990333,in_game_wp,v1,val
401628319,2024,1,Alabama,Western Kentucky,0.766240572301453,12.381085195227032,in_game_wp,v1,test
401628322,2024,1,Florida,Miami,0.5130596178696325,0.8308731976290433,in_game_wp,v1,test
401628323,2024,1,Georgia,Clemson,0.6404927305255931,4.5420005730080995,in_game_wp,v1,test
401628324,2024,1,Kentucky,Southern Miss,0.775269348317486,10.311306672884815,in_game_wp,v1,test
401628328,2024,1,Oklahoma,Temple,0.8781564569432876,20.11303285890468,in_game_wp,v1,test
401628329,2024,1,South Carolina,Old Dominion,0.6308356702160808,6.608831433862161,in_game_wp,v1,test
401628331,2024,1,Texas,Colorado State,0.7918132185282531,16.818038809428124,in_game_wp,v1,test
401628332,2024,1,Texas A&M,Notre Dame,0.5077174197957641,-0.8115794746999763,in_game_wp,v1,test
401628333,2024,1,Vanderbilt,Virginia Tech,0.448497606330901,-3.2380066757072443,in_game_wp,v1,test
401628334,2024,1,LSU,USC,0.5746851315952506,4.358118000519465,in_game_wp,v1,test
401628448,2024,1,Minnesota,North Carolina,0.4323829570261501,-1.6688191929355218,in_game_wp,v1,test
401628449,2024,1,Indiana,Florida International,0.7093166620284919,8.760088848154975,in_game_wp,v1,test
401628451,2024,1,Maryland,UConn,0.7585043479789247,11.83354370767331,in_game_wp,v1,test
401628452,2024,1,Michigan,Fresno State,0.8681640136003178,15.803983995769562,in_game_wp,v1,test
401628453,2024,1,Michigan State,Florida Atlantic,0.4471554494293384,2.5040165887272594,in_game_wp,v1,test
401628454,2024,1,Nebraska,UTEP,0.7093166620284919,7.964801004832326,in_game_wp,v1,test
401628455,2024,1,Ohio State,Akron,0.8587992146606919,21.386511536216197,in_game_wp,v1,test
401628457,2024,1,West Virginia,Penn State,0.3279857029161949,-5.4720302612578955,in_game_wp,v1,test
401628459,2024,1,Hawai'i,UCLA,0.31322548733363265,-6.757627518682057,in_game_wp,v1,test
401628461,2024,1,Wisconsin,Western Michigan,0.706522976434765,9.728297529179095,in_game_wp,v1,test
401629039,2024,1,Massachusetts,Eastern Michigan,0.5130596178696325,0.9728031968677087,in_game_wp,v1,test
401634300,2024,1,Stanford,TCU,0.3426258580826621,-5.641653101898244,in_game_wp,v1,test
401634302,2024,1,Georgia Tech,Georgia State,0.6308356702160808,6.4434418290302204,in_game_wp,v1,test
401634304,2024,1,Syracuse,Ohio,0.5257228322695868,3.9445850794243054,in_game_wp,v1,test
401634305,2024,1,Pittsburgh,Kent State,0.8014701125058992,11.19922801809628,in_game_wp,v1,test
401634306,2024,1,Florida State,Boston College,0.7879293175666335,14.422007669820221,in_game_wp,v1,test
401635525,2024,1,Georgia Tech,Florida State,0.2519065369304993,-8.153622742927132,in_game_wp,v1,test
401636608,2024,1,Arizona,New Mexico,0.7899041410620369,12.931920779507557,in_game_wp,v1,test
401636609,2024,1,Arizona State,Wyoming,0.5077174197957641,-0.7935481408755392,in_game_wp,v1,test
401636611,2024,1,Houston,UNLV,0.5130596178696325,0.875561746423589,in_game_wp,v1,test
401640998,2024,1,Jacksonville State,Coastal Carolina,0.554861574374456,3.443378725460829,in_game_wp,v1,test
401641015,2024,1,UTSA,Kennesaw State,0.7042508205171714,9.686318714981661,in_game_wp,v1,test
401641039,2024,1,Rice,Sam Houston,0.5975707329920286,7.032729254851733,in_game_wp,v1,test
401643696,2024,1,Nevada,SMU,0.1444440221279581,-13.180647961004594,in_game_wp,v1,test
401643700,2024,1,Georgia Southern,Boise State,0.5040737725067659,-1.3139903721494886,in_game_wp,v1,test
401643701,2024,1,Troy,Nevada,0.8456458564285433,15.428998698206229,in_game_wp,v1,test
401643774,2024,1,Charlotte,James Madison,0.2519065369304993,-8.10577625109324,in_game_wp,v1,test
401643775,2024,1,South Alabama,North Texas,0.6932321974132383,7.675982188944632,in_game_wp,v1,test
401644683,2024,1,Northwestern,Miami (OH),0.4323829570261501,-1.6870403800088916,in_game_wp,v1,test
401628335,2024,2,Alabama,South Florida,0.9169647598686674,22.403914345948778,in_game_wp,v1,test
401628336,2024,2,Oklahoma State,Arkansas,0.27158710036254385,-7.188480371884054,in_game_wp,v1,test
401628337,2024,2,Auburn,California,0.8938718963320842,19.025034948916424,in_game_wp,v1,test
401628340,2024,2,Kentucky,South Carolina,0.7042508205171714,9.573144880971359,in_game_wp,v1,test
401628342,2024,2,Ole Miss,Middle Tennessee,0.9962954770512287,28.117320570248385,in_game_wp,v1,test
401628343,2024,2,Arizona State,Mississippi State,0.5257228322695868,3.937428939400257,in_game_wp,v1,test
401628344,2024,2,Missouri,Buffalo,0.8781564569432876,20.52264285856468,in_game_wp,v1,test
401628345,2024,2,Oklahoma,Houston,0.8657507620667089,25.10270594452786,in_game_wp,v1,test
401628346,2024,2,NC State,Tennessee,0.13335922529427913,-13.657352144898134,in_game_wp,v1,test
401628347,2024,2,Michigan,Texas,0.5130596178696325,0.48041443834890174,in_game_wp,v1,test
401628462,2024,2,Illinois,Kansas,0.4609770448877394,0.01548913230251081,in_game_wp,v1,test
401628464,2024,2,Iowa,Iowa State,0.7093166620284919,8.955915024103907,in_game_wp,v1,test
401628465,2024,2,Maryland,Michigan State,0.8456458564285433,15.518955856980387,in_game_wp,v1,test
401628467,2024,2,Nebraska,Colorado,0.7718298825644386,16.67522387246071,in_game_wp,v1,test
401628468,2024,2,Ohio State,Western Michigan,0.8657507620667089,24.91649829124896,in_game_wp,v1,test
401628469,2024,2,Oregon,Boise State,0.5754815595184704,2.1656225914567346,in_game_wp,v1,test
401628470,2024,2,Penn State,Bowling Green,0.8587992146606919,20.821407289196912,in_game_wp,v1,test
401628471,2024,2,Rutgers,Akron,0.8938718963320842,19.362526239222227,in_game_wp,v1,test
401628472,2024,2,USC,Utah State,0.8037925454479611,14.69851298067833,in_game_wp,v1,test
401628473,2024,2,Washington,Eastern Michigan,0.7585043479789247,12.169692829198857,in_game_wp,v1,test
401628977,2024,2,Notre Dame,Northern Illinois,0.8456458564285433,15.311819903891244,in_game_wp,v1,test
401629040,2024,2,Toledo,Massachusetts,0.8450890758936708,18.45060247044497,in_game_wp,v1,test
401634765,2024,2,SMU,BYU,0.8681640136003178,15.690178131586613,in_game_wp,v1,test
401635532,2024,2,Clemson,App State,0.5257228322695868,3.9294064263580992,in_game_wp,v1,test
401635533,2024,2,Northwestern,Duke,0.5130596178696325,0.3823215605844881,in_game_wp,v1,test
401635534,2024,2,Syracuse,Georgia Tech,0.5134749933560657,2.623498986734905,in_game_wp,v1,test
401635535,2024,2,Louisville,Jacksonville State,0.8599661959766178,21.862498991134192,in_game_wp,v1,test
401635537,2024,2,North Carolina,Charlotte,0.8170697795405115,17.44678555188927,in_game_wp,v1,test
401635538,2024,2,Cincinnati,Pittsburgh,0.44464997971563097,-2.5758424242641453,in_game_wp,v1,test
401635540,2024,2,Virginia Tech,Marshall,0.5447985756990616,3.2302953943529897,in_game_wp,v1,test
401635639,2024,2,Wake Forest,Virginia,0.7093166620284919,8.077410025279413,in_game_wp,v1,test
401636616,2024,2,Tulane,Kansas State,0.5257228322695868,4.05274431016948,in_game_wp,v1,test
401636617,2024,2,UCF,Sam Houston,0.8014701125058992,11.41175094491205,in_game_wp,v1,test
401636618,2024,2,Utah,Baylor,0.775269348317486,10.474260297929275,in_game_wp,v1,test
401636859,2024,2,Washington State,Texas Tech,0.7879293175666335,14.062105245954722,in_game_wp,v1,test
401640979,2024,2,Florida International,Central Michigan,0.1444440221279581,-12.82126366420825,in_game_wp,v1,test
401640989,2024,2,New Mexico State,Liberty,0.5040737725067659,-1.421752457193751,in_game_wp,v1,test
401641016,2024,2,Kennesaw State,Louisiana,0.5212841720668582,-0.36978494967063646,in_game_wp,v1,test
401643705,2024,2,Air Force,San José State,0.5485006618577397,3.2075040296634643,in_game_wp,v1,test
401643708,2024,2,Nevada,Georgia Southern,0.5746851315952506,4.320933897340124,in_game_wp,v1,test
401643709,2024,2,San Diego State,Oregon State,0.5077174197957641,-1.1064609883331915,in_game_wp,v1,test
401643778,2024,2,Old Dominion,East Carolina,0.5754815595184704,2.1508622291527604,in_game_wp,v1,test
401643779,2024,2,Arkansas State,Tulsa,0.43620892624247565,-2.254894162166904,in_game_wp,v1,test
401643780,2024,2,UL Monroe,UAB,0.38668768950271964,-4.186054628061882,in_game_wp,v1,test
401643781,2024,2,Ohio,South Alabama,0.5796033054460699,4.179812287459146,in_game_wp,v1,test
401643783,2024,2,Texas State,UTSA,0.36389489534399755,-4.850158679711548,in_game_wp,v1,test
401643784,2024,2,Memphis,Troy,0.6932321974132383,7.70180103561915,in_game_wp,v1,test
401645323,2024,2,Florida Atlantic,Army,0.5231011853062879,2.1044603810670632,in_game_wp,v1,test
401645324,2024,2,Navy,Temple,0.7879293175666335,13.77736529808125,in_game_wp,v1,test
401628350,2024,3,Wisconsin,Alabama,0.09765721761444746,-18.355940533820082,in_game_wp,v1,test
401628351,2024,3,Arkansas,UAB,0.8450890758936708,18.517758617708125,in_game_wp,v1,test
401628352,2024,3,Auburn,New Mexico,0.939805475390844,25.605882346730837,in_game_wp,v1,test
401628353,2024,3,Florida,Texas A&M,0.5077174197957641,-1.020763972238794,in_game_wp,v1,test
401628354,2024,3,Kentucky,Georgia,0.15054685105999405,-12.133475989746819,in_game_wp,v1,test
401628355,2024,3,Wake Forest,Ole Miss,0.07583855527756633,-17.353270479323044,in_game_wp,v1,test
401628356,2024,3,Mississippi State,Toledo,0.6120556754270379,4.4333347546535125,in_game_wp,v1,test
401628357,2024,3,Missouri,Boston College,0.7093166620284919,8.304363714239388,in_game_wp,v1,test
401628358,2024,3,Oklahoma,Tulane,0.747888280995861,10.107411801404869,in_game_wp,v1,test
401628359,2024,3,South Carolina,LSU,0.6784983224003648,5.683219839228175,in_game_wp,v1,test
401628360,2024,3,Tennessee,Kent State,0.9819195201783018,39.53641608285887,in_game_wp,v1,test
401628361,2024,3,Texas,UTSA,0.9962954770512287,30.857607260712967,in_game_wp,v1,test
401628362,2024,3,Georgia State,Vanderbilt,0.2707132109323179,-9.765174115290755,in_game_wp,v1,test
401628475,2024,3,Illinois,Central Michigan,0.7879293175666335,13.730899366177042,in_game_wp,v1,test
401628476,2024,3,UCLA,Indiana,0.3279857029161949,-5.31259192372791,in_game_wp,v1,test
401628477,2024,3,Iowa,Troy,0.7093166620284919,8.50216287280308,in_game_wp,v1,test
401628478,2024,3,Virginia,Maryland,0.3348187688635667,-5.917668782256499,in_game_wp,v1,test
401628479,2024,3,Michigan,Arkansas State,0.8587992146606919,21.234072645052855,in_game_wp,v1,test
401628481,2024,3,Minnesota,Nevada,0.766240572301453,12.289936295261247,in_game_wp,v1,test
401628483,2024,3,Oregon State,Oregon,0.622932109850588,6.76451951928582,in_game_wp,v1,test
401628484,2024,3,Washington,Washington State,0.5581279566032963,2.3041391254028367,in_game_wp,v1,test
401628978,2024,3,Purdue,Notre Dame,0.5212841720668582,-0.30161254846055563,in_game_wp,v1,test
401629030,2024,3,Duke,UConn,0.7899041410620369,12.896224003483558,in_game_wp,v1,test
401629041,2024,3,Buffalo,Massachusetts,0.5746851315952506,4.358638558108128,in_game_wp,v1,test
401635541,2024,3,California,San Diego State,0.7585043479789247,11.828818831516266,in_game_wp,v1,test
401635542,2024,3,Florida State,Memphis,0.48425576293775013,1.0617594328476798,in_game_wp,v1,test
401635544,2024,3,Miami,Ball State,0.9179324706583161,24.236751200021978,in_game_wp,v1,test
401635546,2024,3,NC State,Louisiana Tech,0.7093166620284919,7.808885604219537,in_game_wp,v1,test
401635547,2024,3,Pittsburgh,West Virginia,0.6784983224003648,5.734659098844341,in_game_wp,v1,test
401635548,2024,3,Old Dominion,Virginia Tech,0.5040737725067659,-1.313958964902307,in_game_wp,v1,test
401636860,2024,3,Baylor,Air Force,0.747888280995861,9.96980691412793,in_game_wp,v1,test
401636861,2024,3,Colorado State,Colorado,0.5754815595184704,2.2105837551198775,in_game_wp,v1,test
401636862,2024,3,Houston,Rice,0.5280085951891043,1.7944294822075637,in_game_wp,v1,test
401636863,2024,3,Kansas,UNLV,0.3731415134770628,-3.8746506829492544,in_game_wp,v1,test
401636864,2024,3,Kansas State,Arizona,0.773312631215673,13.227458411771753,in_game_wp,v1,test
401636865,2024,3,Miami (OH),Cincinnati,0.6932321974132383,7.501824663366473,in_game_wp,v1,test
401636866,2024,3,TCU,UCF,0.5040737725067659,-1.2590223453353628,in_game_wp,v1,test
401636867,2024,3,Texas State,Arizona State,0.5130596178696325,0.5441283594405562,in_game_wp,v1,test
401636868,2024,3,Texas Tech,North Texas,0.5077174197957641,-0.9752122865992323,in_game_wp,v1,test
401636869,2024,3,Tulsa,Oklahoma State,0.4323829570261501,-1.729786304937905,in_game_wp,v1,test
401636870,2024,3,Utah State,Utah,0.1444440221279581,-12.693224107635503,in_game_wp,v1,test
401636871,2024,3,Wyoming,BYU,0.18639775211744586,-11.440465901345767,in_game_wp,v1,test
401640980,2024,3,Florida Atlantic,Florida International,0.5077174197957641,-1.1880665962542967,in_game_wp,v1,test
401640990,2024,3,Liberty,UTEP,0.8938718963320842,19.157242772594962,in_game_wp,v1,test
401640999,2024,3,Eastern Michigan,Jacksonville State,0.7042508205171714,9.582683014013435,in_game_wp,v1,test
401641017,2024,3,San José State,Kennesaw State,0.8681640136003178,15.700167836694387,in_game_wp,v1,test
401641024,2024,3,Middle Tennessee,Western Kentucky,0.5130596178696325,0.5495475430101529,in_game_wp,v1,test
401641033,2024,3,Fresno State,New Mexico State,0.6784983224003648,6.279166725951469,in_game_wp,v1,test
401641040,2024,3,Sam Houston,Hawai'i,0.747888280995861,10.295305476576926,in_game_wp,v1,test
401643785,2024,3,East Carolina,App State,0.7899041410620369,12.879267297413925,in_game_wp,v1,test
401643786,2024,3,Temple,Coastal Carolina,0.11490500519492726,-13.937015816170556,in_game_wp,v1,test
401643789,2024,3,Southern Miss,South Florida,0.3348187688635667,-5.84348205412816,in_game_wp,v1,test
401628363,2024,4,Auburn,Arkansas,0.5138706178431527,3.807139454551951,in_game_wp,v1,test
401628364,2024,4,Kentucky,Ohio,0.7093166620284919,8.233841094158993,in_game_wp,v1,test
401628365,2024,4,LSU,UCLA,0.7585043479789247,11.860419441081135,in_game_wp,v1,test
401628366,2024,4,Ole Miss,Georgia Southern,0.9962954770512287,27.444506631938623,in_game_wp,v1,test
401628367,2024,4,Mississippi State,Florida,0.5257228322695868,4.018663804107511,in_game_wp,v1,test
401628368,2024,4,Missouri,Vanderbilt,0.7879293175666335,14.187970154957403,in_game_wp,v1,test
401628369,2024,4,Oklahoma,Tennessee,0.36069616621778644,-5.06607731172368,in_game_wp,v1,test
401628370,2024,4,South Carolina,Akron,0.9256478014111539,23.307803249258555,in_game_wp,v1,test
401628371,2024,4,Texas,UL Monroe,0.9962954770512287,29.798285975722486,in_game_wp,v1,test
401628372,2024,4,Texas A&M,Bowling Green,0.7715118216941832,11.591883645314628,in_game_wp,v1,test
401628485,2024,4,Nebraska,Illinois,0.5754815595184704,2.174098847676926,in_game_wp,v1,test
401628486,2024,4,Indiana,Charlotte,0.9962954770512287,31.951059828918364,in_game_wp,v1,test
401628487,2024,4,Minnesota,Iowa,0.6714531164514496,4.73152521389519,in_game_wp,v1,test
401628489,2024,4,Michigan,USC,0.5130596178696325,0.5267178909370962,in_game_wp,v1,test
401628490,2024,4,Boston College,Michigan State,0.7093166620284919,9.03054808860076,in_game_wp,v1,test
401628491,2024,4,Washington,Northwestern,0.8014701125058992,11.145050197398037,in_game_wp,v1,test
401628492,2024,4,Ohio State,Marshall,0.9179324706583161,24.598625123754772,in_game_wp,v1,test
401628493,2024,4,Penn State,Kent State,0.9819195201783018,38.847129337156275,in_game_wp,v1,test
401628494,2024,4,Virginia Tech,Rutgers,0.716202013533849,4.837947792299879,in_game_wp,v1,test
401628979,2024,4,Notre Dame,Miami (OH),0.939805475390844,25.370980420588303,in_game_wp,v1,test
401629031,2024,4,UConn,Florida Atlantic,0.4609770448877394,0.056488432354350415,in_game_wp,v1,test
401634766,2024,4,Syracuse,Stanford,0.747888280995861,10.172004601782202,in_game_wp,v1,test
401635551,2024,4,Florida State,California,0.5339577906986226,3.6653180281723388,in_game_wp,v1,test
401635552,2024,4,Clemson,NC State,0.8456458564285433,15.504465221410356,in_game_wp,v1,test
401635553,2024,4,Middle Tennessee,Duke,0.13942760536897073,-12.333670974697764,in_game_wp,v1,test
401635554,2024,4,Louisville,Georgia Tech,0.8014701125058992,11.134458738773274,in_game_wp,v1,test
401635555,2024,4,South Florida,Miami,0.25378321293002465,-9.239116772945643,in_game_wp,v1,test
401635556,2024,4,North Carolina,James Madison,0.7057593171082679,7.276605475734095,in_game_wp,v1,test
401635557,2024,4,SMU,TCU,0.5257228322695868,3.9137253019911356,in_game_wp,v1,test
401635558,2024,4,Coastal Carolina,Virginia,0.7042508205171714,9.588243264667277,in_game_wp,v1,test
401636872,2024,4,BYU,Kansas State,0.38668768950271964,-4.271491748595892,in_game_wp,v1,test
401636873,2024,4,Cincinnati,Houston,0.5077174197957641,-0.8751399866880147,in_game_wp,v1,test
401636874,2024,4,Colorado,Baylor,0.36069616621778644,-5.117637794428742,in_game_wp,v1,test
401636875,2024,4,Iowa State,Arkansas State,0.7585043479789247,11.805424427359085,in_game_wp,v1,test
401636876,2024,4,Oklahoma State,Utah,0.5231011853062879,2.0381248065761923,in_game_wp,v1,test
401636877,2024,4,Texas Tech,Arizona State,0.5130596178696325,0.6761466923338659,in_game_wp,v1,test
401636879,2024,4,West Virginia,Kansas,0.448497606330901,-3.389263777098158,in_game_wp,v1,test
401640991,2024,4,Liberty,East Carolina,0.554861574374456,3.419627451219176,in_game_wp,v1,test
401641000,2024,4,Jacksonville State,Southern Miss,0.6932321974132383,7.510498812757316,in_game_wp,v1,test
401641008,2024,4,Louisiana Tech,Tulsa,0.5581279566032963,2.317594616685037,in_game_wp,v1,test
401641028,2024,4,Colorado State,UTEP,0.6784983224003648,5.9520274021533,in_game_wp,v1,test
401641034,2024,4,Sam Houston,New Mexico State,0.852452982574402,16.29950498833206,in_game_wp,v1,test
401641037,2024,4,Western Kentucky,Toledo,0.28780064535210004,-6.416303047583051,in_game_wp,v1,test
401643711,2024,4,New Mexico,Fresno State,0.1399823316071244,-11.807350425480468,in_game_wp,v1,test
401643714,2024,4,Washington State,San José State,0.775269348317486,10.40427220895086,in_game_wp,v1,test
401643715,2024,4,Temple,Utah State,0.5077174197957641,-1.0438936593140955,in_game_wp,v1,test
401643716,2024,4,North Texas,Wyoming,0.7715118216941832,11.495457183834528,in_game_wp,v1,test
401643717,2024,4,Oregon State,Purdue,0.7093166620284919,8.742131086061173,in_game_wp,v1,test
401643790,2024,4,App State,South Alabama,0.38668768950271964,-4.569575916391528,in_game_wp,v1,test
401643791,2024,4,Louisiana,Tulane,0.5130596178696325,0.9586982807189468,in_game_wp,v1,test
401644735,2024,4,Central Michigan,Ball State,0.766240572301453,12.475278334911563,in_game_wp,v1,test
401644736,2024,4,Northern Illinois,Buffalo,0.7879293175666335,14.476521827420921,in_game_wp,v1,test
401645328,2024,4,Army,Rice,0.7042508205171714,9.142276792800669,in_game_wp,v1,test
401645329,2024,4,Navy,Memphis,0.38668768950271964,-4.685025660563333,in_game_wp,v1,test
401628373,2024,5,Texas A&M,Arkansas,0.43620892624247565,-2.159470095753777,in_game_wp,v1,test
401628374,2024,5,Alabama,Georgia,0.7585043479789247,11.904212832904754,in_game_wp,v1,test
401628375,2024,5,Auburn,Oklahoma,0.4862937879233298,-1.536701106437559,in_game_wp,v1,test
401628376,2024,5,LSU,South Alabama,0.5927882833951295,4.109004255737067,in_game_wp,v1,test
401628377,2024,5,Ole Miss,Kentucky,0.9169647598686674,22.332224368818494,in_game_wp,v1,test
401628378,2024,5,Texas,Mississippi State,0.9962954770512287,33.047440146262176,in_game_wp,v1,test
401628495,2024,5,Penn State,Illinois,0.7545536150948478,13.467282044435375,in_game_wp,v1,test
401628496,2024,5,Indiana,Maryland,0.7585043479789247,12.001106802454158,in_game_wp,v1,test
401628497,2024,5,Michigan,Minnesota,0.7715118216941832,11.600636733511182,in_game_wp,v1,test
401628498,2024,5,Michigan State,Ohio State,0.12202204670865432,-14.31141729434247,in_game_wp,v1,test
401628499,2024,5,Purdue,Nebraska,0.3279857029161949,-5.400882050749303,in_game_wp,v1,test
401628500,2024,5,UCLA,Oregon,0.28137778869952823,-7.861007331596753,in_game_wp,v1,test
401628501,2024,5,Rutgers,Washington,0.5134749933560657,2.6129841180146194,in_game_wp,v1,test
401628502,2024,5,USC,Wisconsin,0.88245194553543,19.963888987252275,in_game_wp,v1,test
401628980,2024,5,Notre Dame,Louisville,0.5975707329920286,6.896803948372014,in_game_wp,v1,test
401629032,2024,5,UConn,Buffalo,0.6932321974132383,7.34958371305488,in_game_wp,v1,test
401629043,2024,5,Miami (OH),Massachusetts,0.852452982574402,16.225008042564646,in_game_wp,v1,test
401634767,2024,5,Miami,Virginia Tech,0.88245194553543,19.696756738237276,in_game_wp,v1,test
401635560,2024,5,Boston College,Western Kentucky,0.7879293175666335,13.94164768203437,in_game_wp,v1,test
401635561,2024,5,Clemson,Stanford,0.7879293175666335,14.151242598805116,in_game_wp,v1,test
401635562,2024,5,Duke,North Carolina,0.7057593171082679,7.217388106711203,in_game_wp,v1,test
401635563,2024,5,SMU,Florida State,0.766240572301453,12.337211892924874,in_game_wp,v1,test
401635564,2024,5,NC State,Northern Illinois,0.448497606330901,-3.429319836254045,in_game_wp,v1,test
401635659,2024,5,Wake Forest,Louisiana,0.5077174197957641,-0.793086390852701,in_game_wp,v1,test
401636880,2024,5,Baylor,BYU,0.529449279626121,-0.5111730058278843,in_game_wp,v1,test
401636881,2024,5,Houston,Iowa State,0.38668768950271964,-4.481768867269032,in_game_wp,v1,test
401636882,2024,5,Kansas,TCU,0.5280085951891043,1.8943336530418948,in_game_wp,v1,test
401636883,2024,5,Kansas State,Oklahoma State,0.6120556754270379,4.46978377941377,in_game_wp,v1,test
401636884,2024,5,Texas Tech,Cincinnati,0.5581279566032963,2.2372210646998165,in_game_wp,v1,test
401636885,2024,5,UCF,Colorado,0.88245194553543,19.450744824907233,in_game_wp,v1,test
401636886,2024,5,Utah,Arizona,0.8456458564285433,15.59567218418675,in_game_wp,v1,test
401640981,2024,5,Florida International,Louisiana Tech,0.554861574374456,3.5017126602948716,in_game_wp,v1,test
401641025,2024,5,Memphis,Middle Tennessee,0.9683527431493655,26.774231374950386,in_game_wp,v1,test
401641035,2024,5,New Mexico State,New Mexico,0.6784983224003648,6.338768355233949,in_game_wp,v1,test
401641041,2024,5,Sam Houston,Texas State,0.48425576293775013,1.098049081921273,in_game_wp,v1,test
401643718,2024,5,Wyoming,Air Force,0.36389489534399755,-4.753857514868674,in_game_wp,v1,test
401643719,2024,5,Boise State,Washington State,0.716202013533849,4.826505932325806,in_game_wp,v1,test
401643720,2024,5,UNLV,Fresno State,0.7319362341316171,12.522755154857524,in_game_wp,v1,test
401643721,2024,5,Central Michigan,San Diego State,0.6120556754270379,4.474855403203064,in_game_wp,v1,test
401643792,2024,5,Georgia State,Georgia Southern,0.5130596178696325,0.6472028074282958,in_game_wp,v1,test
401643793,2024,5,James Madison,Ball State,0.9169647598686674,22.46248858678833,in_game_wp,v1,test
401643794,2024,5,Marshall,Western Michigan,0.766240572301453,12.417723665300553,in_game_wp,v1,test
401643795,2024,5,Bowling Green,Old Dominion,0.8022990688285825,11.04602220484139,in_game_wp,v1,test
401643796,2024,5,Troy,UL Monroe,0.7057593171082679,7.1938411990949245,in_game_wp,v1,test
401644738,2024,5,Ohio,Akron,0.8037925454479611,14.603627920711327,in_game_wp,v1,test
401644739,2024,5,Kent State,Eastern Michigan,0.07583855527756633,-16.38204222839604,in_game_wp,v1,test
401645331,2024,5,Temple,Army,0.1444440221279581,-12.708841361882541,in_game_wp,v1,test
401645332,2024,5,UAB,Navy,0.4323829570261501,-2.054724001170051,in_game_wp,v1,test
401645333,2024,5,Rice,Charlotte,0.7879293175666335,14.376968578341906,in_game_wp,v1,test
401645334,2024,5,East Carolina,UTSA,0.7093166620284919,9.104881347226987,in_game_wp,v1,test
401645336,2024,5,North Texas,Tulsa,0.7093166620284919,7.857942476325438,in_game_wp,v1,test
401645337,2024,5,Tulane,South Florida,0.747888280995861,9.961799406519992,in_game_wp,v1,test
401628379,2024,6,Arkansas,Tennessee,0.23819248987554492,-10.31610278694885,in_game_wp,v1,test
401628380,2024,6,Florida,UCF,0.4609770448877394,-0.032022279309457335,in_game_wp,v1,test
401628381,2024,6,Georgia,Auburn,0.8423145874694133,14.857702962431844,in_game_wp,v1,test
401628382,2024,6,South Carolina,Ole Miss,0.2660622535560335,-7.039535117095841,in_game_wp,v1,test
401628383,2024,6,Texas A&M,Missouri,0.5262141520227859,1.4075517061122094,in_game_wp,v1,test
401628384,2024,6,Vanderbilt,Alabama,0.12202204670865432,-15.193074185343303,in_game_wp,v1,test
401628503,2024,6,Northwestern,Indiana,0.07583855527756633,-16.834296162293988,in_game_wp,v1,test
401628504,2024,6,Ohio State,Iowa,0.88245194553543,19.90521965825899,in_game_wp,v1,test
401628505,2024,6,Washington,Michigan,0.554861574374456,3.526821180021451,in_game_wp,v1,test
401628506,2024,6,Oregon,Michigan State,0.8037925454479611,14.671407221657066,in_game_wp,v1,test
401628507,2024,6,Minnesota,USC,0.38668768950271964,-4.611301997854559,in_game_wp,v1,test
401628508,2024,6,Nebraska,Rutgers,0.5394263802669865,2.846675920226269,in_game_wp,v1,test
401628509,2024,6,Wisconsin,Purdue,0.7093166620284919,8.777925341690372,in_game_wp,v1,test
401628510,2024,6,Penn State,UCLA,0.9256478014111539,22.948495447318646,in_game_wp,v1,test
401629033,2024,6,UConn,Temple,0.8587992146606919,20.91260514609146,in_game_wp,v1,test
401629044,2024,6,Northern Illinois,Massachusetts,0.8694350237973016,18.307821329945412,in_game_wp,v1,test
401634779,2024,6,UNLV,Syracuse,0.8694350237973016,17.545520343073758,in_game_wp,v1,test
401635567,2024,6,Virginia,Boston College,0.4434545735054379,-2.470414617998866,in_game_wp,v1,test
401635568,2024,6,California,Miami,0.1399823316071244,-11.77261720746204,in_game_wp,v1,test
401635569,2024,6,Florida State,Clemson,0.3348187688635667,-5.854863997776018,in_game_wp,v1,test
401635570,2024,6,Georgia Tech,Duke,0.6784983224003648,5.9330756822983215,in_game_wp,v1,test
401635571,2024,6,Louisville,SMU,0.6784983224003648,6.143775132368749,in_game_wp,v1,test
401635572,2024,6,North Carolina,Pittsburgh,0.5262141520227859,1.3179314012695338,in_game_wp,v1,test
401635573,2024,6,Stanford,Virginia Tech,0.28780064535210004,-6.26052753987601,in_game_wp,v1,test
401635638,2024,6,NC State,Wake Forest,0.5927882833951295,4.070474019940104,in_game_wp,v1,test
401636887,2024,6,Arizona,Texas Tech,0.5927882833951295,4.148946800596753,in_game_wp,v1,test
401636888,2024,6,Arizona State,Kansas,0.5130596178696325,0.819109477676006,in_game_wp,v1,test
401636889,2024,6,Iowa State,Baylor,0.775269348317486,10.74239421038003,in_game_wp,v1,test
401636890,2024,6,Oklahoma State,West Virginia,0.6784983224003648,5.759923964093117,in_game_wp,v1,test
401636891,2024,6,TCU,Houston,0.7319362341316171,12.535121214936833,in_game_wp,v1,test
401641001,2024,6,Kennesaw State,Jacksonville State,0.2519065369304993,-8.106024502875957,in_game_wp,v1,test
401641029,2024,6,UTEP,Sam Houston,0.2707132109323179,-9.6541420166269,in_game_wp,v1,test
401643722,2024,6,Air Force,Navy,0.23819248987554492,-10.06505291368091,in_game_wp,v1,test
401643723,2024,6,Boise State,Utah State,0.9769469907902337,26.154186709189943,in_game_wp,v1,test
401643724,2024,6,Oregon State,Colorado State,0.8456458564285433,15.289479849819436,in_game_wp,v1,test
401643725,2024,6,San Diego State,Hawai'i,0.5257228322695868,3.9228311219892937,in_game_wp,v1,test
401643726,2024,6,San José State,Nevada,0.775269348317486,10.405361741636096,in_game_wp,v1,test
401643797,2024,6,Troy,Texas State,0.5267731046392776,0.12448467662299967,in_game_wp,v1,test
401643798,2024,6,Coastal Carolina,Old Dominion,0.68369027604823,5.198229849275612,in_game_wp,v1,test
401643799,2024,6,Marshall,App State,0.747888280995861,10.286150480881462,in_game_wp,v1,test
401643800,2024,6,Arkansas State,South Alabama,0.1399823316071244,-11.705077745698823,in_game_wp,v1,test
401643801,2024,6,UL Monroe,James Madison,0.18639775211744586,-11.316374263486544,in_game_wp,v1,test
401643802,2024,6,Southern Miss,Louisiana,0.1444440221279581,-13.036843565811786,in_game_wp,v1,test
401644684,2024,6,Toledo,Miami (OH),0.7879293175666335,14.20119329400584,in_game_wp,v1,test
401644740,2024,6,Akron,Bowling Green,0.1444440221279581,-13.038707299162862,in_game_wp,v1,test
401644741,2024,6,Ball State,Western Michigan,0.36069616621778644,-5.081553671713307,in_game_wp,v1,test
401645338,2024,6,UAB,Tulane,0.15054685105999405,-12.221271834366242,in_game_wp,v1,test
401645339,2024,6,Tulsa,Army,0.11490500519492726,-13.87842242234187,in_game_wp,v1,test
401645340,2024,6,Charlotte,East Carolina,0.28780064535210004,-6.456214250452625,in_game_wp,v1,test
401628385,2024,7,Alabama,South Carolina,0.8608537302727398,16.931498694456998,in_game_wp,v1,test
401628386,2024,7,Georgia,Mississippi State,0.9256478014111539,22.778415766992165,in_game_wp,v1,test
401628387,2024,7,Kentucky,Vanderbilt,0.6784983224003648,6.15354835480053,in_game_wp,v1,test
401628388,2024,7,LSU,Ole Miss,0.23689855707952723,-8.636744643858064,in_game_wp,v1,test
401628389,2024,7,Massachusetts,Missouri,0.09765721761444746,-17.64384019580154,in_game_wp,v1,test
401628390,2024,7,Oklahoma,Texas,0.23819248987554492,-10.352241072438419,in_game_wp,v1,test
401628391,2024,7,Tennessee,Florida,0.8706790660337156,20.64859066426162,in_game_wp,v1,test
401628511,2024,7,Illinois,Purdue,0.9169647598686674,22.49954092850936,in_game_wp,v1,test
401628512,2024,7,Iowa,Washington,0.5581279566032963,2.3157180379066675,in_game_wp,v1,test
401628513,2024,7,Maryland,Northwestern,0.766240572301453,12.230549135683486,in_game_wp,v1,test
401628514,2024,7,UCLA,Minnesota,0.448497606330901,-3.3400412175965055,in_game_wp,v1,test
401628515,2024,7,Oregon,Ohio State,0.25378321293002465,-8.768329285810296,in_game_wp,v1,test
401628516,2024,7,USC,Penn State,0.5077174197957641,-0.962867281993363,in_game_wp,v1,test
401628517,2024,7,Rutgers,Wisconsin,0.7093166620284919,9.057225005413482,in_game_wp,v1,test
401628981,2024,7,Notre Dame,Stanford,0.8657507620667089,25.02852013316025,in_game_wp,v1,test
401635574,2024,7,NC State,Syracuse,0.3767738704325416,-4.091189033220403,in_game_wp,v1,test
401635575,2024,7,Pittsburgh,California,0.7057593171082679,7.1584187579369125,in_game_wp,v1,test
401635576,2024,7,Wake Forest,Clemson,0.23819248987554492,-10.304876606356249,in_game_wp,v1,test
401635577,2024,7,North Carolina,Georgia Tech,0.5077174197957641,-0.7952382220411449,in_game_wp,v1,test
401635578,2024,7,Virginia,Louisville,0.25378321293002465,-9.170938295343621,in_game_wp,v1,test
401636892,2024,7,Arizona State,Utah,0.5754815595184704,2.137637666241442,in_game_wp,v1,test
401636893,2024,7,BYU,Arizona,0.7715118216941832,11.619765908237822,in_game_wp,v1,test
401636894,2024,7,Colorado,Kansas State,0.38668768950271964,-4.365680141261982,in_game_wp,v1,test
401636895,2024,7,UCF,Cincinnati,0.6120556754270379,4.490675142725793,in_game_wp,v1,test
401636896,2024,7,West Virginia,Iowa State,0.4323829570261501,-1.6022278298053134,in_game_wp,v1,test
401640982,2024,7,Liberty,Florida International,0.7042508205171714,9.372941965023635,in_game_wp,v1,test
401641002,2024,7,Jacksonville State,New Mexico State,0.8694350237973016,18.127086228272937,in_game_wp,v1,test
401641009,2024,7,Louisiana Tech,Middle Tennessee,0.6932321974132383,7.465656873163702,in_game_wp,v1,test
401641030,2024,7,Western Kentucky,UTEP,0.8694350237973016,18.215407315483837,in_game_wp,v1,test
401643727,2024,7,New Mexico,Air Force,0.5231011853062879,1.9532968273885292,in_game_wp,v1,test
401643728,2024,7,Hawai'i,Boise State,0.12202204670865432,-14.621407579421042,in_game_wp,v1,test
401643729,2024,7,Colorado State,San José State,0.3558162381015561,-5.808717372315568,in_game_wp,v1,test
401643730,2024,7,Fresno State,Washington State,0.3731415134770628,-3.7421793250267577,in_game_wp,v1,test
401643731,2024,7,Nevada,Oregon State,0.5077174197957641,-1.1297818194186622,in_game_wp,v1,test
401643732,2024,7,Wyoming,San Diego State,0.44464997971563097,-2.60839293827118,in_game_wp,v1,test
401643733,2024,7,Utah State,UNLV,0.07113573913670594,-21.659336126374374,in_game_wp,v1,test
401643803,2024,7,James Madison,Coastal Carolina,0.7585043479789247,12.175046860418288,in_game_wp,v1,test
401643804,2024,7,Georgia Southern,Marshall,0.554861574374456,3.4532396469671958,in_game_wp,v1,test
401643805,2024,7,Georgia State,Old Dominion,0.4323829570261501,-2.062327806170294,in_game_wp,v1,test
401643806,2024,7,Louisiana,App State,0.7879293175666335,14.285684862134444,in_game_wp,v1,test
401643807,2024,7,UL Monroe,Southern Miss,0.7879293175666335,13.70813984214989,in_game_wp,v1,test
401643808,2024,7,Texas State,Arkansas State,0.8423145874694133,14.912531800386578,in_game_wp,v1,test
401644685,2024,7,Eastern Michigan,Miami (OH),0.6784983224003648,5.7840894323254775,in_game_wp,v1,test
401644742,2024,7,Western Michigan,Akron,0.8014701125058992,11.248283223627272,in_game_wp,v1,test
401644743,2024,7,Kent State,Ball State,0.44464997971563097,-2.6748803961967624,in_game_wp,v1,test
401644744,2024,7,Bowling Green,Northern Illinois,0.5339577906986226,3.70714596676265,in_game_wp,v1,test
401644745,2024,7,Buffalo,Toledo,0.23819248987554492,-10.320433646986633,in_game_wp,v1,test
401644746,2024,7,Central Michigan,Ohio,0.4609770448877394,-0.03785102225123538,in_game_wp,v1,test
401645341,2024,7,South Florida,Memphis,0.27158710036254385,-7.384107142364023,in_game_wp,v1,test
401645342,2024,7,Army,UAB,0.8657507620667089,24.745115703521805,in_game_wp,v1,test
401645343,2024,7,Florida Atlantic,North Texas,0.48425576293775013,1.0077540681788308,in_game_wp,v1,test
401645344,2024,7,Rice,UTSA,0.7057593171082679,7.152025354943484,in_game_wp,v1,test
401628392,2024,8,Arkansas,LSU,0.5262141520227859,1.1299773882790127,in_game_wp,v1,test
401628393,2024,8,Florida,Kentucky,0.5280085951891043,1.8181284183678015,in_game_wp,v1,test
401628394,2024,8,Mississippi State,Texas A&M,0.25378321293002465,-9.11504326196692,in_game_wp,v1,test
401628395,2024,8,Missouri,Auburn,0.7093166620284919,8.069539999396468,in_game_wp,v1,test
401628396,2024,8,Oklahoma,South Carolina,0.6784983224003648,5.91814059177821,in_game_wp,v1,test
401628397,2024,8,Tennessee,Alabama,0.4471554494293384,2.503676163620911,in_game_wp,v1,test
401628398,2024,8,Texas,Georgia,0.7879293175666335,14.237488967227806,in_game_wp,v1,test
401628399,2024,8,Vanderbilt,Ball State,0.9962954770512287,28.457073078170843,in_game_wp,v1,test
401628518,2024,8,Illinois,Michigan,0.5267731046392776,0.10445541260846536,in_game_wp,v1,test
401628519,2024,8,Indiana,Nebraska,0.8037925454479611,14.722256411598725,in_game_wp,v1,test
401628520,2024,8,Michigan State,Iowa,0.32521914726096446,-6.105324028043084,in_game_wp,v1,test
401628521,2024,8,Maryland,USC,0.36389489534399755,-4.749750834099752,in_game_wp,v1,test
401628522,2024,8,Northwestern,Wisconsin,0.44464997971563097,-2.8151126318301563,in_game_wp,v1,test
401628523,2024,8,Purdue,Oregon,0.19850387588943313,-19.957308427361625,in_game_wp,v1,test
401628524,2024,8,Rutgers,UCLA,0.5975707329920286,7.079261369250064,in_game_wp,v1,test
401628982,2024,8,Georgia Tech,Notre Dame,0.15054685105999405,-12.298922624054024,in_game_wp,v1,test
401629034,2024,8,UConn,Wake Forest,0.775269348317486,10.934996363541217,in_game_wp,v1,test
401634768,2024,8,Virginia Tech,Boston College,0.6932321974132383,7.703286535796048,in_game_wp,v1,test
401634769,2024,8,Duke,Florida State,0.6308356702160808,6.452302995960409,in_game_wp,v1,test
401635587,2024,8,California,NC State,0.766240572301453,12.350072446863818,in_game_wp,v1,test
401635588,2024,8,Clemson,Virginia,0.852452982574402,16.093988731498115,in_game_wp,v1,test
401635589,2024,8,Louisville,Miami,0.4609770448877394,-0.16459498684934282,in_game_wp,v1,test
401635590,2024,8,Stanford,SMU,0.07583855527756633,-16.646768464232117,in_game_wp,v1,test
401636897,2024,8,Arizona,Colorado,0.5262141520227859,1.2064764109289392,in_game_wp,v1,test
401636898,2024,8,BYU,Oklahoma State,0.7319362341316171,12.753502989202104,in_game_wp,v1,test
401636899,2024,8,Cincinnati,Arizona State,0.5796033054460699,4.273592593465818,in_game_wp,v1,test
401636900,2024,8,Iowa State,UCF,0.8014701125058992,11.20159255149276,in_game_wp,v1,test
401636901,2024,8,Kansas,Houston,0.6647535604976416,5.092604222247816,in_game_wp,v1,test
401636902,2024,8,Texas Tech,Baylor,0.6784983224003648,5.947742806924733,in_game_wp,v1,test
401636903,2024,8,Utah,TCU,0.716202013533849,4.827998827791563,in_game_wp,v1,test
401636904,2024,8,West Virginia,Kansas State,0.4323829570261501,-1.8501858565792073,in_game_wp,v1,test
401640983,2024,8,UTEP,Florida International,0.27158710036254385,-7.150601284681537,in_game_wp,v1,test
401641010,2024,8,New Mexico State,Louisiana Tech,0.36069616621778644,-5.121733390066861,in_game_wp,v1,test
401641019,2024,8,Middle Tennessee,Kennesaw State,0.6784983224003648,5.910105182729344,in_game_wp,v1,test
401641038,2024,8,Sam Houston,Western Kentucky,0.5927882833951295,4.102666319964741,in_game_wp,v1,test
401643734,2024,8,Air Force,Colorado State,0.4323829570261501,-1.5867648271016126,in_game_wp,v1,test
401643735,2024,8,Nevada,Fresno State,0.5280085951891043,1.7838236751461767,in_game_wp,v1,test
401643736,2024,8,Washington State,Hawai'i,0.8608537302727398,16.88453063595052,in_game_wp,v1,test
401643737,2024,8,Utah State,New Mexico,0.554861574374456,3.538908645462138,in_game_wp,v1,test
401643738,2024,8,San José State,Wyoming,0.8456458564285433,15.473608467548997,in_game_wp,v1,test
401643739,2024,8,Oregon State,UNLV,0.23689855707952723,-8.36677837210286,in_game_wp,v1,test
401643809,2024,8,South Alabama,Troy,0.766240572301453,12.23419439287271,in_game_wp,v1,test
401643810,2024,8,Marshall,Georgia State,0.7585043479789247,11.810539537532875,in_game_wp,v1,test
401643811,2024,8,Coastal Carolina,Louisiana,0.5262141520227859,1.1325072581976547,in_game_wp,v1,test
401643812,2024,8,Georgia Southern,James Madison,0.25378321293002465,-8.721941346722769,in_game_wp,v1,test
401643813,2024,8,Old Dominion,Texas State,0.43672614544977517,-3.4938416996992956,in_game_wp,v1,test
401643814,2024,8,Southern Miss,Arkansas State,0.4606519464280855,-0.6836389287014395,in_game_wp,v1,test
401644686,2024,8,Miami (OH),Ohio,0.6932321974132383,7.6461950055681935,in_game_wp,v1,test
401644748,2024,8,Bowling Green,Kent State,0.9683527431493655,26.487915500069796,in_game_wp,v1,test
401644749,2024,8,Buffalo,Western Michigan,0.6784983224003648,5.599341941625166,in_game_wp,v1,test
401644750,2024,8,Eastern Michigan,Central Michigan,0.7057593171082679,7.134515257999055,in_game_wp,v1,test
401644751,2024,8,Northern Illinois,Toledo,0.5231011853062879,1.9722975543718446,in_game_wp,v1,test
401645345,2024,8,South Florida,UAB,0.8014701125058992,11.168758373531675,in_game_wp,v1,test
401645346,2024,8,Army,East Carolina,0.88245194553543,19.798077698007106,in_game_wp,v1,test
401645347,2024,8,Navy,Charlotte,0.8170697795405115,17.072877300756204,in_game_wp,v1,test
401645348,2024,8,UTSA,Florida Atlantic,0.5262141520227859,1.4152106540733014,in_game_wp,v1,test
401645349,2024,8,Memphis,North Texas,0.775269348317486,10.447444160054705,in_game_wp,v1,test
401645350,2024,8,Tulane,Rice,0.8706790660337156,20.585314227974237,in_game_wp,v1,test
401645351,2024,8,Temple,Tulsa,0.68369027604823,5.2755141511870765,in_game_wp,v1,test
401628400,2024,9,Alabama,Missouri,0.7879293175666335,13.625159863990724,in_game_wp,v1,test
401628401,2024,9,Kentucky,Auburn,0.5754815595184704,2.2265397112584493,in_game_wp,v1,test
401628402,2024,9,Ole Miss,Oklahoma,0.7718298825644386,16.55083819225079,in_game_wp,v1,test
401628403,2024,9,Mississippi State,Arkansas,0.38668768950271964,-4.143600972098698,in_game_wp,v1,test
401628404,2024,9,Texas A&M,LSU,0.48425576293775013,0.9981486027283122,in_game_wp,v1,test
401628405,2024,9,Vanderbilt,Texas,0.12202204670865432,-15.296339137879173,in_game_wp,v1,test
401628525,2024,9,Oregon,Illinois,0.773312631215673,13.335643872706715,in_game_wp,v1,test
401628526,2024,9,Indiana,Washington,0.7718298825644386,16.592051193938826,in_game_wp,v1,test
401628527,2024,9,Iowa,Northwestern,0.7042508205171714,9.46974836782529,in_game_wp,v1,test
401628528,2024,9,Minnesota,Maryland,0.5138706178431527,3.7833942241933705,in_game_wp,v1,test
401628529,2024,9,Michigan,Michigan State,0.6932321974132383,7.505055951690387,in_game_wp,v1,test
401628530,2024,9,Ohio State,Nebraska,0.9769469907902337,26.066443175636195,in_game_wp,v1,test
401628531,2024,9,Wisconsin,Penn State,0.36069616621778644,-5.132089284810203,in_game_wp,v1,test
401628532,2024,9,USC,Rutgers,0.7879293175666335,13.60559995614295,in_game_wp,v1,test
401628983,2024,9,Navy,Notre Dame,0.15054685105999405,-12.074974487725068,in_game_wp,v1,test
401629035,2024,9,UConn,Rice,0.7093166620284919,8.663178651073075,in_game_wp,v1,test
401634770,2024,9,Pittsburgh,Syracuse,0.6308356702160808,6.445392640974159,in_game_wp,v1,test
401634771,2024,9,Boston College,Louisville,0.31322548733363265,-6.928680097015231,in_game_wp,v1,test
401635594,2024,9,California,Oregon State,0.6784983224003648,6.079160433487455,in_game_wp,v1,test
401635595,2024,9,Duke,SMU,0.23689855707952723,-8.60394299541618,in_game_wp,v1,test
401635596,2024,9,Miami,Florida State,0.8587992146606919,21.19182912972418,in_game_wp,v1,test
401635597,2024,9,Virginia Tech,Georgia Tech,0.6308356702160808,6.4795728194570685,in_game_wp,v1,test
401635598,2024,9,Virginia,North Carolina,0.4471554494293384,2.5397684807249377,in_game_wp,v1,test
401635599,2024,9,Stanford,Wake Forest,0.47671999984121605,-0.21106902479682876,in_game_wp,v1,test
401636905,2024,9,Arizona,West Virginia,0.4323829570261501,-1.9826591881007687,in_game_wp,v1,test
401636906,2024,9,Baylor,Oklahoma State,0.6784983224003648,5.40690221391487,in_game_wp,v1,test
401636907,2024,9,Colorado,Cincinnati,0.5134749933560657,2.669506341482459,in_game_wp,v1,test
401636908,2024,9,Houston,Utah,0.44464997971563097,-2.919710711708561,in_game_wp,v1,test
401636909,2024,9,Kansas State,Kansas,0.7093166620284919,8.478689364469378,in_game_wp,v1,test
401636910,2024,9,TCU,Texas Tech,0.6308356702160808,6.5745360406423154,in_game_wp,v1,test
401636911,2024,9,UCF,BYU,0.5077174197957641,-1.0679227980068333,in_game_wp,v1,test
401640984,2024,9,Florida International,Sam Houston,0.3558162381015561,-5.760458517315256,in_game_wp,v1,test
401640993,2024,9,Kennesaw State,Liberty,0.12977517325726012,-15.815873721622928,in_game_wp,v1,test
401641003,2024,9,Jacksonville State,Middle Tennessee,0.8706790660337156,20.594577367854,in_game_wp,v1,test
401641011,2024,9,Louisiana Tech,UTEP,0.7093166620284919,8.477187293789639,in_game_wp,v1,test
401643740,2024,9,UNLV,Boise State,0.5134749933560657,2.6869185973988507,in_game_wp,v1,test
401643741,2024,9,Colorado State,New Mexico,0.6932321974132383,7.597721396421791,in_game_wp,v1,test
401643742,2024,9,Fresno State,San José State,0.5485006618577397,3.0362871272037117,in_game_wp,v1,test
401643743,2024,9,Hawai'i,Nevada,0.4323829570261501,-1.896951762781625,in_game_wp,v1,test
401643744,2024,9,San Diego State,Washington State,0.18639775211744586,-11.435630792579584,in_game_wp,v1,test
401643745,2024,9,Wyoming,Utah State,0.5485006618577397,2.9330406916152167,in_game_wp,v1,test
401643815,2024,9,Old Dominion,Georgia Southern,0.5130596178696325,0.8025039274548575,in_game_wp,v1,test
401643816,2024,9,App State,Georgia State,0.5257228322695868,3.9144643528363545,in_game_wp,v1,test
401643817,2024,9,James Madison,Southern Miss,0.9962954770512287,28.30749411790245,in_game_wp,v1,test
401643818,2024,9,Arkansas State,Troy,0.529449279626121,-0.5050917337424163,in_game_wp,v1,test
401643819,2024,9,South Alabama,UL Monroe,0.8014701125058992,11.387088049515656,in_game_wp,v1,test
401644687,2024,9,Miami (OH),Central Michigan,0.8014701125058992,11.127599959846002,in_game_wp,v1,test
401644752,2024,9,Akron,Eastern Michigan,0.26121636687212046,-7.4645615663248535,in_game_wp,v1,test
401644753,2024,9,Ball State,Northern Illinois,0.13335922529427913,-13.535973842191137,in_game_wp,v1,test
401644754,2024,9,Toledo,Bowling Green,0.7093166620284919,8.71064957808932,in_game_wp,v1,test
401644755,2024,9,Ohio,Buffalo,0.6647535604976416,4.9863385479877556,in_game_wp,v1,test
401644756,2024,9,Western Michigan,Kent State,0.8781564569432876,20.38660009971114,in_game_wp,v1,test
401645352,2024,9,East Carolina,Temple,0.747888280995861,10.154633369351679,in_game_wp,v1,test
401645353,2024,9,Memphis,Charlotte,0.8694350237973016,17.931115079086922,in_game_wp,v1,test
401645354,2024,9,North Texas,Tulane,0.23819248987554492,-10.227038175322608,in_game_wp,v1,test
401645355,2024,9,Tulsa,UTSA,0.3698466612981735,-4.9610843377358265,in_game_wp,v1,test
401628406,2024,10,Arkansas,Ole Miss,0.27158710036254385,-7.321267136944554,in_game_wp,v1,test
401628407,2024,10,Auburn,Vanderbilt,0.6714531164514496,4.774505107202776,in_game_wp,v1,test
401628408,2024,10,Georgia,Florida,0.775269348317486,10.508562533450382,in_game_wp,v1,test
401628409,2024,10,Mississippi State,Massachusetts,0.8681640136003178,15.9710250148887,in_game_wp,v1,test
401628411,2024,10,South Carolina,Texas A&M,0.5134749933560657,2.629987412998169,in_game_wp,v1,test
401628412,2024,10,Tennessee,Kentucky,0.88245194553543,19.753540406395157,in_game_wp,v1,test
401628533,2024,10,Illinois,Minnesota,0.5262141520227859,1.2255482794497001,in_game_wp,v1,test
401628534,2024,10,Michigan State,Indiana,0.13335922529427913,-13.389939081669095,in_game_wp,v1,test
401628535,2024,10,Iowa,Wisconsin,0.6784983224003648,6.401601576647318,in_game_wp,v1,test
401628536,2024,10,Michigan,Oregon,0.31322548733363265,-6.905214674578829,in_game_wp,v1,test
401628537,2024,10,Nebraska,UCLA,0.6932321974132383,7.606829742520962,in_game_wp,v1,test
401628538,2024,10,Purdue,Northwestern,0.27158710036254385,-7.224632282855101,in_game_wp,v1,test
401628539,2024,10,Penn State,Ohio State,0.448497606330901,-3.0704316382977215,in_game_wp,v1,test
401628540,2024,10,Washington,USC,0.4434545735054379,-2.3769492142510114,in_game_wp,v1,test
401629036,2024,10,UConn,Georgia State,0.7660492970501612,13.031241787707515,in_game_wp,v1,test
401635516,2024,10,NC State,Stanford,0.6932321974132383,7.366678234672497,in_game_wp,v1,test
401635600,2024,10,Clemson,Louisville,0.5746851315952506,4.413320331072008,in_game_wp,v1,test
401635601,2024,10,Miami,Duke,0.8938718963320842,18.778767961099888,in_game_wp,v1,test
401635602,2024,10,Florida State,North Carolina,0.4609770448877394,-0.15580218702307036,in_game_wp,v1,test
401635604,2024,10,Syracuse,Virginia Tech,0.32521914726096446,-6.075700462348145,in_game_wp,v1,test
401635627,2024,10,SMU,Pittsburgh,0.7042508205171714,9.117887632246324,in_game_wp,v1,test
401636912,2024,10,Baylor,TCU,0.6120556754270379,4.498878923349918,in_game_wp,v1,test
401636913,2024,10,Houston,Kansas State,0.23819248987554492,-10.359119467816162,in_game_wp,v1,test
401636914,2024,10,Iowa State,Texas Tech,0.7879293175666335,14.038350277368504,in_game_wp,v1,test
401636915,2024,10,Oklahoma State,Arizona State,0.5280085951891043,1.5815544347277255,in_game_wp,v1,test
401636916,2024,10,UCF,Arizona,0.775269348317486,10.797446287419332,in_game_wp,v1,test
401640985,2024,10,Florida International,New Mexico State,0.7042508205171714,9.612082048584783,in_game_wp,v1,test
401640994,2024,10,Liberty,Jacksonville State,0.4609770448877394,-0.03674581151081702,in_game_wp,v1,test
401641012,2024,10,Sam Houston,Louisiana Tech,0.766240572301453,12.245785835479813,in_game_wp,v1,test
401641020,2024,10,Western Kentucky,Kennesaw State,0.9256478014111539,23.64018290632711,in_game_wp,v1,test
401641026,2024,10,UTEP,Middle Tennessee,0.6784983224003648,5.712750629189001,in_game_wp,v1,test
401643746,2024,10,Army,Air Force,0.9962954770512287,28.09302037005846,in_game_wp,v1,test
401643747,2024,10,Boise State,San Diego State,0.9256478014111539,23.622893645494095,in_game_wp,v1,test
401643748,2024,10,Nevada,Colorado State,0.716202013533849,4.826547912839262,in_game_wp,v1,test
401643749,2024,10,Fresno State,Hawai'i,0.747888280995861,10.29114857153106,in_game_wp,v1,test
401643750,2024,10,New Mexico,Wyoming,0.6784983224003648,5.77653198433511,in_game_wp,v1,test
401643820,2024,10,Texas State,Louisiana,0.6910731365912233,4.66386287216604,in_game_wp,v1,test
401643821,2024,10,App State,Old Dominion,0.3279857029161949,-5.365681533433312,in_game_wp,v1,test
401643822,2024,10,Marshall,UL Monroe,0.7010772228021325,9.914089924187628,in_game_wp,v1,test
401643823,2024,10,South Alabama,Georgia Southern,0.775269348317486,10.817626153637866,in_game_wp,v1,test
401643824,2024,10,Troy,Coastal Carolina,0.4609770448877394,-0.09727073450347312,in_game_wp,v1,test
401644757,2024,10,Akron,Buffalo,0.5040737725067659,-1.3092474590828367,in_game_wp,v1,test
401644758,2024,10,Eastern Michigan,Toledo,0.38668768950271964,-4.3374052601647755,in_game_wp,v1,test
401645356,2024,10,Charlotte,Tulane,0.12977517325726012,-16.03192502179569,in_game_wp,v1,test
401645357,2024,10,Florida Atlantic,South Florida,0.5262141520227859,1.3638487334389335,in_game_wp,v1,test
401645358,2024,10,UAB,Tulsa,0.6784983224003648,5.435862828356564,in_game_wp,v1,test
401645359,2024,10,UTSA,Memphis,0.31322548733363265,-6.9355513529765105,in_game_wp,v1,test
401645360,2024,10,Rice,Navy,0.3348187688635667,-5.9016035798741235,in_game_wp,v1,test
401628413,2024,11,LSU,Alabama,0.3698466612981735,-4.985343432223003,in_game_wp,v1,test
401628414,2024,11,Ole Miss,Georgia,0.7093166620284919,8.156592565497512,in_game_wp,v1,test
401628415,2024,11,Missouri,Oklahoma,0.5754815595184704,2.1655778509640564,in_game_wp,v1,test
401628416,2024,11,Tennessee,Mississippi State,0.8657507620667089,24.93832005330893,in_game_wp,v1,test
401628417,2024,11,Texas,Florida,0.8450890758936708,18.551736149121147,in_game_wp,v1,test
401628418,2024,11,Vanderbilt,South Carolina,0.448497606330901,-3.4621007193190723,in_game_wp,v1,test
401628541,2024,11,Indiana,Michigan,0.88245194553543,19.40779206102035,in_game_wp,v1,test
401628542,2024,11,UCLA,Iowa,0.32521914726096446,-6.152715005418873,in_game_wp,v1,test
401628543,2024,11,Oregon,Maryland,0.8938718963320842,19.324230626296206,in_game_wp,v1,test
401628544,2024,11,Rutgers,Minnesota,0.3767738704325416,-4.024943770393569,in_game_wp,v1,test
401628545,2024,11,Ohio State,Purdue,0.9819195201783018,37.88848745698937,in_game_wp,v1,test
401628546,2024,11,Penn State,Washington,0.7319362341316171,12.783340371186101,in_game_wp,v1,test
401628984,2024,11,Notre Dame,Florida State,0.9683527431493655,26.548826582397467,in_game_wp,v1,test
401629037,2024,11,UAB,UConn,0.3279857029161949,-5.446874333213911,in_game_wp,v1,test
401629045,2024,11,North Texas,Army,0.28137778869952823,-7.794539611496532,in_game_wp,v1,test
401634773,2024,11,Wake Forest,California,0.32521914726096446,-6.066329241760698,in_game_wp,v1,test
401635606,2024,11,Boston College,Syracuse,0.5796033054460699,4.223916568534112,in_game_wp,v1,test
401635607,2024,11,Virginia Tech,Clemson,0.5130596178696325,0.8618473962399857,in_game_wp,v1,test
401635608,2024,11,NC State,Duke,0.43620892624247565,-2.2156250148685217,in_game_wp,v1,test
401635609,2024,11,Georgia Tech,Miami,0.2707132109323179,-9.488135429755086,in_game_wp,v1,test
401635610,2024,11,Pittsburgh,Virginia,0.773312631215673,13.28248889071386,in_game_wp,v1,test
401636917,2024,11,Arizona State,UCF,0.5754815595184704,2.183626870115134,in_game_wp,v1,test
401636918,2024,11,Cincinnati,West Virginia,0.7057593171082679,7.152312098163739,in_game_wp,v1,test
401636919,2024,11,Kansas,Iowa State,0.448497606330901,-3.168163015728406,in_game_wp,v1,test
401636920,2024,11,TCU,Oklahoma State,0.7093166620284919,8.300694212561789,in_game_wp,v1,test
401636921,2024,11,Texas Tech,Colorado,0.47671999984121605,-0.24540270365191974,in_game_wp,v1,test
401636922,2024,11,Utah,BYU,0.3767738704325416,-4.057963497676246,in_game_wp,v1,test
401640995,2024,11,Middle Tennessee,Liberty,0.23689855707952723,-8.392910769260833,in_game_wp,v1,test
401641004,2024,11,Louisiana Tech,Jacksonville State,0.23689855707952723,-8.368563997300319,in_game_wp,v1,test
401641021,2024,11,UTEP,Kennesaw State,0.68369027604823,5.273599003370187,in_game_wp,v1,test
401641036,2024,11,New Mexico State,Western Kentucky,0.12977517325726012,-15.644942504274926,in_game_wp,v1,test
401643751,2024,11,Air Force,Fresno State,0.27158710036254385,-7.315493603112142,in_game_wp,v1,test
401643752,2024,11,Boise State,Nevada,0.8657507620667089,25.12346558777145,in_game_wp,v1,test
401643753,2024,11,Hawai'i,UNLV,0.11490500519492726,-13.931955912754646,in_game_wp,v1,test
401643754,2024,11,San Diego State,New Mexico,0.7093166620284919,8.807761949042664,in_game_wp,v1,test
401643755,2024,11,Oregon State,San José State,0.6910731365912233,4.69864068799199,in_game_wp,v1,test
401643756,2024,11,Washington State,Utah State,0.9256478014111539,22.88037016274313,in_game_wp,v1,test
401643825,2024,11,Coastal Carolina,App State,0.6784983224003648,6.067088366247425,in_game_wp,v1,test
401643826,2024,11,James Madison,Georgia State,0.8781564569432876,20.009860620487494,in_game_wp,v1,test
401643827,2024,11,Louisiana,Arkansas State,0.852452982574402,16.291866427074055,in_game_wp,v1,test
401643828,2024,11,UL Monroe,Texas State,0.3767738704325416,-4.039277653737317,in_game_wp,v1,test
401643829,2024,11,Southern Miss,Marshall,0.1399823316071244,-11.639594395578513,in_game_wp,v1,test
401644688,2024,11,Ball State,Miami (OH),0.1444440221279581,-12.624479639873226,in_game_wp,v1,test
401644760,2024,11,Central Michigan,Bowling Green,0.2513544637786443,-7.596485021533095,in_game_wp,v1,test
401644761,2024,11,Kent State,Ohio,0.09765721761444746,-17.6433796550709,in_game_wp,v1,test
401644762,2024,11,Western Michigan,Northern Illinois,0.4323829570261501,-2.053762759070004,in_game_wp,v1,test
401645361,2024,11,East Carolina,Florida Atlantic,0.7093166620284919,8.084850723818942,in_game_wp,v1,test
401645362,2024,11,Memphis,Rice,0.7042508205171714,9.288681954655338,in_game_wp,v1,test
401645363,2024,11,South Florida,Navy,0.4323829570261501,-1.6972571797655762,in_game_wp,v1,test
401645364,2024,11,Tulane,Temple,0.9962954770512287,30.691654910779278,in_game_wp,v1,test
401628419,2024,12,Arkansas,Texas,0.1444440221279581,-12.777245013626942,in_game_wp,v1,test
401628420,2024,12,Florida,LSU,0.43620892624247565,-2.167470447015929,in_game_wp,v1,test
401628421,2024,12,Georgia,Tennessee,0.5485006618577397,2.980668150955583,in_game_wp,v1,test
401628423,2024,12,South Carolina,Missouri,0.8022990688285825,11.050332004241863,in_game_wp,v1,test
401628424,2024,12,Texas A&M,New Mexico State,0.9569488127335619,33.514433804868354,in_game_wp,v1,test
401628426,2024,12,Auburn,UL Monroe,0.7718298825644386,16.646852397758504,in_game_wp,v1,test
401628547,2024,12,Illinois,Michigan State,0.6932321974132383,7.3721363663271315,in_game_wp,v1,test
401628548,2024,12,Maryland,Rutgers,0.5746851315952506,4.31380172735545,in_game_wp,v1,test
401628549,2024,12,USC,Nebraska,0.7715118216941832,11.489416798990433,in_game_wp,v1,test
401628550,2024,12,Northwestern,Ohio State,0.0768347481971466,-24.33703709505283,in_game_wp,v1,test
401628551,2024,12,Wisconsin,Oregon,0.23819248987554492,-9.96498264795025,in_game_wp,v1,test
401628552,2024,12,Purdue,Penn State,0.0768347481971466,-25.102980998542492,in_game_wp,v1,test
401628553,2024,12,Washington,UCLA,0.622932109850588,6.702780615898703,in_game_wp,v1,test
401628985,2024,12,Notre Dame,Virginia,0.9962954770512287,27.35386166491877,in_game_wp,v1,test
401629046,2024,12,Massachusetts,Liberty,0.2707132109323179,-9.565142673153353,in_game_wp,v1,test
401635517,2024,12,Stanford,Louisville,0.07113573913670594,-20.328051216844003,in_game_wp,v1,test
401635580,2024,12,SMU,Boston College,0.8456458564285433,15.403673382722172,in_game_wp,v1,test
401635581,2024,12,California,Syracuse,0.5975707329920286,6.937589349759657,in_game_wp,v1,test
401635582,2024,12,Pittsburgh,Clemson,0.43672614544977517,-3.5502407875105852,in_game_wp,v1,test
401635583,2024,12,North Carolina,Wake Forest,0.773312631215673,13.1914212989631,in_game_wp,v1,test
401636923,2024,12,Arizona,Houston,0.5077174197957641,-1.0517368476501998,in_game_wp,v1,test
401636924,2024,12,BYU,Kansas,0.6647535604976416,5.098304030611421,in_game_wp,v1,test
401636925,2024,12,Colorado,Utah,0.6932321974132383,7.367068037978448,in_game_wp,v1,test
401636926,2024,12,Iowa State,Cincinnati,0.7093166620284919,8.144045669382933,in_game_wp,v1,test
401636927,2024,12,Kansas State,Arizona State,0.7093166620284919,8.184201525306129,in_game_wp,v1,test
401636929,2024,12,West Virginia,Baylor,0.5134749933560657,2.6500458346911717,in_game_wp,v1,test
401640986,2024,12,Jacksonville State,Florida International,0.7585043479789247,12.181885508611682,in_game_wp,v1,test
401641013,2024,12,Western Kentucky,Louisiana Tech,0.7879293175666335,14.272706324609395,in_game_wp,v1,test
401641022,2024,12,Kennesaw State,Sam Houston,0.15054685105999405,-12.194473265588282,in_game_wp,v1,test
401643757,2024,12,Air Force,Oregon State,0.3731415134770628,-3.868000470463678,in_game_wp,v1,test
401643758,2024,12,San José State,Boise State,0.222225581790291,-11.1310996863842,in_game_wp,v1,test
401643759,2024,12,Colorado State,Wyoming,0.775269348317486,10.863472737253916,in_game_wp,v1,test
401643760,2024,12,Utah State,Hawai'i,0.3731415134770628,-3.739728462646097,in_game_wp,v1,test
401643761,2024,12,New Mexico,Washington State,0.12202204670865432,-14.353004073894809,in_game_wp,v1,test
401643762,2024,12,UNLV,San Diego State,0.9500219945514468,22.169279942753,in_game_wp,v1,test
401643830,2024,12,Georgia Southern,Troy,0.7042508205171714,9.236483379265252,in_game_wp,v1,test
401643831,2024,12,Georgia State,Arkansas State,0.6784983224003648,5.5827320451550255,in_game_wp,v1,test
401643832,2024,12,Marshall,Coastal Carolina,0.7093166620284919,7.990476502390676,in_game_wp,v1,test
401643833,2024,12,Old Dominion,James Madison,0.38668768950271964,-4.43896549004595,in_game_wp,v1,test
401643834,2024,12,Louisiana,South Alabama,0.5339577906986226,3.6447030782809713,in_game_wp,v1,test
401643835,2024,12,Texas State,Southern Miss,0.9179324706583161,24.20604570392683,in_game_wp,v1,test
401644689,2024,12,Miami (OH),Kent State,0.9962954770512287,30.932346398319876,in_game_wp,v1,test
401644763,2024,12,Buffalo,Ball State,0.7093166620284919,8.774108295978579,in_game_wp,v1,test
401644764,2024,12,Bowling Green,Western Michigan,0.775269348317486,10.851564106404396,in_game_wp,v1,test
401644765,2024,12,Toledo,Central Michigan,0.8681640136003178,15.852160965628784,in_game_wp,v1,test
401644766,2024,12,Northern Illinois,Akron,0.8938718963320842,19.19726313920964,in_game_wp,v1,test
401644767,2024,12,Ohio,Eastern Michigan,0.7093166620284919,8.434745971433411,in_game_wp,v1,test
401645365,2024,12,Tulsa,East Carolina,0.1399823316071244,-11.708860310906886,in_game_wp,v1,test
401645366,2024,12,UTSA,North Texas,0.5267731046392776,0.14314738201505106,in_game_wp,v1,test
401645367,2024,12,Memphis,UAB,0.8681640136003178,15.699552670357164,in_game_wp,v1,test
401645368,2024,12,Charlotte,South Florida,0.4323829570261501,-1.6575511730281383,in_game_wp,v1,test
401645369,2024,12,Temple,Florida Atlantic,0.5212841720668582,-0.31325722028582614,in_game_wp,v1,test
401645370,2024,12,Navy,Tulane,0.3348187688635667,-5.856313201039474,in_game_wp,v1,test
401628427,2024,13,Arkansas,Louisiana Tech,0.8781564569432876,20.051032327692692,in_game_wp,v1,test
401628428,2024,13,Auburn,Texas A&M,0.4606519464280855,-0.6738860952944488,in_game_wp,v1,test
401628429,2024,13,Florida,Ole Miss,0.1444440221279581,-12.651224630603878,in_game_wp,v1,test
401628430,2024,13,Georgia,Massachusetts,0.9819195201783018,37.852772822599846,in_game_wp,v1,test
401628431,2024,13,LSU,Vanderbilt,0.7093166620284919,7.993499587680811,in_game_wp,v1,test
401628432,2024,13,Mississippi State,Missouri,0.27158710036254385,-7.156616558739088,in_game_wp,v1,test
401628433,2024,13,Oklahoma,Alabama,0.23819248987554492,-10.269688381495765,in_game_wp,v1,test
401628435,2024,13,Tennessee,UTEP,0.9819195201783018,37.17286594382846,in_game_wp,v1,test
401628436,2024,13,Texas,Kentucky,0.8599661959766178,21.90697234095494,in_game_wp,v1,test
401628554,2024,13,Rutgers,Illinois,0.5262141520227859,1.366002595503852,in_game_wp,v1,test
401628555,2024,13,Ohio State,Indiana,0.7093166620284919,8.388583699640183,in_game_wp,v1,test
401628556,2024,13,Maryland,Iowa,0.28780064535210004,-6.444615824892692,in_game_wp,v1,test
401628557,2024,13,Michigan,Northwestern,0.7042508205171714,9.426948890873069,in_game_wp,v1,test
401628558,2024,13,Michigan State,Purdue,0.8037925454479611,14.565923006524104,in_game_wp,v1,test
401628559,2024,13,Minnesota,Penn State,0.28137778869952823,-7.793235391084071,in_game_wp,v1,test
401628560,2024,13,Nebraska,Wisconsin,0.5231011853062879,2.1040235905236258,in_game_wp,v1,test
401628561,2024,13,UCLA,USC,0.3348187688635667,-5.900022723145044,in_game_wp,v1,test
401628572,2024,13,Oregon State,Washington State,0.2513544637786443,-7.608043940306462,in_game_wp,v1,test
401634772,2024,13,Georgia Tech,NC State,0.7899041410620369,12.924135285227191,in_game_wp,v1,test
401635518,2024,13,Syracuse,UConn,0.6932321974132383,7.695033538400606,in_game_wp,v1,test
401635612,2024,13,Boston College,North Carolina,0.5280085951891043,1.6683491277850497,in_game_wp,v1,test
401635613,2024,13,California,Stanford,0.865370839862553,15.267504842095443,in_game_wp,v1,test
401635615,2024,13,Duke,Virginia Tech,0.4323829570261501,-1.813835294920453,in_game_wp,v1,test
401635617,2024,13,Louisville,Pittsburgh,0.775269348317486,10.557306890258054,in_game_wp,v1,test
401635618,2024,13,Miami,Wake Forest,0.8657507620667089,24.889167683694975,in_game_wp,v1,test
401635619,2024,13,Virginia,SMU,0.222225581790291,-11.116357611192415,in_game_wp,v1,test
401636930,2024,13,Arizona State,BYU,0.5262141520227859,1.3602871362527496,in_game_wp,v1,test
401636931,2024,13,Houston,Baylor,0.36389489534399755,-4.729578667045191,in_game_wp,v1,test
401636932,2024,13,Kansas,Colorado,0.5130596178696325,0.5410663022804343,in_game_wp,v1,test
401636933,2024,13,Kansas State,Cincinnati,0.7093166620284919,8.903891293213606,in_game_wp,v1,test
401636934,2024,13,Oklahoma State,Texas Tech,0.5267731046392776,0.22537106433559417,in_game_wp,v1,test
401636935,2024,13,TCU,Arizona,0.766240572301453,12.333635189165305,in_game_wp,v1,test
401636936,2024,13,Utah,Iowa State,0.38668768950271964,-4.164560571007419,in_game_wp,v1,test
401636937,2024,13,West Virginia,UCF,0.5077174197957641,-1.1673709833507853,in_game_wp,v1,test
401640959,2024,13,Notre Dame,Army,0.7319362341316171,12.684593734009527,in_game_wp,v1,test
401640987,2024,13,Kennesaw State,Florida International,0.27158710036254385,-7.270071833618214,in_game_wp,v1,test
401640996,2024,13,Liberty,Western Kentucky,0.5130596178696325,0.8579786345027931,in_game_wp,v1,test
401641005,2024,13,Jacksonville State,Sam Houston,0.622932109850588,6.732565245984617,in_game_wp,v1,test
401641027,2024,13,Middle Tennessee,New Mexico State,0.68369027604823,5.156764569214733,in_game_wp,v1,test
401643763,2024,13,Nevada,Air Force,0.6784983224003648,5.3720094162016245,in_game_wp,v1,test
401643764,2024,13,Wyoming,Boise State,0.07113573913670594,-21.591312159528837,in_game_wp,v1,test
401643765,2024,13,Fresno State,Colorado State,0.6784983224003648,5.821238530234266,in_game_wp,v1,test
401643766,2024,13,Utah State,San Diego State,0.554861574374456,3.5656625447181667,in_game_wp,v1,test
401643767,2024,13,San José State,UNLV,0.25378321293002465,-8.982704509809796,in_game_wp,v1,test
401643836,2024,13,App State,James Madison,0.222225581790291,-11.123079227775381,in_game_wp,v1,test
401643837,2024,13,Coastal Carolina,Georgia Southern,0.5262141520227859,1.566199318352004,in_game_wp,v1,test
401643838,2024,13,Old Dominion,Marshall,0.5447985756990616,3.238983627140406,in_game_wp,v1,test
401643839,2024,13,Arkansas State,UL Monroe,0.5262141520227859,1.1823120324091767,in_game_wp,v1,test
401643840,2024,13,Louisiana,Troy,0.766240572301453,12.488710254517656,in_game_wp,v1,test
401643841,2024,13,Southern Miss,South Alabama,0.07113573913670594,-20.476134237543505,in_game_wp,v1,test
401643842,2024,13,Texas State,Georgia State,0.8781564569432876,20.09075619934562,in_game_wp,v1,test
401644690,2024,13,Miami (OH),Northern Illinois,0.5796033054460699,4.231462956680785,in_game_wp,v1,test
401644769,2024,13,Kent State,Akron,0.2513544637786443,-7.699378181418139,in_game_wp,v1,test
401644770,2024,13,Central Michigan,Western Michigan,0.5077174197957641,-0.7937052168810905,in_game_wp,v1,test
401644772,2024,13,Eastern Michigan,Buffalo,0.68369027604823,5.263086491782282,in_game_wp,v1,test
401644773,2024,13,Toledo,Ohio,0.6784983224003648,5.767506259314539,in_game_wp,v1,test
401644774,2024,13,Ball State,Bowling Green,0.1399823316071244,-11.59867482209149,in_game_wp,v1,test
401645371,2024,13,Florida Atlantic,Charlotte,0.5138706178431527,3.7829926956790447,in_game_wp,v1,test
401645372,2024,13,North Texas,East Carolina,0.5134749933560657,2.593510638727418,in_game_wp,v1,test
401645373,2024,13,UAB,Rice,0.36389489534399755,-4.735254126833006,in_game_wp,v1,test
401645374,2024,13,UTSA,Temple,0.7879293175666335,14.144464503049896,in_game_wp,v1,test
401645375,2024,13,South Florida,Tulsa,0.8938718963320842,18.746195643020172,in_game_wp,v1,test
401628437,2024,14,Alabama,Auburn,0.7918132185282531,16.76280010050599,in_game_wp,v1,test
401628438,2024,14,Florida State,Florida,0.2519065369304993,-8.083595527585889,in_game_wp,v1,test
401628439,2024,14,Georgia,Georgia Tech,0.8142735676515831,16.36347839560695,in_game_wp,v1,test
401628440,2024,14,Kentucky,Louisville,0.38668768950271964,-4.362639742150563,in_game_wp,v1,test
401628441,2024,14,LSU,Oklahoma,0.5485006618577397,3.156768722603376,in_game_wp,v1,test
401628442,2024,14,Ole Miss,Mississippi State,0.9962954770512287,28.633143918247015,in_game_wp,v1,test
401628443,2024,14,Missouri,Arkansas,0.6784983224003648,6.235628922067157,in_game_wp,v1,test
401628444,2024,14,Clemson,South Carolina,0.48425576293775013,1.042903692493077,in_game_wp,v1,test
401628445,2024,14,Texas A&M,Texas,0.2513544637786443,-7.754123660429773,in_game_wp,v1,test
401628446,2024,14,Vanderbilt,Tennessee,0.23689855707952723,-8.618745332470063,in_game_wp,v1,test
401628562,2024,14,Iowa,Nebraska,0.747888280995861,10.063419148533582,in_game_wp,v1,test
401628563,2024,14,Northwestern,Illinois,0.2519065369304993,-8.054459229680305,in_game_wp,v1,test
401628564,2024,14,Indiana,Purdue,0.9569488127335619,33.86723499904562,in_game_wp,v1,test
401628565,2024,14,Penn State,Maryland,0.9169647598686674,22.432387034520175,in_game_wp,v1,test
401628566,2024,14,Ohio State,Michigan,0.8587992146606919,20.879237420984005,in_game_wp,v1,test
401628567,2024,14,Michigan State,Rutgers,0.5267731046392776,0.13744195991538088,in_game_wp,v1,test
401628568,2024,14,Wisconsin,Minnesota,0.47671999984121605,-0.19843484209207363,in_game_wp,v1,test
401628569,2024,14,Oregon,Washington,0.8456458564285433,15.345062570593958,in_game_wp,v1,test
401628570,2024,14,UCLA,Fresno State,0.7093166620284919,7.934422889910633,in_game_wp,v1,test
401628571,2024,14,USC,Notre Dame,0.25378321293002465,-9.396472260467567,in_game_wp,v1,test
401629038,2024,14,Massachusetts,UConn,0.3134495356396575,-10.531131423115774,in_game_wp,v1,test
401635620,2024,14,Boston College,Pittsburgh,0.5138706178431527,3.7710765169577045,in_game_wp,v1,test
401635621,2024,14,SMU,California,0.8681640136003178,15.959682867133713,in_game_wp,v1,test
401635622,2024,14,Wake Forest,Duke,0.3767738704325416,-4.038881627862426,in_game_wp,v1,test
401635623,2024,14,Syracuse,Miami,0.222225581790291,-11.145632958510493,in_game_wp,v1,test
401635624,2024,14,North Carolina,NC State,0.7093166620284919,8.919497616148242,in_game_wp,v1,test
401635625,2024,14,San José State,Stanford,0.6308356702160808,6.5984572231199765,in_game_wp,v1,test
401635640,2024,14,Virginia Tech,Virginia,0.7879293175666335,14.323115499121046,in_game_wp,v1,test
401636938,2024,14,Colorado,Oklahoma State,0.7879293175666335,13.659801002047848,in_game_wp,v1,test
401636939,2024,14,UCF,Utah,0.6932321974132383,7.578284621955711,in_game_wp,v1,test
401636940,2024,14,Arizona,Arizona State,0.2513544637786443,-7.775524603373068,in_game_wp,v1,test
401636941,2024,14,Baylor,Kansas,0.529449279626121,-0.6067269878178863,in_game_wp,v1,test
401636942,2024,14,BYU,Houston,0.852452982574402,16.290452470316644,in_game_wp,v1,test
401636943,2024,14,Cincinnati,TCU,0.5130596178696325,0.5435452394090401,in_game_wp,v1,test
401636944,2024,14,Iowa State,Kansas State,0.5447985756990616,3.2896691208736843,in_game_wp,v1,test
401636945,2024,14,Texas Tech,West Virginia,0.4471554494293384,2.5073590056512467,in_game_wp,v1,test
401640988,2024,14,Florida International,Middle Tennessee,0.8022990688285825,10.964568079372073,in_game_wp,v1,test
401640997,2024,14,Sam Houston,Liberty,0.5394263802669865,2.8479423012670395,in_game_wp,v1,test
401641006,2024,14,Western Kentucky,Jacksonville State,0.48425576293775013,1.0153357397621634,in_game_wp,v1,test
401641014,2024,14,Louisiana Tech,Kennesaw State,0.7585043479789247,11.689912247668504,in_game_wp,v1,test
401641031,2024,14,New Mexico State,UTEP,0.5257228322695868,3.8750077119791566,in_game_wp,v1,test
401643768,2024,14,San Diego State,Air Force,0.5262141520227859,1.3185824317956385,in_game_wp,v1,test
401643769,2024,14,Boise State,Oregon State,0.8587992146606919,21.06463790081716,in_game_wp,v1,test
401643770,2024,14,Colorado State,Utah State,0.5975707329920286,6.996954636883562,in_game_wp,v1,test
401643771,2024,14,Hawai'i,New Mexico,0.5927882833951295,4.111931824919301,in_game_wp,v1,test
401643772,2024,14,UNLV,Nevada,0.8587992146606919,20.876300014139424,in_game_wp,v1,test
401643773,2024,14,Washington State,Wyoming,0.8938718963320842,19.130057584627494,in_game_wp,v1,test
401643843,2024,14,South Alabama,Texas State,0.6714531164514496,4.703676042813295,in_game_wp,v1,test
401643844,2024,14,Georgia Southern,App State,0.7093166620284919,8.492778294429165,in_game_wp,v1,test
401643845,2024,14,Georgia State,Coastal Carolina,0.5130596178696325,0.38926700427144745,in_game_wp,v1,test
401643846,2024,14,James Madison,Marshall,0.7093166620284919,7.729655737959548,in_game_wp,v1,test
401643847,2024,14,Arkansas State,Old Dominion,0.28780064535210004,-6.255316825877799,in_game_wp,v1,test
401643848,2024,14,UL Monroe,Louisiana,0.2707132109323179,-9.52577524262694,in_game_wp,v1,test
401643849,2024,14,Troy,Southern Miss,0.8694350237973016,18.023773944007544,in_game_wp,v1,test
401644691,2024,14,Bowling Green,Miami (OH),0.6910731365912233,4.696971397313494,in_game_wp,v1,test
401644775,2024,14,Akron,Toledo,0.23819248987554492,-10.164030058585956,in_game_wp,v1,test
401644776,2024,14,Buffalo,Kent State,0.9256478014111539,22.874763791918923,in_game_wp,v1,test
401644777,2024,14,Ohio,Ball State,0.8781564569432876,20.22492026878539,in_game_wp,v1,test
401644779,2024,14,Northern Illinois,Central Michigan,0.8456458564285433,15.485683394651568,in_game_wp,v1,test
401644780,2024,14,Western Michigan,Eastern Michigan,0.6784983224003648,5.452939188497767,in_game_wp,v1,test
401645376,2024,14,Tulane,Memphis,0.8142735676515831,16.47252325174433,in_game_wp,v1,test
401645377,2024,14,Charlotte,UAB,0.5581279566032963,2.4201334723099155,in_game_wp,v1,test
401645378,2024,14,Army,UTSA,0.8456458564285433,15.293208361842433,in_game_wp,v1,test
401645379,2024,14,East Carolina,Navy,0.5077174197957641,-1.054640836194669,in_game_wp,v1,test
401645380,2024,14,Tulsa,Florida Atlantic,0.4862937879233298,-1.5349264814354342,in_game_wp,v1,test
401645381,2024,14,Temple,North Texas,0.31322548733363265,-6.77944473943589,in_game_wp,v1,test
401645382,2024,14,Rice,South Florida,0.529449279626121,-0.619929499378518,in_game_wp,v1,test
401673462,2024,15,Army,Tulane,0.3731415134770628,-3.7542783693600654,in_game_wp,v1,test
401673463,2024,15,SMU,Clemson,0.5257228322695868,3.9815202193701023,in_game_wp,v1,test
401673464,2024,15,Oregon,Penn State,0.5077174197957641,-0.8380490483901788,in_game_wp,v1,test
401673465,2024,15,Arizona State,Iowa State,0.4606519464280855,-0.6917383584942325,in_game_wp,v1,test
401673466,2024,15,Jacksonville State,Western Kentucky,0.6784983224003648,6.222785036410811,in_game_wp,v1,test
401673467,2024,15,Miami (OH),Ohio,0.5130596178696325,0.591248258228287,in_game_wp,v1,test
401673468,2024,15,Boise State,UNLV,0.716202013533849,4.8069765534084095,in_game_wp,v1,test
401673469,2024,15,Texas,Georgia,0.6784983224003648,5.857703976501401,in_game_wp,v1,test
401673470,2024,15,Louisiana,Marshall,0.6784983224003648,6.0298371365059,in_game_wp,v1,test
401752665,2025,1,Florida State,Alabama,0.23689855707952723,-8.508952727092908,in_game_wp,v1,test
401752667,2025,1,Baylor,Auburn,0.4471554494293384,2.5544640033495063,in_game_wp,v1,test
401752669,2025,1,Georgia,Marshall,0.7042508205171714,9.421289624114257,in_game_wp,v1,test
401752670,2025,1,Kentucky,Toledo,0.68369027604823,5.318370770107803,in_game_wp,v1,test
401752671,2025,1,Clemson,LSU,0.5447985756990616,3.4075798712526257,in_game_wp,v1,test
401752672,2025,1,Ole Miss,Georgia State,0.8170697795405115,17.38356538488992,in_game_wp,v1,test
401752673,2025,1,Southern Miss,Mississippi State,0.28780064535210004,-6.3286593185038456,in_game_wp,v1,test
401752676,2025,1,Tennessee,Syracuse,0.5975707329920286,6.975333000185314,in_game_wp,v1,test
401752677,2025,1,Ohio State,Texas,0.5394263802669865,2.8669623655327765,in_game_wp,v1,test
401752678,2025,1,Texas A&M,UTSA,0.7010772228021325,9.86846952664138,in_game_wp,v1,test
401752680,2025,1,South Carolina,Virginia Tech,0.5134749933560657,2.7037113238407793,in_game_wp,v1,test
401752793,2025,1,Minnesota,Buffalo,0.7010772228021325,9.86519687375203,in_game_wp,v1,test
401752794,2025,1,Rutgers,Ohio,0.6224653791883044,2.7639970800668556,in_game_wp,v1,test
401752796,2025,1,Cincinnati,Nebraska,0.5040737725067659,-1.3243377851638871,in_game_wp,v1,test
401752797,2025,1,Maryland,Florida Atlantic,0.6308356702160808,6.529383910981273,in_game_wp,v1,test
401752798,2025,1,USC,Missouri State,0.773312631215673,13.310225897181615,in_game_wp,v1,test
401752800,2025,1,UCLA,Utah,0.5231011853062879,1.9514987245411963,in_game_wp,v1,test
401752801,2025,1,Purdue,Ball State,0.5447985756990616,3.2872558441351476,in_game_wp,v1,test
401752802,2025,1,Michigan State,Western Michigan,0.6404927305255931,4.566199525648804,in_game_wp,v1,test
401752803,2025,1,Tulane,Northwestern,0.775269348317486,10.348973658456202,in_game_wp,v1,test
401752805,2025,1,Washington,Colorado State,0.6932321974132383,7.362202735842984,in_game_wp,v1,test
401752806,2025,1,Indiana,Old Dominion,0.7585043479789247,12.038258876962356,in_game_wp,v1,test
401752807,2025,1,Penn State,Nevada,0.8037925454479611,14.590799428596458,in_game_wp,v1,test
401752808,2025,1,Michigan,New Mexico,0.7585043479789247,12.045668688978916,in_game_wp,v1,test
401752936,2025,1,Oregon State,California,0.5077174197957641,-1.0489162690055616,in_game_wp,v1,test
401754373,2025,1,NC State,East Carolina,0.5339577906986226,3.6199225674690765,in_game_wp,v1,test
401754374,2025,1,Wake Forest,Kennesaw State,0.7042508205171714,9.46997938766766,in_game_wp,v1,test
401754375,2025,1,Colorado,Georgia Tech,0.5138706178431527,3.7597824131512865,in_game_wp,v1,test
401754516,2025,1,Hawai'i,Stanford,0.48425576293775013,1.025144988327964,in_game_wp,v1,test
401754522,2025,1,Miami,Notre Dame,0.529449279626121,-0.5695731011598042,in_game_wp,v1,test
401754523,2025,1,North Carolina,TCU,0.5262141520227859,1.2997353470378896,in_game_wp,v1,test
401754616,2025,1,Virginia,Coastal Carolina,0.5339577906986226,3.745016410796005,in_game_wp,v1,test
401756846,2025,1,Kansas State,Iowa State,0.5130596178696325,0.4662829054875739,in_game_wp,v1,test
401756847,2025,1,Kansas,Fresno State,0.7093166620284919,7.914780230192871,in_game_wp,v1,test
401756848,2025,1,UCF,Jacksonville State,0.5339577906986226,3.7311183658379363,in_game_wp,v1,test
401756849,2025,1,Arizona,Hawai'i,0.5796033054460699,4.258927458299921,in_game_wp,v1,test
401757218,2025,1,Western Kentucky,Sam Houston,0.4471554494293384,2.489432059636096,in_game_wp,v1,test
401757224,2025,1,Sam Houston,UNLV,0.3558162381015561,-5.793212734791306,in_game_wp,v1,test
401757225,2025,1,Utah State,UTEP,0.6308356702160808,6.565840510288774,in_game_wp,v1,test
401760358,2025,1,San José State,Central Michigan,0.6308356702160808,6.4522294311390365,in_game_wp,v1,test
401760361,2025,1,Fresno State,Georgia Southern,0.5280085951891043,1.611482129334611,in_game_wp,v1,test
401761589,2025,1,Charlotte,App State,0.4434545735054379,-2.387438402910534,in_game_wp,v1,test
401761592,2025,1,Louisiana,Rice,0.6784983224003648,6.136732615022559,in_game_wp,v1,test
401761594,2025,1,Texas State,Eastern Michigan,0.7042508205171714,9.215291352975814,in_game_wp,v1,test
401762456,2025,1,Massachusetts,Temple,0.5485006618577397,2.9493223338486088,in_game_wp,v1,test
401762522,2025,1,South Florida,Boise State,0.448497606330901,-3.0975339673235514,in_game_wp,v1,test
401762789,2025,1,Akron,Wyoming,0.5280085951891043,1.7293358416502755,in_game_wp,v1,test
401762791,2025,1,Wisconsin,Miami (OH),0.5138706178431527,3.806651388226637,in_game_wp,v1,test
401752681,2025,2,Alabama,UL Monroe,0.865370839862553,15.225343408169463,in_game_wp,v1,test
401752682,2025,2,Arkansas,Arkansas State,0.773312631215673,13.13032587553662,in_game_wp,v1,test
401752683,2025,2,Auburn,Ball State,0.9769469907902337,25.945997165928887,in_game_wp,v1,test
401752684,2025,2,Florida,South Florida,0.8014701125058992,11.216530267096077,in_game_wp,v1,test
401752686,2025,2,Kentucky,Ole Miss,0.25378321293002465,-8.835592310866998,in_game_wp,v1,test
401752687,2025,2,LSU,Louisiana Tech,0.8450890758936708,18.597257801917493,in_game_wp,v1,test
401752688,2025,2,Mississippi State,Arizona State,0.6932321974132383,7.338901919968384,in_game_wp,v1,test
401752689,2025,2,Missouri,Kansas,0.7093166620284919,8.38603681601105,in_game_wp,v1,test
401752690,2025,2,Oklahoma,Michigan,0.6784983224003648,5.80610342121825,in_game_wp,v1,test
401752693,2025,2,Texas,San José State,0.8587992146606919,21.085390671423475,in_game_wp,v1,test
401752694,2025,2,Texas A&M,Utah State,0.8142735676515831,16.38995009303529,in_game_wp,v1,test
401752695,2025,2,Virginia Tech,Vanderbilt,0.5447985756990616,3.3075665474760836,in_game_wp,v1,test
401752810,2025,2,Nebraska,Akron,0.8694350237973016,17.626957647286496,in_game_wp,v1,test
401752811,2025,2,Penn State,Florida International,0.8938718963320842,19.28970003940408,in_game_wp,v1,test
401752812,2025,2,Indiana,Kennesaw State,0.8587992146606919,21.332408830881505,in_game_wp,v1,test
401752814,2025,2,USC,Georgia Southern,0.939805475390844,25.39394490897257,in_game_wp,v1,test
401752816,2025,2,Michigan State,Boston College,0.4323829570261501,-2.023577095658034,in_game_wp,v1,test
401752818,2025,2,Rutgers,Miami (OH),0.7093166620284919,9.107614135845438,in_game_wp,v1,test
401752820,2025,2,Wisconsin,Middle Tennessee,0.9962954770512287,27.83654849148136,in_game_wp,v1,test
401752822,2025,2,Iowa State,Iowa,0.7042508205171714,9.62496740607922,in_game_wp,v1,test
401752823,2025,2,UNLV,UCLA,0.7879293175666335,13.485966682060667,in_game_wp,v1,test
401752824,2025,2,Oregon,Oklahoma State,0.8706790660337156,20.746499864985708,in_game_wp,v1,test
401752825,2025,2,Duke,Illinois,0.5130596178696325,0.4814985181742424,in_game_wp,v1,test
401752826,2025,2,Maryland,Northern Illinois,0.7918132185282531,16.798142843291515,in_game_wp,v1,test
401752937,2025,2,Oregon State,Fresno State,0.5040737725067659,-1.36141164804524,in_game_wp,v1,test
401752948,2025,2,Washington State,San Diego State,0.5262141520227859,1.4288154793332826,in_game_wp,v1,test
401754524,2025,2,NC State,Virginia,0.4609770448877394,0.009578082376785702,in_game_wp,v1,test
401754525,2025,2,SMU,Baylor,0.766240572301453,12.382230440239457,in_game_wp,v1,test
401754526,2025,2,BYU,Stanford,0.9256478014111539,22.788431726112556,in_game_wp,v1,test
401754527,2025,2,Charlotte,North Carolina,0.5339577906986226,3.7038513943982494,in_game_wp,v1,test
401754528,2025,2,Louisville,James Madison,0.7042508205171714,9.6382094044819,in_game_wp,v1,test
401754529,2025,2,Pittsburgh,Central Michigan,0.852452982574402,16.21895005576905,in_game_wp,v1,test
401754618,2025,2,Syracuse,UConn,0.5231011853062879,2.0507411544100096,in_game_wp,v1,test
401754637,2025,2,Clemson,Troy,0.7879293175666335,13.94540887032706,in_game_wp,v1,test
401756880,2025,2,Cincinnati,Bowling Green,0.7042508205171714,9.2158160796725,in_game_wp,v1,test
401756881,2025,2,Colorado,Delaware,0.8037925454479611,14.655755410686526,in_game_wp,v1,test
401756882,2025,2,Kansas State,Army,0.7042508205171714,9.632449622187938,in_game_wp,v1,test
401756883,2025,2,Ohio,West Virginia,0.68369027604823,5.339708646030993,in_game_wp,v1,test
401756884,2025,2,Rice,Houston,0.7093166620284919,8.204896637553949,in_game_wp,v1,test
401756885,2025,2,Texas Tech,Kent State,0.9962954770512287,31.144949760477772,in_game_wp,v1,test
401757227,2025,2,Jacksonville State,Liberty,0.775269348317486,10.331532684212391,in_game_wp,v1,test
401757228,2025,2,Marshall,Missouri State,0.8170697795405115,17.304086956541283,in_game_wp,v1,test
401757229,2025,2,New Mexico State,Tulsa,0.5746851315952506,4.317159339233533,in_game_wp,v1,test
401757230,2025,2,Hawai'i,Sam Houston,0.6224653791883044,2.7784883940531637,in_game_wp,v1,test
401757232,2025,2,Toledo,Western Kentucky,0.5754815595184704,2.1519097954717274,in_game_wp,v1,test
401761598,2025,2,Georgia State,Memphis,0.25378321293002465,-8.692026571004012,in_game_wp,v1,test
401761601,2025,2,South Alabama,Tulane,0.44464997971563097,-2.6786764862214216,in_game_wp,v1,test
401761603,2025,2,UTSA,Texas State,0.4606519464280855,-0.7400555286165051,in_game_wp,v1,test
401762458,2025,2,Navy,UAB,0.8781564569432876,20.193507089927362,in_game_wp,v1,test
401762461,2025,2,Western Michigan,North Texas,0.44464997971563097,-2.875655367013879,in_game_wp,v1,test
401752696,2025,3,Alabama,Wisconsin,0.8599661959766178,21.86341271906028,in_game_wp,v1,test
401752697,2025,3,Auburn,South Alabama,0.88245194553543,19.466086341571085,in_game_wp,v1,test
401752698,2025,3,Kentucky,Eastern Michigan,0.9500219945514468,22.17467297092248,in_game_wp,v1,test
401752699,2025,3,LSU,Florida,0.6932321974132383,7.522255080298587,in_game_wp,v1,test
401752700,2025,3,Ole Miss,Arkansas,0.766240572301453,12.40390002213373,in_game_wp,v1,test
401752702,2025,3,Missouri,Louisiana,0.8706790660337156,20.55705700358265,in_game_wp,v1,test
401752703,2025,3,Temple,Oklahoma,0.6784983224003648,5.936398033745787,in_game_wp,v1,test
401752704,2025,3,South Carolina,Vanderbilt,0.5485006618577397,3.167875206530989,in_game_wp,v1,test
401752705,2025,3,Tennessee,Georgia,0.7899041410620369,12.954872291466884,in_game_wp,v1,test
401752706,2025,3,Texas,UTEP,0.9962954770512287,28.3561784537384,in_game_wp,v1,test
401752707,2025,3,Notre Dame,Texas A&M,0.7585043479789247,11.64908276938693,in_game_wp,v1,test
401752827,2025,3,Ohio State,Ohio,0.8587992146606919,20.942967351718327,in_game_wp,v1,test
401752829,2025,3,Illinois,Western Michigan,0.9256478014111539,23.100132445826873,in_game_wp,v1,test
401752830,2025,3,Iowa,Massachusetts,0.9962954770512287,28.268611525034757,in_game_wp,v1,test
401752831,2025,3,Northwestern,Oregon,0.1399823316071244,-11.666103642923042,in_game_wp,v1,test
401752832,2025,3,Purdue,USC,0.12202204670865432,-14.531628073409285,in_game_wp,v1,test
401752837,2025,3,UCLA,New Mexico,0.747888280995861,10.260670024638952,in_game_wp,v1,test
401752839,2025,3,Michigan,Central Michigan,0.865370839862553,15.071570946063304,in_game_wp,v1,test
401752840,2025,3,California,Minnesota,0.5130596178696325,0.5659744048191255,in_game_wp,v1,test
401752938,2025,3,Texas Tech,Oregon State,0.9962954770512287,27.053850362210696,in_game_wp,v1,test
401752949,2025,3,North Texas,Washington State,0.773312631215673,13.312014410964302,in_game_wp,v1,test
401754531,2025,3,Wake Forest,NC State,0.5280085951891043,1.660331994333256,in_game_wp,v1,test
401754533,2025,3,Stanford,Boston College,0.448497606330901,-3.4138299718020786,in_game_wp,v1,test
401754534,2025,3,Tulane,Duke,0.8694350237973016,18.274195148055973,in_game_wp,v1,test
401754535,2025,3,Miami,South Florida,0.7093166620284919,8.26172712692668,in_game_wp,v1,test
401754536,2025,3,Virginia Tech,Old Dominion,0.5077174197957641,-0.9413761362173565,in_game_wp,v1,test
401754615,2025,3,Missouri State,SMU,0.3348187688635667,-5.953053679525599,in_game_wp,v1,test
401754623,2025,3,Georgia Tech,Clemson,0.773312631215673,13.298662576532887,in_game_wp,v1,test
401754638,2025,3,West Virginia,Pittsburgh,0.5262141520227859,1.2973725406721535,in_game_wp,v1,test
401756888,2025,3,Arizona,Kansas State,0.7718298825644386,16.57215894475653,in_game_wp,v1,test
401756889,2025,3,Arizona State,Texas State,0.5257228322695868,3.9641976823769265,in_game_wp,v1,test
401756890,2025,3,Arkansas State,Iowa State,0.25378321293002465,-9.214258035387841,in_game_wp,v1,test
401756893,2025,3,Houston,Colorado,0.7057593171082679,7.273625565020167,in_game_wp,v1,test
401756895,2025,3,Wyoming,Utah,0.2707132109323179,-9.93709846682894,in_game_wp,v1,test
401757168,2025,3,Delaware,UConn,0.38668768950271964,-4.4735416666944126,in_game_wp,v1,test
401757233,2025,3,Florida International,Florida Atlantic,0.6932321974132383,7.526032140248853,in_game_wp,v1,test
401757234,2025,3,Georgia Southern,Jacksonville State,0.4434545735054379,-2.401078616794125,in_game_wp,v1,test
401757256,2025,3,Bowling Green,Liberty,0.622932109850588,6.694987695485222,in_game_wp,v1,test
401757257,2025,3,Louisiana Tech,New Mexico State,0.7319362341316171,12.649202145928287,in_game_wp,v1,test
401757258,2025,3,Nevada,Middle Tennessee,0.8681640136003178,15.960757685958177,in_game_wp,v1,test
401760368,2025,3,Utah State,Air Force,0.5257228322695868,3.84147040185352,in_game_wp,v1,test
401761604,2025,3,Coastal Carolina,East Carolina,0.26121636687212046,-7.4419746748403615,in_game_wp,v1,test
401761607,2025,3,Southern Miss,App State,0.5040737725067659,-1.4201726625715487,in_game_wp,v1,test
401761608,2025,3,Troy,Memphis,0.4434545735054379,-2.493289369320914,in_game_wp,v1,test
401762463,2025,3,UAB,Akron,0.8170697795405115,17.272399360639035,in_game_wp,v1,test
401762465,2025,3,Tulsa,Navy,0.3426258580826621,-5.612576624779468,in_game_wp,v1,test
401762817,2025,3,Kent State,Buffalo,0.1444440221279581,-12.776375702322278,in_game_wp,v1,test
401752708,2025,4,Memphis,Arkansas,0.5581279566032963,2.440297102910365,in_game_wp,v1,test
401752709,2025,4,Miami,Florida,0.7660492970501612,12.9984634881065,in_game_wp,v1,test
401752711,2025,4,Ole Miss,Tulane,0.7718298825644386,16.659475612945567,in_game_wp,v1,test
401752712,2025,4,Mississippi State,Northern Illinois,0.8587992146606919,20.87879559535415,in_game_wp,v1,test
401752713,2025,4,Missouri,South Carolina,0.8450890758936708,18.37689226729084,in_game_wp,v1,test
401752714,2025,4,Oklahoma,Auburn,0.7093166620284919,9.044362586466438,in_game_wp,v1,test
401752715,2025,4,Tennessee,UAB,0.9962954770512287,27.942025458517737,in_game_wp,v1,test
401752716,2025,4,Vanderbilt,Georgia State,0.9569488127335619,33.2721469007345,in_game_wp,v1,test
401752723,2025,4,Texas,Sam Houston,0.9962954770512287,27.127003237824393,in_game_wp,v1,test
401752841,2025,4,Oregon,Oregon State,0.9569488127335619,33.6181131934657,in_game_wp,v1,test
401752842,2025,4,Washington State,Washington,0.25378321293002465,-9.13030799060807,in_game_wp,v1,test
401752843,2025,4,Indiana,Illinois,0.7585043479789247,12.160830682656977,in_game_wp,v1,test
401752844,2025,4,Rutgers,Iowa,0.7093166620284919,8.106771601442109,in_game_wp,v1,test
401752845,2025,4,Wisconsin,Maryland,0.7093166620284919,7.842616788017543,in_game_wp,v1,test
401752846,2025,4,Nebraska,Michigan,0.7093166620284919,9.022310755305076,in_game_wp,v1,test
401752847,2025,4,USC,Michigan State,0.9769469907902337,26.19374188638368,in_game_wp,v1,test
401752848,2025,4,Notre Dame,Purdue,0.9169647598686674,22.53130442929703,in_game_wp,v1,test
401754537,2025,4,Clemson,Syracuse,0.7093166620284919,8.289761554927422,in_game_wp,v1,test
401754538,2025,4,Duke,NC State,0.5130596178696325,0.937805293672791,in_game_wp,v1,test
401754539,2025,4,Virginia,Stanford,0.7660492970501612,12.96771159192745,in_game_wp,v1,test
401754540,2025,4,San Diego State,California,0.3279857029161949,-5.418096746767317,in_game_wp,v1,test
401754541,2025,4,Florida State,Kent State,0.9819195201783018,36.96108731686428,in_game_wp,v1,test
401754542,2025,4,Georgia Tech,Temple,0.8608537302727398,16.879425681427502,in_game_wp,v1,test
401754636,2025,4,TCU,SMU,0.7042508205171714,9.258031896012085,in_game_wp,v1,test
401754640,2025,4,UCF,North Carolina,0.8170697795405115,17.075031631584736,in_game_wp,v1,test
401754642,2025,4,Louisville,Bowling Green,0.8423145874694133,15.054722409304548,in_game_wp,v1,test
401756896,2025,4,Baylor,Arizona State,0.6714531164514496,4.799726677102425,in_game_wp,v1,test
401756897,2025,4,Colorado,Wyoming,0.8423145874694133,14.977388513928565,in_game_wp,v1,test
401756898,2025,4,East Carolina,BYU,0.5280085951891043,1.8913846102847405,in_game_wp,v1,test
401756899,2025,4,Kansas,West Virginia,0.7715118216941832,11.555344271940067,in_game_wp,v1,test
401756900,2025,4,Oklahoma State,Tulsa,0.6784983224003648,5.689755275303188,in_game_wp,v1,test
401756901,2025,4,Utah,Texas Tech,0.7093166620284919,8.123423469815293,in_game_wp,v1,test
401757169,2025,4,UConn,Ball State,0.8657507620667089,25.036958135463635,in_game_wp,v1,test
401757259,2025,4,Florida International,Delaware,0.747888280995861,10.242349788411488,in_game_wp,v1,test
401757261,2025,4,Kennesaw State,Arkansas State,0.7057593171082679,7.1020101327445335,in_game_wp,v1,test
401757262,2025,4,Liberty,James Madison,0.5130596178696325,0.8992140085142957,in_game_wp,v1,test
401757263,2025,4,Louisiana Tech,Southern Miss,0.865370839862553,15.198862226046218,in_game_wp,v1,test
401757264,2025,4,Middle Tennessee,Marshall,0.3279857029161949,-5.202926470419275,in_game_wp,v1,test
401757267,2025,4,UTEP,UL Monroe,0.7545536150948478,13.400338450863867,in_game_wp,v1,test
401757268,2025,4,Western Kentucky,Nevada,0.8706790660337156,20.605651449124736,in_game_wp,v1,test
401760372,2025,4,Air Force,Boise State,0.5280085951891043,1.8585503251683502,in_game_wp,v1,test
401760373,2025,4,Colorado State,UTSA,0.4471554494293384,2.508967490188903,in_game_wp,v1,test
401760374,2025,4,Hawai'i,Fresno State,0.36389489534399755,-4.748192313829465,in_game_wp,v1,test
401760376,2025,4,Miami (OH),UNLV,0.5746851315952506,4.353141238039912,in_game_wp,v1,test
401761610,2025,4,Eastern Michigan,Louisiana,0.5267731046392776,0.2275873205099721,in_game_wp,v1,test
401761611,2025,4,South Alabama,Coastal Carolina,0.88245194553543,19.526224680804965,in_game_wp,v1,test
401761613,2025,4,Buffalo,Troy,0.7585043479789247,11.921679247234854,in_game_wp,v1,test
401762468,2025,4,Charlotte,Rice,0.43620892624247565,-2.246613862239249,in_game_wp,v1,test
401762469,2025,4,Army,North Texas,0.3279857029161949,-5.300442337207851,in_game_wp,v1,test
401762820,2025,4,Western Michigan,Toledo,0.23689855707952723,-8.478111493836998,in_game_wp,v1,test
401752717,2025,5,Arkansas,Notre Dame,0.6784983224003648,6.26819556789294,in_game_wp,v1,test
401752718,2025,5,Georgia,Alabama,0.4323829570261501,-1.9163530674478224,in_game_wp,v1,test
401752719,2025,5,Ole Miss,LSU,0.8037925454479611,14.719575656033223,in_game_wp,v1,test
401752720,2025,5,Mississippi State,Tennessee,0.5262141520227859,1.4420097364430298,in_game_wp,v1,test
401752721,2025,5,Missouri,Massachusetts,0.9819195201783018,38.855477008325714,in_game_wp,v1,test
401752722,2025,5,South Carolina,Kentucky,0.5746851315952506,4.4203848093810185,in_game_wp,v1,test
401752724,2025,5,Texas A&M,Auburn,0.6308356702160808,6.530664748378843,in_game_wp,v1,test
401752725,2025,5,Vanderbilt,Utah State,0.8587992146606919,21.278969459739894,in_game_wp,v1,test
401752849,2025,5,Minnesota,Rutgers,0.7042508205171714,9.116997387934532,in_game_wp,v1,test
401752850,2025,5,Illinois,USC,0.4323829570261501,-1.783221079332999,in_game_wp,v1,test
401752851,2025,5,Northwestern,UCLA,0.7899041410620369,12.870335762824244,in_game_wp,v1,test
401752852,2025,5,Washington,Ohio State,0.5077174197957641,-0.8785210256512084,in_game_wp,v1,test
401752853,2025,5,Iowa,Indiana,0.1399823316071244,-11.68554687692918,in_game_wp,v1,test
401752854,2025,5,Penn State,Oregon,0.5267731046392776,0.08074713311969361,in_game_wp,v1,test
401752939,2025,5,Oregon State,Houston,0.2519065369304993,-8.051993136503448,in_game_wp,v1,test
401752950,2025,5,Colorado State,Washington State,0.7093166620284919,8.824768890287874,in_game_wp,v1,test
401754543,2025,5,Virginia,Florida State,0.4434545735054379,-2.3938613561223825,in_game_wp,v1,test
401754544,2025,5,Boston College,California,0.7042508205171714,9.588177207957344,in_game_wp,v1,test
401754545,2025,5,Syracuse,Duke,0.7585043479789247,12.089745273598702,in_game_wp,v1,test
401754546,2025,5,Wake Forest,Georgia Tech,0.27158710036254385,-7.305456566232984,in_game_wp,v1,test
401754547,2025,5,Pittsburgh,Louisville,0.5447985756990616,3.3607320155896794,in_game_wp,v1,test
401754548,2025,5,NC State,Virginia Tech,0.7585043479789247,11.644609266347796,in_game_wp,v1,test
401754549,2025,5,Stanford,San José State,0.773312631215673,13.130618313195349,in_game_wp,v1,test
401756902,2025,5,Arizona State,TCU,0.5796033054460699,4.301971256480674,in_game_wp,v1,test
401756903,2025,5,Colorado,BYU,0.26121636687212046,-7.417862927486997,in_game_wp,v1,test
401756904,2025,5,Iowa State,Arizona,0.5975707329920286,7.068074411105814,in_game_wp,v1,test
401756905,2025,5,Kansas,Cincinnati,0.622932109850588,6.8062663126876775,in_game_wp,v1,test
401756906,2025,5,Kansas State,UCF,0.28780064535210004,-6.273646111327624,in_game_wp,v1,test
401756907,2025,5,Oklahoma State,Baylor,0.2707132109323179,-9.947300176951899,in_game_wp,v1,test
401756908,2025,5,West Virginia,Utah,0.43672614544977517,-3.505228529084656,in_game_wp,v1,test
401757170,2025,5,Buffalo,UConn,0.5280085951891043,1.5992723066972019,in_game_wp,v1,test
401757269,2025,5,Southern Miss,Jacksonville State,0.448497606330901,-3.440133146024543,in_game_wp,v1,test
401757270,2025,5,Kennesaw State,Middle Tennessee,0.8423145874694133,14.813943297781938,in_game_wp,v1,test
401757271,2025,5,Old Dominion,Liberty,0.8587992146606919,21.229830332208028,in_game_wp,v1,test
401757272,2025,5,UTEP,Louisiana Tech,0.5077174197957641,-0.8191293337036765,in_game_wp,v1,test
401757273,2025,5,Missouri State,Western Kentucky,0.3731415134770628,-3.69253276527896,in_game_wp,v1,test
401757274,2025,5,New Mexico,New Mexico State,0.7918132185282531,16.704815591297784,in_game_wp,v1,test
401760378,2025,5,Air Force,Hawai'i,0.6932321974132383,7.66112970434316,in_game_wp,v1,test
401760379,2025,5,Boise State,App State,0.852452982574402,16.13114905817631,in_game_wp,v1,test
401760380,2025,5,Northern Illinois,San Diego State,0.5077174197957641,-0.781427404474158,in_game_wp,v1,test
401761614,2025,5,James Madison,Georgia Southern,0.8681640136003178,15.979968358371966,in_game_wp,v1,test
401761615,2025,5,Louisiana,Marshall,0.5485006618577397,2.990486626577183,in_game_wp,v1,test
401761616,2025,5,UL Monroe,Arkansas State,0.5975707329920286,7.0726241640098415,in_game_wp,v1,test
401761617,2025,5,North Texas,South Alabama,0.8587992146606919,20.92874315656229,in_game_wp,v1,test
401762471,2025,5,East Carolina,Army,0.8681640136003178,15.669581899104859,in_game_wp,v1,test
401762472,2025,5,Florida Atlantic,Memphis,0.28137778869952823,-7.805409041203212,in_game_wp,v1,test
401762473,2025,5,Navy,Rice,0.8694350237973016,17.886891407909886,in_game_wp,v1,test
401762474,2025,5,Tulsa,Tulane,0.28780064535210004,-6.488588243826182,in_game_wp,v1,test
401762824,2025,5,Toledo,Akron,0.9179324706583161,24.11344330300701,in_game_wp,v1,test
401762825,2025,5,Ohio,Bowling Green,0.7093166620284919,8.01899584554981,in_game_wp,v1,test
401762826,2025,5,Central Michigan,Eastern Michigan,0.7042508205171714,9.160435116243375,in_game_wp,v1,test
401752726,2025,6,Alabama,Vanderbilt,0.7093166620284919,8.27868758397208,in_game_wp,v1,test
401752727,2025,6,Florida,Texas,0.38668768950271964,-4.679844614928005,in_game_wp,v1,test
401752728,2025,6,Georgia,Kentucky,0.7545536150948478,13.364326035322865,in_game_wp,v1,test
401752729,2025,6,Oklahoma,Kent State,0.9819195201783018,37.566198039505025,in_game_wp,v1,test
401752730,2025,6,Texas A&M,Mississippi State,0.7093166620284919,7.835906882373246,in_game_wp,v1,test
401752855,2025,6,UCLA,Penn State,0.12977517325726012,-15.58032790195183,in_game_wp,v1,test
401752856,2025,6,Michigan,Wisconsin,0.8450890758936708,18.538477047119027,in_game_wp,v1,test
401752857,2025,6,Maryland,Washington,0.4609770448877394,0.006770744194250611,in_game_wp,v1,test
401752858,2025,6,Northwestern,UL Monroe,0.775269348317486,10.640576659672146,in_game_wp,v1,test
401752859,2025,6,Ohio State,Minnesota,0.8938718963320842,18.930751180439728,in_game_wp,v1,test
401752860,2025,6,Nebraska,Michigan State,0.88245194553543,19.537920621772322,in_game_wp,v1,test
401752861,2025,6,Purdue,Illinois,0.25378321293002465,-9.110861755829196,in_game_wp,v1,test
401752940,2025,6,App State,Oregon State,0.5447985756990616,3.3482905151010236,in_game_wp,v1,test
401754550,2025,6,Pittsburgh,Boston College,0.5975707329920286,7.025145518259432,in_game_wp,v1,test
401754551,2025,6,California,Duke,0.5485006618577397,3.077589058000032,in_game_wp,v1,test
401754552,2025,6,North Carolina,Clemson,0.5077174197957641,-1.1735969680474447,in_game_wp,v1,test
401754553,2025,6,Florida State,Miami,0.5257228322695868,3.9530702731309972,in_game_wp,v1,test
401754554,2025,6,Louisville,Virginia,0.6784983224003648,6.2105606281541625,in_game_wp,v1,test
401754555,2025,6,SMU,Syracuse,0.7042508205171714,9.482795699125207,in_game_wp,v1,test
401754556,2025,6,Virginia Tech,Wake Forest,0.7093166620284919,7.9405978962734025,in_game_wp,v1,test
401756909,2025,6,BYU,West Virginia,0.9110918013188563,24.050011488207865,in_game_wp,v1,test
401756910,2025,6,Arizona,Oklahoma State,0.8599661959766178,21.886385001720896,in_game_wp,v1,test
401756911,2025,6,Baylor,Kansas State,0.7093166620284919,8.711682711769244,in_game_wp,v1,test
401756912,2025,6,Cincinnati,Iowa State,0.7093166620284919,8.141914990965404,in_game_wp,v1,test
401756913,2025,6,Houston,Texas Tech,0.27158710036254385,-7.204101091382288,in_game_wp,v1,test
401756914,2025,6,TCU,Colorado,0.7093166620284919,8.209109095869843,in_game_wp,v1,test
401756915,2025,6,UCF,Kansas,0.5280085951891043,1.6042283064972187,in_game_wp,v1,test
401757165,2025,6,Notre Dame,Boise State,0.8450890758936708,18.675388099074596,in_game_wp,v1,test
401757171,2025,6,UConn,Florida International,0.773312631215673,13.27402342001303,in_game_wp,v1,test
401757275,2025,6,New Mexico State,Sam Houston,0.5796033054460699,4.185310426657706,in_game_wp,v1,test
401757276,2025,6,Delaware,Western Kentucky,0.5262141520227859,1.1555106005454925,in_game_wp,v1,test
401760381,2025,6,Navy,Air Force,0.8608537302727398,16.895257400597668,in_game_wp,v1,test
401760382,2025,6,San Diego State,Colorado State,0.8681640136003178,15.815542954764487,in_game_wp,v1,test
401760383,2025,6,Fresno State,Nevada,0.8587992146606919,21.419195683854895,in_game_wp,v1,test
401760384,2025,6,San José State,New Mexico,0.4323829570261501,-1.9120000049389922,in_game_wp,v1,test
401760385,2025,6,Wyoming,UNLV,0.4609770448877394,-0.16390092690964764,in_game_wp,v1,test
401761618,2025,6,Georgia State,James Madison,0.07583855527756633,-16.799200024573697,in_game_wp,v1,test
401761619,2025,6,Old Dominion,Coastal Carolina,0.9256478014111539,23.28220219808779,in_game_wp,v1,test
401761620,2025,6,Arkansas State,Texas State,0.25378321293002465,-9.328730918670786,in_game_wp,v1,test
401761621,2025,6,Troy,South Alabama,0.6784983224003648,5.412351717917846,in_game_wp,v1,test
401762475,2025,6,South Florida,Charlotte,0.9962954770512287,27.613052419851233,in_game_wp,v1,test
401762476,2025,6,UAB,Army,0.5212841720668582,-0.36671945924472027,in_game_wp,v1,test
401762477,2025,6,Rice,Florida Atlantic,0.7093166620284919,8.745653794115897,in_game_wp,v1,test
401762478,2025,6,Memphis,Tulsa,0.8657507620667089,24.671415308032344,in_game_wp,v1,test
401762479,2025,6,Temple,UTSA,0.5746851315952506,4.339553843799969,in_game_wp,v1,test
401762829,2025,6,Akron,Central Michigan,0.5130596178696325,0.6039317678482998,in_game_wp,v1,test
401762830,2025,6,Ball State,Ohio,0.2707132109323179,-9.924125693679766,in_game_wp,v1,test
401762831,2025,6,Buffalo,Eastern Michigan,0.7879293175666335,13.880768277568686,in_game_wp,v1,test
401762832,2025,6,Massachusetts,Western Michigan,0.2707132109323179,-9.82202554286276,in_game_wp,v1,test
401762873,2025,6,Northern Illinois,Miami (OH),0.5280085951891043,1.8057197760387318,in_game_wp,v1,test
401752731,2025,7,Auburn,Georgia,0.5447985756990616,3.3095650747064216,in_game_wp,v1,test
401752732,2025,7,LSU,South Carolina,0.8022990688285825,10.958744861046268,in_game_wp,v1,test
401752733,2025,7,Ole Miss,Washington State,0.9962954770512287,29.75683610798729,in_game_wp,v1,test
401752734,2025,7,Missouri,Alabama,0.4323829570261501,-1.6671667418346008,in_game_wp,v1,test
401752735,2025,7,Tennessee,Arkansas,0.8014701125058992,11.378911770080572,in_game_wp,v1,test
401752736,2025,7,Texas,Oklahoma,0.5262141520227859,1.2335379888232811,in_game_wp,v1,test
401752737,2025,7,Texas A&M,Florida,0.747888280995861,10.264231394143017,in_game_wp,v1,test
401752862,2025,7,Washington,Rutgers,0.747888280995861,10.111426726873887,in_game_wp,v1,test
401752863,2025,7,Michigan State,UCLA,0.747888280995861,10.168497086868095,in_game_wp,v1,test
401752864,2025,7,Minnesota,Purdue,0.7879293175666335,13.509118204903992,in_game_wp,v1,test
401752865,2025,7,Illinois,Ohio State,0.31322548733363265,-6.7183899494734955,in_game_wp,v1,test
401752866,2025,7,Penn State,Northwestern,0.8456458564285433,15.493940403012731,in_game_wp,v1,test
401752867,2025,7,Maryland,Nebraska,0.43672614544977517,-3.500832573161098,in_game_wp,v1,test
401752868,2025,7,USC,Michigan,0.6932321974132383,7.423507504212511,in_game_wp,v1,test
401752869,2025,7,Wisconsin,Iowa,0.4434545735054379,-2.3472046586331494,in_game_wp,v1,test
401752870,2025,7,Oregon,Indiana,0.5077174197957641,-0.8416535418189248,in_game_wp,v1,test
401754558,2025,7,Boston College,Clemson,0.5040737725067659,-1.3480863404306085,in_game_wp,v1,test
401754559,2025,7,Florida State,Pittsburgh,0.747888280995861,10.24885385193966,in_game_wp,v1,test
401754560,2025,7,Georgia Tech,Virginia Tech,0.865370839862553,15.121231551534533,in_game_wp,v1,test
401754561,2025,7,SMU,Stanford,0.7879293175666335,14.337782292231436,in_game_wp,v1,test
401754562,2025,7,Notre Dame,NC State,0.8781564569432876,20.39130239017325,in_game_wp,v1,test
401754563,2025,7,Oregon State,Wake Forest,0.5077174197957641,-1.1035190021063563,in_game_wp,v1,test
401756916,2025,7,Arizona,BYU,0.28780064535210004,-6.452294058882982,in_game_wp,v1,test
401756917,2025,7,Cincinnati,UCF,0.8022990688285825,10.99091195858338,in_game_wp,v1,test
401756918,2025,7,Colorado,Iowa State,0.4609770448877394,-0.14647585652057238,in_game_wp,v1,test
401756919,2025,7,Kansas State,TCU,0.43620892624247565,-2.2636241732448417,in_game_wp,v1,test
401756920,2025,7,Oklahoma State,Houston,0.1444440221279581,-12.854257781347197,in_game_wp,v1,test
401756921,2025,7,Texas Tech,Kansas,0.773312631215673,13.333522620407408,in_game_wp,v1,test
401756922,2025,7,Utah,Arizona State,0.7545536150948478,13.399832145154516,in_game_wp,v1,test
401757277,2025,7,UTEP,Liberty,0.5130596178696325,0.9005081285549741,in_game_wp,v1,test
401757278,2025,7,Middle Tennessee,Missouri State,0.44464997971563097,-2.9430283952638856,in_game_wp,v1,test
401757279,2025,7,Sam Houston,Jacksonville State,0.13942760536897073,-12.562995569383014,in_game_wp,v1,test
401757280,2025,7,Kennesaw State,Louisiana Tech,0.27158710036254385,-7.22773033726315,in_game_wp,v1,test
401760386,2025,7,UNLV,Air Force,0.8014701125058992,11.360658973030048,in_game_wp,v1,test
401760387,2025,7,Boise State,New Mexico,0.7585043479789247,11.987321409548432,in_game_wp,v1,test
401760388,2025,7,Colorado State,Fresno State,0.28137778869952823,-7.94678346568042,in_game_wp,v1,test
401760389,2025,7,Hawai'i,Utah State,0.5040737725067659,-1.3165755053462735,in_game_wp,v1,test
401760390,2025,7,Nevada,San Diego State,0.28780064535210004,-6.196100516003783,in_game_wp,v1,test
401760391,2025,7,Wyoming,San José State,0.6910731365912233,4.692119877935774,in_game_wp,v1,test
401761622,2025,7,Georgia Southern,Southern Miss,0.5138706178431527,3.7885080719337587,in_game_wp,v1,test
401761623,2025,7,Coastal Carolina,UL Monroe,0.6784983224003648,5.420611440730822,in_game_wp,v1,test
401761624,2025,7,Georgia State,App State,0.5267731046392776,0.06375619779771924,in_game_wp,v1,test
401761625,2025,7,James Madison,Louisiana,0.8170697795405115,17.199602228154912,in_game_wp,v1,test
401761626,2025,7,Marshall,Old Dominion,0.2707132109323179,-9.637920752658012,in_game_wp,v1,test
401761627,2025,7,Texas State,Troy,0.775269348317486,10.477468762907456,in_game_wp,v1,test
401762480,2025,7,Tulane,East Carolina,0.5485006618577397,3.2059298457830057,in_game_wp,v1,test
401762481,2025,7,North Texas,South Florida,0.7057593171082679,7.27572949639471,in_game_wp,v1,test
401762482,2025,7,Florida Atlantic,UAB,0.7042508205171714,9.155738713964947,in_game_wp,v1,test
401762483,2025,7,Army,Charlotte,0.8781564569432876,20.36853495935808,in_game_wp,v1,test
401762484,2025,7,Temple,Navy,0.5077174197957641,-1.0403341635922816,in_game_wp,v1,test
401762485,2025,7,UTSA,Rice,0.7093166620284919,8.832066390176621,in_game_wp,v1,test
401762833,2025,7,Akron,Miami (OH),0.32521914726096446,-6.047437892844284,in_game_wp,v1,test
401762834,2025,7,Western Michigan,Ball State,0.7879293175666335,13.593871616645322,in_game_wp,v1,test
401762835,2025,7,Bowling Green,Toledo,0.26121636687212046,-7.501271953058497,in_game_wp,v1,test
401762836,2025,7,Eastern Michigan,Northern Illinois,0.5280085951891043,1.7522720351960945,in_game_wp,v1,test
401762837,2025,7,Kent State,Massachusetts,0.6910731365912233,4.639379833042117,in_game_wp,v1,test
401752738,2025,8,Alabama,Tennessee,0.8014701125058992,11.373524245838912,in_game_wp,v1,test
401752739,2025,8,Arkansas,Texas A&M,0.5040737725067659,-1.370347269213597,in_game_wp,v1,test
401752740,2025,8,Auburn,Missouri,0.5262141520227859,1.138852822111712,in_game_wp,v1,test
401752741,2025,8,Florida,Mississippi State,0.6784983224003648,6.08129815183006,in_game_wp,v1,test
401752742,2025,8,Georgia,Ole Miss,0.5796033054460699,4.293529060014569,in_game_wp,v1,test
401752743,2025,8,Kentucky,Texas,0.25378321293002465,-9.356302548676902,in_game_wp,v1,test
401752744,2025,8,South Carolina,Oklahoma,0.5040737725067659,-1.3599164113561342,in_game_wp,v1,test
401752745,2025,8,Vanderbilt,LSU,0.7093166620284919,8.310399759268249,in_game_wp,v1,test
401752871,2025,8,Notre Dame,USC,0.7042508205171714,9.195645024544898,in_game_wp,v1,test
401752872,2025,8,Minnesota,Nebraska,0.43672614544977517,-3.6132424241886927,in_game_wp,v1,test
401752873,2025,8,Michigan,Washington,0.5746851315952506,4.3244461732933495,in_game_wp,v1,test
401752874,2025,8,Northwestern,Purdue,0.747888280995861,10.214580081576612,in_game_wp,v1,test
401752875,2025,8,Iowa,Penn State,0.7093166620284919,8.654625891735556,in_game_wp,v1,test
401752876,2025,8,Rutgers,Oregon,0.2519065369304993,-8.111147772231298,in_game_wp,v1,test
401752877,2025,8,Wisconsin,Ohio State,0.07113573913670594,-21.75913672026147,in_game_wp,v1,test
401752878,2025,8,Indiana,Michigan State,0.9569488127335619,34.86299493769288,in_game_wp,v1,test
401752879,2025,8,UCLA,Maryland,0.5077174197957641,-0.8723814910504721,in_game_wp,v1,test
401752951,2025,8,Virginia,Washington State,0.8450890758936708,18.52330592485474,in_game_wp,v1,test
401754371,2025,8,California,North Carolina,0.775269348317486,10.879028435673366,in_game_wp,v1,test
401754564,2025,8,Miami,Louisville,0.7660492970501612,13.030317788856662,in_game_wp,v1,test
401754565,2025,8,Clemson,SMU,0.6932321974132383,7.371185867625884,in_game_wp,v1,test
401754566,2025,8,Duke,Georgia Tech,0.5138706178431527,3.7878498707125114,in_game_wp,v1,test
401754567,2025,8,Stanford,Florida State,0.13335922529427913,-13.718735220371105,in_game_wp,v1,test
401754568,2025,8,Syracuse,Pittsburgh,0.3731415134770628,-3.864701610474013,in_game_wp,v1,test
401754569,2025,8,Boston College,UConn,0.4434545735054379,-2.487509960104391,in_game_wp,v1,test
401756923,2025,8,Arizona State,Texas Tech,0.15054685105999405,-12.062104009606976,in_game_wp,v1,test
401756924,2025,8,BYU,Utah,0.5485006618577397,3.1452835121881257,in_game_wp,v1,test
401756925,2025,8,Houston,Arizona,0.5746851315952506,4.419764590760286,in_game_wp,v1,test
401756926,2025,8,Oklahoma State,Cincinnati,0.0768347481971466,-22.20900595899608,in_game_wp,v1,test
401756927,2025,8,TCU,Baylor,0.7093166620284919,8.896649859879929,in_game_wp,v1,test
401756928,2025,8,UCF,West Virginia,0.8014701125058992,11.479217118664458,in_game_wp,v1,test
401757281,2025,8,Western Kentucky,Florida International,0.7918132185282531,16.740531950912427,in_game_wp,v1,test
401757282,2025,8,Liberty,New Mexico State,0.775269348317486,10.873469099020365,in_game_wp,v1,test
401757283,2025,8,Jacksonville State,Delaware,0.6784983224003648,6.291243537726376,in_game_wp,v1,test
401757284,2025,8,Sam Houston,UTEP,0.4323829570261501,-1.8381800446402963,in_game_wp,v1,test
401760392,2025,8,Air Force,Wyoming,0.6932321974132383,7.502626089563249,in_game_wp,v1,test
401760393,2025,8,Boise State,UNLV,0.775269348317486,10.865602590423315,in_game_wp,v1,test
401760394,2025,8,Colorado State,Hawai'i,0.554861574374456,3.521823942246746,in_game_wp,v1,test
401760395,2025,8,New Mexico,Nevada,0.8170697795405115,17.093714173957963,in_game_wp,v1,test
401760396,2025,8,Utah State,San José State,0.775269348317486,10.77843460971441,in_game_wp,v1,test
401761628,2025,8,South Alabama,Arkansas State,0.747888280995861,10.009469904546368,in_game_wp,v1,test
401761629,2025,8,App State,Coastal Carolina,0.7093166620284919,8.658341630858008,in_game_wp,v1,test
401761630,2025,8,Georgia Southern,Georgia State,0.773312631215673,13.285934659594147,in_game_wp,v1,test
401761631,2025,8,James Madison,Old Dominion,0.5280085951891043,1.6071795577928456,in_game_wp,v1,test
401761632,2025,8,Marshall,Texas State,0.6714531164514496,4.722172291473886,in_game_wp,v1,test
401761633,2025,8,UL Monroe,Troy,0.3558162381015561,-5.823478496766526,in_game_wp,v1,test
401761668,2025,8,Louisiana,Southern Miss,0.5927882833951295,4.132127727351787,in_game_wp,v1,test
401762486,2025,8,East Carolina,Tulsa,0.9256478014111539,23.66034729684487,in_game_wp,v1,test
401762487,2025,8,UAB,Memphis,0.19850387588943313,-19.186499427857974,in_game_wp,v1,test
401762488,2025,8,Tulane,Army,0.773312631215673,13.22064294874809,in_game_wp,v1,test
401762489,2025,8,Charlotte,Temple,0.23689855707952723,-8.460286164932112,in_game_wp,v1,test
401762490,2025,8,South Florida,Florida Atlantic,0.8599661959766178,21.843753608423473,in_game_wp,v1,test
401762491,2025,8,North Texas,UTSA,0.7042508205171714,9.368232358117993,in_game_wp,v1,test
401762838,2025,8,Ball State,Akron,0.5257228322695868,4.061519322558846,in_game_wp,v1,test
401762839,2025,8,Bowling Green,Central Michigan,0.7585043479789247,12.208714333187434,in_game_wp,v1,test
401762840,2025,8,Massachusetts,Buffalo,0.1444440221279581,-12.908740380251981,in_game_wp,v1,test
401762841,2025,8,Miami (OH),Eastern Michigan,0.7879293175666335,14.432522468417627,in_game_wp,v1,test
401762842,2025,8,Toledo,Kent State,0.9962954770512287,30.145795736906802,in_game_wp,v1,test
401762843,2025,8,Ohio,Northern Illinois,0.773312631215673,13.118216347335258,in_game_wp,v1,test
401752746,2025,9,Arkansas,Auburn,0.5339577906986226,3.622794844188098,in_game_wp,v1,test
401752747,2025,9,Kentucky,Tennessee,0.3279857029161949,-5.456864167091128,in_game_wp,v1,test
401752748,2025,9,LSU,Texas A&M,0.5262141520227859,1.1233843790130198,in_game_wp,v1,test
401752749,2025,9,Mississippi State,Texas,0.3767738704325416,-4.03962250094138,in_game_wp,v1,test
401752750,2025,9,Oklahoma,Ole Miss,0.5257228322695868,3.9593282872527897,in_game_wp,v1,test
401752751,2025,9,South Carolina,Alabama,0.222225581790291,-11.056360968712083,in_game_wp,v1,test
401752752,2025,9,Vanderbilt,Missouri,0.68369027604823,5.331945611932277,in_game_wp,v1,test
401752880,2025,9,Washington,Illinois,0.6647535604976416,5.0428497875197795,in_game_wp,v1,test
401752881,2025,9,Michigan State,Michigan,0.1399823316071244,-11.610225475215767,in_game_wp,v1,test
401752882,2025,9,Iowa,Minnesota,0.747888280995861,10.239331842469308,in_game_wp,v1,test
401752883,2025,9,Nebraska,Northwestern,0.766240572301453,12.22825288611191,in_game_wp,v1,test
401752884,2025,9,Purdue,Rutgers,0.5040737725067659,-1.251210532125639,in_game_wp,v1,test
401752885,2025,9,Indiana,UCLA,0.9962954770512287,30.84676978045106,in_game_wp,v1,test
401752886,2025,9,Oregon,Wisconsin,0.9962954770512287,29.537985190226916,in_game_wp,v1,test
401752942,2025,9,Wake Forest,SMU,0.4323829570261501,-2.1262394978875925,in_game_wp,v1,test
401752952,2025,9,Washington State,Toledo,0.3279857029161949,-5.4275337133463015,in_game_wp,v1,test
401754372,2025,9,Virginia Tech,California,0.5138706178431527,3.7782052142529685,in_game_wp,v1,test
401754570,2025,9,Louisville,Boston College,0.8599661959766178,21.792837417920243,in_game_wp,v1,test
401754571,2025,9,Georgia Tech,Syracuse,0.8037925454479611,14.536045302498215,in_game_wp,v1,test
401754572,2025,9,Miami,Stanford,0.9179324706583161,24.536663373477936,in_game_wp,v1,test
401754573,2025,9,North Carolina,Virginia,0.3134495356396575,-10.652421659695978,in_game_wp,v1,test
401754574,2025,9,Pittsburgh,NC State,0.766240572301453,12.223211287320177,in_game_wp,v1,test
401756929,2025,9,Arizona State,Houston,0.6308356702160808,6.671500190493998,in_game_wp,v1,test
401756930,2025,9,Cincinnati,Baylor,0.773312631215673,13.219887508225252,in_game_wp,v1,test
401756931,2025,9,Iowa State,BYU,0.4323829570261501,-1.9371348458902338,in_game_wp,v1,test
401756932,2025,9,Kansas,Kansas State,0.8014701125058992,11.324522084497628,in_game_wp,v1,test
401756933,2025,9,Texas Tech,Oklahoma State,0.9819195201783018,40.18709892131645,in_game_wp,v1,test
401756934,2025,9,Utah,Colorado,0.7918132185282531,16.831783254191848,in_game_wp,v1,test
401756935,2025,9,West Virginia,TCU,0.3698466612981735,-4.99754986918826,in_game_wp,v1,test
401757172,2025,9,Rice,UConn,0.3134495356396575,-10.597028400853551,in_game_wp,v1,test
401757285,2025,9,Florida International,Kennesaw State,0.5134749933560657,2.579135712766301,in_game_wp,v1,test
401757286,2025,9,Louisiana Tech,Western Kentucky,0.6308356702160808,6.494364612575284,in_game_wp,v1,test
401757287,2025,9,Delaware,Middle Tennessee,0.8170697795405115,17.307781519544932,in_game_wp,v1,test
401757288,2025,9,New Mexico State,Missouri State,0.5257228322695868,3.9183174282923563,in_game_wp,v1,test
401760397,2025,9,Nevada,Boise State,0.12977517325726012,-16.032252681536953,in_game_wp,v1,test
401760398,2025,9,Wyoming,Colorado State,0.68369027604823,5.179090002525086,in_game_wp,v1,test
401760399,2025,9,Fresno State,San Diego State,0.5077174197957641,-0.934392898399647,in_game_wp,v1,test
401760400,2025,9,New Mexico,Utah State,0.5339577906986226,3.6285269445070827,in_game_wp,v1,test
401761634,2025,9,Georgia State,South Alabama,0.32521914726096446,-6.175014914107635,in_game_wp,v1,test
401761635,2025,9,Old Dominion,App State,0.8170697795405115,17.273015354894206,in_game_wp,v1,test
401761636,2025,9,Arkansas State,Georgia Southern,0.5231011853062879,1.9944994858087526,in_game_wp,v1,test
401761637,2025,9,Southern Miss,UL Monroe,0.8423145874694133,14.742392186410186,in_game_wp,v1,test
401761638,2025,9,Troy,Louisiana,0.8022990688285825,11.024148893398177,in_game_wp,v1,test
401762492,2025,9,Charlotte,North Texas,0.0768347481971466,-23.244443280667006,in_game_wp,v1,test
401762493,2025,9,Navy,Florida Atlantic,0.865370839862553,15.14051455384854,in_game_wp,v1,test
401762494,2025,9,Memphis,South Florida,0.5280085951891043,1.7833279722549742,in_game_wp,v1,test
401762495,2025,9,Tulsa,Temple,0.32521914726096446,-6.170095905037911,in_game_wp,v1,test
401762844,2025,9,Buffalo,Akron,0.7879293175666335,14.366449897017693,in_game_wp,v1,test
401762845,2025,9,Northern Illinois,Ball State,0.7093166620284919,8.314097840663878,in_game_wp,v1,test
401762846,2025,9,Kent State,Bowling Green,0.23689855707952723,-8.612771764921185,in_game_wp,v1,test
401762847,2025,9,Central Michigan,Massachusetts,0.8781564569432876,20.439003356385108,in_game_wp,v1,test
401762848,2025,9,Eastern Michigan,Ohio,0.27158710036254385,-7.178524269280636,in_game_wp,v1,test
401762874,2025,9,Miami (OH),Western Michigan,0.5394263802669865,2.9029311987934,in_game_wp,v1,test
401752753,2025,10,Arkansas,Mississippi State,0.5927882833951295,4.113686306184361,in_game_wp,v1,test
401752754,2025,10,Auburn,Kentucky,0.773312631215673,13.344134183437859,in_game_wp,v1,test
401752755,2025,10,Florida,Georgia,0.31322548733363265,-6.663106592032385,in_game_wp,v1,test
401752756,2025,10,Ole Miss,South Carolina,0.8681640136003178,15.832526506964502,in_game_wp,v1,test
401752757,2025,10,Tennessee,Oklahoma,0.6784983224003648,5.6067953882699335,in_game_wp,v1,test
401752758,2025,10,Texas,Vanderbilt,0.6308356702160808,6.64529380976793,in_game_wp,v1,test
401752887,2025,10,Maryland,Indiana,0.13607854200869474,-18.922765770744668,in_game_wp,v1,test
401752888,2025,10,Minnesota,Michigan State,0.747888280995861,10.178533332296139,in_game_wp,v1,test
401752889,2025,10,Ohio State,Penn State,0.8781564569432876,20.233847692629197,in_game_wp,v1,test
401752890,2025,10,Michigan,Purdue,0.9256478014111539,22.854572472681006,in_game_wp,v1,test
401752891,2025,10,Illinois,Rutgers,0.7319362341316171,12.520327505172562,in_game_wp,v1,test
401752892,2025,10,Nebraska,USC,0.4434545735054379,-2.3637370522568233,in_game_wp,v1,test
401752943,2025,10,Oregon State,Washington State,0.3698466612981735,-4.9882385091539945,in_game_wp,v1,test
401754575,2025,10,Syracuse,North Carolina,0.7042508205171714,9.250092196078185,in_game_wp,v1,test
401754576,2025,10,California,Virginia,0.3426258580826621,-5.5500740848665835,in_game_wp,v1,test
401754577,2025,10,Clemson,Duke,0.68369027604823,5.319747516176233,in_game_wp,v1,test
401754578,2025,10,Florida State,Wake Forest,0.7879293175666335,14.03468038670297,in_game_wp,v1,test
401754579,2025,10,NC State,Georgia Tech,0.448497606330901,-3.14256104611162,in_game_wp,v1,test
401754580,2025,10,Virginia Tech,Louisville,0.25378321293002465,-8.6818569517202,in_game_wp,v1,test
401754581,2025,10,SMU,Miami,0.3279857029161949,-5.462317987146243,in_game_wp,v1,test
401754582,2025,10,Stanford,Pittsburgh,0.18639775211744586,-11.389531504910526,in_game_wp,v1,test
401754583,2025,10,Boston College,Notre Dame,0.07113573913670594,-21.953874741485805,in_game_wp,v1,test
401756936,2025,10,Baylor,UCF,0.529449279626121,-0.47317263751824434,in_game_wp,v1,test
401756937,2025,10,Colorado,Arizona,0.5231011853062879,2.0616229178652286,in_game_wp,v1,test
401756938,2025,10,Houston,West Virginia,0.7585043479789247,11.736428364079796,in_game_wp,v1,test
401756939,2025,10,Iowa State,Arizona State,0.7093166620284919,8.15467095310615,in_game_wp,v1,test
401756940,2025,10,Kansas,Oklahoma State,0.9962954770512287,27.14931843887129,in_game_wp,v1,test
401756941,2025,10,Kansas State,Texas Tech,0.25378321293002465,-9.233762161580545,in_game_wp,v1,test
401756942,2025,10,Utah,Cincinnati,0.7585043479789247,11.758654147296083,in_game_wp,v1,test
401757173,2025,10,UConn,UAB,0.8170697795405115,17.19552228560918,in_game_wp,v1,test
401757289,2025,10,Kennesaw State,UTEP,0.8014701125058992,11.430152041307718,in_game_wp,v1,test
401757290,2025,10,Louisiana Tech,Sam Houston,0.8694350237973016,17.798781193433307,in_game_wp,v1,test
401757291,2025,10,Missouri State,Florida International,0.6784983224003648,6.2927456525333305,in_game_wp,v1,test
401757292,2025,10,Middle Tennessee,Jacksonville State,0.25378321293002465,-8.834399872855188,in_game_wp,v1,test
401757293,2025,10,Liberty,Delaware,0.68369027604823,5.128103209439473,in_game_wp,v1,test
401757294,2025,10,Western Kentucky,New Mexico State,0.7319362341316171,12.633932577489546,in_game_wp,v1,test
401760401,2025,10,Air Force,Army,0.5262141520227859,1.1303495836724093,in_game_wp,v1,test
401760402,2025,10,Boise State,Fresno State,0.8608537302727398,16.984798693847296,in_game_wp,v1,test
401760403,2025,10,San José State,Hawai'i,0.5280085951891043,1.7445559365758685,in_game_wp,v1,test
401760404,2025,10,UNLV,New Mexico,0.6784983224003648,5.629513065700676,in_game_wp,v1,test
401760405,2025,10,San Diego State,Wyoming,0.865370839862553,15.18314483418107,in_game_wp,v1,test
401761639,2025,10,Texas State,James Madison,0.4434545735054379,-2.476685814250816,in_game_wp,v1,test
401761640,2025,10,Coastal Carolina,Marshall,0.3698466612981735,-4.945767661531589,in_game_wp,v1,test
401761641,2025,10,UL Monroe,Old Dominion,0.13335922529427913,-13.687973468610366,in_game_wp,v1,test
401761642,2025,10,South Alabama,Louisiana,0.6784983224003648,5.9950416074342945,in_game_wp,v1,test
401761643,2025,10,Troy,Arkansas State,0.7319362341316171,12.571527773595657,in_game_wp,v1,test
401762443,2025,10,UTSA,Tulane,0.4323829570261501,-1.7539883227400992,in_game_wp,v1,test
401762497,2025,10,Rice,Memphis,0.11490500519492726,-14.100211500335167,in_game_wp,v1,test
401762498,2025,10,Temple,East Carolina,0.44464997971563097,-2.7345956748764024,in_game_wp,v1,test
401762499,2025,10,North Texas,Navy,0.7585043479789247,12.100078860219309,in_game_wp,v1,test
401762849,2025,10,Bowling Green,Buffalo,0.6784983224003648,5.881063014012459,in_game_wp,v1,test
401762850,2025,10,Western Michigan,Central Michigan,0.7093166620284919,7.980654527471278,in_game_wp,v1,test
401752759,2025,11,Alabama,LSU,0.8037925454479611,14.60994248471767,in_game_wp,v1,test
401752760,2025,11,Kentucky,Florida,0.5077174197957641,-1.1216098194291657,in_game_wp,v1,test
401752762,2025,11,Mississippi State,Georgia,0.4323829570261501,-1.693644799263458,in_game_wp,v1,test
401752763,2025,11,Missouri,Texas A&M,0.5130596178696325,0.7221467629201488,in_game_wp,v1,test
401752764,2025,11,Vanderbilt,Auburn,0.747888280995861,10.266605567321458,in_game_wp,v1,test
401752893,2025,11,Penn State,Indiana,0.12977517325726012,-15.70026358321984,in_game_wp,v1,test
401752894,2025,11,Rutgers,Maryland,0.5339577906986226,3.7094325966868578,in_game_wp,v1,test
401752895,2025,11,UCLA,Nebraska,0.27158710036254385,-7.319483855371303,in_game_wp,v1,test
401752896,2025,11,USC,Northwestern,0.8450890758936708,18.599324187349804,in_game_wp,v1,test
401752897,2025,11,Purdue,Ohio State,0.0768347481971466,-25.272106558324065,in_game_wp,v1,test
401752898,2025,11,Iowa,Oregon,0.448497606330901,-3.0957905240718055,in_game_wp,v1,test
401752899,2025,11,Wisconsin,Washington,0.2707132109323179,-9.482268571402855,in_game_wp,v1,test
401752944,2025,11,Oregon State,Sam Houston,0.773312631215673,13.21358003896808,in_game_wp,v1,test
401754584,2025,11,Boston College,SMU,0.23689855707952723,-8.4869904939862,in_game_wp,v1,test
401754585,2025,11,Louisville,California,0.8694350237973016,17.776707668719656,in_game_wp,v1,test
401754586,2025,11,Clemson,Florida State,0.448497606330901,-2.999755000794644,in_game_wp,v1,test
401754587,2025,11,Miami,Syracuse,0.9179324706583161,24.138042846613352,in_game_wp,v1,test
401754588,2025,11,North Carolina,Stanford,0.6714531164514496,4.734285885877826,in_game_wp,v1,test
401754589,2025,11,Virginia,Wake Forest,0.7660492970501612,13.015882649923018,in_game_wp,v1,test
401754590,2025,11,UConn,Duke,0.488398131436683,0.36175124569437456,in_game_wp,v1,test
401756943,2025,11,Arizona,Kansas,0.6784983224003648,6.298561624654045,in_game_wp,v1,test
401756944,2025,11,TCU,Iowa State,0.6120556754270379,4.453127438758753,in_game_wp,v1,test
401756945,2025,11,Texas Tech,BYU,0.7093166620284919,8.504182311656555,in_game_wp,v1,test
401756946,2025,11,UCF,Houston,0.6308356702160808,6.640445757545748,in_game_wp,v1,test
401756947,2025,11,West Virginia,Colorado,0.5257228322695868,3.9884405628462964,in_game_wp,v1,test
401757166,2025,11,Notre Dame,Navy,0.9256478014111539,22.917450493584553,in_game_wp,v1,test
401757295,2025,11,Delaware,Louisiana Tech,0.3698466612981735,-4.923936830557011,in_game_wp,v1,test
401757296,2025,11,Middle Tennessee,Florida International,0.5077174197957641,-1.0268352110739745,in_game_wp,v1,test
401757297,2025,11,UTEP,Jacksonville State,0.44464997971563097,-2.9214105279109566,in_game_wp,v1,test
401757298,2025,11,New Mexico State,Kennesaw State,0.38668768950271964,-4.353504999518,in_game_wp,v1,test
401757299,2025,11,Liberty,Missouri State,0.7093166620284919,8.58496587707931,in_game_wp,v1,test
401760406,2025,11,San José State,Air Force,0.5138706178431527,3.8168978002147185,in_game_wp,v1,test
401760407,2025,11,Colorado State,UNLV,0.43620892624247565,-2.257148387244756,in_game_wp,v1,test
401760408,2025,11,Hawai'i,San Diego State,0.3348187688635667,-5.911484241936883,in_game_wp,v1,test
401760409,2025,11,Utah State,Nevada,0.7879293175666335,14.04878692259788,in_game_wp,v1,test
401761644,2025,11,App State,Georgia Southern,0.6404927305255931,4.508611290272945,in_game_wp,v1,test
401761645,2025,11,Coastal Carolina,Georgia State,0.7319362341316171,12.72580127641383,in_game_wp,v1,test
401761646,2025,11,Marshall,James Madison,0.23689855707952723,-8.379201758893984,in_game_wp,v1,test
401761647,2025,11,Arkansas State,Southern Miss,0.5077174197957641,-0.9753840978769119,in_game_wp,v1,test
401761648,2025,11,Louisiana,Texas State,0.5267731046392776,0.1792324028892729,in_game_wp,v1,test
401762500,2025,11,South Florida,UTSA,0.8423145874694133,14.864332286487658,in_game_wp,v1,test
401762501,2025,11,Memphis,Tulane,0.747888280995861,9.986309201278628,in_game_wp,v1,test
401762502,2025,11,Rice,UAB,0.5796033054460699,4.221084998031099,in_game_wp,v1,test
401762503,2025,11,Army,Temple,0.6784983224003648,6.377137704293029,in_game_wp,v1,test
401762504,2025,11,East Carolina,Charlotte,0.9962954770512287,32.35173571181484,in_game_wp,v1,test
401762505,2025,11,Florida Atlantic,Tulsa,0.6932321974132383,7.5218671576728084,in_game_wp,v1,test
401762851,2025,11,Akron,Massachusetts,0.7545536150948478,13.4744505016695,in_game_wp,v1,test
401762852,2025,11,Ohio,Miami (OH),0.6308356702160808,6.456212350134263,in_game_wp,v1,test
401762853,2025,11,Ball State,Kent State,0.6308356702160808,6.651415157351028,in_game_wp,v1,test
401762854,2025,11,Toledo,Northern Illinois,0.88245194553543,19.388339409386262,in_game_wp,v1,test
401762855,2025,11,Eastern Michigan,Bowling Green,0.5130596178696325,0.8418342583804996,in_game_wp,v1,test
401752765,2025,12,Alabama,Oklahoma,0.706522976434765,9.769656028552866,in_game_wp,v1,test
401752766,2025,12,Georgia,Texas,0.5138706178431527,3.8081737782456946,in_game_wp,v1,test
401752768,2025,12,LSU,Arkansas,0.5975707329920286,6.941217773042175,in_game_wp,v1,test
401752769,2025,12,Ole Miss,Florida,0.7879293175666335,14.213577540019376,in_game_wp,v1,test
401752770,2025,12,Missouri,Mississippi State,0.7093166620284919,8.686826401384984,in_game_wp,v1,test
401752771,2025,12,Tennessee,New Mexico State,0.9962954770512287,28.81041049333261,in_game_wp,v1,test
401752772,2025,12,Texas A&M,South Carolina,0.8694350237973016,17.996553991309767,in_game_wp,v1,test
401752900,2025,12,Ohio State,UCLA,0.9962954770512287,32.002248196073715,in_game_wp,v1,test
401752901,2025,12,Indiana,Wisconsin,0.9569488127335619,33.75498929532331,in_game_wp,v1,test
401752902,2025,12,Washington,Purdue,0.8694350237973016,18.086164265139708,in_game_wp,v1,test
401752903,2025,12,Michigan State,Penn State,0.25378321293002465,-8.79222916661428,in_game_wp,v1,test
401752904,2025,12,Oregon,Minnesota,0.9169647598686674,22.38857947829244,in_game_wp,v1,test
401752905,2025,12,Northwestern,Michigan,0.2707132109323179,-9.524787338614505,in_game_wp,v1,test
401752906,2025,12,Illinois,Maryland,0.7879293175666335,14.400041621149263,in_game_wp,v1,test
401752907,2025,12,USC,Iowa,0.7093166620284919,8.042770425881706,in_game_wp,v1,test
401752945,2025,12,Tulsa,Oregon State,0.5280085951891043,1.6024078171975935,in_game_wp,v1,test
401752953,2025,12,Washington State,Louisiana Tech,0.5447985756990616,3.265131347629984,in_game_wp,v1,test
401754591,2025,12,Louisville,Clemson,0.6784983224003648,6.27745982875324,in_game_wp,v1,test
401754592,2025,12,Boston College,Georgia Tech,0.3134495356396575,-10.73947052778674,in_game_wp,v1,test
401754593,2025,12,Duke,Virginia,0.5485006618577397,3.142582673171197,in_game_wp,v1,test
401754594,2025,12,Florida State,Virginia Tech,0.8450890758936708,18.458088495749966,in_game_wp,v1,test
401754595,2025,12,Miami,NC State,0.8608537302727398,16.961985722990974,in_game_wp,v1,test
401754596,2025,12,Wake Forest,North Carolina,0.7042508205171714,9.519893399700852,in_game_wp,v1,test
401754597,2025,12,Pittsburgh,Notre Dame,0.32521914726096446,-6.052129213988546,in_game_wp,v1,test
401756948,2025,12,Arizona State,West Virginia,0.775269348317486,10.823163221267798,in_game_wp,v1,test
401756949,2025,12,Baylor,Utah,0.1399823316071244,-11.653598162236815,in_game_wp,v1,test
401756950,2025,12,BYU,TCU,0.7319362341316171,12.835998787362769,in_game_wp,v1,test
401756951,2025,12,Cincinnati,Arizona,0.622932109850588,6.752408148158167,in_game_wp,v1,test
401756952,2025,12,Oklahoma State,Kansas State,0.12977517325726012,-15.882920061787807,in_game_wp,v1,test
401756953,2025,12,Texas Tech,UCF,0.8587992146606919,21.176644600182,in_game_wp,v1,test
401757174,2025,12,UConn,Air Force,0.775269348317486,10.649921788206289,in_game_wp,v1,test
401757300,2025,12,Sam Houston,Delaware,0.2660622535560335,-7.09119951025183,in_game_wp,v1,test
401757301,2025,12,Florida International,Liberty,0.48425576293775013,1.0338551808769507,in_game_wp,v1,test
401757302,2025,12,Jacksonville State,Kennesaw State,0.5257228322695868,3.894375129830876,in_game_wp,v1,test
401757303,2025,12,Western Kentucky,Middle Tennessee,0.88245194553543,19.43899042220778,in_game_wp,v1,test
401757304,2025,12,Missouri State,UTEP,0.7057593171082679,7.197088146412281,in_game_wp,v1,test
401760410,2025,12,San Diego State,Boise State,0.5262141520227859,1.5640418955642827,in_game_wp,v1,test
401760411,2025,12,New Mexico,Colorado State,0.7879293175666335,14.377706200090419,in_game_wp,v1,test
401760412,2025,12,Fresno State,Wyoming,0.7093166620284919,8.018337896565281,in_game_wp,v1,test
401760413,2025,12,Nevada,San José State,0.38668768950271964,-4.235558419897074,in_game_wp,v1,test
401760414,2025,12,UNLV,Utah State,0.6784983224003648,5.56741276529278,in_game_wp,v1,test
401761649,2025,12,Old Dominion,Troy,0.7585043479789247,11.801040702115491,in_game_wp,v1,test
401761650,2025,12,Georgia Southern,Coastal Carolina,0.6784983224003648,5.583420341688302,in_game_wp,v1,test
401761651,2025,12,Georgia State,Marshall,0.2707132109323179,-9.672543478763249,in_game_wp,v1,test
401761652,2025,12,James Madison,App State,0.9500219945514468,21.965033306822708,in_game_wp,v1,test
401761653,2025,12,UL Monroe,South Alabama,0.38668768950271964,-4.571396572730046,in_game_wp,v1,test
401761654,2025,12,Southern Miss,Texas State,0.6714531164514496,4.725321399463989,in_game_wp,v1,test
401762506,2025,12,UAB,North Texas,0.07583855527756633,-16.64253079312658,in_game_wp,v1,test
401762507,2025,12,Charlotte,UTSA,0.11490500519492726,-14.018042684392785,in_game_wp,v1,test
401762508,2025,12,East Carolina,Memphis,0.5257228322695868,4.058803916655974,in_game_wp,v1,test
401762509,2025,12,Tulane,Florida Atlantic,0.8456458564285433,15.600222944811648,in_game_wp,v1,test
401762510,2025,12,Navy,South Florida,0.27158710036254385,-7.39169021572411,in_game_wp,v1,test
401762856,2025,12,Akron,Kent State,0.7042508205171714,9.688835561409718,in_game_wp,v1,test
401762857,2025,12,Western Michigan,Ohio,0.5754815595184704,2.2241768335595715,in_game_wp,v1,test
401762858,2025,12,Central Michigan,Buffalo,0.5339577906986226,3.7392686284061556,in_game_wp,v1,test
401762859,2025,12,Massachusetts,Northern Illinois,0.2519065369304993,-8.21009268073524,in_game_wp,v1,test
401762860,2025,12,Miami (OH),Toledo,0.3698466612981735,-4.918362015191829,in_game_wp,v1,test
401762861,2025,12,Ball State,Eastern Michigan,0.5130596178696325,0.5576002473169224,in_game_wp,v1,test
401752775,2025,13,Florida,Tennessee,0.448497606330901,-3.1627990625867435,in_game_wp,v1,test
401752776,2025,13,Georgia,Charlotte,0.9819195201783018,41.17489249010643,in_game_wp,v1,test
401752777,2025,13,LSU,Western Kentucky,0.8456458564285433,15.540486338229597,in_game_wp,v1,test
401752778,2025,13,Oklahoma,Missouri,0.622932109850588,6.772302098707021,in_game_wp,v1,test
401752779,2025,13,South Carolina,Coastal Carolina,0.8694350237973016,18.23234915887206,in_game_wp,v1,test
401752780,2025,13,Texas,Arkansas,0.8014701125058992,11.421889019602908,in_game_wp,v1,test
401752782,2025,13,Vanderbilt,Kentucky,0.7899041410620369,12.895292305496971,in_game_wp,v1,test
401752908,2025,13,Penn State,Nebraska,0.622932109850588,6.8147897932143096,in_game_wp,v1,test
401752909,2025,13,Northwestern,Minnesota,0.5262141520227859,1.178269097101094,in_game_wp,v1,test
401752910,2025,13,UCLA,Washington,0.23819248987554492,-10.35753906333559,in_game_wp,v1,test
401752911,2025,13,Oregon,USC,0.7093166620284919,8.490685981266678,in_game_wp,v1,test
401752912,2025,13,Ohio State,Rutgers,0.9962954770512287,28.894662841698384,in_game_wp,v1,test
401752913,2025,13,Iowa,Michigan State,0.8587992146606919,21.24807070146958,in_game_wp,v1,test
401752914,2025,13,Maryland,Michigan,0.31322548733363265,-6.9502883660087456,in_game_wp,v1,test
401752915,2025,13,Wisconsin,Illinois,0.31322548733363265,-6.686500120959421,in_game_wp,v1,test
401752954,2025,13,James Madison,Washington State,0.8456458564285433,15.45966703741803,in_game_wp,v1,test
401754598,2025,13,NC State,Florida State,0.36389489534399755,-4.852768808346241,in_game_wp,v1,test
401754599,2025,13,Stanford,California,0.5262141520227859,1.2149859483823477,in_game_wp,v1,test
401754600,2025,13,North Carolina,Duke,0.38668768950271964,-4.585499994807778,in_game_wp,v1,test
401754601,2025,13,Georgia Tech,Pittsburgh,0.5280085951891043,1.6319957007569332,in_game_wp,v1,test
401754602,2025,13,SMU,Louisville,0.68369027604823,5.246121001053182,in_game_wp,v1,test
401754603,2025,13,Virginia Tech,Miami,0.07583855527756633,-16.447328953219895,in_game_wp,v1,test
401754604,2025,13,Notre Dame,Syracuse,0.9962954770512287,30.794225464051657,in_game_wp,v1,test
401754606,2025,13,Wake Forest,Delaware,0.8456458564285433,15.577693179206433,in_game_wp,v1,test
401756954,2025,13,Arizona,Baylor,0.7042508205171714,9.551153454498694,in_game_wp,v1,test
401756955,2025,13,Cincinnati,BYU,0.448497606330901,-3.4448053286976483,in_game_wp,v1,test
401756956,2025,13,Colorado,Arizona State,0.4323829570261501,-1.819529887647084,in_game_wp,v1,test
401756957,2025,13,Houston,TCU,0.5394263802669865,2.827181641827665,in_game_wp,v1,test
401756958,2025,13,Iowa State,Kansas,0.6784983224003648,5.740868800251118,in_game_wp,v1,test
401756959,2025,13,UCF,Oklahoma State,0.9500219945514468,22.09763169831742,in_game_wp,v1,test
401756960,2025,13,Utah,Kansas State,0.9500219945514468,22.088833582243524,in_game_wp,v1,test
401757175,2025,13,Florida Atlantic,UConn,0.38668768950271964,-4.199576969933824,in_game_wp,v1,test
401757305,2025,13,Florida International,Jacksonville State,0.4609770448877394,0.018671640660956612,in_game_wp,v1,test
401757306,2025,13,Kennesaw State,Missouri State,0.6932321974132383,7.333841749851282,in_game_wp,v1,test
401757307,2025,13,Louisiana Tech,Liberty,0.6932321974132383,7.484186147249317,in_game_wp,v1,test
401757308,2025,13,Middle Tennessee,Sam Houston,0.6224653791883044,2.7758417005399405,in_game_wp,v1,test
401757309,2025,13,UTEP,New Mexico State,0.6647535604976416,4.903943961113997,in_game_wp,v1,test
401760415,2025,13,Air Force,New Mexico,0.5231011853062879,2.052434330958801,in_game_wp,v1,test
401760416,2025,13,Boise State,Colorado State,0.88245194553543,19.43496409417575,in_game_wp,v1,test
401760417,2025,13,Fresno State,Utah State,0.68369027604823,5.313753503893867,in_game_wp,v1,test
401760418,2025,13,UNLV,Hawai'i,0.68369027604823,5.217508037641265,in_game_wp,v1,test
401760419,2025,13,Wyoming,Nevada,0.7042508205171714,9.384683448554,in_game_wp,v1,test
401760420,2025,13,San Diego State,San José State,0.8938718963320842,18.90054757851488,in_game_wp,v1,test
401761655,2025,13,Arkansas State,Louisiana,0.5231011853062879,2.120716785450978,in_game_wp,v1,test
401761656,2025,13,App State,Marshall,0.43672614544977517,-3.5399758888281667,in_game_wp,v1,test
401761657,2025,13,Georgia Southern,Old Dominion,0.25378321293002465,-8.672475877615964,in_game_wp,v1,test
401761658,2025,13,South Alabama,Southern Miss,0.4471554494293384,2.5453207898686605,in_game_wp,v1,test
401761659,2025,13,Texas State,UL Monroe,0.8706790660337156,20.783260809416767,in_game_wp,v1,test
401761660,2025,13,Troy,Georgia State,0.8142735676515831,16.354394600258267,in_game_wp,v1,test
401762511,2025,13,UAB,South Florida,0.19850387588943313,-19.31884266667919,in_game_wp,v1,test
401762512,2025,13,Army,Tulsa,0.7879293175666335,13.579949237165355,in_game_wp,v1,test
401762513,2025,13,UTSA,East Carolina,0.3731415134770628,-3.8210071258675917,in_game_wp,v1,test
401762514,2025,13,Rice,North Texas,0.07583855527756633,-17.323374185111838,in_game_wp,v1,test
401762515,2025,13,Temple,Tulane,0.448497606330901,-3.320850964633361,in_game_wp,v1,test
401762862,2025,13,Bowling Green,Akron,0.7093166620284919,8.708502666948297,in_game_wp,v1,test
401762863,2025,13,Ohio,Massachusetts,0.9962954770512287,30.490005838579734,in_game_wp,v1,test
401762864,2025,13,Northern Illinois,Western Michigan,0.4434545735054379,-2.447671464806689,in_game_wp,v1,test
401762865,2025,13,Buffalo,Miami (OH),0.5130596178696325,0.5120444201820114,in_game_wp,v1,test
401762866,2025,13,Kent State,Central Michigan,0.28780064535210004,-6.507817523219906,in_game_wp,v1,test
401762867,2025,13,Toledo,Ball State,0.9962954770512287,28.967547954672405,in_game_wp,v1,test
401752783,2025,14,Arkansas,Missouri,0.5077174197957641,-0.7792151406209387,in_game_wp,v1,test
401752784,2025,14,Auburn,Alabama,0.3348187688635667,-5.889826172588471,in_game_wp,v1,test
401752785,2025,14,Florida,Florida State,0.4323829570261501,-2.119760662408881,in_game_wp,v1,test
401752786,2025,14,Georgia Tech,Georgia,0.2707132109323179,-9.900111961458105,in_game_wp,v1,test
401752787,2025,14,Louisville,Kentucky,0.6308356702160808,6.588138228267621,in_game_wp,v1,test
401752788,2025,14,Mississippi State,Ole Miss,0.32521914726096446,-6.117883631699339,in_game_wp,v1,test
401752789,2025,14,Oklahoma,LSU,0.8022990688285825,11.053325706139738,in_game_wp,v1,test
401752790,2025,14,South Carolina,Clemson,0.6647535604976416,5.018897976247689,in_game_wp,v1,test
401752791,2025,14,Tennessee,Vanderbilt,0.5447985756990616,3.2336633334569598,in_game_wp,v1,test
401752792,2025,14,Texas,Texas A&M,0.48425576293775013,1.0589499590116613,in_game_wp,v1,test
401752916,2025,14,Nebraska,Iowa,0.5077174197957641,-0.9621370347197429,in_game_wp,v1,test
401752917,2025,14,Washington,Oregon,0.3731415134770628,-3.937162722614909,in_game_wp,v1,test
401752918,2025,14,Minnesota,Wisconsin,0.5257228322695868,4.038933319482052,in_game_wp,v1,test
401752919,2025,14,USC,UCLA,0.8657507620667089,24.761585257344656,in_game_wp,v1,test
401752920,2025,14,Rutgers,Penn State,0.26121636687212046,-7.544067732139114,in_game_wp,v1,test
401752921,2025,14,Michigan,Ohio State,0.25378321293002465,-9.229323268202865,in_game_wp,v1,test
401752922,2025,14,Illinois,Northwestern,0.747888280995861,10.114026033856675,in_game_wp,v1,test
401752923,2025,14,Michigan State,Maryland,0.5077174197957641,-1.0393129233071325,in_game_wp,v1,test
401752924,2025,14,Purdue,Indiana,0.09286078025331701,-28.102698069586964,in_game_wp,v1,test
401752946,2025,14,Washington State,Oregon State,0.7718298825644386,16.4788778359127,in_game_wp,v1,test
401754608,2025,14,Syracuse,Boston College,0.5796033054460699,4.203310516428881,in_game_wp,v1,test
401754609,2025,14,California,SMU,0.3134495356396575,-10.625644044092319,in_game_wp,v1,test
401754610,2025,14,Duke,Wake Forest,0.6647535604976416,5.010622807431005,in_game_wp,v1,test
401754611,2025,14,Pittsburgh,Miami,0.4434545735054379,-2.464507862673436,in_game_wp,v1,test
401754612,2025,14,NC State,North Carolina,0.7899041410620369,12.917119102879237,in_game_wp,v1,test
401754613,2025,14,Virginia,Virginia Tech,0.865370839862553,15.064375152378064,in_game_wp,v1,test
401754614,2025,14,Stanford,Notre Dame,0.0768347481971466,-24.423761015344006,in_game_wp,v1,test
401756961,2025,14,Arizona State,Arizona,0.5130596178696325,0.9821139181757017,in_game_wp,v1,test
401756962,2025,14,Baylor,Houston,0.554861574374456,3.530539930617337,in_game_wp,v1,test
401756963,2025,14,BYU,UCF,0.88245194553543,19.858056996852095,in_game_wp,v1,test
401756964,2025,14,Kansas,Utah,0.1399823316071244,-11.634050824399198,in_game_wp,v1,test
401756965,2025,14,Kansas State,Colorado,0.766240572301453,12.310357631089811,in_game_wp,v1,test
401756966,2025,14,Oklahoma State,Iowa State,0.09765721761444746,-17.61425080492709,in_game_wp,v1,test
401756967,2025,14,TCU,Cincinnati,0.5280085951891043,1.6440920863519874,in_game_wp,v1,test
401756968,2025,14,West Virginia,Texas Tech,0.19850387588943313,-19.625422377212537,in_game_wp,v1,test
401757310,2025,14,Delaware,UTEP,0.6714531164514496,4.702335771643259,in_game_wp,v1,test
401757311,2025,14,Sam Houston,Florida International,0.25378321293002465,-9.105410757218998,in_game_wp,v1,test
401757312,2025,14,Jacksonville State,Western Kentucky,0.5262141520227859,1.296154450957832,in_game_wp,v1,test
401757313,2025,14,Liberty,Kennesaw State,0.5581279566032963,2.3669839106355877,in_game_wp,v1,test
401757314,2025,14,Missouri State,Louisiana Tech,0.5267731046392776,0.06696921110789233,in_game_wp,v1,test
401757315,2025,14,New Mexico State,Middle Tennessee,0.7042508205171714,9.277629825139197,in_game_wp,v1,test
401760421,2025,14,Colorado State,Air Force,0.529449279626121,-0.493937203195137,in_game_wp,v1,test
401760422,2025,14,Utah State,Boise State,0.4323829570261501,-1.6281334944116317,in_game_wp,v1,test
401760423,2025,14,San José State,Fresno State,0.3698466612981735,-4.916586412716287,in_game_wp,v1,test
401760424,2025,14,Hawai'i,Wyoming,0.7042508205171714,9.26207527310447,in_game_wp,v1,test
401760425,2025,14,Nevada,UNLV,0.27158710036254385,-7.279450152368764,in_game_wp,v1,test
401760426,2025,14,New Mexico,San Diego State,0.5212841720668582,-0.3952275654497486,in_game_wp,v1,test
401761661,2025,14,App State,Arkansas State,0.5447985756990616,3.2740577675848126,in_game_wp,v1,test
401761662,2025,14,Coastal Carolina,James Madison,0.07583855527756633,-17.252546524409254,in_game_wp,v1,test
401761663,2025,14,Marshall,Georgia Southern,0.8014701125058992,11.177587997861096,in_game_wp,v1,test
401761664,2025,14,Old Dominion,Georgia State,0.9962954770512287,28.260991135998925,in_game_wp,v1,test
401761665,2025,14,Louisiana,UL Monroe,0.8423145874694133,14.925233829864364,in_game_wp,v1,test
401761666,2025,14,Southern Miss,Troy,0.5138706178431527,3.813071874850638,in_game_wp,v1,test
401761667,2025,14,Texas State,South Alabama,0.747888280995861,10.115827667266085,in_game_wp,v1,test
401762441,2025,14,UTSA,Army,0.7042508205171714,9.547550887114618,in_game_wp,v1,test
401762442,2025,14,North Texas,Temple,0.8587992146606919,21.421553839724922,in_game_wp,v1,test
401762516,2025,14,Memphis,Navy,0.747888280995861,10.291026850142764,in_game_wp,v1,test
401762517,2025,14,Tulsa,UAB,0.6308356702160808,6.6118117235724885,in_game_wp,v1,test
401762518,2025,14,Tulane,Charlotte,0.9962954770512287,28.980871308122758,in_game_wp,v1,test
401762519,2025,14,Florida Atlantic,East Carolina,0.2513544637786443,-7.659853922853589,in_game_wp,v1,test
401762520,2025,14,South Florida,Rice,0.9962954770512287,28.41444017486409,in_game_wp,v1,test
401762868,2025,14,Massachusetts,Bowling Green,0.1444440221279581,-12.615659185290333,in_game_wp,v1,test
401762869,2025,14,Eastern Michigan,Western Michigan,0.38668768950271964,-4.636458445837494,in_game_wp,v1,test
401762870,2025,14,Buffalo,Ohio,0.448497606330901,-3.1550628575968505,in_game_wp,v1,test
401762871,2025,14,Northern Illinois,Kent State,0.775269348317486,10.546284163711363,in_game_wp,v1,test
401762872,2025,14,Central Michigan,Toledo,0.25378321293002465,-9.312798421344933,in_game_wp,v1,test
401762875,2025,14,Miami (OH),Ball State,0.8938718963320842,18.792044540345472,in_game_wp,v1,test
401777324,2025,15,Tulane,North Texas,0.3731415134770628,-3.900365605973164,in_game_wp,v1,test
401777325,2025,15,Jacksonville State,Kennesaw State,0.4471554494293384,2.5115310266385986,in_game_wp,v1,test
401777326,2025,15,Boise State,UNLV,0.7057593171082679,7.268147911430766,in_game_wp,v1,test
401777327,2025,15,Texas Tech,BYU,0.6932321974132383,7.482315389504832,in_game_wp,v1,test
401777328,2025,15,Virginia,Duke,0.5138706178431527,3.8141832037183403,in_game_wp,v1,test
401777329,2025,15,Western Michigan,Miami (OH),0.5267731046392776,0.14202250663226756,in_game_wp,v1,test
401777351,2025,15,Alabama,Georgia,0.5485006618577397,3.1428397998212105,in_game_wp,v1,test
401777352,2025,15,James Madison,Troy,0.8587992146606919,21.392584700395822,in_game_wp,v1,test
401777353,2025,15,Ohio State,Indiana,0.44464997971563097,-2.675457838120561,in_game_wp,v1,test
