game_id,season,week,home_team,away_team,p_home_win,predicted_margin,model_name,model_version,split
401520250,2023,4,Alabama,Ole Miss,0.4108986346304161,-4.294480243593036,margin_predictor,v1,val
401520251,2023,4,Florida,Charlotte,0.8839535494689498,20.501285071528766,margin_predictor,v1,val
401520252,2023,4,Georgia,UAB,0.920788107693106,24.885382134700496,margin_predictor,v1,val
401520253,2023,4,Hawai'i,New Mexico State,0.37100294060793043,-6.033485006454038,margin_predictor,v1,val
401520254,2023,4,Houston,Sam Houston,0.817947952435442,15.025872890019095,margin_predictor,v1,val
401520255,2023,4,Illinois,Florida Atlantic,0.7162780570946867,9.04716960446569,margin_predictor,v1,val
401520256,2023,4,Indiana,Akron,0.7660543599141347,11.744805434726793,margin_predictor,v1,val
401520257,2023,4,Jacksonville State,Eastern Michigan,0.8672566221906729,18.909230110468464,margin_predictor,v1,val
401520258,2023,4,LSU,Arkansas,0.5695488499619377,2.34626293460366,margin_predictor,v1,val
401520259,2023,4,Missouri,Memphis,0.5811708382027136,2.839664317958522,margin_predictor,v1,val
401520260,2023,4,Michigan,Rutgers,0.8776835205557633,19.881670640324813,margin_predictor,v1,val
401520261,2023,4,Michigan State,Maryland,0.32837536632643166,-7.979521019992998,margin_predictor,v1,val
401520262,2023,4,Middle Tennessee,Colorado State,0.7372743079888193,10.144266209500952,margin_predictor,v1,val
401520263,2023,4,Nebraska,Louisiana Tech,0.7549581016511956,11.112831488126844,margin_predictor,v1,val
401520264,2023,4,Northwestern,Minnesota,0.2967912220294728,-9.505048821539503,margin_predictor,v1,val
401520265,2023,4,Penn State,Iowa,0.7532626367872787,11.017995389587623,margin_predictor,v1,val
401520266,2023,4,Purdue,Wisconsin,0.36439533834927745,-6.328262973770075,margin_predictor,v1,val
401520267,2023,4,South Carolina,Mississippi State,0.48740500469702625,-1.080629608068787,margin_predictor,v1,val
401520268,2023,4,Syracuse,Army,0.8564284799504515,17.965597577596085,margin_predictor,v1,val
401520269,2023,4,Tennessee,UTSA,0.8358894562873147,16.327029229523163,margin_predictor,v1,val
401520270,2023,4,Texas A&M,Auburn,0.6033020424647373,3.790365313305213,margin_predictor,v1,val
401520271,2023,4,Troy,Western Kentucky,0.7547814590339427,11.102930346301287,margin_predictor,v1,val
401520272,2023,4,UConn,Duke,0.1797138552749795,-16.305519647703978,margin_predictor,v1,val
401520273,2023,4,UTEP,UNLV,0.5679452034260671,2.278449383444442,margin_predictor,v1,val
401520274,2023,4,Vanderbilt,Kentucky,0.3107262486192003,-8.821553756527646,margin_predictor,v1,val
401520275,2023,4,Florida International,Liberty,0.3563944258808145,-6.688278386824283,margin_predictor,v1,val
401521330,2023,4,Notre Dame,Ohio State,0.6088320216134091,4.030604962209471,margin_predictor,v1,val
401524014,2023,4,Arizona State,USC,0.12774972457781011,-20.48245287118954,margin_predictor,v1,val
401524015,2023,4,Oregon,Colorado,0.9234184738164077,25.265234004962412,margin_predictor,v1,val
401524016,2023,4,Stanford,Arizona,0.23009037178483804,-13.085183646220045,margin_predictor,v1,val
401524017,2023,4,Utah,UCLA,0.405564298565456,-4.5235066478616375,margin_predictor,v1,val
401524018,2023,4,Washington,California,0.8135114710813774,14.719737847407906,margin_predictor,v1,val
401524019,2023,4,Washington State,Oregon State,0.3818340085307013,-5.554867504447845,margin_predictor,v1,val
401525505,2023,4,Virginia,NC State,0.18467787503484562,-15.95995717874331,margin_predictor,v1,val
401525506,2023,4,Louisville,Boston College,0.8757266786026378,19.693901685630408,margin_predictor,v1,val
401525507,2023,4,Clemson,Florida State,0.5430826030226925,1.233856022776468,margin_predictor,v1,val
401525508,2023,4,Wake Forest,Georgia Tech,0.8580421711952476,18.102358580202136,margin_predictor,v1,val
401525509,2023,4,Temple,Miami,0.25471888924335695,-11.693272984222958,margin_predictor,v1,val
401525510,2023,4,Pittsburgh,North Carolina,0.5378652733299297,1.0159716320528513,margin_predictor,v1,val
401525511,2023,4,Marshall,Virginia Tech,0.9004596445026347,22.28450896936091,margin_predictor,v1,val
401525844,2023,4,Baylor,Texas,0.27341460058257916,-10.69514030409593,margin_predictor,v1,val
401525845,2023,4,Cincinnati,Oklahoma,0.299255722510141,-9.382864245472469,margin_predictor,v1,val
401525846,2023,4,Iowa State,Oklahoma State,0.6295818145952721,4.943518462440004,margin_predictor,v1,val
401525847,2023,4,Kansas,BYU,0.6727462471170793,6.916350062307302,margin_predictor,v1,val
401525848,2023,4,Kansas State,UCF,0.5529458974227496,1.6468833777210645,margin_predictor,v1,val
401525849,2023,4,TCU,SMU,0.6973901831285904,8.101532228042936,margin_predictor,v1,val
401525850,2023,4,West Virginia,Texas Tech,0.5862212236571327,3.055235220869182,margin_predictor,v1,val
401526835,2023,4,Massachusetts,New Mexico,0.5437504044728494,1.2617720145350964,margin_predictor,v1,val
401531338,2023,4,Northern Illinois,Tulsa,0.6929692789904149,7.885143535337349,margin_predictor,v1,val
401531423,2023,4,South Florida,Rice,0.42492440003587223,-3.6964207237101037,margin_predictor,v1,val
401531849,2023,4,Coastal Carolina,Georgia State,0.5028921635811505,-0.437992135756343,margin_predictor,v1,val
401531870,2023,4,Wyoming,App State,0.5957461919027226,3.4639511232557134,margin_predictor,v1,val
401531871,2023,4,Ball State,Georgia Southern,0.5705262130538961,2.387622956378364,margin_predictor,v1,val
401531872,2023,4,Utah State,James Madison,0.37413999704584594,-5.894294667831442,margin_predictor,v1,val
401531874,2023,4,Arkansas State,Southern Miss,0.5398434987089739,1.098542246885032,margin_predictor,v1,val
401531875,2023,4,Louisiana,Buffalo,0.9162586955385859,24.257496948235552,margin_predictor,v1,val
401531876,2023,4,South Alabama,Central Michigan,0.9263382979163193,25.70116366681923,margin_predictor,v1,val
401531877,2023,4,Texas State,Nevada,0.9416363007248166,28.28551667647623,margin_predictor,v1,val
401532405,2023,4,Bowling Green,Ohio,0.32155684136306556,-8.301922789163017,margin_predictor,v1,val
401532406,2023,4,Toledo,Western Michigan,0.8930143696019672,21.450254249048736,margin_predictor,v1,val
401532407,2023,4,Fresno State,Kent State,0.8454707636784334,17.069182329678757,margin_predictor,v1,val
401532583,2023,4,San Diego State,Boise State,0.43490533561479805,-3.274020992226385,margin_predictor,v1,val
401532584,2023,4,San José State,Air Force,0.1526300889738992,-18.336678585591983,margin_predictor,v1,val
401520276,2023,5,Sam Houston,Jacksonville State,0.08014311478924765,-25.869630403708545,margin_predictor,v1,val
401520277,2023,5,Western Kentucky,Middle Tennessee,0.5795956592013641,2.7725799542095912,margin_predictor,v1,val
401520278,2023,5,UTEP,Louisiana Tech,0.4030329890382773,-4.632518610724743,margin_predictor,v1,val
401520279,2023,5,Arkansas,Texas A&M,0.44484003487940493,-2.855791169160361,margin_predictor,v1,val
401520280,2023,5,Auburn,Georgia,0.2895696459974488,-9.866511731652212,margin_predictor,v1,val
401520281,2023,5,Iowa,Michigan State,0.6200000418878012,4.519568666590251,margin_predictor,v1,val
401520282,2023,5,Kentucky,Florida,0.618764939546983,4.465229344205037,margin_predictor,v1,val
401520283,2023,5,Maryland,Indiana,0.8373094709164729,16.43477065880282,margin_predictor,v1,val
401520284,2023,5,Minnesota,Louisiana,0.5738898891943287,2.5301469847373954,margin_predictor,v1,val
401520285,2023,5,Mississippi State,Alabama,0.40430759215821976,-4.577599854229225,margin_predictor,v1,val
401520286,2023,5,Nebraska,Michigan,0.332322966207614,-7.794434817667359,margin_predictor,v1,val
401520287,2023,5,Northwestern,Penn State,0.15111414457654881,-18.458747654098342,margin_predictor,v1,val
401520288,2023,5,Ole Miss,LSU,0.6749671669453703,7.021163460913151,margin_predictor,v1,val
401520289,2023,5,Purdue,Illinois,0.6032696350923391,3.7889608782686044,margin_predictor,v1,val
401520291,2023,5,Tennessee,South Carolina,0.7993796849402578,13.780370640012983,margin_predictor,v1,val
401520292,2023,5,UConn,Utah State,0.38750304077730185,-5.306452494611429,margin_predictor,v1,val
401520293,2023,5,Vanderbilt,Missouri,0.27552880364014876,-10.58502312503207,margin_predictor,v1,val
401524020,2023,5,Oregon State,Utah,0.7018823622772679,8.323250786914334,margin_predictor,v1,val
401524021,2023,5,Arizona,Washington,0.4148914622331732,-4.123641452565131,margin_predictor,v1,val
401524022,2023,5,California,Arizona State,0.7434895871332058,10.479651970387076,margin_predictor,v1,val
401524023,2023,5,Colorado,USC,0.12051855948263471,-21.17244798629147,margin_predictor,v1,val
401524024,2023,5,Stanford,Oregon,0.04501970995958294,-32.239913179102395,margin_predictor,v1,val
401525438,2023,5,Duke,Notre Dame,0.57954812848214,2.7705567766539154,margin_predictor,v1,val
401525512,2023,5,NC State,Louisville,0.4313112381635758,-3.4258497222766597,margin_predictor,v1,val
401525513,2023,5,Boston College,Virginia,0.6968067157458405,8.072871993450173,margin_predictor,v1,val
401525514,2023,5,Syracuse,Clemson,0.7823069502661921,12.709359606627695,margin_predictor,v1,val
401525515,2023,5,Georgia Tech,Bowling Green,0.7583948902507213,11.306439278292547,margin_predictor,v1,val
401525516,2023,5,Virginia Tech,Pittsburgh,0.3986749377905859,-4.820725475748434,margin_predictor,v1,val
401525851,2023,5,BYU,Cincinnati,0.5512237921048924,1.57465343869552,margin_predictor,v1,val
401525852,2023,5,Oklahoma,Iowa State,0.9232094638940965,25.234617179780845,margin_predictor,v1,val
401525853,2023,5,TCU,West Virginia,0.6547276061960249,6.078852582272967,margin_predictor,v1,val
401525854,2023,5,Texas,Kansas,0.5664498964431308,2.215271462739077,margin_predictor,v1,val
401525855,2023,5,Texas Tech,Houston,0.6148833482228105,4.294891236885261,margin_predictor,v1,val
401525856,2023,5,UCF,Baylor,0.9053825076240688,22.867129582186454,margin_predictor,v1,val
401526836,2023,5,Massachusetts,Arkansas State,0.6666171160332608,6.6289639036033865,margin_predictor,v1,val
401531339,2023,5,Tulsa,Temple,0.5974966954404446,3.539392660460935,margin_predictor,v1,val
401531370,2023,5,Tulane,UAB,0.882622150709813,20.367332004538678,margin_predictor,v1,val
401531404,2023,5,SMU,Charlotte,0.7539157886142018,11.054477388391291,margin_predictor,v1,val
401531414,2023,5,Rice,East Carolina,0.7254758472782824,9.521319115326618,margin_predictor,v1,val
401531424,2023,5,Navy,South Florida,0.4679959436635965,-1.8875728333107245,margin_predictor,v1,val
401531429,2023,5,Memphis,Boise State,0.833375890771804,16.13813842105894,margin_predictor,v1,val
401531878,2023,5,Georgia Southern,Coastal Carolina,0.6233376301133492,4.666753261433684,margin_predictor,v1,val
401531879,2023,5,Georgia State,Troy,0.7798320010594005,12.559241641308843,margin_predictor,v1,val
401531880,2023,5,James Madison,South Alabama,0.6792787541284269,7.225711812036854,margin_predictor,v1,val
401531881,2023,5,Marshall,Old Dominion,0.790962645421863,13.244307736165966,margin_predictor,v1,val
401531882,2023,5,UL Monroe,App State,0.5023846726688693,-0.45904732073867693,margin_predictor,v1,val
401531883,2023,5,Southern Miss,Texas State,0.13394641042154132,-19.917221910573375,margin_predictor,v1,val
401532409,2023,5,Western Michigan,Ball State,0.44569747847182095,-2.819786444630498,margin_predictor,v1,val
401532410,2023,5,Central Michigan,Eastern Michigan,0.5295091646935703,0.6677073256165662,margin_predictor,v1,val
401532411,2023,5,Toledo,Northern Illinois,0.8876158758408662,20.87677330478623,margin_predictor,v1,val
401532412,2023,5,Akron,Buffalo,0.7881144390135526,13.066525013896234,margin_predictor,v1,val
401532413,2023,5,Kent State,Miami (OH),0.21490133681452875,-13.996141942937985,margin_predictor,v1,val
401532586,2023,5,UNLV,Hawai'i,0.76136574397284,11.475316596934174,margin_predictor,v1,val
401532587,2023,5,Fresno State,Nevada,0.9592826814563894,32.212396688088496,margin_predictor,v1,val
401532588,2023,5,Wyoming,New Mexico,0.6371418317596672,5.281197049342639,margin_predictor,v1,val
401532589,2023,5,Air Force,San Diego State,0.93126278304431,26.473810990732325,margin_predictor,v1,val
401520294,2023,6,Middle Tennessee,Jacksonville State,0.182671020655772,-16.09878162947832,margin_predictor,v1,val
401520295,2023,6,Louisiana Tech,Western Kentucky,0.5990798258055853,3.607713120510705,margin_predictor,v1,val
401520296,2023,6,Liberty,Sam Houston,0.9679256080787566,34.78011819078071,margin_predictor,v1,val
401520297,2023,6,New Mexico State,Florida International,0.7905399417159069,13.217811014033924,margin_predictor,v1,val
401520298,2023,6,Army,Boston College,0.7828553293323942,12.742787817243624,margin_predictor,v1,val
401520299,2023,6,Florida,Vanderbilt,0.7925074763224922,13.341480640186148,margin_predictor,v1,val
401520300,2023,6,Georgia,Kentucky,0.5026168648055157,-0.4494139773538275,margin_predictor,v1,val
401520301,2023,6,Illinois,Nebraska,0.39431362394812103,-5.009768686360319,margin_predictor,v1,val
401520302,2023,6,Iowa,Purdue,0.6293724860812927,4.934209696651131,margin_predictor,v1,val
401520303,2023,6,Minnesota,Michigan,0.21236165492305165,-14.152943619867301,margin_predictor,v1,val
401520304,2023,6,Mississippi State,Western Michigan,0.8275521347559418,15.70908151477213,margin_predictor,v1,val
401520305,2023,6,Missouri,LSU,0.7155818852407546,9.011665436703394,margin_predictor,v1,val
401520307,2023,6,Ohio State,Maryland,0.5885242406323009,3.1537916580393364,margin_predictor,v1,val
401520308,2023,6,Ole Miss,Arkansas,0.7263628150541367,9.567557221146439,margin_predictor,v1,val
401520309,2023,6,Rice,UConn,0.8337813709886535,16.168454487986793,margin_predictor,v1,val
401520310,2023,6,Texas A&M,Alabama,0.6940448309382258,7.937626581158243,margin_predictor,v1,val
401520311,2023,6,Wisconsin,Rutgers,0.6133173991522236,4.226354560427307,margin_predictor,v1,val
401524025,2023,6,USC,Arizona,0.8316027581622596,16.00625745274729,margin_predictor,v1,val
401524026,2023,6,Arizona State,Colorado,0.45353768610329825,-2.491171163124092,margin_predictor,v1,val
401524027,2023,6,California,Oregon State,0.2101756015613145,-14.289012376441473,margin_predictor,v1,val
401524028,2023,6,UCLA,Washington State,0.6941696792530919,7.943725398111459,margin_predictor,v1,val
401525439,2023,6,Louisville,Notre Dame,0.5578863666060784,1.8544026474178308,margin_predictor,v1,val
401525517,2023,6,Clemson,Wake Forest,0.6980310573696493,8.13304839450127,margin_predictor,v1,val
401525518,2023,6,Florida State,Virginia Tech,0.8287912195035851,15.799393653785046,margin_predictor,v1,val
401525519,2023,6,Miami,Georgia Tech,0.9576759904109877,31.79360702529308,margin_predictor,v1,val
401525520,2023,6,North Carolina,Syracuse,0.3927441425405839,-5.077975624509625,margin_predictor,v1,val
401525521,2023,6,NC State,Marshall,0.7009806342155207,8.278592171787645,margin_predictor,v1,val
401525857,2023,6,Oklahoma State,Kansas State,0.14626161161793158,-18.856392883769217,margin_predictor,v1,val
401525858,2023,6,Baylor,Texas Tech,0.3831980197360669,-5.49497097774767,margin_predictor,v1,val
401525859,2023,6,Iowa State,TCU,0.36665595728519196,-6.227162043716033,margin_predictor,v1,val
401525860,2023,6,Kansas,UCF,0.5552672446038638,1.7443318920638604,margin_predictor,v1,val
401525861,2023,6,Texas,Oklahoma,0.37013064889938413,-6.072273634169182,margin_predictor,v1,val
401526837,2023,6,Massachusetts,Toledo,0.20383913707128692,-14.689397644134068,margin_predictor,v1,val
401531340,2023,6,Florida Atlantic,Tulsa,0.5006014215655848,-0.5330309267868394,margin_predictor,v1,val
401531380,2023,6,UAB,South Florida,0.3201212177281696,-8.370257269996793,margin_predictor,v1,val
401531389,2023,6,Temple,UTSA,0.4720389646670971,-1.7192312049576581,margin_predictor,v1,val
401531433,2023,6,Navy,North Texas,0.6652675925881621,6.56604494966863,margin_predictor,v1,val
401531884,2023,6,Louisiana,Texas State,0.4287842020499976,-3.5327837664121415,margin_predictor,v1,val
401531885,2023,6,UL Monroe,South Alabama,0.4411810747001174,-3.0095915394302506,margin_predictor,v1,val
401531886,2023,6,Southern Miss,Old Dominion,0.39884188952198585,-4.813502922862609,margin_predictor,v1,val
401531887,2023,6,Troy,Arkansas State,0.7827628700869288,12.737147396136008,margin_predictor,v1,val
401532414,2023,6,Eastern Michigan,Ball State,0.5852037161324355,3.0117431446017,margin_predictor,v1,val
401532415,2023,6,Buffalo,Central Michigan,0.4004955650145271,-4.742017365621912,margin_predictor,v1,val
401532416,2023,6,Miami (OH),Bowling Green,0.8147053195600953,14.801559283966252,margin_predictor,v1,val
401532417,2023,6,Ohio,Kent State,0.8972114593849737,21.913977693923908,margin_predictor,v1,val
401532418,2023,6,Akron,Northern Illinois,0.642591548179259,5.526490542176855,margin_predictor,v1,val
401532590,2023,6,Utah State,Colorado State,0.5537148553298542,1.679152741012703,margin_predictor,v1,val
401532591,2023,6,Wyoming,Fresno State,0.30976567036852065,-8.868111432432572,margin_predictor,v1,val
401532592,2023,6,Boise State,San José State,0.6334648486120626,5.11659313286267,margin_predictor,v1,val
401520312,2023,7,Jacksonville State,Liberty,0.5079853843131101,-0.22665962815448282,margin_predictor,v1,val
401520313,2023,7,Middle Tennessee,Louisiana Tech,0.46649771501982845,-1.9499987159628982,margin_predictor,v1,val
401520314,2023,7,Florida International,UTEP,0.6514312276672429,5.927948101128441,margin_predictor,v1,val
401520315,2023,7,New Mexico State,Sam Houston,0.9215405180407594,24.99284452748054,margin_predictor,v1,val
401520316,2023,7,Alabama,Arkansas,0.7583675398280593,11.30489115890562,margin_predictor,v1,val
401520317,2023,7,Army,Troy,0.40603672701323806,-4.503185422816792,margin_predictor,v1,val
401520318,2023,7,Kentucky,Missouri,0.562763972606474,2.059753897859751,margin_predictor,v1,val
401520319,2023,7,LSU,Auburn,0.672663843507603,6.912468192985331,margin_predictor,v1,val
401520320,2023,7,Maryland,Illinois,0.90204160414478,22.46887568316433,margin_predictor,v1,val
401520321,2023,7,Michigan,Indiana,0.9483918926065295,29.635566032309427,margin_predictor,v1,val
401520322,2023,7,Penn State,Massachusetts,0.9759694209326013,37.86064577432497,margin_predictor,v1,val
401520323,2023,7,Purdue,Ohio State,0.18834997620879887,-15.708928423545178,margin_predictor,v1,val
401520324,2023,7,Rutgers,Michigan State,0.696020373925547,8.034295688508994,margin_predictor,v1,val
401520325,2023,7,South Carolina,Florida,0.2967554262024467,-9.506827800751427,margin_predictor,v1,val
401520326,2023,7,Tennessee,Texas A&M,0.5930470650469223,3.347831577599381,margin_predictor,v1,val
401520327,2023,7,Vanderbilt,Georgia,0.11869067449867904,-21.352496398071185,margin_predictor,v1,val
401520328,2023,7,Wisconsin,Iowa,0.6897054940278733,7.726504821224982,margin_predictor,v1,val
401524029,2023,7,Colorado,Stanford,0.8054045271967801,14.174501838526547,margin_predictor,v1,val
401524030,2023,7,Washington State,Arizona,0.612983278359505,4.211744466758203,margin_predictor,v1,val
401524031,2023,7,Notre Dame,USC,0.527262749796229,0.5742073736634867,margin_predictor,v1,val
401524032,2023,7,Oregon State,UCLA,0.5534421202895503,1.6677061728005662,margin_predictor,v1,val
401524033,2023,7,Utah,California,0.7653511364220394,11.704149411411283,margin_predictor,v1,val
401524034,2023,7,Washington,Oregon,0.2550092481693035,-11.67741493470977,margin_predictor,v1,val
401525523,2023,7,Duke,NC State,0.6605923380594122,6.349034145555775,margin_predictor,v1,val
401525524,2023,7,Florida State,Syracuse,0.5801104139266983,2.7944948742570435,margin_predictor,v1,val
401525525,2023,7,Pittsburgh,Louisville,0.28034555685848495,-10.33608023188236,margin_predictor,v1,val
401525526,2023,7,North Carolina,Miami,0.3413017965911013,-7.377495095458656,margin_predictor,v1,val
401525527,2023,7,Virginia Tech,Wake Forest,0.42966533467087925,-3.4954802150048088,margin_predictor,v1,val
401525862,2023,7,Houston,West Virginia,0.45285530773673116,-2.5197316862469,margin_predictor,v1,val
401525863,2023,7,Cincinnati,Iowa State,0.7175954108028938,9.11449785321567,margin_predictor,v1,val
401525864,2023,7,Oklahoma State,Kansas,0.23195719548941315,-12.976191741266017,margin_predictor,v1,val
401525865,2023,7,TCU,BYU,0.5456986106793952,1.3432505054132775,margin_predictor,v1,val
401525866,2023,7,Texas Tech,Kansas State,0.3866763162403685,-5.3425944044243945,margin_predictor,v1,val
401531371,2023,7,Memphis,Tulane,0.41334272710352976,-4.1898481974185735,margin_predictor,v1,val
401531381,2023,7,UTSA,UAB,0.7116378191797085,8.81149996955926,margin_predictor,v1,val
401531390,2023,7,North Texas,Temple,0.5852471077665898,3.013597228403794,margin_predictor,v1,val
401531405,2023,7,Charlotte,Navy,0.660080396059325,6.3253604953682085,margin_predictor,v1,val
401531415,2023,7,East Carolina,SMU,0.2135942678984992,-14.076671675389672,margin_predictor,v1,val
401531420,2023,7,South Florida,Florida Atlantic,0.5863527609058897,3.060859903102475,margin_predictor,v1,val
401531888,2023,7,App State,Coastal Carolina,0.4898775993178107,-0.9779943314238273,margin_predictor,v1,val
401531889,2023,7,Georgia State,Marshall,0.7341199521374144,9.976009503206738,margin_predictor,v1,val
401531890,2023,7,James Madison,Georgia Southern,0.6435682251859028,5.5706246029509625,margin_predictor,v1,val
401531891,2023,7,Texas State,UL Monroe,0.8830771792101066,20.41296378986476,margin_predictor,v1,val
401532419,2023,7,Ball State,Toledo,0.165690703501905,-17.32397913585921,margin_predictor,v1,val
401532420,2023,7,Central Michigan,Akron,0.6735822317912901,6.955760073472302,margin_predictor,v1,val
401532421,2023,7,Buffalo,Bowling Green,0.5021886199887484,-0.4671812526726278,margin_predictor,v1,val
401532422,2023,7,Eastern Michigan,Kent State,0.7144149925865998,8.95227210272291,margin_predictor,v1,val
401532423,2023,7,Western Michigan,Miami (OH),0.1673669558660474,-17.19871661663174,margin_predictor,v1,val
401532424,2023,7,Northern Illinois,Ohio,0.31784254814089885,-8.479054222353788,margin_predictor,v1,val
401532593,2023,7,Colorado State,Boise State,0.5268743379079616,0.5580457158563639,margin_predictor,v1,val
401532594,2023,7,Utah State,Fresno State,0.3519530005380983,-6.889675515964033,margin_predictor,v1,val
401532595,2023,7,Hawai'i,San Diego State,0.6318518042621072,5.044604143325621,margin_predictor,v1,val
401532596,2023,7,New Mexico,San José State,0.6268829549872815,4.823665565878079,margin_predictor,v1,val
401532597,2023,7,Nevada,UNLV,0.10552278418914869,-22.725992221581944,margin_predictor,v1,val
401532598,2023,7,Air Force,Wyoming,0.8986488890315772,22.076649310630962,margin_predictor,v1,val
401520329,2023,8,Jacksonville State,Western Kentucky,0.7629297428262521,11.564801523272918,margin_predictor,v1,val
401520330,2023,8,Liberty,Middle Tennessee,0.9015159556894279,22.407322621132355,margin_predictor,v1,val
401520331,2023,8,Sam Houston,Florida International,0.3506954391791226,-6.946909295924321,margin_predictor,v1,val
401520332,2023,8,UTEP,New Mexico State,0.2312296032834052,-13.018597977259947,margin_predictor,v1,val
401520333,2023,8,Alabama,Tennessee,0.5436584668365502,1.2579283729627009,margin_predictor,v1,val
401520334,2023,8,Arkansas,Mississippi State,0.6313770275063144,5.023440350407092,margin_predictor,v1,val
401520335,2023,8,Auburn,Ole Miss,0.2406932117904142,-12.474089107044382,margin_predictor,v1,val
401520336,2023,8,Illinois,Wisconsin,0.23920648476165043,-12.558641960086067,margin_predictor,v1,val
401520337,2023,8,Indiana,Rutgers,0.28543303598683933,-10.075963972754707,margin_predictor,v1,val
401520338,2023,8,Iowa,Minnesota,0.6987644048464399,8.169158703881621,margin_predictor,v1,val
401520339,2023,8,LSU,Army,0.8710965045027779,19.259505978779618,margin_predictor,v1,val
401520340,2023,8,Michigan State,Michigan,0.09672912517080656,-23.729945182859534,margin_predictor,v1,val
401520341,2023,8,Missouri,South Carolina,0.8284343703774342,15.773331313728825,margin_predictor,v1,val
401520342,2023,8,Nebraska,Northwestern,0.7075339496359899,8.604945304797441,margin_predictor,v1,val
401520343,2023,8,Ohio State,Penn State,0.41282788002103044,-4.211873518173713,margin_predictor,v1,val
401520344,2023,8,UConn,South Florida,0.5631857512562329,2.0775345574780624,margin_predictor,v1,val
401524035,2023,8,Oregon,Washington State,0.9370791427409552,27.45540142222902,margin_predictor,v1,val
401524036,2023,8,Stanford,UCLA,0.1495651034856327,-18.584526054067478,margin_predictor,v1,val
401524037,2023,8,USC,Utah,0.7176509448688011,9.117340301938098,margin_predictor,v1,val
401524038,2023,8,Washington,Arizona State,0.9040283045618697,22.704209870708933,margin_predictor,v1,val
401525528,2023,8,Georgia Tech,Boston College,0.5706208199690431,2.3916277590187405,margin_predictor,v1,val
401525529,2023,8,Miami,Clemson,0.7443491550538971,10.526450972145662,margin_predictor,v1,val
401525530,2023,8,Florida State,Duke,0.6729572035245868,6.926290085497309,margin_predictor,v1,val
401525531,2023,8,North Carolina,Virginia,0.9058396414952088,22.922597271481084,margin_predictor,v1,val
401525532,2023,8,Wake Forest,Pittsburgh,0.5723184626688285,2.463528052533985,margin_predictor,v1,val
401525867,2023,8,BYU,Texas Tech,0.5410420902276181,1.1485964756534295,margin_predictor,v1,val
401525868,2023,8,Cincinnati,Baylor,0.7724659920708014,12.11947942010699,margin_predictor,v1,val
401525869,2023,8,Houston,Texas,0.24727197887253302,-12.10414756396943,margin_predictor,v1,val
401525870,2023,8,Kansas State,TCU,0.6988267115083218,8.172229009784285,margin_predictor,v1,val
401525871,2023,8,Oklahoma,UCF,0.8436579195009787,16.925950370830847,margin_predictor,v1,val
401525872,2023,8,West Virginia,Oklahoma State,0.6220808368339925,4.611270081628742,margin_predictor,v1,val
401531341,2023,8,Tulsa,Rice,0.511541341242236,-0.07907449470625671,margin_predictor,v1,val
401531372,2023,8,Tulane,North Texas,0.8830834264672591,20.413591356972695,margin_predictor,v1,val
401531382,2023,8,UAB,Memphis,0.2946360461625742,-9.612379088545762,margin_predictor,v1,val
401531391,2023,8,Temple,SMU,0.14088792999077157,-19.309714729714095,margin_predictor,v1,val
401531397,2023,8,Florida Atlantic,UTSA,0.5647533957787098,2.143654760004378,margin_predictor,v1,val
401531406,2023,8,East Carolina,Charlotte,0.3963882915561903,-4.91975225268896,margin_predictor,v1,val
401531434,2023,8,Navy,Air Force,0.14493281827437723,-18.967183500303317,margin_predictor,v1,val
401531892,2023,8,South Alabama,Southern Miss,0.895092077599279,21.67776636314974,margin_predictor,v1,val
401531893,2023,8,Marshall,James Madison,0.2639062655376674,-11.197107304373292,margin_predictor,v1,val
401531894,2023,8,Georgia Southern,UL Monroe,0.8100878707030686,14.487313120072693,margin_predictor,v1,val
401531895,2023,8,Old Dominion,App State,0.5935337298350475,3.3687503834706214,margin_predictor,v1,val
401531896,2023,8,Arkansas State,Coastal Carolina,0.3019847546333887,-9.248235346652134,margin_predictor,v1,val
401531897,2023,8,Louisiana,Georgia State,0.45297194240771016,-2.5148494919864004,margin_predictor,v1,val
401532425,2023,8,Ball State,Central Michigan,0.5769251259615205,2.6590030605781663,margin_predictor,v1,val
401532426,2023,8,Northern Illinois,Eastern Michigan,0.7480690830643444,10.730184577358399,margin_predictor,v1,val
401532427,2023,8,Miami (OH),Toledo,0.4981781999128426,-0.633565004729336,margin_predictor,v1,val
401532428,2023,8,Ohio,Western Michigan,0.8878521436981374,20.901361824583283,margin_predictor,v1,val
401532429,2023,8,Bowling Green,Akron,0.6985288049572955,8.15755223458719,margin_predictor,v1,val
401532430,2023,8,Kent State,Buffalo,0.4557414670385075,-2.398982616704805,margin_predictor,v1,val
401532599,2023,8,UNLV,Colorado State,0.7571895056196026,11.238323650611507,margin_predictor,v1,val
401532600,2023,8,New Mexico,Hawai'i,0.56645367922936,2.2154312234990496,margin_predictor,v1,val
401532601,2023,8,San Diego State,Nevada,0.7566078308459174,11.20553572188403,margin_predictor,v1,val
401532602,2023,8,San José State,Utah State,0.4643595015638491,-2.039134403447371,margin_predictor,v1,val
401520345,2023,9,Louisiana Tech,New Mexico State,0.31381185626277924,-8.672530339918492,margin_predictor,v1,val
401520346,2023,9,Western Kentucky,Liberty,0.24353909452504985,-12.313227216625204,margin_predictor,v1,val
401520347,2023,9,Florida International,Jacksonville State,0.24334956893228638,-12.323900203963325,margin_predictor,v1,val
401520348,2023,9,Sam Houston,UTEP,0.5018749740369097,-0.480193896223454,margin_predictor,v1,val
401520349,2023,9,Army,Massachusetts,0.7287240169557528,9.691105771382054,margin_predictor,v1,val
401520350,2023,9,Auburn,Mississippi State,0.5122119659144844,-0.05123615307343732,margin_predictor,v1,val
401520351,2023,9,Boston College,UConn,0.8303600583032178,15.914487444186054,margin_predictor,v1,val
401520352,2023,9,Florida,Georgia,0.29949614556203874,-9.370975586852264,margin_predictor,v1,val
401520353,2023,9,Kentucky,Tennessee,0.49332884635855473,-0.8347692975058258,margin_predictor,v1,val
401520354,2023,9,Minnesota,Michigan State,0.6725717473367733,6.908130320081123,margin_predictor,v1,val
401520355,2023,9,Nebraska,Purdue,0.7347972977428576,10.012031653465213,margin_predictor,v1,val
401520356,2023,9,Northwestern,Maryland,0.2347881305036787,-12.812072884026499,margin_predictor,v1,val
401520357,2023,9,Ole Miss,Vanderbilt,0.9115757926028389,23.63998013154193,margin_predictor,v1,val
401520358,2023,9,Penn State,Indiana,0.9664887134839006,34.31016751128803,margin_predictor,v1,val
401520359,2023,9,Texas A&M,South Carolina,0.8651908388241811,18.72432803277041,margin_predictor,v1,val
401520360,2023,9,Wisconsin,Ohio State,0.34941618836329086,-7.0052271288768715,margin_predictor,v1,val
401524039,2023,9,Arizona,Oregon State,0.4583733603541798,-2.2889799214918134,margin_predictor,v1,val
401524040,2023,9,Arizona State,Washington State,0.44583437439920914,-2.814039339916556,margin_predictor,v1,val
401524041,2023,9,California,USC,0.22381820268703598,-13.455996493179,margin_predictor,v1,val
401524042,2023,9,Stanford,Washington,0.09913130337689,-23.44789478216879,margin_predictor,v1,val
401524043,2023,9,UCLA,Colorado,0.8240035965858651,15.453249966789809,margin_predictor,v1,val
401524044,2023,9,Utah,Oregon,0.17237938175791337,-16.830024561426914,margin_predictor,v1,val
401525440,2023,9,Notre Dame,Pittsburgh,0.902288110558913,22.49784286952229,margin_predictor,v1,val
401525533,2023,9,Virginia Tech,Syracuse,0.4810058539482952,-1.3463840594528445,margin_predictor,v1,val
401525534,2023,9,NC State,Clemson,0.43460029012858037,-3.2868958510994477,margin_predictor,v1,val
401525535,2023,9,Louisville,Duke,0.670488821911972,6.810187513358524,margin_predictor,v1,val
401525536,2023,9,Wake Forest,Florida State,0.26442069246301086,-11.169658188989102,margin_predictor,v1,val
401525537,2023,9,Georgia Tech,North Carolina,0.2577939714664115,-11.525924631718778,margin_predictor,v1,val
401525538,2023,9,Miami,Virginia,0.9425073828212958,28.451075268870063,margin_predictor,v1,val
401525873,2023,9,Baylor,Iowa State,0.3932014595732188,-5.058091547279744,margin_predictor,v1,val
401525874,2023,9,Kansas,Oklahoma,0.371459611418411,-6.013192930674416,margin_predictor,v1,val
401525875,2023,9,Kansas State,Houston,0.8694974174539781,19.112573447552574,margin_predictor,v1,val
401525876,2023,9,Oklahoma State,Cincinnati,0.5398235241524629,1.0977082566099563,margin_predictor,v1,val
401525877,2023,9,Texas,BYU,0.8257196190043149,15.576453190524079,margin_predictor,v1,val
401525878,2023,9,UCF,West Virginia,0.7433068409937227,10.469715647236859,margin_predictor,v1,val
401531342,2023,9,SMU,Tulsa,0.8975311938830439,21.9499864052723,margin_predictor,v1,val
401531373,2023,9,Rice,Tulane,0.366995582438186,-6.211995889359791,margin_predictor,v1,val
401531398,2023,9,UTSA,East Carolina,0.8665374254045688,18.84458256373336,margin_predictor,v1,val
401531407,2023,9,Charlotte,Florida Atlantic,0.5647470607442882,2.1433874515580076,margin_predictor,v1,val
401531430,2023,9,North Texas,Memphis,0.3590418850229897,-6.568763280842532,margin_predictor,v1,val
401531898,2023,9,App State,Southern Miss,0.8270002639337218,15.66902310581731,margin_predictor,v1,val
401531899,2023,9,Coastal Carolina,Marshall,0.6699505765413387,6.784929618729782,margin_predictor,v1,val
401531900,2023,9,James Madison,Old Dominion,0.8358248384682899,16.322144315400905,margin_predictor,v1,val
401531901,2023,9,UL Monroe,Arkansas State,0.5642576695912164,2.122740152170704,margin_predictor,v1,val
401531902,2023,9,South Alabama,Louisiana,0.7390018758031802,10.23696734265063,margin_predictor,v1,val
401531903,2023,9,Texas State,Troy,0.45996513764248764,-2.222497446240101,margin_predictor,v1,val
401531929,2023,9,Georgia Southern,Georgia State,0.43846707402952734,-3.123844201620367,margin_predictor,v1,val
401532431,2023,9,Eastern Michigan,Western Michigan,0.6454985854614048,5.658012969174113,margin_predictor,v1,val
401532432,2023,9,Ohio,Miami (OH),0.5902785755545382,3.2289787131415797,margin_predictor,v1,val
401532603,2023,9,Colorado State,Air Force,0.0992452563054041,-23.43466691524597,margin_predictor,v1,val
401532604,2023,9,Nevada,New Mexico,0.3321694028016442,-7.801613918137981,margin_predictor,v1,val
401532605,2023,9,Hawai'i,San José State,0.3627596778335929,-6.401580848008255,margin_predictor,v1,val
401532606,2023,9,Fresno State,UNLV,0.6297899250333522,4.952775207656158,margin_predictor,v1,val
401532607,2023,9,Boise State,Wyoming,0.4924563497465363,-0.8709744418665264,margin_predictor,v1,val
401520361,2023,10,Air Force,Army,0.9627087245423259,33.161003361367264,margin_predictor,v1,val
401520362,2023,10,Alabama,LSU,0.5508084089760884,1.557238879216198,margin_predictor,v1,val
401520363,2023,10,Florida,Arkansas,0.7068207238655603,8.569221900485195,margin_predictor,v1,val
401520364,2023,10,Georgia,Missouri,0.6950493149720485,7.986735008494529,margin_predictor,v1,val
401520365,2023,10,Indiana,Wisconsin,0.2466533564490655,-12.138648961731247,margin_predictor,v1,val
401520366,2023,10,Liberty,Louisiana Tech,0.8648320116692964,18.692454856990107,margin_predictor,v1,val
401520367,2023,10,Maryland,Penn State,0.31477289222158533,-8.626278848753772,margin_predictor,v1,val
401520368,2023,10,Michigan,Purdue,0.9730910482796091,36.65661798141715,margin_predictor,v1,val
401520369,2023,10,Michigan State,Nebraska,0.353241983026105,-6.831108586638823,margin_predictor,v1,val
401520370,2023,10,Minnesota,Illinois,0.7560220357987671,11.172569214587998,margin_predictor,v1,val
401520371,2023,10,Mississippi State,Kentucky,0.33028001302977517,-7.890080280033217,margin_predictor,v1,val
401520372,2023,10,New Mexico State,Middle Tennessee,0.8662473034664004,18.818587343938265,margin_predictor,v1,val
401520373,2023,10,Northwestern,Iowa,0.39515783293399026,-4.973120094477684,margin_predictor,v1,val
401520374,2023,10,Ole Miss,Texas A&M,0.6606488856650227,6.3516501309134465,margin_predictor,v1,val
401520375,2023,10,Rutgers,Ohio State,0.253058777672382,-11.7841700798121,margin_predictor,v1,val
401520376,2023,10,South Carolina,Jacksonville State,0.3260061653310535,-8.091147959611607,margin_predictor,v1,val
401520377,2023,10,Tennessee,UConn,0.9519211533555207,30.408800947684195,margin_predictor,v1,val
401520378,2023,10,UTEP,Western Kentucky,0.4412612109936492,-3.006220284130652,margin_predictor,v1,val
401520379,2023,10,Vanderbilt,Auburn,0.41112026770795757,-4.284984409446993,margin_predictor,v1,val
401524045,2023,10,Arizona,UCLA,0.45163432412587623,-2.57085378047315,margin_predictor,v1,val
401524046,2023,10,Colorado,Oregon State,0.24076768996724482,-12.469862803386881,margin_predictor,v1,val
401524047,2023,10,Oregon,California,0.9625880022611798,33.12618012307872,margin_predictor,v1,val
401524048,2023,10,USC,Washington,0.5100861136510892,-0.1394767391107261,margin_predictor,v1,val
401524049,2023,10,Utah,Arizona State,0.7219857739049977,9.34027345267398,margin_predictor,v1,val
401524050,2023,10,Washington State,Stanford,0.8237773370377631,15.437076121244932,margin_predictor,v1,val
401525441,2023,10,Clemson,Notre Dame,0.3943118953178528,-5.009843757243923,margin_predictor,v1,val
401525539,2023,10,Duke,Wake Forest,0.689276895079925,7.70574100493236,margin_predictor,v1,val
401525540,2023,10,Syracuse,Boston College,0.576944367296133,2.659820696208477,margin_predictor,v1,val
401525541,2023,10,Pittsburgh,Florida State,0.17257337637152756,-16.81592718311406,margin_predictor,v1,val
401525542,2023,10,Virginia,Georgia Tech,0.4842682468827302,-1.2108712011461482,margin_predictor,v1,val
401525543,2023,10,Louisville,Virginia Tech,0.7216240464248593,9.321589406703817,margin_predictor,v1,val
401525544,2023,10,NC State,Miami,0.2789089544695414,-10.410050843469392,margin_predictor,v1,val
401525879,2023,10,Texas Tech,TCU,0.522248516379638,0.36566571942740866,margin_predictor,v1,val
401525880,2023,10,Baylor,Houston,0.5131597604138147,-0.011889061903176401,margin_predictor,v1,val
401525881,2023,10,Cincinnati,UCF,0.4352447087908503,-3.259699730798817,margin_predictor,v1,val
401525882,2023,10,Iowa State,Kansas,0.3819297426681176,-5.550660964910879,margin_predictor,v1,val
401525883,2023,10,Oklahoma State,Oklahoma,0.25624301196895455,-11.610164517744813,margin_predictor,v1,val
401525884,2023,10,Texas,Kansas State,0.5433811618450751,1.246335820866167,margin_predictor,v1,val
401525885,2023,10,West Virginia,BYU,0.6144246527695502,4.274804861386854,margin_predictor,v1,val
401531343,2023,10,Tulsa,Charlotte,0.3854526101732367,-5.3961436630038335,margin_predictor,v1,val
401531374,2023,10,East Carolina,Tulane,0.15632953883400363,-18.042901610466853,margin_predictor,v1,val
401531383,2023,10,UAB,Florida Atlantic,0.34276048943839404,-7.310266811236463,margin_predictor,v1,val
401531392,2023,10,Temple,Navy,0.32106296637679044,-8.325412633607705,margin_predictor,v1,val
401531399,2023,10,North Texas,UTSA,0.29792517315014777,-9.44875775168282,margin_predictor,v1,val
401531425,2023,10,Memphis,South Florida,0.7881198062801804,13.066858382898287,margin_predictor,v1,val
401531440,2023,10,Rice,SMU,0.21438204401596975,-14.02809329322179,margin_predictor,v1,val
401531904,2023,10,Troy,South Alabama,0.6402690472130003,5.421755344465804,margin_predictor,v1,val
401531905,2023,10,App State,Marshall,0.5895238347405548,3.196620180017988,margin_predictor,v1,val
401531906,2023,10,Georgia State,James Madison,0.41591449741395176,-4.079947311327837,margin_predictor,v1,val
401531907,2023,10,Old Dominion,Coastal Carolina,0.45204514874502455,-2.5536500280122216,margin_predictor,v1,val
401531908,2023,10,Arkansas State,Louisiana,0.3350679746550933,-7.666384365981578,margin_predictor,v1,val
401531909,2023,10,Southern Miss,UL Monroe,0.4156174935606012,-4.092629230214403,margin_predictor,v1,val
401531910,2023,10,Texas State,Georgia Southern,0.643590095422204,5.571613490898266,margin_predictor,v1,val
401532433,2023,10,Central Michigan,Northern Illinois,0.3173005956741897,-8.504991310482056,margin_predictor,v1,val
401532434,2023,10,Toledo,Buffalo,0.8887479826446613,20.995005415876502,margin_predictor,v1,val
401532435,2023,10,Bowling Green,Ball State,0.6305133865373119,4.984971468793537,margin_predictor,v1,val
401532436,2023,10,Akron,Kent State,0.5592616722468714,1.912254805604182,margin_predictor,v1,val
401532608,2023,10,Fresno State,Boise State,0.7160409213929234,9.035069990836059,margin_predictor,v1,val
401532609,2023,10,Wyoming,Colorado State,0.6223581740991043,4.623507329619434,margin_predictor,v1,val
401532610,2023,10,Nevada,Hawai'i,0.4846600315046555,-1.19460127573702,margin_predictor,v1,val
401532611,2023,10,New Mexico,UNLV,0.33354750784767995,-7.737246827672292,margin_predictor,v1,val
401532612,2023,10,San Diego State,Utah State,0.3922144608310853,-5.101016334636146,margin_predictor,v1,val
401520380,2023,11,Arkansas,Auburn,0.6194659994267023,4.496064694580122,margin_predictor,v1,val
401520382,2023,11,Georgia,Ole Miss,0.6381753182501176,5.327590588461986,margin_predictor,v1,val
401520383,2023,11,Illinois,Indiana,0.626451916848249,4.804556414323798,margin_predictor,v1,val
401520384,2023,11,Iowa,Rutgers,0.6021969616038062,3.7424966132343633,margin_predictor,v1,val
401520385,2023,11,James Madison,UConn,0.9727542369214427,36.524011039822916,margin_predictor,v1,val
401520386,2023,11,Kentucky,Alabama,0.4929555297924382,-0.8502602331704625,margin_predictor,v1,val
401520387,2023,11,Louisiana Tech,Sam Houston,0.6923002012392109,7.852546632526424,margin_predictor,v1,val
401520388,2023,11,Liberty,Old Dominion,0.8780089185830496,19.913144387826794,margin_predictor,v1,val
401520389,2023,11,LSU,Florida,0.6869062217187928,7.591174252261899,margin_predictor,v1,val
401520390,2023,11,Middle Tennessee,Florida International,0.5857403172243792,3.034675585043352,margin_predictor,v1,val
401520391,2023,11,Missouri,Tennessee,0.43772901747571247,-3.154941061560733,margin_predictor,v1,val
401520392,2023,11,Nebraska,Maryland,0.4960309883508816,-0.7226508550084145,margin_predictor,v1,val
401520393,2023,11,Ohio State,Michigan State,0.9194796040497625,24.70069832579998,margin_predictor,v1,val
401520394,2023,11,Penn State,Michigan,0.42575251112227236,-3.6612808178204275,margin_predictor,v1,val
401520395,2023,11,Purdue,Minnesota,0.33325291237350574,-7.7509952770856945,margin_predictor,v1,val
401520396,2023,11,South Carolina,Vanderbilt,0.6772969171716767,7.131512851026402,margin_predictor,v1,val
401520397,2023,11,Texas A&M,Mississippi State,0.8192702020304591,15.118232395260451,margin_predictor,v1,val
401520398,2023,11,Wisconsin,Northwestern,0.7393118899383191,10.253644583414822,margin_predictor,v1,val
401520399,2023,11,Western Kentucky,New Mexico State,0.3146718029810607,-8.631140339406766,margin_predictor,v1,val
401524051,2023,11,California,Washington State,0.41910987887371787,-3.9436688975581453,margin_predictor,v1,val
401524052,2023,11,Colorado,Arizona,0.28349752574873244,-10.174590885182509,margin_predictor,v1,val
401524053,2023,11,Oregon,USC,0.9103860798768502,23.487815275177454,margin_predictor,v1,val
401524054,2023,11,Oregon State,Stanford,0.9356084302499295,27.199467170211573,margin_predictor,v1,val
401524055,2023,11,UCLA,Arizona State,0.8991628777108608,22.13531348476626,margin_predictor,v1,val
401524056,2023,11,Washington,Utah,0.6987944065221277,8.170637061229415,margin_predictor,v1,val
401525546,2023,11,Louisville,Virginia,0.937604090227779,27.54810571104981,margin_predictor,v1,val
401525547,2023,11,Boston College,Virginia Tech,0.554459564727523,1.7104147968622634,margin_predictor,v1,val
401525548,2023,11,Clemson,Georgia Tech,0.7800533367198864,12.572617188818286,margin_predictor,v1,val
401525549,2023,11,North Carolina,Duke,0.7665723594395706,11.774807274690145,margin_predictor,v1,val
401525550,2023,11,Florida State,Miami,0.5986681413387697,3.589938231267419,margin_predictor,v1,val
401525551,2023,11,Wake Forest,NC State,0.42314449422889283,-3.7720097158899066,margin_predictor,v1,val
401525552,2023,11,Syracuse,Pittsburgh,0.6424247341185653,5.518957913848364,margin_predictor,v1,val
401525886,2023,11,BYU,Iowa State,0.42013443548745816,-3.900034843273264,margin_predictor,v1,val
401525887,2023,11,Houston,Cincinnati,0.5012718507231636,-0.5052163059426493,margin_predictor,v1,val
401525888,2023,11,Kansas,Texas Tech,0.7579131541250876,11.279188953337975,margin_predictor,v1,val
401525889,2023,11,Kansas State,Baylor,0.8800193555439085,20.109221747923247,margin_predictor,v1,val
401525890,2023,11,Oklahoma,West Virginia,0.8110144457056426,14.54989773362022,margin_predictor,v1,val
401525891,2023,11,TCU,Texas,0.2489151386054383,-12.01278665831813,margin_predictor,v1,val
401525892,2023,11,UCF,Oklahoma State,0.5939662694044968,3.3873492958714047,margin_predictor,v1,val
401531344,2023,11,Tulane,Tulsa,0.9225119463609378,25.13299120786412,margin_predictor,v1,val
401531384,2023,11,Navy,UAB,0.5769108147285709,2.6583949296729403,margin_predictor,v1,val
401531393,2023,11,South Florida,Temple,0.7218001140756982,9.330681835769957,margin_predictor,v1,val
401531400,2023,11,UTSA,Rice,0.7434474587500163,10.477360943347609,margin_predictor,v1,val
401531408,2023,11,Charlotte,Memphis,0.4136948302400075,-4.17478978327855,margin_predictor,v1,val
401531416,2023,11,Florida Atlantic,East Carolina,0.748608599598818,10.759897753612474,margin_predictor,v1,val
401531437,2023,11,SMU,North Texas,0.9257215448080017,25.60777562954795,margin_predictor,v1,val
401531911,2023,11,Louisiana,Southern Miss,0.8621078629772067,18.45277780276405,margin_predictor,v1,val
401531912,2023,11,Coastal Carolina,Texas State,0.5631593119956202,2.0764198611465114,margin_predictor,v1,val
401531913,2023,11,Georgia State,App State,0.6903684302678651,7.758652401694597,margin_predictor,v1,val
401531914,2023,11,Marshall,Georgia Southern,0.4105310391438124,-4.310233232409981,margin_predictor,v1,val
401531915,2023,11,UL Monroe,Troy,0.12548483939003774,-20.69488364239225,margin_predictor,v1,val
401531916,2023,11,South Alabama,Arkansas State,0.7874588853829738,13.025853918034578,margin_predictor,v1,val
401532437,2023,11,Northern Illinois,Ball State,0.7052398503141674,8.490221248432958,margin_predictor,v1,val
401532438,2023,11,Western Michigan,Central Michigan,0.5811027935756637,2.8367649593845945,margin_predictor,v1,val
401532439,2023,11,Buffalo,Ohio,0.2237896026332142,-13.45770409421877,margin_predictor,v1,val
401532440,2023,11,Toledo,Eastern Michigan,0.9160058986556943,24.223371548758564,margin_predictor,v1,val
401532441,2023,11,Miami (OH),Akron,0.9101748369601894,23.460987865430305,margin_predictor,v1,val
401532442,2023,11,Kent State,Bowling Green,0.3217762812326353,-8.291491810035954,margin_predictor,v1,val
401532613,2023,11,Hawai'i,Air Force,0.08661291502622304,-24.99119921130591,margin_predictor,v1,val
401532614,2023,11,San José State,Fresno State,0.44555021149030066,-2.8259693285799528,margin_predictor,v1,val
401532615,2023,11,Utah State,Nevada,0.8475803046150017,17.2375955798254,margin_predictor,v1,val
401532616,2023,11,Boise State,New Mexico,0.7505649677489464,10.867999274537668,margin_predictor,v1,val
401532617,2023,11,Colorado State,San Diego State,0.6969207689509834,8.078471895292493,margin_predictor,v1,val
401532618,2023,11,UNLV,Wyoming,0.7293424678807466,9.723577148802345,margin_predictor,v1,val
401520402,2023,12,Arkansas,Florida International,0.8540332717769976,17.7649420488565,margin_predictor,v1,val
401520403,2023,12,Army,Coastal Carolina,0.34721667391367433,-7.105729391768053,margin_predictor,v1,val
401520404,2023,12,Auburn,New Mexico State,0.5814752499634638,2.852636813059892,margin_predictor,v1,val
401520405,2023,12,Indiana,Michigan State,0.5988830295739829,3.599215494536842,margin_predictor,v1,val
401520406,2023,12,Iowa,Illinois,0.7170687084642688,9.0875560154496,margin_predictor,v1,val
401520407,2023,12,Jacksonville State,Louisiana Tech,0.8550882658489057,17.852983218404265,margin_predictor,v1,val
401520408,2023,12,Liberty,Massachusetts,0.9615805024911349,32.839699347392425,margin_predictor,v1,val
401520409,2023,12,LSU,Georgia State,0.8680421522524484,18.980180105453883,margin_predictor,v1,val
401520410,2023,12,Maryland,Michigan,0.15055466179416682,-18.50405337247994,margin_predictor,v1,val
401520411,2023,12,Middle Tennessee,UTEP,0.6715544577225788,6.8602559353316614,margin_predictor,v1,val
401520412,2023,12,Mississippi State,Southern Miss,0.8164174978191688,14.919619006247249,margin_predictor,v1,val
401520413,2023,12,Missouri,Florida,0.7729486108122563,12.147980576493076,margin_predictor,v1,val
401520414,2023,12,Northwestern,Purdue,0.6720217561717752,6.882237896667077,margin_predictor,v1,val
401520415,2023,12,Ohio State,Minnesota,0.8911245837430167,21.24667279217104,margin_predictor,v1,val
401520416,2023,12,Ole Miss,UL Monroe,0.9441316864137936,28.766184905409343,margin_predictor,v1,val
401520417,2023,12,Penn State,Rutgers,0.9115178187861398,23.632522548767824,margin_predictor,v1,val
401520418,2023,12,South Carolina,Kentucky,0.34798360436894327,-7.07065250950088,margin_predictor,v1,val
401520419,2023,12,Tennessee,Georgia,0.4266032457763136,-3.6251993064799817,margin_predictor,v1,val
401520422,2023,12,Wisconsin,Nebraska,0.6336691159055331,5.125718920903164,margin_predictor,v1,val
401520423,2023,12,Western Kentucky,Sam Houston,0.6995643879698277,8.208607263489137,margin_predictor,v1,val
401524057,2023,12,Washington State,Colorado,0.6437081632775605,5.576952532896384,margin_predictor,v1,val
401524058,2023,12,Arizona,Utah,0.6784471736313331,7.186148682614938,margin_predictor,v1,val
401524059,2023,12,Arizona State,Oregon,0.04052305774877869,-33.38006424910616,margin_predictor,v1,val
401524060,2023,12,Oregon State,Washington,0.6678665282285229,6.687328944758072,margin_predictor,v1,val
401524061,2023,12,Stanford,California,0.3865322120514935,-5.348897122576286,margin_predictor,v1,val
401524062,2023,12,USC,UCLA,0.4745654991625293,-1.6141113364546684,margin_predictor,v1,val
401525442,2023,12,Notre Dame,Wake Forest,0.939362335169669,27.864002817611695,margin_predictor,v1,val
401525553,2023,12,Pittsburgh,Boston College,0.47612641836094,-1.5491946086423272,margin_predictor,v1,val
401525554,2023,12,Clemson,North Carolina,0.5259767559280439,0.5207028461114009,margin_predictor,v1,val
401525555,2023,12,Virginia,Duke,0.32036685357332684,-8.358553754033645,margin_predictor,v1,val
401525557,2023,12,Georgia Tech,Syracuse,0.38474490935704597,-5.427141470085294,margin_predictor,v1,val
401525558,2023,12,Miami,Louisville,0.5617122518262957,2.015433763578054,margin_predictor,v1,val
401525559,2023,12,Virginia Tech,NC State,0.5486795505598345,1.4680345098257646,margin_predictor,v1,val
401525893,2023,12,BYU,Oklahoma,0.1267903098728563,-20.572043140410003,margin_predictor,v1,val
401525894,2023,12,Houston,Oklahoma State,0.4963440428618463,-0.709662208655327,margin_predictor,v1,val
401525895,2023,12,Iowa State,Texas,0.2828714893176886,-10.206578476450886,margin_predictor,v1,val
401525896,2023,12,Kansas,Kansas State,0.4982505917819408,-0.6305615990980136,margin_predictor,v1,val
401525897,2023,12,TCU,Baylor,0.7581025764818897,11.289899581947704,margin_predictor,v1,val
401525898,2023,12,Texas Tech,UCF,0.4870490092595539,-1.0954086616478738,margin_predictor,v1,val
401525899,2023,12,West Virginia,Cincinnati,0.5492530535721901,1.4920582015599644,margin_predictor,v1,val
401531345,2023,12,Tulsa,North Texas,0.506505272922891,-0.28807888846923513,margin_predictor,v1,val
401531375,2023,12,Florida Atlantic,Tulane,0.28888856213946784,-9.900874471242913,margin_predictor,v1,val
401531385,2023,12,UAB,Temple,0.6653920429524789,6.571841916805269,margin_predictor,v1,val
401531401,2023,12,UTSA,South Florida,0.8603919315295211,18.30384138832574,margin_predictor,v1,val
401531409,2023,12,Charlotte,Rice,0.5561244265965717,1.7803411603071804,margin_predictor,v1,val
401531417,2023,12,Navy,East Carolina,0.6365905796476079,5.256474450184598,margin_predictor,v1,val
401531431,2023,12,Memphis,SMU,0.2450636812008023,-12.22757525137429,margin_predictor,v1,val
401531917,2023,12,Georgia Southern,Old Dominion,0.6390515993556593,5.366972086869545,margin_predictor,v1,val
401531918,2023,12,James Madison,App State,0.8803199796160375,20.138784813196445,margin_predictor,v1,val
401531919,2023,12,Arkansas State,Texas State,0.3615647631813226,-6.455232422348592,margin_predictor,v1,val
401531920,2023,12,South Alabama,Marshall,0.7784380513604915,12.475224607584943,margin_predictor,v1,val
401531921,2023,12,Troy,Louisiana,0.8086879866360404,14.393201073578835,margin_predictor,v1,val
401532443,2023,12,Bowling Green,Toledo,0.2505601016922665,-11.921728490202483,margin_predictor,v1,val
401532444,2023,12,Northern Illinois,Western Michigan,0.7388243503065648,10.22742311070097,margin_predictor,v1,val
401532445,2023,12,Eastern Michigan,Akron,0.6162411228812368,4.354401065962203,margin_predictor,v1,val
401532446,2023,12,Ohio,Central Michigan,0.863121858555547,18.54152195494328,margin_predictor,v1,val
401532447,2023,12,Miami (OH),Buffalo,0.8863354290457324,20.744296260895467,margin_predictor,v1,val
401532448,2023,12,Ball State,Kent State,0.7551344815542784,11.122722715531033,margin_predictor,v1,val
401532619,2023,12,Utah State,Boise State,0.4845503655623807,-1.1991553734415272,margin_predictor,v1,val
401532620,2023,12,Wyoming,Hawai'i,0.7053682336731814,8.496627689826399,margin_predictor,v1,val
401532621,2023,12,Colorado State,Nevada,0.8293475720980034,15.840112774986887,margin_predictor,v1,val
401532622,2023,12,Fresno State,New Mexico,0.8228018455004911,15.367530732858741,margin_predictor,v1,val
401532623,2023,12,San José State,San Diego State,0.8485202790104095,17.313253499683412,margin_predictor,v1,val
401532624,2023,12,Air Force,UNLV,0.7483505933289587,10.745683116652344,margin_predictor,v1,val
401520424,2023,13,Mississippi State,Ole Miss,0.22597703240810335,-13.327545998892337,margin_predictor,v1,val
401520425,2023,13,Nebraska,Iowa,0.5201589900032192,0.27881990474316787,margin_predictor,v1,val
401520426,2023,13,Arkansas,Missouri,0.3298783025429756,-7.908922422681144,margin_predictor,v1,val
401520427,2023,13,Auburn,Alabama,0.22401066719295049,-13.444509201655986,margin_predictor,v1,val
401520428,2023,13,Florida International,Western Kentucky,0.36002277814609185,-6.524581277860003,margin_predictor,v1,val
401520429,2023,13,Florida,Florida State,0.38079383067718076,-5.600598796762021,margin_predictor,v1,val
401520430,2023,13,Georgia Tech,Georgia,0.11834020767701048,-21.387291347794484,margin_predictor,v1,val
401520431,2023,13,Illinois,Northwestern,0.5028029666185694,-0.44169282667500065,margin_predictor,v1,val
401520432,2023,13,Louisville,Kentucky,0.7503899067110223,10.858303093388127,margin_predictor,v1,val
401520433,2023,13,LSU,Texas A&M,0.6118319415691772,4.161435490803418,margin_predictor,v1,val
401520434,2023,13,Michigan,Ohio State,0.7105826930646608,8.758228541123213,margin_predictor,v1,val
401520435,2023,13,Michigan State,Penn State,0.06590662442241506,-28.057411476039604,margin_predictor,v1,val
401520436,2023,13,Minnesota,Wisconsin,0.4031906531211951,-4.625722304616746,margin_predictor,v1,val
401520437,2023,13,New Mexico State,Jacksonville State,0.49817774398056586,-0.6335839205316529,margin_predictor,v1,val
401520438,2023,13,Purdue,Indiana,0.5943723085081872,3.404814410856434,margin_predictor,v1,val
401520439,2023,13,Rutgers,Maryland,0.3701870229593987,-6.069765684467596,margin_predictor,v1,val
401520440,2023,13,Sam Houston,Middle Tennessee,0.3903750886532833,-5.181113624325384,margin_predictor,v1,val
401520441,2023,13,South Carolina,Clemson,0.446821021931488,-2.7726284831276478,margin_predictor,v1,val
401520442,2023,13,Tennessee,Vanderbilt,0.9152855128221479,24.126634776353967,margin_predictor,v1,val
401520443,2023,13,Massachusetts,UConn,0.5310016845532952,0.7298560506023679,margin_predictor,v1,val
401520444,2023,13,UTEP,Liberty,0.1085964808326221,-22.392490443445308,margin_predictor,v1,val
401524063,2023,13,Oregon,Oregon State,0.8316122139493438,16.00695780282939,margin_predictor,v1,val
401524064,2023,13,Arizona State,Arizona,0.15536928037323905,-18.11860631860576,margin_predictor,v1,val
401524065,2023,13,Stanford,Notre Dame,0.08679853892740391,-24.96688645488305,margin_predictor,v1,val
401524066,2023,13,UCLA,California,0.8490663047488489,17.357379970087262,margin_predictor,v1,val
401524067,2023,13,Utah,Colorado,0.7550540286625699,11.118210392395927,margin_predictor,v1,val
401524068,2023,13,Washington,Washington State,0.7614851859882382,11.482136281957256,margin_predictor,v1,val
401525560,2023,13,Boston College,Miami,0.24995532088118708,-11.955160105549217,margin_predictor,v1,val
401525561,2023,13,Duke,Pittsburgh,0.7279553346287988,9.650811286802137,margin_predictor,v1,val
401525562,2023,13,NC State,North Carolina,0.48745294982294335,-1.0786392200937684,margin_predictor,v1,val
401525563,2023,13,Syracuse,Wake Forest,0.7200592104158641,9.24093318884357,margin_predictor,v1,val
401525564,2023,13,Virginia,Virginia Tech,0.2974184358532552,-9.473897667296727,margin_predictor,v1,val
401525900,2023,13,Oklahoma,TCU,0.807827811830909,14.335633417752657,margin_predictor,v1,val
401525901,2023,13,Texas,Texas Tech,0.8305391955884583,15.92768315070818,margin_predictor,v1,val
401525902,2023,13,Baylor,West Virginia,0.32125974481189806,-8.3160511141844,margin_predictor,v1,val
401525903,2023,13,Cincinnati,Kansas,0.30955657239211265,-8.878256606368375,margin_predictor,v1,val
401525904,2023,13,Kansas State,Iowa State,0.7594585823442104,11.366740519638022,margin_predictor,v1,val
401525905,2023,13,Oklahoma State,BYU,0.7145947156541008,8.961410259215295,margin_predictor,v1,val
401525906,2023,13,UCF,Houston,0.7527132969547067,10.98736209171478,margin_predictor,v1,val
401531346,2023,13,East Carolina,Tulsa,0.6386157499327001,5.347379123181687,margin_predictor,v1,val
401531376,2023,13,Tulane,UTSA,0.5746568035819559,2.5626823846465676,margin_predictor,v1,val
401531386,2023,13,North Texas,UAB,0.5861717745159292,3.053120855471494,margin_predictor,v1,val
401531394,2023,13,Temple,Memphis,0.2215917390708632,-13.589398188578333,margin_predictor,v1,val
401531410,2023,13,South Florida,Charlotte,0.4729842262386991,-1.6798956378386767,margin_predictor,v1,val
401531421,2023,13,Rice,Florida Atlantic,0.617517450911704,4.410413631337821,margin_predictor,v1,val
401531435,2023,13,SMU,Navy,0.8951996919625722,21.68965821924794,margin_predictor,v1,val
401531922,2023,13,App State,Georgia Southern,0.5937766935560308,3.3791968912365586,margin_predictor,v1,val
401531923,2023,13,Coastal Carolina,James Madison,0.2809783290864455,-10.303572276492577,margin_predictor,v1,val
401531924,2023,13,Marshall,Arkansas State,0.5146528490515873,0.05010365217825097,margin_predictor,v1,val
401531925,2023,13,Old Dominion,Georgia State,0.5902721832036815,3.2287045730565094,margin_predictor,v1,val
401531926,2023,13,Louisiana,UL Monroe,0.8330757068010531,16.115732918540516,margin_predictor,v1,val
401531927,2023,13,Southern Miss,Troy,0.08563072230139963,-25.120636136395806,margin_predictor,v1,val
401531928,2023,13,Texas State,South Alabama,0.38241287917304706,-5.529438177963858,margin_predictor,v1,val
401532449,2023,13,Buffalo,Eastern Michigan,0.5421463870313593,1.194730417590978,margin_predictor,v1,val
401532450,2023,13,Western Michigan,Bowling Green,0.4126676965796367,-4.218727877665419,margin_predictor,v1,val
401532451,2023,13,Central Michigan,Toledo,0.13410669376263593,-19.90289832720163,margin_predictor,v1,val
401532452,2023,13,Akron,Ohio,0.15832274050277867,-17.886962723423053,margin_predictor,v1,val
401532453,2023,13,Kent State,Northern Illinois,0.17720724141003763,-16.48284930983537,margin_predictor,v1,val
401532454,2023,13,Ball State,Miami (OH),0.2541660166174813,-11.723501243964883,margin_predictor,v1,val
401532625,2023,13,Boise State,Air Force,0.3371058680174815,-7.571656383837723,margin_predictor,v1,val
401532626,2023,13,Hawai'i,Colorado State,0.3219171542202816,-8.284797444112085,margin_predictor,v1,val
401532627,2023,13,San Diego State,Fresno State,0.28772343955589774,-9.959770193614709,margin_predictor,v1,val
401532628,2023,13,UNLV,San José State,0.5431133852898413,1.2351426656224058,margin_predictor,v1,val
401532629,2023,13,New Mexico,Utah State,0.5058514355255535,-0.3152092010232481,margin_predictor,v1,val
401532630,2023,13,Nevada,Wyoming,0.20044501621055524,-14.907676646982786,margin_predictor,v1,val
401539475,2023,14,Washington,Oregon,0.154492648523531,-18.188052198872587,margin_predictor,v1,val
401539476,2023,14,Liberty,New Mexico State,0.7294233782006477,9.727828742953385,margin_predictor,v1,val
401539477,2023,14,Tulane,SMU,0.40359929482708473,-4.6081113054354095,margin_predictor,v1,val
401539478,2023,14,Florida State,Louisville,0.6154423659532895,4.319382840618293,margin_predictor,v1,val
401539479,2023,14,Texas,Oklahoma State,0.8406400130381243,16.690478350935308,margin_predictor,v1,val
401539480,2023,14,Iowa,Michigan,0.11455775194372872,-21.768619634218567,margin_predictor,v1,val
401539481,2023,14,Toledo,Miami (OH),0.5987317479088045,3.5926841154159836,margin_predictor,v1,val
401539482,2023,14,UNLV,Boise State,0.5786615090883374,2.7328286802570347,margin_predictor,v1,val
401539483,2023,14,Alabama,Georgia,0.39338028391183844,-5.050318507193275,margin_predictor,v1,val
401539484,2023,14,Troy,App State,0.7787172789699105,12.492024005107357,margin_predictor,v1,val
401520445,2023,15,Army,Navy,0.5819931877233028,2.8747147933719726,margin_predictor,v1,val
401628363,2024,4,Auburn,Arkansas,0.5998561942556555,3.6412500604651883,margin_predictor,v1,test
401628364,2024,4,Kentucky,Ohio,0.6910458361039701,7.791540888290276,margin_predictor,v1,test
401628365,2024,4,LSU,UCLA,0.7524322128974419,10.971705439351943,margin_predictor,v1,test
401628366,2024,4,Ole Miss,Georgia Southern,0.9544799558699519,31.00387857251036,margin_predictor,v1,test
401628367,2024,4,Mississippi State,Florida,0.5111999515051712,-0.09324527614781664,margin_predictor,v1,test
401628368,2024,4,Missouri,Vanderbilt,0.7686680342155641,11.896661363297753,margin_predictor,v1,test
401628369,2024,4,Oklahoma,Tennessee,0.3119864755328588,-8.76059226526162,margin_predictor,v1,test
401628370,2024,4,South Carolina,Akron,0.8832055586552501,20.425865972332097,margin_predictor,v1,test
401628371,2024,4,Texas,UL Monroe,0.9363609380303208,27.329730360992713,margin_predictor,v1,test
401628372,2024,4,Texas A&M,Bowling Green,0.7851511860215677,12.883406054511775,margin_predictor,v1,test
401628485,2024,4,Nebraska,Illinois,0.6121714318891313,4.1762642096169085,margin_predictor,v1,test
401628486,2024,4,Indiana,Charlotte,0.9375128543325814,27.53194157127571,margin_predictor,v1,test
401628487,2024,4,Minnesota,Iowa,0.5815828024157627,2.857220788188168,margin_predictor,v1,test
401628489,2024,4,Michigan,USC,0.5240722562408276,0.4414911469849656,margin_predictor,v1,test
401628490,2024,4,Boston College,Michigan State,0.7034380389217267,8.400479776170105,margin_predictor,v1,test
401628491,2024,4,Washington,Northwestern,0.7557882892299188,11.159429738929047,margin_predictor,v1,test
401628492,2024,4,Ohio State,Marshall,0.9262070139159009,25.68122467729915,margin_predictor,v1,test
401628493,2024,4,Penn State,Kent State,0.9913906495299607,48.66978885084216,margin_predictor,v1,test
401628494,2024,4,Virginia Tech,Rutgers,0.6388731548410959,5.358949136040037,margin_predictor,v1,test
401628979,2024,4,Notre Dame,Miami (OH),0.8492513783067903,17.372366265716657,margin_predictor,v1,test
401629031,2024,4,UConn,Florida Atlantic,0.7441629926459847,10.516306651765742,margin_predictor,v1,test
401634766,2024,4,Syracuse,Stanford,0.72221922735225,9.352339790850126,margin_predictor,v1,test
401635551,2024,4,Florida State,California,0.4415280266753767,-2.994996536762777,margin_predictor,v1,test
401635552,2024,4,Clemson,NC State,0.7231175516906789,9.398829164388253,margin_predictor,v1,test
401635553,2024,4,Middle Tennessee,Duke,0.3155917554664626,-8.586929874410622,margin_predictor,v1,test
401635554,2024,4,Louisville,Georgia Tech,0.7009012006322795,8.274661883415744,margin_predictor,v1,test
401635555,2024,4,South Florida,Miami,0.2439889803623502,-12.287914769867617,margin_predictor,v1,test
401635556,2024,4,North Carolina,James Madison,0.5969091431822564,3.5140590555376443,margin_predictor,v1,test
401635557,2024,4,SMU,TCU,0.7060362608739955,8.529989108564928,margin_predictor,v1,test
401635558,2024,4,Coastal Carolina,Virginia,0.7594360933305587,11.365463724422398,margin_predictor,v1,test
401636872,2024,4,BYU,Kansas State,0.4414894407445563,-2.996619587015031,margin_predictor,v1,test
401636873,2024,4,Cincinnati,Houston,0.6190290845447038,4.476844909060251,margin_predictor,v1,test
401636874,2024,4,Colorado,Baylor,0.4651234054151159,-2.0072834502645307,margin_predictor,v1,test
401636875,2024,4,Iowa State,Arkansas State,0.8379739952309679,16.485450744905556,margin_predictor,v1,test
401636876,2024,4,Oklahoma State,Utah,0.4904620497311264,-0.9537374882206189,margin_predictor,v1,test
401636877,2024,4,Texas Tech,Arizona State,0.5804512161917053,2.8090081059417926,margin_predictor,v1,test
401636879,2024,4,West Virginia,Kansas,0.424546966456969,-3.7124425878014904,margin_predictor,v1,test
401640991,2024,4,Liberty,East Carolina,0.801568958641598,13.922543294243361,margin_predictor,v1,test
401641000,2024,4,Jacksonville State,Southern Miss,0.6948863786539149,7.978763027703734,margin_predictor,v1,test
401641008,2024,4,Louisiana Tech,Tulsa,0.5803665357720813,2.805401644157104,margin_predictor,v1,test
401641028,2024,4,Colorado State,UTEP,0.7398364909297818,10.281894822042407,margin_predictor,v1,test
401641034,2024,4,Sam Houston,New Mexico State,0.6687434658649385,6.728360117675889,margin_predictor,v1,test
401641037,2024,4,Western Kentucky,Toledo,0.33262580232090494,-7.78028208739997,margin_predictor,v1,test
401643711,2024,4,New Mexico,Fresno State,0.2292703942097382,-13.133252763674856,margin_predictor,v1,test
401643714,2024,4,Washington State,San José State,0.6848645903039259,7.492886934772272,margin_predictor,v1,test
401643715,2024,4,Temple,Utah State,0.47228140341739144,-1.7091417151251163,margin_predictor,v1,test
401643716,2024,4,North Texas,Wyoming,0.7393237881328374,10.254284903665212,margin_predictor,v1,test
401643717,2024,4,Oregon State,Purdue,0.7761382306117391,12.33743059620195,margin_predictor,v1,test
401643790,2024,4,App State,South Alabama,0.3137296882119786,-8.67648837790914,margin_predictor,v1,test
401643791,2024,4,Louisiana,Tulane,0.7470789137174769,10.675761849798524,margin_predictor,v1,test
401644735,2024,4,Central Michigan,Ball State,0.6746546760295316,7.006393544495773,margin_predictor,v1,test
401644736,2024,4,Northern Illinois,Buffalo,0.7634116657389636,11.592456878957561,margin_predictor,v1,test
401645328,2024,4,Army,Rice,0.5859933238475764,3.045491210542057,margin_predictor,v1,test
401645329,2024,4,Navy,Memphis,0.34394894447527474,-7.255594440806641,margin_predictor,v1,test
401628373,2024,5,Texas A&M,Arkansas,0.42014218694920547,-3.8997048344309206,margin_predictor,v1,test
401628374,2024,5,Alabama,Georgia,0.5010155793816684,-0.5158484532582932,margin_predictor,v1,test
401628375,2024,5,Auburn,Oklahoma,0.6609521352140206,6.365682574192821,margin_predictor,v1,test
401628376,2024,5,LSU,South Alabama,0.6227407076055904,4.640392065018784,margin_predictor,v1,test
401628377,2024,5,Ole Miss,Kentucky,0.9084551412986253,23.244680029296354,margin_predictor,v1,test
401628378,2024,5,Texas,Mississippi State,0.9363015210734382,27.31939291787507,margin_predictor,v1,test
401628495,2024,5,Penn State,Illinois,0.7388439596056898,10.228477151442359,margin_predictor,v1,test
401628496,2024,5,Indiana,Maryland,0.8723418831049935,19.37501735634722,margin_predictor,v1,test
401628497,2024,5,Michigan,Minnesota,0.538435324541661,1.0397602021995231,margin_predictor,v1,test
401628498,2024,5,Michigan State,Ohio State,0.19266522441855907,-15.418690206676876,margin_predictor,v1,test
401628499,2024,5,Purdue,Nebraska,0.23058059882985754,-13.05650268169959,margin_predictor,v1,test
401628500,2024,5,UCLA,Oregon,0.18774494574133876,-15.750028071764332,margin_predictor,v1,test
401628501,2024,5,Rutgers,Washington,0.47310038468084237,-1.6750624495133293,margin_predictor,v1,test
401628502,2024,5,USC,Wisconsin,0.7038752238229369,8.42222520045674,margin_predictor,v1,test
401628980,2024,5,Notre Dame,Louisville,0.5234854451684998,0.41709055387471583,margin_predictor,v1,test
401629032,2024,5,UConn,Buffalo,0.6458043736944137,5.671875760478829,margin_predictor,v1,test
401629043,2024,5,Miami (OH),Massachusetts,0.712734439199297,8.866989366827553,margin_predictor,v1,test
401634767,2024,5,Miami,Virginia Tech,0.91814325235831,24.514889147332987,margin_predictor,v1,test
401635560,2024,5,Boston College,Western Kentucky,0.8806104497762424,20.167410365475085,margin_predictor,v1,test
401635561,2024,5,Clemson,Stanford,0.683645037250348,7.4343398636260485,margin_predictor,v1,test
401635562,2024,5,Duke,North Carolina,0.6327157189659702,5.083143534508998,margin_predictor,v1,test
401635563,2024,5,SMU,Florida State,0.8125323457281308,14.652933486843198,margin_predictor,v1,test
401635564,2024,5,NC State,Northern Illinois,0.33476879597231396,-7.680315145094058,margin_predictor,v1,test
401635659,2024,5,Wake Forest,Louisiana,0.36296211734539235,-6.392498889157512,margin_predictor,v1,test
401636880,2024,5,Baylor,BYU,0.4376527145926505,-3.158156624369349,margin_predictor,v1,test
401636881,2024,5,Houston,Iowa State,0.22234017323047592,-13.544448402615151,margin_predictor,v1,test
401636882,2024,5,Kansas,TCU,0.5105835436405175,-0.1188307236955577,margin_predictor,v1,test
401636883,2024,5,Kansas State,Oklahoma State,0.6541147092955456,6.050743821246523,margin_predictor,v1,test
401636884,2024,5,Texas Tech,Cincinnati,0.5786909402036771,2.7340807075156093,margin_predictor,v1,test
401636885,2024,5,UCF,Colorado,0.8448418101269832,17.019334397426206,margin_predictor,v1,test
401636886,2024,5,Utah,Arizona,0.6463048214410576,5.6945750343938615,margin_predictor,v1,test
401640981,2024,5,Florida International,Louisiana Tech,0.3887109136288539,-5.253698760298276,margin_predictor,v1,test
401641025,2024,5,Memphis,Middle Tennessee,0.9233645630916173,25.257329564699205,margin_predictor,v1,test
401641035,2024,5,New Mexico State,New Mexico,0.5488888687495032,1.4768020900893593,margin_predictor,v1,test
401641041,2024,5,Sam Houston,Texas State,0.39482247964100564,-4.987675105945955,margin_predictor,v1,test
401643718,2024,5,Wyoming,Air Force,0.31957919739244817,-8.396099091483316,margin_predictor,v1,test
401643719,2024,5,Boise State,Washington State,0.6581014065710372,6.234008263219626,margin_predictor,v1,test
401643720,2024,5,UNLV,Fresno State,0.6966415376041885,8.064764015818627,margin_predictor,v1,test
401643721,2024,5,Central Michigan,San Diego State,0.7829025172887638,12.745667159264753,margin_predictor,v1,test
401643792,2024,5,Georgia State,Georgia Southern,0.6658249029989574,6.592013134239596,margin_predictor,v1,test
401643793,2024,5,James Madison,Ball State,0.9419488758162072,28.34465655979635,margin_predictor,v1,test
401643794,2024,5,Marshall,Western Michigan,0.7491588854204688,10.790247697698437,margin_predictor,v1,test
401643795,2024,5,Bowling Green,Old Dominion,0.7842900777093955,12.830537256847457,margin_predictor,v1,test
401643796,2024,5,Troy,UL Monroe,0.6250585027375279,4.74284307911931,margin_predictor,v1,test
401644738,2024,5,Ohio,Akron,0.8639402905851926,18.61355481742377,margin_predictor,v1,test
401644739,2024,5,Kent State,Eastern Michigan,0.0492103506395216,-31.27116200888885,margin_predictor,v1,test
401645331,2024,5,Temple,Army,0.2684097190072439,-10.95795738659413,margin_predictor,v1,test
401645332,2024,5,UAB,Navy,0.39874550853068164,-4.81767236785924,margin_predictor,v1,test
401645333,2024,5,Rice,Charlotte,0.7285233715805024,9.680581001163173,margin_predictor,v1,test
401645334,2024,5,East Carolina,UTSA,0.7402754368885888,10.30556085058307,margin_predictor,v1,test
401645336,2024,5,North Texas,Tulsa,0.5057718533626178,-0.31851132274606675,margin_predictor,v1,test
401645337,2024,5,Tulane,South Florida,0.5877843214629999,3.1221093200584207,margin_predictor,v1,test
401628379,2024,6,Arkansas,Tennessee,0.28630584729801545,-10.031620067122267,margin_predictor,v1,test
401628380,2024,6,Florida,UCF,0.4925737688874551,-0.866101907656394,margin_predictor,v1,test
401628381,2024,6,Georgia,Auburn,0.6721286655211792,6.887269220078793,margin_predictor,v1,test
401628382,2024,6,South Carolina,Ole Miss,0.1892635325644842,-15.647062306810435,margin_predictor,v1,test
401628383,2024,6,Texas A&M,Missouri,0.3753419411765336,-5.841089712224653,margin_predictor,v1,test
401628384,2024,6,Vanderbilt,Alabama,0.396634665477331,-4.909073300600335,margin_predictor,v1,test
401628503,2024,6,Northwestern,Indiana,0.07835345020802696,-26.12402912439412,margin_predictor,v1,test
401628504,2024,6,Ohio State,Iowa,0.8300265375431003,15.889948966963486,margin_predictor,v1,test
401628505,2024,6,Washington,Michigan,0.7050450561649595,8.480503951356692,margin_predictor,v1,test
401628506,2024,6,Oregon,Michigan State,0.8077062077922056,14.32751086300674,margin_predictor,v1,test
401628507,2024,6,Minnesota,USC,0.4718842725248781,-1.7256692610193811,margin_predictor,v1,test
401628508,2024,6,Nebraska,Rutgers,0.6995222874588953,8.206529722630886,margin_predictor,v1,test
401628509,2024,6,Wisconsin,Purdue,0.7222376425701174,9.353291870236923,margin_predictor,v1,test
401628510,2024,6,Penn State,UCLA,0.9486199400696769,29.683992992663157,margin_predictor,v1,test
401629033,2024,6,UConn,Temple,0.9263543177430924,25.70359894506855,margin_predictor,v1,test
401629044,2024,6,Northern Illinois,Massachusetts,0.8648449063785484,18.693599004699813,margin_predictor,v1,test
401634779,2024,6,UNLV,Syracuse,0.7777719494459895,12.43521043051092,margin_predictor,v1,test
401635567,2024,6,Virginia,Boston College,0.47765909257199674,-1.4854714339992796,margin_predictor,v1,test
401635568,2024,6,California,Miami,0.24663089181431186,-12.139902938374094,margin_predictor,v1,test
401635569,2024,6,Florida State,Clemson,0.26592733715259176,-11.089461775872103,margin_predictor,v1,test
401635570,2024,6,Georgia Tech,Duke,0.6469894328982851,5.725651166285082,margin_predictor,v1,test
401635571,2024,6,Louisville,SMU,0.6501278363423749,5.868464082698036,margin_predictor,v1,test
401635572,2024,6,North Carolina,Pittsburgh,0.29646398343981817,-9.521316528193873,margin_predictor,v1,test
401635573,2024,6,Stanford,Virginia Tech,0.5132059551287025,-0.009971219318121172,margin_predictor,v1,test
401635638,2024,6,NC State,Wake Forest,0.5165557340977345,0.1291269117479792,margin_predictor,v1,test
401636887,2024,6,Arizona,Texas Tech,0.6137491653301955,4.245241304625217,margin_predictor,v1,test
401636888,2024,6,Arizona State,Kansas,0.6356057806720777,5.21234809284042,margin_predictor,v1,test
401636889,2024,6,Iowa State,Baylor,0.7355613469126311,10.052735460778784,margin_predictor,v1,test
401636890,2024,6,Oklahoma State,West Virginia,0.5592710087851291,1.9126476763121703,margin_predictor,v1,test
401636891,2024,6,TCU,Houston,0.7917602111023504,13.294409852892818,margin_predictor,v1,test
401641001,2024,6,Kennesaw State,Jacksonville State,0.40940863766341606,-4.358359368518034,margin_predictor,v1,test
401641029,2024,6,UTEP,Sam Houston,0.32063054515580325,-8.345995236072064,margin_predictor,v1,test
401643722,2024,6,Air Force,Navy,0.21394537073005562,-14.055004765400879,margin_predictor,v1,test
401643723,2024,6,Boise State,Utah State,0.9174506034762794,24.41966666044076,margin_predictor,v1,test
401643724,2024,6,Oregon State,Colorado State,0.7919768492323849,13.308043208558123,margin_predictor,v1,test
401643725,2024,6,San Diego State,Hawai'i,0.29270022525115436,-9.709175534677998,margin_predictor,v1,test
401643726,2024,6,San José State,Nevada,0.6564674676029802,6.158775339131947,margin_predictor,v1,test
401643797,2024,6,Troy,Texas State,0.43449913637802096,-3.2911656435528656,margin_predictor,v1,test
401643798,2024,6,Coastal Carolina,Old Dominion,0.8174790927203649,14.993248217959867,margin_predictor,v1,test
401643799,2024,6,Marshall,App State,0.7205840688193884,9.267955070984112,margin_predictor,v1,test
401643800,2024,6,Arkansas State,South Alabama,0.25557640293640366,-11.646473799245758,margin_predictor,v1,test
401643801,2024,6,UL Monroe,James Madison,0.24610814526898292,-12.169104396508832,margin_predictor,v1,test
401643802,2024,6,Southern Miss,Louisiana,0.13396766045761607,-19.915322086543036,margin_predictor,v1,test
401644684,2024,6,Toledo,Miami (OH),0.8467663447922384,17.172389051938033,margin_predictor,v1,test
401644740,2024,6,Akron,Bowling Green,0.21948088683633005,-13.71676114992834,margin_predictor,v1,test
401644741,2024,6,Ball State,Western Michigan,0.3108389833981948,-8.816094875236898,margin_predictor,v1,test
401645338,2024,6,UAB,Tulane,0.2724642648829762,-10.744810877570535,margin_predictor,v1,test
401645339,2024,6,Tulsa,Army,0.3164733133120359,-8.544629670746422,margin_predictor,v1,test
401645340,2024,6,Charlotte,East Carolina,0.3018280589904627,-9.255946682467568,margin_predictor,v1,test
401628385,2024,7,Alabama,South Carolina,0.7760692524055322,12.333313377322197,margin_predictor,v1,test
401628386,2024,7,Georgia,Mississippi State,0.9079748104377151,23.184916040401248,margin_predictor,v1,test
401628387,2024,7,Kentucky,Vanderbilt,0.5858234560553348,3.038229422495186,margin_predictor,v1,test
401628388,2024,7,LSU,Ole Miss,0.2736070836168868,-10.685093048375181,margin_predictor,v1,test
401628389,2024,7,Massachusetts,Missouri,0.18661957201464258,-15.826746316833377,margin_predictor,v1,test
401628390,2024,7,Oklahoma,Texas,0.15713552892263807,-17.979651005556,margin_predictor,v1,test
401628391,2024,7,Tennessee,Florida,0.8332943738020472,16.13205086531666,margin_predictor,v1,test
401628511,2024,7,Illinois,Purdue,0.9046218172764235,22.775358608072025,margin_predictor,v1,test
401628512,2024,7,Iowa,Washington,0.4226021555318511,-3.7950584921768886,margin_predictor,v1,test
401628513,2024,7,Maryland,Northwestern,0.7476786771548299,10.708709787912012,margin_predictor,v1,test
401628514,2024,7,UCLA,Minnesota,0.32571275897415347,-8.10500107435242,margin_predictor,v1,test
401628515,2024,7,Oregon,Ohio State,0.36287347348932597,-6.396475412838939,margin_predictor,v1,test
401628516,2024,7,USC,Penn State,0.2395485742881877,-12.539154915716113,margin_predictor,v1,test
401628517,2024,7,Rutgers,Wisconsin,0.5779852668942442,2.7040672327237414,margin_predictor,v1,test
401628981,2024,7,Notre Dame,Stanford,0.8687387948049582,19.043401951832408,margin_predictor,v1,test
401635574,2024,7,NC State,Syracuse,0.2622095577558227,-11.287885626826077,margin_predictor,v1,test
401635575,2024,7,Pittsburgh,California,0.7683263975550709,11.876744328445952,margin_predictor,v1,test
401635576,2024,7,Wake Forest,Clemson,0.33774101865791784,-7.5421901800657505,margin_predictor,v1,test
401635577,2024,7,North Carolina,Georgia Tech,0.3865902323933894,-5.346359369034753,margin_predictor,v1,test
401635578,2024,7,Virginia,Louisville,0.4413813949019328,-3.001164506178526,margin_predictor,v1,test
401636892,2024,7,Arizona State,Utah,0.5275464530251267,0.5860130142417748,margin_predictor,v1,test
401636893,2024,7,BYU,Arizona,0.7122265533240753,8.841274481020637,margin_predictor,v1,test
401636894,2024,7,Colorado,Kansas State,0.41816267710765836,-3.984034973117648,margin_predictor,v1,test
401636895,2024,7,UCF,Cincinnati,0.7380076254429988,10.183567775871378,margin_predictor,v1,test
401636896,2024,7,West Virginia,Iowa State,0.3940724225270954,-5.020244682709851,margin_predictor,v1,test
401640982,2024,7,Liberty,Florida International,0.8673020614774068,18.913324532926396,margin_predictor,v1,test
401641002,2024,7,Jacksonville State,New Mexico State,0.9062180683356227,22.968697660037577,margin_predictor,v1,test
401641009,2024,7,Louisiana Tech,Middle Tennessee,0.7788774140599523,12.50166518969579,margin_predictor,v1,test
401641030,2024,7,Western Kentucky,UTEP,0.8191886339044195,15.112519636757218,margin_predictor,v1,test
401643727,2024,7,New Mexico,Air Force,0.6026600290221772,3.7625497436065842,margin_predictor,v1,test
401643728,2024,7,Hawai'i,Boise State,0.35844298100036354,-6.595765578718105,margin_predictor,v1,test
401643729,2024,7,Colorado State,San José State,0.2937196358425213,-9.658155702159123,margin_predictor,v1,test
401643730,2024,7,Fresno State,Washington State,0.4375635818584554,-3.161913021329351,margin_predictor,v1,test
401643731,2024,7,Nevada,Oregon State,0.6574493293354073,6.203963489596267,margin_predictor,v1,test
401643732,2024,7,Wyoming,San Diego State,0.3768537595043926,-5.774264339835389,margin_predictor,v1,test
401643733,2024,7,Utah State,UNLV,0.11998124502397131,-21.225127745192864,margin_predictor,v1,test
401643803,2024,7,James Madison,Coastal Carolina,0.7502633684517391,10.85129728978867,margin_predictor,v1,test
401643804,2024,7,Georgia Southern,Marshall,0.4900741097802079,-0.9698382991205197,margin_predictor,v1,test
401643805,2024,7,Georgia State,Old Dominion,0.6839762873716532,7.450230147530897,margin_predictor,v1,test
401643806,2024,7,Louisiana,App State,0.908367999788202,23.233816760794994,margin_predictor,v1,test
401643807,2024,7,UL Monroe,Southern Miss,0.7635674342894394,11.601404035361183,margin_predictor,v1,test
401643808,2024,7,Texas State,Arkansas State,0.8436326433986385,16.923962913095444,margin_predictor,v1,test
401644685,2024,7,Eastern Michigan,Miami (OH),0.7993458180586308,13.778180467067601,margin_predictor,v1,test
401644742,2024,7,Western Michigan,Akron,0.7932287799489945,13.38703492675675,margin_predictor,v1,test
401644743,2024,7,Kent State,Ball State,0.2933723950820272,-9.675522883469162,margin_predictor,v1,test
401644744,2024,7,Bowling Green,Northern Illinois,0.41289113325405796,-4.209167086445404,margin_predictor,v1,test
401644745,2024,7,Buffalo,Toledo,0.276594358718914,-10.529722837516799,margin_predictor,v1,test
401644746,2024,7,Central Michigan,Ohio,0.5646634002611646,2.139857459078155,margin_predictor,v1,test
401645341,2024,7,South Florida,Memphis,0.2697578198055865,-10.886864422088422,margin_predictor,v1,test
401645342,2024,7,Army,UAB,0.9416239461037927,28.283185264726036,margin_predictor,v1,test
401645343,2024,7,Florida Atlantic,North Texas,0.28704109775871894,-9.994327844008417,margin_predictor,v1,test
401645344,2024,7,Rice,UTSA,0.662572951587354,6.4407876392620125,margin_predictor,v1,test
401628392,2024,8,Arkansas,LSU,0.5886432101091766,3.1588873657322862,margin_predictor,v1,test
401628393,2024,8,Florida,Kentucky,0.46237322414874743,-2.1219852147693903,margin_predictor,v1,test
401628394,2024,8,Mississippi State,Texas A&M,0.18381032729113084,-16.019825751045268,margin_predictor,v1,test
401628395,2024,8,Missouri,Auburn,0.6937403031509292,7.922756288593335,margin_predictor,v1,test
401628396,2024,8,Oklahoma,South Carolina,0.5393741554326149,1.0789473370319802,margin_predictor,v1,test
401628397,2024,8,Tennessee,Alabama,0.6762137947570623,7.080158945343967,margin_predictor,v1,test
401628398,2024,8,Texas,Georgia,0.8067074326945303,14.260945135732957,margin_predictor,v1,test
401628399,2024,8,Vanderbilt,Ball State,0.9589784076222267,32.131886910267724,margin_predictor,v1,test
401628518,2024,8,Illinois,Michigan,0.6978879755627045,8.126008799046694,margin_predictor,v1,test
401628519,2024,8,Indiana,Nebraska,0.8440903941241479,16.95999644576999,margin_predictor,v1,test
401628520,2024,8,Michigan State,Iowa,0.4178959310600205,-3.995407286809585,margin_predictor,v1,test
401628521,2024,8,Maryland,USC,0.5144722456868793,0.04260448459371169,margin_predictor,v1,test
401628522,2024,8,Northwestern,Wisconsin,0.35604108562906406,-6.70425914034359,margin_predictor,v1,test
401628523,2024,8,Purdue,Oregon,0.12776637648631659,-20.480902993450684,margin_predictor,v1,test
401628524,2024,8,Rutgers,UCLA,0.6791726700708921,7.22066176843308,margin_predictor,v1,test
401628982,2024,8,Georgia Tech,Notre Dame,0.552012266701323,1.6077177800955618,margin_predictor,v1,test
401629034,2024,8,UConn,Wake Forest,0.8690729945733505,19.07383245350536,margin_predictor,v1,test
401634768,2024,8,Virginia Tech,Boston College,0.4997699917099579,-0.5675249964930473,margin_predictor,v1,test
401634769,2024,8,Duke,Florida State,0.8727579129559364,19.413819260744155,margin_predictor,v1,test
401635587,2024,8,California,NC State,0.7749554875438986,12.266958668894356,margin_predictor,v1,test
401635588,2024,8,Clemson,Virginia,0.7278752637319659,9.646618059590505,margin_predictor,v1,test
401635589,2024,8,Louisville,Miami,0.29935088295151663,-9.378158011215556,margin_predictor,v1,test
401635590,2024,8,Stanford,SMU,0.19508518751900883,-15.258089492792232,margin_predictor,v1,test
401636897,2024,8,Arizona,Colorado,0.485091529196811,-1.1766830619873492,margin_predictor,v1,test
401636898,2024,8,BYU,Oklahoma State,0.862752325039186,18.509116833507555,margin_predictor,v1,test
401636899,2024,8,Cincinnati,Arizona State,0.48524322523163055,-1.1703840091315936,margin_predictor,v1,test
401636900,2024,8,Iowa State,UCF,0.6055841493354199,3.889364400471394,margin_predictor,v1,test
401636901,2024,8,Kansas,Houston,0.5839053556496724,2.956291403997728,margin_predictor,v1,test
401636902,2024,8,Texas Tech,Baylor,0.6984789756542489,8.155098130710076,margin_predictor,v1,test
401636903,2024,8,Utah,TCU,0.5615653470143442,2.009244977303994,margin_predictor,v1,test
401636904,2024,8,West Virginia,Kansas State,0.3805751023594292,-5.610221266693008,margin_predictor,v1,test
401640983,2024,8,UTEP,Florida International,0.41018194031954014,-4.325197526945441,margin_predictor,v1,test
401641010,2024,8,New Mexico State,Louisiana Tech,0.14522811243022804,-18.942490181121876,margin_predictor,v1,test
401641019,2024,8,Middle Tennessee,Kennesaw State,0.6857934163015424,7.537559145189242,margin_predictor,v1,test
401641038,2024,8,Sam Houston,Western Kentucky,0.5678820844589768,2.2757815070870833,margin_predictor,v1,test
401643734,2024,8,Air Force,Colorado State,0.4142413154119732,-4.1514256875099305,margin_predictor,v1,test
401643735,2024,8,Nevada,Fresno State,0.6907488330117962,7.777116300916467,margin_predictor,v1,test
401643736,2024,8,Washington State,Hawai'i,0.734098616768853,9.974875811603148,margin_predictor,v1,test
401643737,2024,8,Utah State,New Mexico,0.4562818509365538,-2.376388489200858,margin_predictor,v1,test
401643738,2024,8,San José State,Wyoming,0.8441936809061066,16.968138967144412,margin_predictor,v1,test
401643739,2024,8,Oregon State,UNLV,0.3251678465715249,-8.130746122817559,margin_predictor,v1,test
401643809,2024,8,South Alabama,Troy,0.7473486138337524,10.690571389108793,margin_predictor,v1,test
401643810,2024,8,Marshall,Georgia State,0.6635608574359879,6.486651798463726,margin_predictor,v1,test
401643811,2024,8,Coastal Carolina,Louisiana,0.2908582453700097,-9.801628662278835,margin_predictor,v1,test
401643812,2024,8,Georgia Southern,James Madison,0.21104095599474212,-14.235025875749878,margin_predictor,v1,test
401643813,2024,8,Old Dominion,Texas State,0.21713927805227895,-13.85908183651385,margin_predictor,v1,test
401643814,2024,8,Southern Miss,Arkansas State,0.5001879105975303,-0.5501865298787623,margin_predictor,v1,test
401644686,2024,8,Miami (OH),Ohio,0.43097665226584797,-3.4399992401946733,margin_predictor,v1,test
401644748,2024,8,Bowling Green,Kent State,0.9344161520051928,26.995950898866717,margin_predictor,v1,test
401644749,2024,8,Buffalo,Western Michigan,0.59866521039006,3.5898117061986827,margin_predictor,v1,test
401644750,2024,8,Eastern Michigan,Central Michigan,0.6049365056282935,3.8612491530156,margin_predictor,v1,test
401644751,2024,8,Northern Illinois,Toledo,0.5524295742471553,1.6252218193870964,margin_predictor,v1,test
401645345,2024,8,South Florida,UAB,0.8205364571044454,15.207175649876326,margin_predictor,v1,test
401645346,2024,8,Army,East Carolina,0.8349228627488825,16.254118346770593,margin_predictor,v1,test
401645347,2024,8,Navy,Charlotte,0.8884656648425496,20.965423322082614,margin_predictor,v1,test
401645348,2024,8,UTSA,Florida Atlantic,0.6541000752040909,6.050072957849564,margin_predictor,v1,test
401645349,2024,8,Memphis,North Texas,0.7171613744883517,9.092293856807556,margin_predictor,v1,test
401645350,2024,8,Tulane,Rice,0.8042472230740283,14.098086060772342,margin_predictor,v1,test
401645351,2024,8,Temple,Tulsa,0.3776980952139964,-5.736989205663056,margin_predictor,v1,test
401628400,2024,9,Alabama,Missouri,0.48059793307352233,-1.363332718969665,margin_predictor,v1,test
401628401,2024,9,Kentucky,Auburn,0.5138232549921175,0.015657818358188358,margin_predictor,v1,test
401628402,2024,9,Ole Miss,Oklahoma,0.9149013127633744,24.07534746158197,margin_predictor,v1,test
401628403,2024,9,Mississippi State,Arkansas,0.22927993266526528,-13.13269290248463,margin_predictor,v1,test
401628404,2024,9,Texas A&M,LSU,0.5639060318596248,2.107907900651173,margin_predictor,v1,test
401628405,2024,9,Vanderbilt,Texas,0.273944848696444,-10.66747298275026,margin_predictor,v1,test
401628525,2024,9,Oregon,Illinois,0.7338132019587734,9.959715378151788,margin_predictor,v1,test
401628526,2024,9,Indiana,Washington,0.8981283237405159,22.017502941522878,margin_predictor,v1,test
401628527,2024,9,Iowa,Northwestern,0.7268299089347152,9.591944616574102,margin_predictor,v1,test
401628528,2024,9,Minnesota,Maryland,0.606534547871503,3.930651905340852,margin_predictor,v1,test
401628529,2024,9,Michigan,Michigan State,0.5387165233821865,1.051496335155523,margin_predictor,v1,test
401628530,2024,9,Ohio State,Nebraska,0.8557402766717545,17.90766116386653,margin_predictor,v1,test
401628531,2024,9,Wisconsin,Penn State,0.2657924940850083,-11.096627424376418,margin_predictor,v1,test
401628532,2024,9,USC,Rutgers,0.6838604759062986,7.444673578506014,margin_predictor,v1,test
401628983,2024,9,Navy,Notre Dame,0.5961326959496294,3.4805992032046813,margin_predictor,v1,test
401629035,2024,9,UConn,Rice,0.7800157842646362,12.570347173895927,margin_predictor,v1,test
401634770,2024,9,Pittsburgh,Syracuse,0.7151930953502224,8.99186027655588,margin_predictor,v1,test
401634771,2024,9,Boston College,Louisville,0.5019103164608727,-0.47872760168637374,margin_predictor,v1,test
401635594,2024,9,California,Oregon State,0.8105315728773627,14.517253290381335,margin_predictor,v1,test
401635595,2024,9,Duke,SMU,0.3588859660536995,-6.57579116111382,margin_predictor,v1,test
401635596,2024,9,Miami,Florida State,0.9611360816957012,32.715615270303964,margin_predictor,v1,test
401635597,2024,9,Virginia Tech,Georgia Tech,0.49515828850275173,-0.758859926388392,margin_predictor,v1,test
401635598,2024,9,Virginia,North Carolina,0.5721839248270806,2.4578273600295475,margin_predictor,v1,test
401635599,2024,9,Stanford,Wake Forest,0.432110321569087,-3.3920674722467608,margin_predictor,v1,test
401636905,2024,9,Arizona,West Virginia,0.5191705019500579,0.23774632839538024,margin_predictor,v1,test
401636906,2024,9,Baylor,Oklahoma State,0.7496638374075684,10.818136330244478,margin_predictor,v1,test
401636907,2024,9,Colorado,Cincinnati,0.6271721768623721,4.836492606052085,margin_predictor,v1,test
401636908,2024,9,Houston,Utah,0.3345340315032032,-7.691250909594796,margin_predictor,v1,test
401636909,2024,9,Kansas State,Kansas,0.7635079943281,11.59798939622801,margin_predictor,v1,test
401636910,2024,9,TCU,Texas Tech,0.6678999396556022,6.688891237280716,margin_predictor,v1,test
401636911,2024,9,UCF,BYU,0.47670937556190296,-1.5249551715497711,margin_predictor,v1,test
401640984,2024,9,Florida International,Sam Houston,0.28124736779875104,-10.28976423595451,margin_predictor,v1,test
401640993,2024,9,Kennesaw State,Liberty,0.07397363306557984,-26.769806890367057,margin_predictor,v1,test
401641003,2024,9,Jacksonville State,Middle Tennessee,0.8772262367050592,19.837561950468405,margin_predictor,v1,test
401641011,2024,9,Louisiana Tech,UTEP,0.8292881936281218,15.835761879770855,margin_predictor,v1,test
401643740,2024,9,UNLV,Boise State,0.5055067868189407,-0.3295097056582481,margin_predictor,v1,test
401643741,2024,9,Colorado State,New Mexico,0.6168103448831469,4.379373045790588,margin_predictor,v1,test
401643742,2024,9,Fresno State,San José State,0.41492412078956503,-4.122246113515301,margin_predictor,v1,test
401643743,2024,9,Hawai'i,Nevada,0.5494682239522396,1.5010729684704462,margin_predictor,v1,test
401643744,2024,9,San Diego State,Washington State,0.4092622299047749,-4.364639988355089,margin_predictor,v1,test
401643745,2024,9,Wyoming,Utah State,0.5336975201207763,0.8421703108761633,margin_predictor,v1,test
401643815,2024,9,Old Dominion,Georgia Southern,0.48173606436295224,-1.3160472395844414,margin_predictor,v1,test
401643816,2024,9,App State,Georgia State,0.4748404657026077,-1.6026743492664366,margin_predictor,v1,test
401643817,2024,9,James Madison,Southern Miss,0.9377329960112178,27.570981421636283,margin_predictor,v1,test
401643818,2024,9,Arkansas State,Troy,0.510754175241593,-0.11174839775419887,margin_predictor,v1,test
401643819,2024,9,South Alabama,UL Monroe,0.7525684373826594,10.97929178330795,margin_predictor,v1,test
401644687,2024,9,Miami (OH),Central Michigan,0.5922951393817859,3.3155262089596462,margin_predictor,v1,test
401644752,2024,9,Akron,Eastern Michigan,0.23773844716188727,-12.642486169179927,margin_predictor,v1,test
401644753,2024,9,Ball State,Northern Illinois,0.18291884339691383,-16.081574648477897,margin_predictor,v1,test
401644754,2024,9,Toledo,Bowling Green,0.6833693828560313,7.421123356642319,margin_predictor,v1,test
401644755,2024,9,Ohio,Buffalo,0.6973702743307627,8.100553782234485,margin_predictor,v1,test
401644756,2024,9,Western Michigan,Kent State,0.9312193957813836,26.46678302201626,margin_predictor,v1,test
401645352,2024,9,East Carolina,Temple,0.7775805544957369,12.423728776013144,margin_predictor,v1,test
401645353,2024,9,Memphis,Charlotte,0.8768925111653815,19.80546055340308,margin_predictor,v1,test
401645354,2024,9,North Texas,Tulane,0.33665967926345,-7.5923724945466855,margin_predictor,v1,test
401645355,2024,9,Tulsa,UTSA,0.40634654296194406,-4.489862939950057,margin_predictor,v1,test
401628406,2024,10,Arkansas,Ole Miss,0.2881462576596118,-9.938380806482398,margin_predictor,v1,test
401628407,2024,10,Auburn,Vanderbilt,0.5606381805660527,1.9701958761365637,margin_predictor,v1,test
401628408,2024,10,Georgia,Florida,0.6959214152126652,8.029444965550507,margin_predictor,v1,test
401628409,2024,10,Mississippi State,Massachusetts,0.6555781032603848,6.117897308428506,margin_predictor,v1,test
401628411,2024,10,South Carolina,Texas A&M,0.45595320161978364,-2.390129212540357,margin_predictor,v1,test
401628412,2024,10,Tennessee,Kentucky,0.8700534983171662,19.16349448077662,margin_predictor,v1,test
401628533,2024,10,Illinois,Minnesota,0.5282062313063735,0.6134710070711038,margin_predictor,v1,test
401628534,2024,10,Michigan State,Indiana,0.10831804812264693,-22.422356530405985,margin_predictor,v1,test
401628535,2024,10,Iowa,Wisconsin,0.61783674182585,4.424437035013018,margin_predictor,v1,test
401628536,2024,10,Michigan,Oregon,0.2170064732147197,-13.867186699488267,margin_predictor,v1,test
401628537,2024,10,Nebraska,UCLA,0.7754936512611799,12.298991614951637,margin_predictor,v1,test
401628538,2024,10,Purdue,Northwestern,0.4362382586471757,-3.2177874341371497,margin_predictor,v1,test
401628539,2024,10,Penn State,Ohio State,0.5816171702217244,2.8586856423865115,margin_predictor,v1,test
401628540,2024,10,Washington,USC,0.5864420724750701,3.06467926754053,margin_predictor,v1,test
401629036,2024,10,UConn,Georgia State,0.8473433693758586,17.218585246141068,margin_predictor,v1,test
401635516,2024,10,NC State,Stanford,0.6671904010652896,6.655730703724582,margin_predictor,v1,test
401635600,2024,10,Clemson,Louisville,0.6322697953914072,5.063246072520132,margin_predictor,v1,test
401635601,2024,10,Miami,Duke,0.8871771179573428,20.831231055122245,margin_predictor,v1,test
401635602,2024,10,Florida State,North Carolina,0.2099027098877884,-14.306070968146214,margin_predictor,v1,test
401635604,2024,10,Syracuse,Virginia Tech,0.5403534666058547,1.1198365654442446,margin_predictor,v1,test
401635627,2024,10,SMU,Pittsburgh,0.44771795994736074,-2.7349981110603547,margin_predictor,v1,test
401636912,2024,10,Baylor,TCU,0.567292125306023,2.2508499437598037,margin_predictor,v1,test
401636913,2024,10,Houston,Kansas State,0.19609390695832218,-15.191591811978851,margin_predictor,v1,test
401636914,2024,10,Iowa State,Texas Tech,0.7862896929050494,12.953542919841977,margin_predictor,v1,test
401636915,2024,10,Oklahoma State,Arizona State,0.2875873013446908,-9.966661095635674,margin_predictor,v1,test
401636916,2024,10,UCF,Arizona,0.7369612953966352,10.127512057892712,margin_predictor,v1,test
401640985,2024,10,Florida International,New Mexico State,0.6718798360624879,6.87556020824879,margin_predictor,v1,test
401640994,2024,10,Liberty,Jacksonville State,0.6131581827657654,4.219391927573314,margin_predictor,v1,test
401641012,2024,10,Sam Houston,Louisiana Tech,0.5230686294468541,0.39976029547700076,margin_predictor,v1,test
401641020,2024,10,Western Kentucky,Kennesaw State,0.874645309904611,19.591225159212264,margin_predictor,v1,test
401641026,2024,10,UTEP,Middle Tennessee,0.6395395210023662,5.388918099743301,margin_predictor,v1,test
401643746,2024,10,Army,Air Force,0.9692058712997174,35.216316271289955,margin_predictor,v1,test
401643747,2024,10,Boise State,San Diego State,0.8760180009207073,19.721693904508115,margin_predictor,v1,test
401643748,2024,10,Nevada,Colorado State,0.6479423442135337,5.768951706436351,margin_predictor,v1,test
401643749,2024,10,Fresno State,Hawai'i,0.5235122131721339,0.41820355336593495,margin_predictor,v1,test
401643750,2024,10,New Mexico,Wyoming,0.7303935797946803,9.778872384788695,margin_predictor,v1,test
401643820,2024,10,Texas State,Louisiana,0.4869240893815264,-1.1005948048629142,margin_predictor,v1,test
401643821,2024,10,App State,Old Dominion,0.405099168426438,-4.5435212895167885,margin_predictor,v1,test
401643822,2024,10,Marshall,UL Monroe,0.6909620262501831,7.787469708494163,margin_predictor,v1,test
401643823,2024,10,South Alabama,Georgia Southern,0.8046128348361755,14.12219002568556,margin_predictor,v1,test
401643824,2024,10,Troy,Coastal Carolina,0.514097794393151,0.027056695046637103,margin_predictor,v1,test
401644757,2024,10,Akron,Buffalo,0.4012761468818768,-4.7083082833604735,margin_predictor,v1,test
401644758,2024,10,Eastern Michigan,Toledo,0.45590254777461486,-2.392247176022291,margin_predictor,v1,test
401645356,2024,10,Charlotte,Tulane,0.14803324310684252,-18.709969674760366,margin_predictor,v1,test
401645357,2024,10,Florida Atlantic,South Florida,0.39828437915568754,-4.837625544295128,margin_predictor,v1,test
401645358,2024,10,UAB,Tulsa,0.397661258150447,-4.864600554599756,margin_predictor,v1,test
401645359,2024,10,UTSA,Memphis,0.32047682148088924,-8.35331578274995,margin_predictor,v1,test
401645360,2024,10,Rice,Navy,0.34521265013095304,-7.1975588070196235,margin_predictor,v1,test
401628413,2024,11,LSU,Alabama,0.48623477064405957,-1.129213630785772,margin_predictor,v1,test
401628414,2024,11,Ole Miss,Georgia,0.8106907808839221,14.528009435738822,margin_predictor,v1,test
401628415,2024,11,Missouri,Oklahoma,0.6811366253152784,7.314297922333328,margin_predictor,v1,test
401628416,2024,11,Tennessee,Mississippi State,0.9295042354844714,26.192193157318037,margin_predictor,v1,test
401628417,2024,11,Texas,Florida,0.8962039335877333,21.801154321499972,margin_predictor,v1,test
401628418,2024,11,Vanderbilt,South Carolina,0.5277254553727226,0.5934621550917099,margin_predictor,v1,test
401628541,2024,11,Indiana,Michigan,0.9574006956319618,31.72337988392551,margin_predictor,v1,test
401628542,2024,11,UCLA,Iowa,0.33947156444159426,-7.46204315808777,margin_predictor,v1,test
401628543,2024,11,Oregon,Maryland,0.8418934091435458,16.787830872072178,margin_predictor,v1,test
401628544,2024,11,Rutgers,Minnesota,0.3480318620088178,-7.068446570956004,margin_predictor,v1,test
401628545,2024,11,Ohio State,Purdue,0.9550264531253264,31.135090327704745,margin_predictor,v1,test
401628546,2024,11,Penn State,Washington,0.8051644840276385,14.158623750252639,margin_predictor,v1,test
401628984,2024,11,Notre Dame,Florida State,0.9639897635818595,33.53735771062209,margin_predictor,v1,test
401629037,2024,11,UAB,UConn,0.2487669091068682,-12.02101172596547,margin_predictor,v1,test
401629045,2024,11,North Texas,Army,0.24376109295585907,-12.300732705794433,margin_predictor,v1,test
401634773,2024,11,Wake Forest,California,0.2957242157031306,-9.558130262084392,margin_predictor,v1,test
401635606,2024,11,Boston College,Syracuse,0.5692907960538275,2.3353464575250755,margin_predictor,v1,test
401635607,2024,11,Virginia Tech,Clemson,0.49634861151988763,-0.7094726557240314,margin_predictor,v1,test
401635608,2024,11,NC State,Duke,0.5004395314600164,-0.5397473714647996,margin_predictor,v1,test
401635609,2024,11,Georgia Tech,Miami,0.2755244248990457,-10.585250646272312,margin_predictor,v1,test
401635610,2024,11,Pittsburgh,Virginia,0.8449204314774923,17.025556525032215,margin_predictor,v1,test
401636917,2024,11,Arizona State,UCF,0.4928052005099136,-0.8564983041827001,margin_predictor,v1,test
401636918,2024,11,Cincinnati,West Virginia,0.5994902355310869,3.6254389818198876,margin_predictor,v1,test
401636919,2024,11,Kansas,Iowa State,0.35518410592915395,-6.743047836783601,margin_predictor,v1,test
401636920,2024,11,TCU,Oklahoma State,0.820790049251618,15.225047119034894,margin_predictor,v1,test
401636921,2024,11,Texas Tech,Colorado,0.4483453213996528,-2.7086861212976867,margin_predictor,v1,test
401636922,2024,11,Utah,BYU,0.3130218904785747,-8.710606366736009,margin_predictor,v1,test
401640995,2024,11,Middle Tennessee,Liberty,0.17792565545812977,-16.431825574339115,margin_predictor,v1,test
401641004,2024,11,Louisiana Tech,Jacksonville State,0.39515951683505546,-4.973047020581314,margin_predictor,v1,test
401641021,2024,11,UTEP,Kennesaw State,0.6820946747442007,7.360086332758517,margin_predictor,v1,test
401641036,2024,11,New Mexico State,Western Kentucky,0.1473455902569926,-18.76663029612896,margin_predictor,v1,test
401643751,2024,11,Air Force,Fresno State,0.2570929857407061,-11.563957286405564,margin_predictor,v1,test
401643752,2024,11,Boise State,Nevada,0.8662501888374529,18.818845641234013,margin_predictor,v1,test
401643753,2024,11,Hawai'i,UNLV,0.3643518963389652,-6.330208422301121,margin_predictor,v1,test
401643754,2024,11,San Diego State,New Mexico,0.5607701375432672,1.9757523613373813,margin_predictor,v1,test
401643755,2024,11,Oregon State,San José State,0.47941530729562076,-1.4124756633468172,margin_predictor,v1,test
401643756,2024,11,Washington State,Utah State,0.921247827517667,24.950929709007248,margin_predictor,v1,test
401643825,2024,11,Coastal Carolina,App State,0.6424587212433632,5.520492504417399,margin_predictor,v1,test
401643826,2024,11,James Madison,Georgia State,0.8875921772591125,20.87430947324325,margin_predictor,v1,test
401643827,2024,11,Louisiana,Arkansas State,0.8716959182725965,19.314983448152006,margin_predictor,v1,test
401643828,2024,11,UL Monroe,Texas State,0.28255347577582857,-10.222843925635829,margin_predictor,v1,test
401643829,2024,11,Southern Miss,Marshall,0.2168741326237809,-13.875266797633111,margin_predictor,v1,test
401644688,2024,11,Ball State,Miami (OH),0.19350064619525112,-15.363075170595726,margin_predictor,v1,test
401644760,2024,11,Central Michigan,Bowling Green,0.42621233141157555,-3.6417765359697363,margin_predictor,v1,test
401644761,2024,11,Kent State,Ohio,0.05097000932270921,-30.88754789634283,margin_predictor,v1,test
401644762,2024,11,Western Michigan,Northern Illinois,0.5127017006022728,-0.03090559929513681,margin_predictor,v1,test
401645361,2024,11,East Carolina,Florida Atlantic,0.7780019642472655,12.449018212848022,margin_predictor,v1,test
401645362,2024,11,Memphis,Rice,0.7729501101250942,12.148069185354862,margin_predictor,v1,test
401645363,2024,11,South Florida,Navy,0.431121592592784,-3.4338694392325095,margin_predictor,v1,test
401645364,2024,11,Tulane,Temple,0.9525325602219009,30.548203390590295,margin_predictor,v1,test
401628419,2024,12,Arkansas,Texas,0.2687330226421182,-10.940887225233409,margin_predictor,v1,test
401628420,2024,12,Florida,LSU,0.42620907961110094,-3.6419144491472935,margin_predictor,v1,test
401628421,2024,12,Georgia,Tennessee,0.4242167543266426,-3.7264629885307414,margin_predictor,v1,test
401628423,2024,12,South Carolina,Missouri,0.6408200949838092,5.4465783052954535,margin_predictor,v1,test
401628424,2024,12,Texas A&M,New Mexico State,0.961952520614111,32.94463244338499,margin_predictor,v1,test
401628426,2024,12,Auburn,UL Monroe,0.8905777876331142,21.188346991131674,margin_predictor,v1,test
401628547,2024,12,Illinois,Michigan State,0.6760939689740885,7.074483176394764,margin_predictor,v1,test
401628548,2024,12,Maryland,Rutgers,0.6421154580880587,5.5049964162741745,margin_predictor,v1,test
401628549,2024,12,USC,Nebraska,0.5895486799938691,3.197685099514815,margin_predictor,v1,test
401628550,2024,12,Northwestern,Ohio State,0.1013547784711344,-23.192196661623043,margin_predictor,v1,test
401628551,2024,12,Wisconsin,Oregon,0.18786365617232498,-15.741956068214394,margin_predictor,v1,test
401628552,2024,12,Purdue,Penn State,0.06055228487465139,-28.995524785764736,margin_predictor,v1,test
401628553,2024,12,Washington,UCLA,0.7219763445849097,9.339786217245315,margin_predictor,v1,test
401628985,2024,12,Notre Dame,Virginia,0.8997032474290171,22.19727564378296,margin_predictor,v1,test
401629046,2024,12,Massachusetts,Liberty,0.22296070541273175,-13.507262075126269,margin_predictor,v1,test
401635517,2024,12,Stanford,Louisville,0.16440071334263817,-17.42107036296825,margin_predictor,v1,test
401635580,2024,12,SMU,Boston College,0.7613629535961074,11.47515730505017,margin_predictor,v1,test
401635581,2024,12,California,Syracuse,0.6608011958894066,6.358697307594793,margin_predictor,v1,test
401635582,2024,12,Pittsburgh,Clemson,0.6489713189617731,5.81576873946974,margin_predictor,v1,test
401635583,2024,12,North Carolina,Wake Forest,0.8306074920888247,15.932716967400827,margin_predictor,v1,test
401636923,2024,12,Arizona,Houston,0.5550137715511617,1.7336864256270381,margin_predictor,v1,test
401636924,2024,12,BYU,Kansas,0.7518789010829884,10.940920245011016,margin_predictor,v1,test
401636925,2024,12,Colorado,Utah,0.7040857906223416,8.432705353761786,margin_predictor,v1,test
401636926,2024,12,Iowa State,Cincinnati,0.6906526210574209,7.7724452037984975,margin_predictor,v1,test
401636927,2024,12,Kansas State,Arizona State,0.6547601811570953,6.08034719869713,margin_predictor,v1,test
401636929,2024,12,West Virginia,Baylor,0.46456491506450925,-2.0305690132135945,margin_predictor,v1,test
401640986,2024,12,Jacksonville State,Florida International,0.8783563953418334,19.946833588909946,margin_predictor,v1,test
401641013,2024,12,Western Kentucky,Louisiana Tech,0.6492338116478289,5.827721889576835,margin_predictor,v1,test
401641022,2024,12,Kennesaw State,Sam Houston,0.2439676614575825,-12.28911354595825,margin_predictor,v1,test
401643757,2024,12,Air Force,Oregon State,0.4869253305359074,-1.1005432770676062,margin_predictor,v1,test
401643758,2024,12,San José State,Boise State,0.32632060423381953,-8.07630894181315,margin_predictor,v1,test
401643759,2024,12,Colorado State,Wyoming,0.751918798950435,10.94313854438113,margin_predictor,v1,test
401643760,2024,12,Utah State,Hawai'i,0.26412130519050137,-11.18562891495028,margin_predictor,v1,test
401643761,2024,12,New Mexico,Washington State,0.4014563923372875,-4.700527542642956,margin_predictor,v1,test
401643762,2024,12,UNLV,San Diego State,0.8833558888485132,20.440989865474542,margin_predictor,v1,test
401643830,2024,12,Georgia Southern,Troy,0.5671094064517317,2.2431299180539583,margin_predictor,v1,test
401643831,2024,12,Georgia State,Arkansas State,0.5601122473881177,1.948053297586867,margin_predictor,v1,test
401643832,2024,12,Marshall,Coastal Carolina,0.693150109359638,7.893960223577697,margin_predictor,v1,test
401643833,2024,12,Old Dominion,James Madison,0.23867962053767897,-12.588692062383297,margin_predictor,v1,test
401643834,2024,12,Louisiana,South Alabama,0.6857349671522497,7.534745907749841,margin_predictor,v1,test
401643835,2024,12,Texas State,Southern Miss,0.9427079189836335,28.489522655464533,margin_predictor,v1,test
401644689,2024,12,Miami (OH),Kent State,0.9679847756909835,34.79990291056226,margin_predictor,v1,test
401644763,2024,12,Buffalo,Ball State,0.7200305043984468,9.239456178245165,margin_predictor,v1,test
401644764,2024,12,Bowling Green,Western Michigan,0.6613774367149196,6.385373102765747,margin_predictor,v1,test
401644765,2024,12,Toledo,Central Michigan,0.7582871298077684,11.300340391882932,margin_predictor,v1,test
401644766,2024,12,Northern Illinois,Akron,0.8788679226357685,19.996579300932495,margin_predictor,v1,test
401644767,2024,12,Ohio,Eastern Michigan,0.8237499183741362,15.435117245912013,margin_predictor,v1,test
401645365,2024,12,Tulsa,East Carolina,0.26989025580068293,-10.879892435435599,margin_predictor,v1,test
401645366,2024,12,UTSA,North Texas,0.557030393030793,1.8184150733930107,margin_predictor,v1,test
401645367,2024,12,Memphis,UAB,0.8953073604848912,21.701566854813905,margin_predictor,v1,test
401645368,2024,12,Charlotte,South Florida,0.38747697347611604,-5.307591644978373,margin_predictor,v1,test
401645369,2024,12,Temple,Florida Atlantic,0.44909118259324904,-2.6774131304717637,margin_predictor,v1,test
401645370,2024,12,Navy,Tulane,0.3670300609236716,-6.210456563019342,margin_predictor,v1,test
401628427,2024,13,Arkansas,Louisiana Tech,0.8004702087024705,13.851043471984449,margin_predictor,v1,test
401628428,2024,13,Auburn,Texas A&M,0.5435057027859379,1.2515420331849418,margin_predictor,v1,test
401628429,2024,13,Florida,Ole Miss,0.11393756673897605,-21.83218512407499,margin_predictor,v1,test
401628430,2024,13,Georgia,Massachusetts,0.9454377148108142,29.025864689817915,margin_predictor,v1,test
401628431,2024,13,LSU,Vanderbilt,0.5277098317829201,0.5928119712653475,margin_predictor,v1,test
401628432,2024,13,Mississippi State,Missouri,0.22912579761104873,-13.141741889572538,margin_predictor,v1,test
401628433,2024,13,Oklahoma,Alabama,0.30013667382748926,-9.3393287894789,margin_predictor,v1,test
401628435,2024,13,Tennessee,UTEP,0.949976922716723,29.97643073376055,margin_predictor,v1,test
401628436,2024,13,Texas,Kentucky,0.8821532520528944,20.32046944736949,margin_predictor,v1,test
401628554,2024,13,Rutgers,Illinois,0.4002829785935447,-4.751201587588845,margin_predictor,v1,test
401628555,2024,13,Ohio State,Indiana,0.3933521639975374,-5.051540726131348,margin_predictor,v1,test
401628556,2024,13,Maryland,Iowa,0.4409081672754829,-3.0210734553679313,margin_predictor,v1,test
401628557,2024,13,Michigan,Northwestern,0.690752095392656,7.7772747038019725,margin_predictor,v1,test
401628558,2024,13,Michigan State,Purdue,0.8103618310308057,14.505793100544864,margin_predictor,v1,test
401628559,2024,13,Minnesota,Penn State,0.21668073960744,-13.887080885974678,margin_predictor,v1,test
401628560,2024,13,Nebraska,Wisconsin,0.6493091014242393,5.831151124644482,margin_predictor,v1,test
401628561,2024,13,UCLA,USC,0.35363792289376045,-6.813137951271395,margin_predictor,v1,test
401628572,2024,13,Oregon State,Washington State,0.28111837064444284,-10.296383832622885,margin_predictor,v1,test
401634772,2024,13,Georgia Tech,NC State,0.7966552474425677,13.605057428287479,margin_predictor,v1,test
401635518,2024,13,Syracuse,UConn,0.6170271759718259,4.388889197735025,margin_predictor,v1,test
401635612,2024,13,Boston College,North Carolina,0.4567358834406777,-2.357408150177731,margin_predictor,v1,test
401635613,2024,13,California,Stanford,0.8635153877614231,18.576112343836456,margin_predictor,v1,test
401635615,2024,13,Duke,Virginia Tech,0.4759352026236083,-1.557145970069425,margin_predictor,v1,test
401635617,2024,13,Louisville,Pittsburgh,0.5300902689431491,0.6919019098193768,margin_predictor,v1,test
401635618,2024,13,Miami,Wake Forest,0.9368874911743867,27.421736008268475,margin_predictor,v1,test
401635619,2024,13,Virginia,SMU,0.2483869422466843,-12.042110592084276,margin_predictor,v1,test
401636930,2024,13,Arizona State,BYU,0.45022561422319257,-2.6298662377673834,margin_predictor,v1,test
401636931,2024,13,Houston,Baylor,0.3299797822529895,-7.904161440583271,margin_predictor,v1,test
401636932,2024,13,Kansas,Colorado,0.3773641975058094,-5.751725955703559,margin_predictor,v1,test
401636933,2024,13,Kansas State,Cincinnati,0.7433091194040106,10.469839501066607,margin_predictor,v1,test
401636934,2024,13,Oklahoma State,Texas Tech,0.3534331697531727,-6.822430000766863,margin_predictor,v1,test
401636935,2024,13,TCU,Arizona,0.7731769524078813,12.161480249160322,margin_predictor,v1,test
401636936,2024,13,Utah,Iowa State,0.34653654853762494,-7.136866444293325,margin_predictor,v1,test
401636937,2024,13,West Virginia,UCF,0.35868892888125303,-6.584674323244727,margin_predictor,v1,test
401640959,2024,13,Notre Dame,Army,0.6253282242922451,4.754781660031185,margin_predictor,v1,test
401640987,2024,13,Kennesaw State,Florida International,0.3911888294968602,-5.145661877101253,margin_predictor,v1,test
401640996,2024,13,Liberty,Western Kentucky,0.7046800675142515,8.462306552052091,margin_predictor,v1,test
401641005,2024,13,Jacksonville State,Sam Houston,0.7567284438887141,11.212330081404298,margin_predictor,v1,test
401641027,2024,13,Middle Tennessee,New Mexico State,0.6556245579249236,6.12003127055579,margin_predictor,v1,test
401643763,2024,13,Nevada,Air Force,0.7341380018038257,9.976968648669368,margin_predictor,v1,test
401643764,2024,13,Wyoming,Boise State,0.08933514168491245,-24.63927195457711,margin_predictor,v1,test
401643765,2024,13,Fresno State,Colorado State,0.5658388689753739,2.18946983915164,margin_predictor,v1,test
401643766,2024,13,Utah State,San Diego State,0.6295179722014627,4.940679184195807,margin_predictor,v1,test
401643767,2024,13,San José State,UNLV,0.3337779350638057,-7.726497268432736,margin_predictor,v1,test
401643836,2024,13,App State,James Madison,0.16287096102691848,-17.537003774564397,margin_predictor,v1,test
401643837,2024,13,Coastal Carolina,Georgia Southern,0.5730668598804655,2.495247743766071,margin_predictor,v1,test
401643838,2024,13,Old Dominion,Marshall,0.4274939299229891,-3.587443179713552,margin_predictor,v1,test
401643839,2024,13,Arkansas State,UL Monroe,0.6318607427096437,5.045002695386738,margin_predictor,v1,test
401643840,2024,13,Louisiana,Troy,0.8241184349452061,15.461465281642097,margin_predictor,v1,test
401643841,2024,13,Southern Miss,South Alabama,0.07023055978842313,-27.35020967333883,margin_predictor,v1,test
401643842,2024,13,Texas State,Georgia State,0.9093553426105262,23.35744897812176,margin_predictor,v1,test
401644690,2024,13,Miami (OH),Northern Illinois,0.591160399613598,3.2668088908132678,margin_predictor,v1,test
401644769,2024,13,Kent State,Akron,0.2417943812336108,-12.41169335800486,margin_predictor,v1,test
401644770,2024,13,Central Michigan,Western Michigan,0.48279295969345215,-1.2721438984520548,margin_predictor,v1,test
401644772,2024,13,Eastern Michigan,Buffalo,0.5835083933966716,2.939347485234017,margin_predictor,v1,test
401644773,2024,13,Toledo,Ohio,0.4139155448918307,-4.1653523924532205,margin_predictor,v1,test
401644774,2024,13,Ball State,Bowling Green,0.21664308924777304,-13.889381776636702,margin_predictor,v1,test
401645371,2024,13,Florida Atlantic,Charlotte,0.5819447452264512,2.872649523357126,margin_predictor,v1,test
401645372,2024,13,North Texas,East Carolina,0.48373361517774777,-1.2330745409934645,margin_predictor,v1,test
401645373,2024,13,UAB,Rice,0.30326308813201586,-9.185410270147,margin_predictor,v1,test
401645374,2024,13,UTSA,Temple,0.8737655483911247,19.50824967718475,margin_predictor,v1,test
401645375,2024,13,South Florida,Tulsa,0.8129218930937055,14.679479507495289,margin_predictor,v1,test
401628437,2024,14,Alabama,Auburn,0.6236001822982419,4.678353279751415,margin_predictor,v1,test
401628438,2024,14,Florida State,Florida,0.34455485349567067,-7.227755494977888,margin_predictor,v1,test
401628439,2024,14,Georgia,Georgia Tech,0.794831155228148,13.48865599242272,margin_predictor,v1,test
401628440,2024,14,Kentucky,Louisville,0.4460273789598658,-2.805937292997857,margin_predictor,v1,test
401628441,2024,14,LSU,Oklahoma,0.5528200636113224,1.6416037706617264,margin_predictor,v1,test
401628442,2024,14,Ole Miss,Mississippi State,0.9668900563744268,34.43944107508775,margin_predictor,v1,test
401628443,2024,14,Missouri,Arkansas,0.5302076140466889,0.6967880456544067,margin_predictor,v1,test
401628444,2024,14,Clemson,South Carolina,0.5475975274561832,1.4227239173132817,margin_predictor,v1,test
401628445,2024,14,Texas A&M,Texas,0.2891524495994312,-9.887554854958628,margin_predictor,v1,test
401628446,2024,14,Vanderbilt,Tennessee,0.2783125222234997,-10.440829693353836,margin_predictor,v1,test
401628562,2024,14,Iowa,Nebraska,0.6247611278557513,4.72968447189338,margin_predictor,v1,test
401628563,2024,14,Northwestern,Illinois,0.22445405536233043,-13.41807215520924,margin_predictor,v1,test
401628564,2024,14,Indiana,Purdue,0.981629827541717,40.706509530317454,margin_predictor,v1,test
401628565,2024,14,Penn State,Maryland,0.9209626476396743,24.910227258194944,margin_predictor,v1,test
401628566,2024,14,Ohio State,Michigan,0.8881674171150993,20.934243083245818,margin_predictor,v1,test
401628567,2024,14,Michigan State,Rutgers,0.619364131276979,4.491582778371361,margin_predictor,v1,test
401628568,2024,14,Wisconsin,Minnesota,0.42378453045816156,-3.7448190258764527,margin_predictor,v1,test
401628569,2024,14,Oregon,Washington,0.7864913165355149,12.96599211603933,margin_predictor,v1,test
401628570,2024,14,UCLA,Fresno State,0.6123170666453174,4.182626899333159,margin_predictor,v1,test
401628571,2024,14,USC,Notre Dame,0.4197599580148477,-3.915979756987997,margin_predictor,v1,test
401629038,2024,14,Massachusetts,UConn,0.16389677601747724,-17.459165445498748,margin_predictor,v1,test
401635620,2024,14,Boston College,Pittsburgh,0.5155010332333811,0.08532484009381847,margin_predictor,v1,test
401635621,2024,14,SMU,California,0.7343176227598208,9.986515833344805,margin_predictor,v1,test
401635622,2024,14,Wake Forest,Duke,0.36780199896926186,-6.176008488329273,margin_predictor,v1,test
401635623,2024,14,Syracuse,Miami,0.23855437251188935,-12.595842374740954,margin_predictor,v1,test
401635624,2024,14,North Carolina,NC State,0.7839294595735785,12.808442132065975,margin_predictor,v1,test
401635625,2024,14,San José State,Stanford,0.8275187210845242,15.706653248107758,margin_predictor,v1,test
401635640,2024,14,Virginia Tech,Virginia,0.6805412329897549,7.285878993571561,margin_predictor,v1,test
401636938,2024,14,Colorado,Oklahoma State,0.8585710136855714,18.14746032604438,margin_predictor,v1,test
401636939,2024,14,UCF,Utah,0.793910988817195,13.43022839881651,margin_predictor,v1,test
401636940,2024,14,Arizona,Arizona State,0.3109440645120781,-8.81100758087867,margin_predictor,v1,test
401636941,2024,14,Baylor,Kansas,0.6302680975476421,4.974052438546163,margin_predictor,v1,test
401636942,2024,14,BYU,Houston,0.8428332280984713,16.86123952087613,margin_predictor,v1,test
401636943,2024,14,Cincinnati,TCU,0.3572226495617285,-6.650847428002633,margin_predictor,v1,test
401636944,2024,14,Iowa State,Kansas State,0.5182072481446184,0.19772728479997648,margin_predictor,v1,test
401636945,2024,14,Texas Tech,West Virginia,0.5660044144991425,2.1964594288119352,margin_predictor,v1,test
401640988,2024,14,Florida International,Middle Tennessee,0.6380842963758964,5.323502289914586,margin_predictor,v1,test
401640997,2024,14,Sam Houston,Liberty,0.29815903461067766,-9.437163875437871,margin_predictor,v1,test
401641006,2024,14,Western Kentucky,Jacksonville State,0.37873540024259444,-5.691239786505562,margin_predictor,v1,test
401641014,2024,14,Louisiana Tech,Kennesaw State,0.8349589816917912,16.25683665400647,margin_predictor,v1,test
401641031,2024,14,New Mexico State,UTEP,0.4983187713985309,-0.6277329548680952,margin_predictor,v1,test
401643768,2024,14,San Diego State,Air Force,0.5063098144825516,-0.2961893286278343,margin_predictor,v1,test
401643769,2024,14,Boise State,Oregon State,0.9394348650915284,27.877217093299784,margin_predictor,v1,test
401643770,2024,14,Colorado State,Utah State,0.6533804961309849,6.017102111379136,margin_predictor,v1,test
401643771,2024,14,Hawai'i,New Mexico,0.5737298458207198,2.5233592483284095,margin_predictor,v1,test
401643772,2024,14,UNLV,Nevada,0.8189358225377663,15.094826322610933,margin_predictor,v1,test
401643773,2024,14,Washington State,Wyoming,0.920838773606293,24.892589083472693,margin_predictor,v1,test
401643843,2024,14,South Alabama,Texas State,0.5538596735651191,1.6852312490961037,margin_predictor,v1,test
401643844,2024,14,Georgia Southern,App State,0.6688587148917375,6.733756591429364,margin_predictor,v1,test
401643845,2024,14,Georgia State,Coastal Carolina,0.4718433415430756,-1.7273727849328466,margin_predictor,v1,test
401643846,2024,14,James Madison,Marshall,0.7295741378299552,9.735752842434591,margin_predictor,v1,test
401643847,2024,14,Arkansas State,Old Dominion,0.5081043385365963,-0.22172322098969932,margin_predictor,v1,test
401643848,2024,14,UL Monroe,Louisiana,0.13578736006584405,-19.753571095763327,margin_predictor,v1,test
401643849,2024,14,Troy,Southern Miss,0.9037536584943677,22.67141906204221,margin_predictor,v1,test
401644691,2024,14,Bowling Green,Miami (OH),0.5285302382264162,0.6269566986529722,margin_predictor,v1,test
401644775,2024,14,Akron,Toledo,0.24170296448686124,-12.416865937313796,margin_predictor,v1,test
401644776,2024,14,Buffalo,Kent State,0.9290708516147659,26.123788347967377,margin_predictor,v1,test
401644777,2024,14,Ohio,Ball State,0.9295227175664963,26.195118978528242,margin_predictor,v1,test
401644779,2024,14,Northern Illinois,Central Michigan,0.7716644303992324,12.072237083692148,margin_predictor,v1,test
401644780,2024,14,Western Michigan,Eastern Michigan,0.6678325476553892,6.685740120437529,margin_predictor,v1,test
401645376,2024,14,Tulane,Memphis,0.6992137808369813,8.191310858000593,margin_predictor,v1,test
401645377,2024,14,Charlotte,UAB,0.5480725221253364,1.4426123576262193,margin_predictor,v1,test
401645378,2024,14,Army,UTSA,0.7575317586994595,11.257640758204273,margin_predictor,v1,test
401645379,2024,14,East Carolina,Navy,0.5504092155543441,1.5405058580492383,margin_predictor,v1,test
401645380,2024,14,Tulsa,Florida Atlantic,0.4919459106629919,-0.8921565066228134,margin_predictor,v1,test
401645381,2024,14,Temple,North Texas,0.22476242729836524,-13.399707334052676,margin_predictor,v1,test
401645382,2024,14,Rice,South Florida,0.45946764174495547,-2.243272226080978,margin_predictor,v1,test
401673462,2024,15,Army,Tulane,0.44979512504081653,-2.6479065445296017,margin_predictor,v1,test
401673463,2024,15,SMU,Clemson,0.6692905821878865,6.753986989126246,margin_predictor,v1,test
401673464,2024,15,Oregon,Penn State,0.419496723926307,-3.9271903813804148,margin_predictor,v1,test
401673465,2024,15,Arizona State,Iowa State,0.6409870078007255,5.454100500064482,margin_predictor,v1,test
401673466,2024,15,Jacksonville State,Western Kentucky,0.73848051253338,10.208949418303444,margin_predictor,v1,test
401673467,2024,15,Miami (OH),Ohio,0.3957793298042212,-4.946157180748047,margin_predictor,v1,test
401673468,2024,15,Boise State,UNLV,0.6259367629596293,4.781729842437221,margin_predictor,v1,test
401673469,2024,15,Texas,Georgia,0.7437247940417631,10.49244753179666,margin_predictor,v1,test
401673470,2024,15,Louisiana,Marshall,0.7689278035899495,11.911819391698412,margin_predictor,v1,test
401645383,2024,16,Army,Navy,0.6667989771678172,6.637452542293966,margin_predictor,v1,test
401752708,2025,4,Memphis,Arkansas,0.7074401778148345,8.600245633944237,margin_predictor,v1,test
401752709,2025,4,Miami,Florida,0.8647814535503648,18.687969722655254,margin_predictor,v1,test
401752711,2025,4,Ole Miss,Tulane,0.7854076170943824,12.89917967712095,margin_predictor,v1,test
401752712,2025,4,Mississippi State,Northern Illinois,0.7882234835169196,13.073299143988168,margin_predictor,v1,test
401752713,2025,4,Missouri,South Carolina,0.7653812804788155,11.70589041845036,margin_predictor,v1,test
401752714,2025,4,Oklahoma,Auburn,0.5688800815707177,2.3179752474929423,margin_predictor,v1,test
401752715,2025,4,Tennessee,UAB,0.8856373148787933,20.672615514542905,margin_predictor,v1,test
401752716,2025,4,Vanderbilt,Georgia State,0.9493454330942105,29.839418746927144,margin_predictor,v1,test
401752723,2025,4,Texas,Sam Houston,0.9076183900032833,23.14075022328987,margin_predictor,v1,test
401752841,2025,4,Oregon,Oregon State,0.973801923551972,36.941879535947486,margin_predictor,v1,test
401752842,2025,4,Washington State,Washington,0.3339884745406114,-7.7166787205434435,margin_predictor,v1,test
401752843,2025,4,Indiana,Illinois,0.798021148842694,13.692730229430113,margin_predictor,v1,test
401752844,2025,4,Rutgers,Iowa,0.5064613193360201,-0.2899027254128548,margin_predictor,v1,test
401752845,2025,4,Wisconsin,Maryland,0.5177815113088267,0.18004156359905377,margin_predictor,v1,test
401752846,2025,4,Nebraska,Michigan,0.6538560586362347,6.038888596588706,margin_predictor,v1,test
401752847,2025,4,USC,Michigan State,0.813418592202479,14.713389268887767,margin_predictor,v1,test
401752848,2025,4,Notre Dame,Purdue,0.7739793156148509,12.208992705682098,margin_predictor,v1,test
401754537,2025,4,Clemson,Syracuse,0.5854212865005709,3.021040291246954,margin_predictor,v1,test
401754538,2025,4,Duke,NC State,0.5572325273761037,1.8269120862459505,margin_predictor,v1,test
401754539,2025,4,Virginia,Stanford,0.7981241317211205,13.699358284601013,margin_predictor,v1,test
401754540,2025,4,San Diego State,California,0.35034948621117956,-6.9626707313727625,margin_predictor,v1,test
401754541,2025,4,Florida State,Kent State,0.9429783983028494,28.541580457107727,margin_predictor,v1,test
401754542,2025,4,Georgia Tech,Temple,0.8751792085675816,19.641823797717223,margin_predictor,v1,test
401754636,2025,4,TCU,SMU,0.755417169033388,11.138585624205076,margin_predictor,v1,test
401754640,2025,4,UCF,North Carolina,0.8117231397370767,14.59792479571374,margin_predictor,v1,test
401754642,2025,4,Louisville,Bowling Green,0.8217004491500728,15.289369362897043,margin_predictor,v1,test
401756896,2025,4,Baylor,Arizona State,0.49300649274476227,-0.8481454841459839,margin_predictor,v1,test
401756897,2025,4,Colorado,Wyoming,0.6619665314754757,6.41266685243036,margin_predictor,v1,test
401756898,2025,4,East Carolina,BYU,0.472624091053742,-1.6948811289043215,margin_predictor,v1,test
401756899,2025,4,Kansas,West Virginia,0.6305283260099527,4.985636595754117,margin_predictor,v1,test
401756900,2025,4,Oklahoma State,Tulsa,0.5081767462248064,-0.21871840086601946,margin_predictor,v1,test
401756901,2025,4,Utah,Texas Tech,0.4903488750523816,-0.9584345673773633,margin_predictor,v1,test
401757169,2025,4,UConn,Ball State,0.9145619782208037,24.030223660144188,margin_predictor,v1,test
401757259,2025,4,Florida International,Delaware,0.5769176267027626,2.658684391961502,margin_predictor,v1,test
401757261,2025,4,Kennesaw State,Arkansas State,0.6290991269339132,4.9220567642446875,margin_predictor,v1,test
401757262,2025,4,Liberty,James Madison,0.4954017452616005,-0.7487585812823028,margin_predictor,v1,test
401757263,2025,4,Louisiana Tech,Southern Miss,0.8291395401521866,15.824874719909976,margin_predictor,v1,test
401757264,2025,4,Middle Tennessee,Marshall,0.38535443475258047,-5.400442546703259,margin_predictor,v1,test
401757267,2025,4,UTEP,UL Monroe,0.7705097792592049,12.004389171405888,margin_predictor,v1,test
401757268,2025,4,Western Kentucky,Nevada,0.7886992631580438,13.102885710506659,margin_predictor,v1,test
401760372,2025,4,Air Force,Boise State,0.28450855313347706,-10.123021996640015,margin_predictor,v1,test
401760373,2025,4,Colorado State,UTSA,0.5995926536839457,3.629863427059612,margin_predictor,v1,test
401760374,2025,4,Hawai'i,Fresno State,0.4452045191864633,-2.840484516667999,margin_predictor,v1,test
401760376,2025,4,Miami (OH),UNLV,0.3926908724490047,-5.080292331399173,margin_predictor,v1,test
401761610,2025,4,Eastern Michigan,Louisiana,0.43019834449863736,-3.472923931857669,margin_predictor,v1,test
401761611,2025,4,South Alabama,Coastal Carolina,0.7907248406142589,13.229396357678246,margin_predictor,v1,test
401761613,2025,4,Buffalo,Troy,0.7497169410969116,10.821071436968785,margin_predictor,v1,test
401762468,2025,4,Charlotte,Rice,0.3809760373661661,-5.592584640141688,margin_predictor,v1,test
401762469,2025,4,Army,North Texas,0.4657646683182608,-1.9805512812366537,margin_predictor,v1,test
401762820,2025,4,Western Michigan,Toledo,0.1228020858265995,-20.950799658163128,margin_predictor,v1,test
401752717,2025,5,Arkansas,Notre Dame,0.7773422417010838,12.409442406716138,margin_predictor,v1,test
401752718,2025,5,Georgia,Alabama,0.4627650390100563,-2.105638128970062,margin_predictor,v1,test
401752719,2025,5,Ole Miss,LSU,0.47630006085275395,-1.5419742511351426,margin_predictor,v1,test
401752720,2025,5,Mississippi State,Tennessee,0.6559374977360124,6.134410176962249,margin_predictor,v1,test
401752721,2025,5,Missouri,Massachusetts,0.9780111135746987,38.8032423409613,margin_predictor,v1,test
401752722,2025,5,South Carolina,Kentucky,0.5746520862833068,2.562482212626044,margin_predictor,v1,test
401752724,2025,5,Texas A&M,Auburn,0.5848249982826187,2.995563280391484,margin_predictor,v1,test
401752725,2025,5,Vanderbilt,Utah State,0.8850585651914578,20.613479178340242,margin_predictor,v1,test
401752849,2025,5,Minnesota,Rutgers,0.7349464394061918,10.019971099981959,margin_predictor,v1,test
401752850,2025,5,Illinois,USC,0.2581775853613003,-11.505139869230602,margin_predictor,v1,test
401752851,2025,5,Northwestern,UCLA,0.6384472127721421,5.3398055372853905,margin_predictor,v1,test
401752852,2025,5,Washington,Ohio State,0.6482935995973085,5.784926326426545,margin_predictor,v1,test
401752853,2025,5,Iowa,Indiana,0.18117356425139075,-16.20314171039415,margin_predictor,v1,test
401752854,2025,5,Penn State,Oregon,0.5073617410647342,-0.25253920946532427,margin_predictor,v1,test
401752939,2025,5,Oregon State,Houston,0.16202648871190772,-17.601378768401155,margin_predictor,v1,test
401752950,2025,5,Colorado State,Washington State,0.7548617319900678,11.10742919510886,margin_predictor,v1,test
401754543,2025,5,Virginia,Florida State,0.4053000558692243,-4.534876165987089,margin_predictor,v1,test
401754544,2025,5,Boston College,California,0.6177495972183188,4.420609160930856,margin_predictor,v1,test
401754545,2025,5,Syracuse,Duke,0.5458810412042442,1.3508831297691402,margin_predictor,v1,test
401754546,2025,5,Wake Forest,Georgia Tech,0.2857779178192769,-10.058432258660739,margin_predictor,v1,test
401754547,2025,5,Pittsburgh,Louisville,0.527884405825893,0.6000770896672298,margin_predictor,v1,test
401754548,2025,5,NC State,Virginia Tech,0.6614213094942397,6.387405002536016,margin_predictor,v1,test
401754549,2025,5,Stanford,San José State,0.5514796440109688,1.5853812863000054,margin_predictor,v1,test
401756902,2025,5,Arizona State,TCU,0.341055581290065,-7.388856295004105,margin_predictor,v1,test
401756903,2025,5,Colorado,BYU,0.15982311274384778,-17.77062895130514,margin_predictor,v1,test
401756904,2025,5,Iowa State,Arizona,0.49343093400650545,-0.8305331799783402,margin_predictor,v1,test
401756905,2025,5,Kansas,Cincinnati,0.4807311361907583,-1.3577981602434903,margin_predictor,v1,test
401756906,2025,5,Kansas State,UCF,0.19340140473357822,-15.369672224766775,margin_predictor,v1,test
401756907,2025,5,Oklahoma State,Baylor,0.3413634237633649,-7.374652029290212,margin_predictor,v1,test
401756908,2025,5,West Virginia,Utah,0.2939823690147052,-9.645023121474315,margin_predictor,v1,test
401757170,2025,5,Buffalo,UConn,0.5504842719756006,1.5436517953965083,margin_predictor,v1,test
401757269,2025,5,Southern Miss,Jacksonville State,0.6589702751570042,6.274084635199348,margin_predictor,v1,test
401757270,2025,5,Kennesaw State,Middle Tennessee,0.7155440169890634,9.009735691745675,margin_predictor,v1,test
401757271,2025,5,Old Dominion,Liberty,0.8258578929078215,15.586422240311212,margin_predictor,v1,test
401757272,2025,5,UTEP,Louisiana Tech,0.3262333468424423,-8.080426057587486,margin_predictor,v1,test
401757273,2025,5,Missouri State,Western Kentucky,0.3288217423411055,-7.958535890669124,margin_predictor,v1,test
401757274,2025,5,New Mexico,New Mexico State,0.8125710352797362,14.655568118108915,margin_predictor,v1,test
401760378,2025,5,Air Force,Hawai'i,0.443143259335424,-2.9270809687240558,margin_predictor,v1,test
401760379,2025,5,Boise State,App State,0.73248906594554,9.889516029917512,margin_predictor,v1,test
401760380,2025,5,Northern Illinois,San Diego State,0.4167143974938402,-4.045804907869831,margin_predictor,v1,test
401761614,2025,5,James Madison,Georgia Southern,0.9021674066764823,22.483650719183885,margin_predictor,v1,test
401761615,2025,5,Louisiana,Marshall,0.3629858721205595,-6.391433331581238,margin_predictor,v1,test
401761616,2025,5,UL Monroe,Arkansas State,0.6109321651319837,4.1221567193180535,margin_predictor,v1,test
401761617,2025,5,North Texas,South Alabama,0.892268214356879,21.369498178226678,margin_predictor,v1,test
401762471,2025,5,East Carolina,Army,0.7965566999477277,13.59874898049786,margin_predictor,v1,test
401762472,2025,5,Florida Atlantic,Memphis,0.1768401664657563,-16.50898264213795,margin_predictor,v1,test
401762473,2025,5,Navy,Rice,0.7499125505659041,10.831886595138918,margin_predictor,v1,test
401762474,2025,5,Tulsa,Tulane,0.6821430907781355,7.362402250226769,margin_predictor,v1,test
401762824,2025,5,Toledo,Akron,0.8950117762156435,21.668899724361296,margin_predictor,v1,test
401762825,2025,5,Ohio,Bowling Green,0.5384976076205661,1.0423595645275245,margin_predictor,v1,test
401762826,2025,5,Central Michigan,Eastern Michigan,0.6474055575390895,5.7445534228409105,margin_predictor,v1,test
401752726,2025,6,Alabama,Vanderbilt,0.3916936898420049,-5.123680197595098,margin_predictor,v1,test
401752727,2025,6,Florida,Texas,0.33094821753531517,-7.858763994887896,margin_predictor,v1,test
401752728,2025,6,Georgia,Kentucky,0.785930048966619,12.93135801834387,margin_predictor,v1,test
401752729,2025,6,Oklahoma,Kent State,0.9860427709932739,43.60251391825841,margin_predictor,v1,test
401752730,2025,6,Texas A&M,Mississippi State,0.6079102498568966,3.9904777556454776,margin_predictor,v1,test
401752855,2025,6,UCLA,Penn State,0.11799537930709787,-21.42161368463009,margin_predictor,v1,test
401752856,2025,6,Michigan,Wisconsin,0.7507501436052036,10.878260635714595,margin_predictor,v1,test
401752857,2025,6,Maryland,Washington,0.3708640478878148,-6.039658706773709,margin_predictor,v1,test
401752858,2025,6,Northwestern,UL Monroe,0.60314075851522,3.783376155543154,margin_predictor,v1,test
401752859,2025,6,Ohio State,Minnesota,0.6724569062565495,6.90272200361623,margin_predictor,v1,test
401752860,2025,6,Nebraska,Michigan State,0.7826381621486798,12.729542409351591,margin_predictor,v1,test
401752861,2025,6,Purdue,Illinois,0.37924898582487515,-5.66860667723464,margin_predictor,v1,test
401752940,2025,6,App State,Oregon State,0.8905225652631047,21.18247074118969,margin_predictor,v1,test
401754550,2025,6,Pittsburgh,Boston College,0.7050390342811158,8.480203609463569,margin_predictor,v1,test
401754551,2025,6,California,Duke,0.5339786913071465,0.8538891111980371,margin_predictor,v1,test
401754552,2025,6,North Carolina,Clemson,0.5572417707447385,1.827300663796749,margin_predictor,v1,test
401754553,2025,6,Florida State,Miami,0.6601764049155182,6.329798897773445,margin_predictor,v1,test
401754554,2025,6,Louisville,Virginia,0.623540971456679,4.675736960557295,margin_predictor,v1,test
401754555,2025,6,SMU,Syracuse,0.6952815405066072,7.998101234083174,margin_predictor,v1,test
401754556,2025,6,Virginia Tech,Wake Forest,0.4655661174676462,-1.9888277134305117,margin_predictor,v1,test
401756909,2025,6,BYU,West Virginia,0.9298484139488015,26.246795319108735,margin_predictor,v1,test
401756910,2025,6,Arizona,Oklahoma State,0.9369898709157567,27.439708097595613,margin_predictor,v1,test
401756911,2025,6,Baylor,Kansas State,0.6393847073104789,5.381953401325733,margin_predictor,v1,test
401756912,2025,6,Cincinnati,Iowa State,0.6907647908009521,7.777891130286351,margin_predictor,v1,test
401756913,2025,6,Houston,Texas Tech,0.2462019569588096,-12.163860853291238,margin_predictor,v1,test
401756914,2025,6,TCU,Colorado,0.7767539663445285,12.37422312852166,margin_predictor,v1,test
401756915,2025,6,UCF,Kansas,0.6603785358123246,6.339145215793965,margin_predictor,v1,test
401757165,2025,6,Notre Dame,Boise State,0.6563252088346659,6.152233290236673,margin_predictor,v1,test
401757171,2025,6,UConn,Florida International,0.786236192561927,12.950240991789839,margin_predictor,v1,test
401757275,2025,6,New Mexico State,Sam Houston,0.7741523183733288,12.219252812501564,margin_predictor,v1,test
401757276,2025,6,Delaware,Western Kentucky,0.48062646392834085,-1.36214725893036,margin_predictor,v1,test
401760381,2025,6,Navy,Air Force,0.9014537322068173,22.400055682070445,margin_predictor,v1,test
401760382,2025,6,San Diego State,Colorado State,0.8205732026099384,15.209764002950621,margin_predictor,v1,test
401760383,2025,6,Fresno State,Nevada,0.8552700006868579,17.8682030087232,margin_predictor,v1,test
401760384,2025,6,San José State,New Mexico,0.27875828698545285,-10.417822213788341,margin_predictor,v1,test
401760385,2025,6,Wyoming,UNLV,0.286858910289537,-10.003563143144673,margin_predictor,v1,test
401761618,2025,6,Georgia State,James Madison,0.07896762274994634,-26.036132029232135,margin_predictor,v1,test
401761619,2025,6,Old Dominion,Coastal Carolina,0.8598752686177459,18.259297607778933,margin_predictor,v1,test
401761620,2025,6,Arkansas State,Texas State,0.2751084756957656,-10.60687377159521,margin_predictor,v1,test
401761621,2025,6,Troy,South Alabama,0.6523285838265229,5.968961618082127,margin_predictor,v1,test
401762475,2025,6,South Florida,Charlotte,0.8330461344365054,16.113527403895034,margin_predictor,v1,test
401762476,2025,6,UAB,Army,0.6682651340099188,6.705972600806621,margin_predictor,v1,test
401762477,2025,6,Rice,Florida Atlantic,0.7857059539924189,12.91754826637889,margin_predictor,v1,test
401762478,2025,6,Memphis,Tulsa,0.8850143872957669,20.608975758229278,margin_predictor,v1,test
401762479,2025,6,Temple,UTSA,0.49602877654760463,-0.7227426232775391,margin_predictor,v1,test
401762829,2025,6,Akron,Central Michigan,0.36579184573182705,-6.26577615931172,margin_predictor,v1,test
401762830,2025,6,Ball State,Ohio,0.30502648964585205,-9.098990813236083,margin_predictor,v1,test
401762831,2025,6,Buffalo,Eastern Michigan,0.7844477818497462,12.840208227385789,margin_predictor,v1,test
401762832,2025,6,Massachusetts,Western Michigan,0.2877641971989547,-9.957707543798257,margin_predictor,v1,test
401762873,2025,6,Northern Illinois,Miami (OH),0.4344810124368982,-3.291930696021727,margin_predictor,v1,test
401752731,2025,7,Auburn,Georgia,0.5725388397115186,2.4728669384439215,margin_predictor,v1,test
401752732,2025,7,LSU,South Carolina,0.7254446886624674,9.519696490975452,margin_predictor,v1,test
401752733,2025,7,Ole Miss,Washington State,0.8899361861118023,21.120233539684662,margin_predictor,v1,test
401752734,2025,7,Missouri,Alabama,0.7767820872530559,12.375905183857745,margin_predictor,v1,test
401752735,2025,7,Tennessee,Arkansas,0.6238807261498023,4.690751747059457,margin_predictor,v1,test
401752736,2025,7,Texas,Oklahoma,0.30253872812789556,-9.220991273954946,margin_predictor,v1,test
401752737,2025,7,Texas A&M,Florida,0.7853956037142173,12.898440402759862,margin_predictor,v1,test
401752862,2025,7,Washington,Rutgers,0.8558098967089971,17.913511664122645,margin_predictor,v1,test
401752863,2025,7,Michigan State,UCLA,0.7739558833644292,12.207603459561692,margin_predictor,v1,test
401752864,2025,7,Minnesota,Purdue,0.7580467897174424,11.286744602507571,margin_predictor,v1,test
401752865,2025,7,Illinois,Ohio State,0.32954659197398106,-7.924490017126677,margin_predictor,v1,test
401752866,2025,7,Penn State,Northwestern,0.7716047655334507,12.068725238687104,margin_predictor,v1,test
401752867,2025,7,Maryland,Nebraska,0.41685699935011655,-4.0397201559169,margin_predictor,v1,test
401752868,2025,7,USC,Michigan,0.6263595289044273,4.800461752480327,margin_predictor,v1,test
401752869,2025,7,Wisconsin,Iowa,0.435934273172478,-3.2306085680273355,margin_predictor,v1,test
401752870,2025,7,Oregon,Indiana,0.462685948055921,-2.10893776338372,margin_predictor,v1,test
401754558,2025,7,Boston College,Clemson,0.445346362200626,-2.834528437133139,margin_predictor,v1,test
401754559,2025,7,Florida State,Pittsburgh,0.5943132587638633,3.40227413727348,margin_predictor,v1,test
401754560,2025,7,Georgia Tech,Virginia Tech,0.8711062633476454,19.260407425630873,margin_predictor,v1,test
401754561,2025,7,SMU,Stanford,0.8127907326296443,14.670536725074607,margin_predictor,v1,test
401754562,2025,7,Notre Dame,NC State,0.7203112774874768,9.253906773086904,margin_predictor,v1,test
401754563,2025,7,Oregon State,Wake Forest,0.24517880565495426,-12.221122155680556,margin_predictor,v1,test
401756916,2025,7,Arizona,BYU,0.4235120238982731,-3.7563946016689673,margin_predictor,v1,test
401756917,2025,7,Cincinnati,UCF,0.6227233049591331,4.639623779199369,margin_predictor,v1,test
401756918,2025,7,Colorado,Iowa State,0.40752373892280747,-4.43927112213423,margin_predictor,v1,test
401756919,2025,7,Kansas State,TCU,0.29224780016388835,-9.731852019556449,margin_predictor,v1,test
401756920,2025,7,Oklahoma State,Houston,0.1883575263275312,-15.708416186018932,margin_predictor,v1,test
401756921,2025,7,Texas Tech,Kansas,0.8271609399746919,15.680675583184197,margin_predictor,v1,test
401756922,2025,7,Utah,Arizona State,0.7545894378805227,11.092172669938435,margin_predictor,v1,test
401757277,2025,7,UTEP,Liberty,0.6181120404462559,4.436531864900938,margin_predictor,v1,test
401757278,2025,7,Middle Tennessee,Missouri State,0.4459438587985299,-2.809443262246079,margin_predictor,v1,test
401757279,2025,7,Sam Houston,Jacksonville State,0.2031755080872236,-14.731861800378313,margin_predictor,v1,test
401757280,2025,7,Kennesaw State,Louisiana Tech,0.33601171420968856,-7.622480981588682,margin_predictor,v1,test
401760386,2025,7,UNLV,Air Force,0.7678520174655857,11.849122487554645,margin_predictor,v1,test
401760387,2025,7,Boise State,New Mexico,0.5620991782354545,2.0317363319107966,margin_predictor,v1,test
401760388,2025,7,Colorado State,Fresno State,0.2753088895443322,-10.596452725929888,margin_predictor,v1,test
401760389,2025,7,Hawai'i,Utah State,0.5931137574712726,3.3506978205431484,margin_predictor,v1,test
401760390,2025,7,Nevada,San Diego State,0.1645325674866128,-17.411118351731936,margin_predictor,v1,test
401760391,2025,7,Wyoming,San José State,0.5404240010366358,1.1227820916075553,margin_predictor,v1,test
401761622,2025,7,Georgia Southern,Southern Miss,0.1904078750882882,-15.569889412410317,margin_predictor,v1,test
401761623,2025,7,Coastal Carolina,UL Monroe,0.3279050213991353,-8.001648762015602,margin_predictor,v1,test
401761624,2025,7,Georgia State,App State,0.17920936872104196,-16.34105315156853,margin_predictor,v1,test
401761625,2025,7,James Madison,Louisiana,0.8650664863804342,18.71327420595413,margin_predictor,v1,test
401761626,2025,7,Marshall,Old Dominion,0.3265796769625956,-8.064088306708621,margin_predictor,v1,test
401761627,2025,7,Texas State,Troy,0.6777358329925881,7.152348761970649,margin_predictor,v1,test
401762480,2025,7,Tulane,East Carolina,0.27548489185408587,-10.587304901462625,margin_predictor,v1,test
401762481,2025,7,North Texas,South Florida,0.7031699522010367,8.387154408153158,margin_predictor,v1,test
401762482,2025,7,Florida Atlantic,UAB,0.563241862923929,2.0799003118561523,margin_predictor,v1,test
401762483,2025,7,Army,Charlotte,0.7064858625921335,8.552467224797393,margin_predictor,v1,test
401762484,2025,7,Temple,Navy,0.220205167508115,-13.672961444571056,margin_predictor,v1,test
401762485,2025,7,UTSA,Rice,0.54388295680967,1.267313856479852,margin_predictor,v1,test
401762833,2025,7,Akron,Miami (OH),0.3525426328034561,-6.8628725539203845,margin_predictor,v1,test
401762834,2025,7,Western Michigan,Ball State,0.7327758742777372,9.904702458062129,margin_predictor,v1,test
401762835,2025,7,Bowling Green,Toledo,0.13672044223335109,-19.67133831306598,margin_predictor,v1,test
401762836,2025,7,Eastern Michigan,Northern Illinois,0.47796564993788976,-1.472728000097975,margin_predictor,v1,test
401762837,2025,7,Kent State,Massachusetts,0.46409827606127213,-2.0500277870625156,margin_predictor,v1,test
401752738,2025,8,Alabama,Tennessee,0.6158010996874543,4.335106663556677,margin_predictor,v1,test
401752739,2025,8,Arkansas,Texas A&M,0.36063214381273734,-6.497160380652341,margin_predictor,v1,test
401752740,2025,8,Auburn,Missouri,0.2764118082652013,-10.53918749572857,margin_predictor,v1,test
401752741,2025,8,Florida,Mississippi State,0.4688010183910272,-1.8540382226845242,margin_predictor,v1,test
401752742,2025,8,Georgia,Ole Miss,0.5752088002598907,2.586109591033511,margin_predictor,v1,test
401752743,2025,8,Kentucky,Texas,0.22528907583271746,-13.368384560215569,margin_predictor,v1,test
401752744,2025,8,South Carolina,Oklahoma,0.25611598892302184,-11.617078506704853,margin_predictor,v1,test
401752745,2025,8,Vanderbilt,LSU,0.7020205574617553,8.330101842722204,margin_predictor,v1,test
401752871,2025,8,Notre Dame,USC,0.5939673380836945,3.3873952561137983,margin_predictor,v1,test
401752872,2025,8,Minnesota,Nebraska,0.33193139443935227,-7.8127441240488675,margin_predictor,v1,test
401752873,2025,8,Michigan,Washington,0.37904130164309313,-5.677757634302804,margin_predictor,v1,test
401752874,2025,8,Northwestern,Purdue,0.6800358543700631,7.26177859379797,margin_predictor,v1,test
401752875,2025,8,Iowa,Penn State,0.5402131630497276,1.1139776729470194,margin_predictor,v1,test
401752876,2025,8,Rutgers,Oregon,0.14850846472825346,-18.670939734887284,margin_predictor,v1,test
401752877,2025,8,Wisconsin,Ohio State,0.15218854282532426,-18.372130308108154,margin_predictor,v1,test
401752878,2025,8,Indiana,Michigan State,0.9561421097211986,31.40774022673623,margin_predictor,v1,test
401752879,2025,8,UCLA,Maryland,0.30929735676511855,-8.890838676314475,margin_predictor,v1,test
401752951,2025,8,Virginia,Washington State,0.8569563687404314,18.010194763620408,margin_predictor,v1,test
401754371,2025,8,California,North Carolina,0.6867963636190815,7.585876673619563,margin_predictor,v1,test
401754564,2025,8,Miami,Louisville,0.708140952007593,8.635388560402887,margin_predictor,v1,test
401754565,2025,8,Clemson,SMU,0.5906542965290422,3.2450940510828037,margin_predictor,v1,test
401754566,2025,8,Duke,Georgia Tech,0.42877495341522837,-3.5331754167280147,margin_predictor,v1,test
401754567,2025,8,Stanford,Florida State,0.1332783601653185,-19.97707817907991,margin_predictor,v1,test
401754568,2025,8,Syracuse,Pittsburgh,0.19585591307810862,-15.207257678726181,margin_predictor,v1,test
401754569,2025,8,Boston College,UConn,0.3504248597603946,-6.959236141806153,margin_predictor,v1,test
401756923,2025,8,Arizona State,Texas Tech,0.1281582206255964,-20.444481728253663,margin_predictor,v1,test
401756924,2025,8,BYU,Utah,0.5559523779544189,1.7731124681283301,margin_predictor,v1,test
401756925,2025,8,Houston,Arizona,0.5225678895114537,0.37894242166673875,margin_predictor,v1,test
401756926,2025,8,Oklahoma State,Cincinnati,0.08477655109886065,-25.234300510344276,margin_predictor,v1,test
401756927,2025,8,TCU,Baylor,0.7354913255362276,10.04900202525049,margin_predictor,v1,test
401756928,2025,8,UCF,West Virginia,0.8382242141703579,16.504577191612157,margin_predictor,v1,test
401757281,2025,8,Western Kentucky,Florida International,0.832921097947626,16.104205600884022,margin_predictor,v1,test
401757282,2025,8,Liberty,New Mexico State,0.5347605761853259,0.8864816737976091,margin_predictor,v1,test
401757283,2025,8,Jacksonville State,Delaware,0.49485728035402116,-0.7713492875233592,margin_predictor,v1,test
401757284,2025,8,Sam Houston,UTEP,0.31696513398877063,-8.521057917181611,margin_predictor,v1,test
401760392,2025,8,Air Force,Wyoming,0.5841601788356618,2.9671707123720186,margin_predictor,v1,test
401760393,2025,8,Boise State,UNLV,0.5762385360823585,2.6298337811330517,margin_predictor,v1,test
401760394,2025,8,Colorado State,Hawai'i,0.4013158089214504,-4.706596074535854,margin_predictor,v1,test
401760395,2025,8,New Mexico,Nevada,0.8263850844296073,15.624488265657723,margin_predictor,v1,test
401760396,2025,8,Utah State,San José State,0.7167741019241587,9.072499568266704,margin_predictor,v1,test
401761628,2025,8,South Alabama,Arkansas State,0.5763667533439206,2.6352800465698567,margin_predictor,v1,test
401761629,2025,8,App State,Coastal Carolina,0.8566354853748748,17.983069543764778,margin_predictor,v1,test
401761630,2025,8,Georgia Southern,Georgia State,0.6291143437737517,4.92273317399304,margin_predictor,v1,test
401761631,2025,8,James Madison,Old Dominion,0.6410950580867111,5.45897078036233,margin_predictor,v1,test
401761632,2025,8,Marshall,Texas State,0.5344659567488487,0.8741997514651603,margin_predictor,v1,test
401761633,2025,8,UL Monroe,Troy,0.46895835579515704,-1.847485280683614,margin_predictor,v1,test
401761668,2025,8,Louisiana,Southern Miss,0.31206577522894463,-8.756760778848323,margin_predictor,v1,test
401762486,2025,8,East Carolina,Tulsa,0.853779378811611,17.743833042624708,margin_predictor,v1,test
401762487,2025,8,UAB,Memphis,0.10256982015903801,-23.054564389023966,margin_predictor,v1,test
401762488,2025,8,Tulane,Army,0.70660964956784,8.55865956304752,margin_predictor,v1,test
401762489,2025,8,Charlotte,Temple,0.2965981848441373,-9.514643843576874,margin_predictor,v1,test
401762490,2025,8,South Florida,Florida Atlantic,0.7945534047059505,13.470999300746088,margin_predictor,v1,test
401762491,2025,8,North Texas,UTSA,0.5796997073504387,2.777009054158265,margin_predictor,v1,test
401762838,2025,8,Ball State,Akron,0.5096000051797066,-0.15965204953318501,margin_predictor,v1,test
401762839,2025,8,Bowling Green,Central Michigan,0.5754137123880745,2.594808258301474,margin_predictor,v1,test
401762840,2025,8,Massachusetts,Buffalo,0.1524732564703436,-18.34926101715643,margin_predictor,v1,test
401762841,2025,8,Miami (OH),Eastern Michigan,0.8052484553121133,14.16417649471403,margin_predictor,v1,test
401762842,2025,8,Toledo,Kent State,0.9698839713024672,35.45451648745088,margin_predictor,v1,test
401762843,2025,8,Ohio,Northern Illinois,0.7411420469406614,10.352361012891127,margin_predictor,v1,test
401752746,2025,9,Arkansas,Auburn,0.5771433591451022,2.6682771797189915,margin_predictor,v1,test
401752747,2025,9,Kentucky,Tennessee,0.3562751624643784,-6.693671600842434,margin_predictor,v1,test
401752748,2025,9,LSU,Texas A&M,0.4990148990109351,-0.5988520577370435,margin_predictor,v1,test
401752749,2025,9,Mississippi State,Texas,0.47339100343093676,-1.662970744396853,margin_predictor,v1,test
401752750,2025,9,Oklahoma,Ole Miss,0.7947810533909944,13.48546969221446,margin_predictor,v1,test
401752751,2025,9,South Carolina,Alabama,0.3269606794628229,-8.04612522803527,margin_predictor,v1,test
401752752,2025,9,Vanderbilt,Missouri,0.5557513020733067,1.764664899246588,margin_predictor,v1,test
401752880,2025,9,Washington,Illinois,0.7210308118736459,9.290979742784648,margin_predictor,v1,test
401752881,2025,9,Michigan State,Michigan,0.2011303507408187,-14.863380863365103,margin_predictor,v1,test
401752882,2025,9,Iowa,Minnesota,0.620537866048192,4.543252002969553,margin_predictor,v1,test
401752883,2025,9,Nebraska,Northwestern,0.7632925043871699,11.585615139684899,margin_predictor,v1,test
401752884,2025,9,Purdue,Rutgers,0.6127294706717409,4.200649330656586,margin_predictor,v1,test
401752885,2025,9,Indiana,UCLA,0.9698992691893351,35.45994998570249,margin_predictor,v1,test
401752886,2025,9,Oregon,Wisconsin,0.9589033998849892,32.11212797127806,margin_predictor,v1,test
401752942,2025,9,Wake Forest,SMU,0.5770136168634105,2.6627634491213747,margin_predictor,v1,test
401752952,2025,9,Washington State,Toledo,0.18276289202690787,-16.09240064725575,margin_predictor,v1,test
401754372,2025,9,Virginia Tech,California,0.4945723095696592,-0.783173372405459,margin_predictor,v1,test
401754570,2025,9,Louisville,Boston College,0.8607472293124698,18.33455337040997,margin_predictor,v1,test
401754571,2025,9,Georgia Tech,Syracuse,0.908148483295203,23.206492425459224,margin_predictor,v1,test
401754572,2025,9,Miami,Stanford,0.8918063389983497,21.319755722671353,margin_predictor,v1,test
401754573,2025,9,North Carolina,Virginia,0.31113044137333823,-8.801986833394333,margin_predictor,v1,test
401754574,2025,9,Pittsburgh,NC State,0.7667967824734333,11.787819930495326,margin_predictor,v1,test
401756929,2025,9,Arizona State,Houston,0.42694946801517003,-3.610520552120555,margin_predictor,v1,test
401756930,2025,9,Cincinnati,Baylor,0.830016164195996,15.889186371982357,margin_predictor,v1,test
401756931,2025,9,Iowa State,BYU,0.33033769496279664,-7.8873756759192695,margin_predictor,v1,test
401756932,2025,9,Kansas,Kansas State,0.7356439587767937,10.057141016664822,margin_predictor,v1,test
401756933,2025,9,Texas Tech,Oklahoma State,0.9832221061531893,41.66370050763552,margin_predictor,v1,test
401756934,2025,9,Utah,Colorado,0.8650702670349366,18.713610145769643,margin_predictor,v1,test
401756935,2025,9,West Virginia,TCU,0.20484007093245954,-14.625544179739025,margin_predictor,v1,test
401757172,2025,9,Rice,UConn,0.3749267677866137,-5.859459947865634,margin_predictor,v1,test
401757285,2025,9,Florida International,Kennesaw State,0.4581917546895556,-2.2965671282337334,margin_predictor,v1,test
401757286,2025,9,Louisiana Tech,Western Kentucky,0.5592905350247567,1.9134693235459208,margin_predictor,v1,test
401757287,2025,9,Delaware,Middle Tennessee,0.7825563134939892,12.72455279648272,margin_predictor,v1,test
401757288,2025,9,New Mexico State,Missouri State,0.5899291349548359,3.213994644043942,margin_predictor,v1,test
401760397,2025,9,Nevada,Boise State,0.2030618946695595,-14.73914202463426,margin_predictor,v1,test
401760398,2025,9,Wyoming,Colorado State,0.5747360885134507,2.5660468170180026,margin_predictor,v1,test
401760399,2025,9,Fresno State,San Diego State,0.3550943058669926,-6.7471148044154,margin_predictor,v1,test
401760400,2025,9,New Mexico,Utah State,0.6412266346935422,5.464902362364941,margin_predictor,v1,test
401761634,2025,9,Georgia State,South Alabama,0.3678450465464745,-6.174088363106913,margin_predictor,v1,test
401761635,2025,9,Old Dominion,App State,0.6421091629169587,5.504712291926064,margin_predictor,v1,test
401761636,2025,9,Arkansas State,Georgia Southern,0.6879072724752721,7.639493666052424,margin_predictor,v1,test
401761637,2025,9,Southern Miss,UL Monroe,0.8063788293358499,14.239101797940055,margin_predictor,v1,test
401761638,2025,9,Troy,Louisiana,0.7490257651660639,10.782901653727752,margin_predictor,v1,test
401762492,2025,9,Charlotte,North Texas,0.10548558825198581,-22.7300801772259,margin_predictor,v1,test
401762493,2025,9,Navy,Florida Atlantic,0.915617174481487,24.17107870818178,margin_predictor,v1,test
401762494,2025,9,Memphis,South Florida,0.7126562547487579,8.86302902678124,margin_predictor,v1,test
401762495,2025,9,Tulsa,Temple,0.3480652442888295,-7.066920693770344,margin_predictor,v1,test
401762844,2025,9,Buffalo,Akron,0.8188584985073522,15.089418548609334,margin_predictor,v1,test
401762845,2025,9,Northern Illinois,Ball State,0.604873156047946,3.8584999067709607,margin_predictor,v1,test
401762846,2025,9,Kent State,Bowling Green,0.2448882236575166,-12.237414150084762,margin_predictor,v1,test
401762847,2025,9,Central Michigan,Massachusetts,0.9120458447033885,23.700609850362618,margin_predictor,v1,test
401762848,2025,9,Eastern Michigan,Ohio,0.26742772110779955,-11.00988606151335,margin_predictor,v1,test
401762874,2025,9,Miami (OH),Western Michigan,0.6063465715962613,3.9224830135742703,margin_predictor,v1,test
401752753,2025,10,Arkansas,Mississippi State,0.579723893084848,2.7780386306364786,margin_predictor,v1,test
401752754,2025,10,Auburn,Kentucky,0.7702358044269944,11.988325489383875,margin_predictor,v1,test
401752755,2025,10,Florida,Georgia,0.36105515163146534,-6.478137296535133,margin_predictor,v1,test
401752756,2025,10,Ole Miss,South Carolina,0.7110724496680736,8.782941110514711,margin_predictor,v1,test
401752757,2025,10,Tennessee,Oklahoma,0.37437178664006493,-5.88402900016832,margin_predictor,v1,test
401752758,2025,10,Texas,Vanderbilt,0.4532405145484456,-2.50360818954924,margin_predictor,v1,test
401752887,2025,10,Maryland,Indiana,0.11433710631065291,-21.79120014367625,margin_predictor,v1,test
401752888,2025,10,Minnesota,Michigan State,0.7636253167014618,11.60472976777213,margin_predictor,v1,test
401752889,2025,10,Ohio State,Penn State,0.8170030475160264,14.960190088427572,margin_predictor,v1,test
401752890,2025,10,Michigan,Purdue,0.8841426716544131,20.520420910288934,margin_predictor,v1,test
401752891,2025,10,Illinois,Rutgers,0.8050497417166024,14.151039151327112,margin_predictor,v1,test
401752892,2025,10,Nebraska,USC,0.5487726355974631,1.4719334153757595,margin_predictor,v1,test
401752943,2025,10,Oregon State,Washington State,0.3942409998365229,-5.012922702240669,margin_predictor,v1,test
401754575,2025,10,Syracuse,North Carolina,0.4954775859056974,-0.7456118706774291,margin_predictor,v1,test
401754576,2025,10,California,Virginia,0.413338674941991,-4.190021518459797,margin_predictor,v1,test
401754577,2025,10,Clemson,Duke,0.4976036929399271,-0.6574003660853434,margin_predictor,v1,test
401754578,2025,10,Florida State,Wake Forest,0.7286691510605456,9.688227318365715,margin_predictor,v1,test
401754579,2025,10,NC State,Georgia Tech,0.27213208615955925,-10.762198184784635,margin_predictor,v1,test
401754580,2025,10,Virginia Tech,Louisville,0.2902508039788046,-9.832193106653976,margin_predictor,v1,test
401754581,2025,10,SMU,Miami,0.3094726362360891,-8.882330147491375,margin_predictor,v1,test
401754582,2025,10,Stanford,Pittsburgh,0.1451650266977069,-18.947762081730325,margin_predictor,v1,test
401754583,2025,10,Boston College,Notre Dame,0.19558211960216387,-15.22529786420093,margin_predictor,v1,test
401756936,2025,10,Baylor,UCF,0.2883479325631926,-9.92818512278604,margin_predictor,v1,test
401756937,2025,10,Colorado,Arizona,0.2925951297598793,-9.714441304757205,margin_predictor,v1,test
401756938,2025,10,Houston,West Virginia,0.8500168961806067,17.43451518809696,margin_predictor,v1,test
401756939,2025,10,Iowa State,Arizona State,0.6242757146193764,4.708214254486656,margin_predictor,v1,test
401756940,2025,10,Kansas,Oklahoma State,0.916696001429349,24.316751115481033,margin_predictor,v1,test
401756941,2025,10,Kansas State,Texas Tech,0.14197986399063878,-19.216447371998875,margin_predictor,v1,test
401756942,2025,10,Utah,Cincinnati,0.6879392792933964,7.641039987535715,margin_predictor,v1,test
401757173,2025,10,UConn,UAB,0.8751698667428175,19.640936861213802,margin_predictor,v1,test
401757289,2025,10,Kennesaw State,UTEP,0.7282540740782718,9.666462779004082,margin_predictor,v1,test
401757290,2025,10,Louisiana Tech,Sam Houston,0.8874520979919079,20.85975534047504,margin_predictor,v1,test
401757291,2025,10,Missouri State,Florida International,0.6421197285889784,5.505189161030232,margin_predictor,v1,test
401757292,2025,10,Middle Tennessee,Jacksonville State,0.3943273811568307,-5.00917124296493,margin_predictor,v1,test
401757293,2025,10,Liberty,Delaware,0.5040230386927168,-0.39107254007108194,margin_predictor,v1,test
401757294,2025,10,Western Kentucky,New Mexico State,0.7182480640336446,9.147924636555338,margin_predictor,v1,test
401760401,2025,10,Air Force,Army,0.7074033406009224,8.59839966237396,margin_predictor,v1,test
401760402,2025,10,Boise State,Fresno State,0.6634656858758269,6.482230515535646,margin_predictor,v1,test
401760403,2025,10,San José State,Hawai'i,0.33279416969787584,-7.77241640944411,margin_predictor,v1,test
401760404,2025,10,UNLV,New Mexico,0.47216841897149797,-1.7138436818433398,margin_predictor,v1,test
401760405,2025,10,San Diego State,Wyoming,0.8846574489336569,20.57264517152106,margin_predictor,v1,test
401761639,2025,10,Texas State,James Madison,0.3128804698116696,-8.717428298401666,margin_predictor,v1,test
401761640,2025,10,Coastal Carolina,Marshall,0.3104027714954582,-8.837223316885078,margin_predictor,v1,test
401761641,2025,10,UL Monroe,Old Dominion,0.273601336756974,-10.685392959921748,margin_predictor,v1,test
401761642,2025,10,South Alabama,Louisiana,0.6006482456307862,3.6754867919851106,margin_predictor,v1,test
401761643,2025,10,Troy,Arkansas State,0.7047512327267368,8.465853640972412,margin_predictor,v1,test
401762443,2025,10,UTSA,Tulane,0.5540279655236813,1.6922955104210695,margin_predictor,v1,test
401762497,2025,10,Rice,Memphis,0.21209761647644465,-14.169323858206043,margin_predictor,v1,test
401762498,2025,10,Temple,East Carolina,0.42126383422198926,-3.8519696846754714,margin_predictor,v1,test
401762499,2025,10,North Texas,Navy,0.5206215007294485,0.2980403460738579,margin_predictor,v1,test
401762849,2025,10,Bowling Green,Buffalo,0.4733840363677198,-1.663260612527452,margin_predictor,v1,test
401762850,2025,10,Western Michigan,Central Michigan,0.5470572117502001,1.400104839057807,margin_predictor,v1,test
401752759,2025,11,Alabama,LSU,0.6583400021632199,6.245008544999534,margin_predictor,v1,test
401752760,2025,11,Kentucky,Florida,0.49215276630028887,-0.8835723851525135,margin_predictor,v1,test
401752762,2025,11,Mississippi State,Georgia,0.45206585462999177,-2.55278301795144,margin_predictor,v1,test
401752763,2025,11,Missouri,Texas A&M,0.6277217381313246,4.86087687361641,margin_predictor,v1,test
401752764,2025,11,Vanderbilt,Auburn,0.7364713749607724,10.101314542287444,margin_predictor,v1,test
401752893,2025,11,Penn State,Indiana,0.11924809645910248,-21.29733729089552,margin_predictor,v1,test
401752894,2025,11,Rutgers,Maryland,0.451014744121516,-2.5968046334933845,margin_predictor,v1,test
401752895,2025,11,UCLA,Nebraska,0.18321849093450648,-16.06079348350415,margin_predictor,v1,test
401752896,2025,11,USC,Northwestern,0.7753353940916445,12.289566069801358,margin_predictor,v1,test
401752897,2025,11,Purdue,Ohio State,0.07836049521464211,-26.123017312722624,margin_predictor,v1,test
401752898,2025,11,Iowa,Oregon,0.2939831902496013,-9.644982083219926,margin_predictor,v1,test
401752899,2025,11,Wisconsin,Washington,0.12901665639736645,-20.365022283577396,margin_predictor,v1,test
401752944,2025,11,Oregon State,Sam Houston,0.8289075570894909,15.807899639608214,margin_predictor,v1,test
401754584,2025,11,Boston College,SMU,0.2688661423722914,-10.933862390930607,margin_predictor,v1,test
401754585,2025,11,Louisville,California,0.8541683903653442,17.776188405024207,margin_predictor,v1,test
401754586,2025,11,Clemson,Florida State,0.3253588805064947,-8.121717952152954,margin_predictor,v1,test
401754587,2025,11,Miami,Syracuse,0.9139405166605074,23.948002933994495,margin_predictor,v1,test
401754588,2025,11,North Carolina,Stanford,0.7524503463068375,10.972715127583164,margin_predictor,v1,test
401754589,2025,11,Virginia,Wake Forest,0.693784435223996,7.924910774728025,margin_predictor,v1,test
401754590,2025,11,UConn,Duke,0.6806998328605218,7.293446441950386,margin_predictor,v1,test
401756943,2025,11,Arizona,Kansas,0.6854735729736964,7.522168114625201,margin_predictor,v1,test
401756944,2025,11,TCU,Iowa State,0.6958403099308913,8.025470038468505,margin_predictor,v1,test
401756945,2025,11,Texas Tech,BYU,0.7179719423159167,9.133776846007848,margin_predictor,v1,test
401756946,2025,11,UCF,Houston,0.6102736285130742,4.093429929135995,margin_predictor,v1,test
401756947,2025,11,West Virginia,Colorado,0.6015306311674523,3.7136550690676664,margin_predictor,v1,test
401757166,2025,11,Notre Dame,Navy,0.7235124605781712,9.419295616004575,margin_predictor,v1,test
401757295,2025,11,Delaware,Louisiana Tech,0.3271688293933947,-8.036316155857973,margin_predictor,v1,test
401757296,2025,11,Middle Tennessee,Florida International,0.5530378763543242,1.650742716172659,margin_predictor,v1,test
401757297,2025,11,UTEP,Jacksonville State,0.40886601021598284,-4.3816405394978375,margin_predictor,v1,test
401757298,2025,11,New Mexico State,Kennesaw State,0.3795286355812539,-5.656287860035841,margin_predictor,v1,test
401757299,2025,11,Liberty,Missouri State,0.5837307564803149,2.9488382500592536,margin_predictor,v1,test
401760406,2025,11,San José State,Air Force,0.5754823206116733,2.597720972505913,margin_predictor,v1,test
401760407,2025,11,Colorado State,UNLV,0.35836799897247357,-6.599147632894969,margin_predictor,v1,test
401760408,2025,11,Hawai'i,San Diego State,0.28898366742566783,-9.896073237169366,margin_predictor,v1,test
401760409,2025,11,Utah State,Nevada,0.7858073806684555,12.923797337669404,margin_predictor,v1,test
401761644,2025,11,App State,Georgia Southern,0.8228670461053341,15.37216967063746,margin_predictor,v1,test
401761645,2025,11,Coastal Carolina,Georgia State,0.6881038465469714,7.648991971055951,margin_predictor,v1,test
401761646,2025,11,Marshall,James Madison,0.1937030816147351,-15.349626289473678,margin_predictor,v1,test
401761647,2025,11,Arkansas State,Southern Miss,0.3529616056610949,-6.843839681847131,margin_predictor,v1,test
401761648,2025,11,Louisiana,Texas State,0.40651577685387513,-4.482587019767817,margin_predictor,v1,test
401762500,2025,11,South Florida,UTSA,0.6960816199326249,8.037298269066719,margin_predictor,v1,test
401762501,2025,11,Memphis,Tulane,0.8435127842130608,16.914541957087366,margin_predictor,v1,test
401762502,2025,11,Rice,UAB,0.6375956258601057,5.30156097739434,margin_predictor,v1,test
401762503,2025,11,Army,Temple,0.5153288595989228,0.07817496757818354,margin_predictor,v1,test
401762504,2025,11,East Carolina,Charlotte,0.9596242912138618,32.303474787376345,margin_predictor,v1,test
401762505,2025,11,Florida Atlantic,Tulsa,0.5338627874711016,0.8490583016855839,margin_predictor,v1,test
401762851,2025,11,Akron,Massachusetts,0.8373305674020861,16.436377019970514,margin_predictor,v1,test
401762852,2025,11,Ohio,Miami (OH),0.5374579612480963,0.9989767950532586,margin_predictor,v1,test
401762853,2025,11,Ball State,Kent State,0.6180364505068242,4.433210603366316,margin_predictor,v1,test
401762854,2025,11,Toledo,Northern Illinois,0.9257019320467963,25.604817607228654,margin_predictor,v1,test
401762855,2025,11,Eastern Michigan,Bowling Green,0.4535276004650256,-2.4915932377869563,margin_predictor,v1,test
401752765,2025,12,Alabama,Oklahoma,0.42264007892557404,-3.7934465339781482,margin_predictor,v1,test
401752766,2025,12,Georgia,Texas,0.5708376604663293,2.400807652493259,margin_predictor,v1,test
401752768,2025,12,LSU,Arkansas,0.5603110067602924,1.956420695659375,margin_predictor,v1,test
401752769,2025,12,Ole Miss,Florida,0.7986401159649719,13.732605514193063,margin_predictor,v1,test
401752770,2025,12,Missouri,Mississippi State,0.785245344286323,12.889196340383487,margin_predictor,v1,test
401752771,2025,12,Tennessee,New Mexico State,0.8649353257826667,18.701624507853026,margin_predictor,v1,test
401752772,2025,12,Texas A&M,South Carolina,0.8592025186877124,18.20150245314649,margin_predictor,v1,test
401752900,2025,12,Ohio State,UCLA,0.9600846386172962,32.42738476989985,margin_predictor,v1,test
401752901,2025,12,Indiana,Wisconsin,0.9699913813883163,35.49272303594724,margin_predictor,v1,test
401752902,2025,12,Washington,Purdue,0.9217440639468096,25.022077780286608,margin_predictor,v1,test
401752903,2025,12,Michigan State,Penn State,0.3550987325909867,-6.746914311062689,margin_predictor,v1,test
401752904,2025,12,Oregon,Minnesota,0.8801350334862202,20.12058981708872,margin_predictor,v1,test
401752905,2025,12,Northwestern,Michigan,0.26049547472101026,-11.37997888088516,margin_predictor,v1,test
401752906,2025,12,Illinois,Maryland,0.802530965101427,13.985389685069162,margin_predictor,v1,test
401752907,2025,12,USC,Iowa,0.6543491957455579,6.061495092655335,margin_predictor,v1,test
401752945,2025,12,Tulsa,Oregon State,0.6511767165812891,5.9163246615764145,margin_predictor,v1,test
401752953,2025,12,Washington State,Louisiana Tech,0.4527724351627582,-2.5232007692982306,margin_predictor,v1,test
401754591,2025,12,Louisville,Clemson,0.7273861349260565,9.621019659080297,margin_predictor,v1,test
401754592,2025,12,Boston College,Georgia Tech,0.09222482171787867,-24.276124732733898,margin_predictor,v1,test
401754593,2025,12,Duke,Virginia,0.5443957382489184,1.2887550406468078,margin_predictor,v1,test
401754594,2025,12,Florida State,Virginia Tech,0.8577496912688772,18.077474949593988,margin_predictor,v1,test
401754595,2025,12,Miami,NC State,0.7765665182343878,12.363014753804418,margin_predictor,v1,test
401754596,2025,12,Wake Forest,North Carolina,0.5796232367947679,2.7737538421231682,margin_predictor,v1,test
401754597,2025,12,Pittsburgh,Notre Dame,0.6216899059740706,4.594026604974829,margin_predictor,v1,test
401756948,2025,12,Arizona State,West Virginia,0.7078541143070689,8.620998034559948,margin_predictor,v1,test
401756949,2025,12,Baylor,Utah,0.19465003795073194,-15.286856217189245,margin_predictor,v1,test
401756950,2025,12,BYU,TCU,0.7020036703642463,8.329264563208085,margin_predictor,v1,test
401756951,2025,12,Cincinnati,Arizona,0.54558207563089,1.3383751195132492,margin_predictor,v1,test
401756952,2025,12,Oklahoma State,Kansas State,0.20933080467797482,-14.341873951562429,margin_predictor,v1,test
401756953,2025,12,Texas Tech,UCF,0.8726080649628497,19.39983090399099,margin_predictor,v1,test
401757174,2025,12,UConn,Air Force,0.8466647975397548,17.1642740005495,margin_predictor,v1,test
401757300,2025,12,Sam Houston,Delaware,0.1755552433799857,-16.600797752012475,margin_predictor,v1,test
401757301,2025,12,Florida International,Liberty,0.4518295500063084,-2.5626781299034933,margin_predictor,v1,test
401757302,2025,12,Jacksonville State,Kennesaw State,0.5231518726396946,0.40322125231038974,margin_predictor,v1,test
401757303,2025,12,Western Kentucky,Middle Tennessee,0.8445771874368178,16.998410934208444,margin_predictor,v1,test
401757304,2025,12,Missouri State,UTEP,0.709873216591095,8.72247306340469,margin_predictor,v1,test
401760410,2025,12,San Diego State,Boise State,0.7332825608456172,9.931556715119651,margin_predictor,v1,test
401760411,2025,12,New Mexico,Colorado State,0.8722016789895656,19.36196524438376,margin_predictor,v1,test
401760412,2025,12,Fresno State,Wyoming,0.7544697844500499,11.085472151103247,margin_predictor,v1,test
401760413,2025,12,Nevada,San José State,0.3523200636956048,-6.872987491747624,margin_predictor,v1,test
401760414,2025,12,UNLV,Utah State,0.6348333230618014,5.177771830940896,margin_predictor,v1,test
401761649,2025,12,Old Dominion,Troy,0.6320899827321015,5.055225547582236,margin_predictor,v1,test
401761650,2025,12,Georgia Southern,Coastal Carolina,0.5013437537189552,-0.5022332004033627,margin_predictor,v1,test
401761651,2025,12,Georgia State,Marshall,0.2877258992896681,-9.959645707253955,margin_predictor,v1,test
401761652,2025,12,James Madison,App State,0.8664197124959825,18.834029611281714,margin_predictor,v1,test
401761653,2025,12,UL Monroe,South Alabama,0.4740657755218491,-1.6348985415330235,margin_predictor,v1,test
401761654,2025,12,Southern Miss,Texas State,0.7059441595282799,8.525386922447684,margin_predictor,v1,test
401762506,2025,12,UAB,North Texas,0.2086604755136985,-14.383930243731745,margin_predictor,v1,test
401762507,2025,12,Charlotte,UTSA,0.15688432272672118,-17.999336191705865,margin_predictor,v1,test
401762508,2025,12,East Carolina,Memphis,0.48318400345078827,-1.2559016160647367,margin_predictor,v1,test
401762509,2025,12,Tulane,Florida Atlantic,0.7871876297200221,13.009051783782727,margin_predictor,v1,test
401762510,2025,12,Navy,South Florida,0.43041418606638226,-3.4637917478978872,margin_predictor,v1,test
401762856,2025,12,Akron,Kent State,0.7207033268934522,9.274099300074077,margin_predictor,v1,test
401762857,2025,12,Western Michigan,Ohio,0.5403341828409117,1.119031284898349,margin_predictor,v1,test
401762858,2025,12,Central Michigan,Buffalo,0.47545724339457196,-1.5770223306076403,margin_predictor,v1,test
401762859,2025,12,Massachusetts,Northern Illinois,0.24560204736208005,-12.197415664125876,margin_predictor,v1,test
401762860,2025,12,Miami (OH),Toledo,0.24468052145723082,-12.24906734823224,margin_predictor,v1,test
401762861,2025,12,Ball State,Eastern Michigan,0.5088082568413835,-0.19251095587178124,margin_predictor,v1,test
401752775,2025,13,Florida,Tennessee,0.33477871269879683,-7.679853289480329,margin_predictor,v1,test
401752776,2025,13,Georgia,Charlotte,0.9766368348089559,38.15987652851095,margin_predictor,v1,test
401752777,2025,13,LSU,Western Kentucky,0.6057654776314996,3.897239031698928,margin_predictor,v1,test
401752778,2025,13,Oklahoma,Missouri,0.6513499553380014,5.924235991507927,margin_predictor,v1,test
401752779,2025,13,South Carolina,Coastal Carolina,0.7897031808100907,13.165475224984453,margin_predictor,v1,test
401752780,2025,13,Texas,Arkansas,0.6234947467838468,4.673694567904038,margin_predictor,v1,test
401752782,2025,13,Vanderbilt,Kentucky,0.7698263664768361,11.964344369403133,margin_predictor,v1,test
401752908,2025,13,Penn State,Nebraska,0.41052798918305156,-4.310363953744034,margin_predictor,v1,test
401752909,2025,13,Northwestern,Minnesota,0.4678185566809069,-1.8949626438685812,margin_predictor,v1,test
401752910,2025,13,UCLA,Washington,0.09029804998281594,-24.517102710776136,margin_predictor,v1,test
401752911,2025,13,Oregon,USC,0.8230632629011815,15.386138328595182,margin_predictor,v1,test
401752912,2025,13,Ohio State,Rutgers,0.9630334334034832,33.25520858931056,margin_predictor,v1,test
401752913,2025,13,Iowa,Michigan State,0.8572461217877374,18.034732033510753,margin_predictor,v1,test
401752914,2025,13,Maryland,Michigan,0.18391368759451704,-16.012681497454032,margin_predictor,v1,test
401752915,2025,13,Wisconsin,Illinois,0.23180814546428988,-12.98487124468675,margin_predictor,v1,test
401752954,2025,13,James Madison,Washington State,0.9289799356319967,26.109487282816282,margin_predictor,v1,test
401754598,2025,13,NC State,Florida State,0.2742699552575832,-10.650526041967591,margin_predictor,v1,test
401754599,2025,13,Stanford,California,0.43336900915919285,-3.338885094635769,margin_predictor,v1,test
401754600,2025,13,North Carolina,Duke,0.4443169873412691,-2.877761101981525,margin_predictor,v1,test
401754601,2025,13,Georgia Tech,Pittsburgh,0.6605397683151728,6.346602372683433,margin_predictor,v1,test
401754602,2025,13,SMU,Louisville,0.4611162533800636,-2.1744410545635855,margin_predictor,v1,test
401754603,2025,13,Virginia Tech,Miami,0.1502957841601035,-18.525063612714128,margin_predictor,v1,test
401754604,2025,13,Notre Dame,Syracuse,0.9542070425604323,30.93891389641137,margin_predictor,v1,test
401754606,2025,13,Wake Forest,Delaware,0.7552762364790611,11.130675695088318,margin_predictor,v1,test
401756954,2025,13,Arizona,Baylor,0.8236359926904769,15.426980602022676,margin_predictor,v1,test
401756955,2025,13,Cincinnati,BYU,0.41279166112827087,-4.213423280328669,margin_predictor,v1,test
401756956,2025,13,Colorado,Arizona State,0.35023485943350763,-6.967894647850928,margin_predictor,v1,test
401756957,2025,13,Houston,TCU,0.5932181486891279,3.3551845422211444,margin_predictor,v1,test
401756958,2025,13,Iowa State,Kansas,0.5511332686745591,1.5708580718617737,margin_predictor,v1,test
401756959,2025,13,UCF,Oklahoma State,0.9106631256636903,23.52308606751385,margin_predictor,v1,test
401756960,2025,13,Utah,Kansas State,0.8996148114378708,22.18711475957661,margin_predictor,v1,test
401757175,2025,13,Florida Atlantic,UConn,0.3040787978440648,-9.145399515404934,margin_predictor,v1,test
401757305,2025,13,Florida International,Jacksonville State,0.43298498526400575,-3.355107083118927,margin_predictor,v1,test
401757306,2025,13,Kennesaw State,Missouri State,0.5877652438226616,3.121292666569653,margin_predictor,v1,test
401757307,2025,13,Louisiana Tech,Liberty,0.6561880033606599,6.145924848970719,margin_predictor,v1,test
401757308,2025,13,Middle Tennessee,Sam Houston,0.7550786614330156,11.119591852519774,margin_predictor,v1,test
401757309,2025,13,UTEP,New Mexico State,0.5848522928757245,2.996729236794349,margin_predictor,v1,test
401760415,2025,13,Air Force,New Mexico,0.3203307071735103,-8.360275680268257,margin_predictor,v1,test
401760416,2025,13,Boise State,Colorado State,0.8364671453928044,16.37076964531135,margin_predictor,v1,test
401760417,2025,13,Fresno State,Utah State,0.6663331685538587,6.615714859560407,margin_predictor,v1,test
401760418,2025,13,UNLV,Hawai'i,0.5607554936006469,1.9751357118400588,margin_predictor,v1,test
401760419,2025,13,Wyoming,Nevada,0.6284871190319228,4.894861581753345,margin_predictor,v1,test
401760420,2025,13,San Diego State,San José State,0.892958377207183,21.444177045155065,margin_predictor,v1,test
401761655,2025,13,Arkansas State,Louisiana,0.6507467238614528,5.896695972144509,margin_predictor,v1,test
401761656,2025,13,App State,Marshall,0.5033529665350266,-0.41887376476177884,margin_predictor,v1,test
401761657,2025,13,Georgia Southern,Old Dominion,0.21446350170605985,-14.023077599932494,margin_predictor,v1,test
401761658,2025,13,South Alabama,Southern Miss,0.3499738552451788,-6.979792402817436,margin_predictor,v1,test
401761659,2025,13,Texas State,UL Monroe,0.8492712637559847,17.37397738622665,margin_predictor,v1,test
401761660,2025,13,Troy,Georgia State,0.8336340513126302,16.15743317033807,margin_predictor,v1,test
401762511,2025,13,UAB,South Florida,0.16942778662967262,-17.04608152825744,margin_predictor,v1,test
401762512,2025,13,Army,Tulsa,0.590493741485712,3.238207006554984,margin_predictor,v1,test
401762513,2025,13,UTSA,East Carolina,0.372507944678337,-5.966648964350885,margin_predictor,v1,test
401762514,2025,13,Rice,North Texas,0.2599502045451719,-11.409357014794068,margin_predictor,v1,test
401762515,2025,13,Temple,Tulane,0.43866673612371915,-3.1154337283957494,margin_predictor,v1,test
401762862,2025,13,Bowling Green,Akron,0.6119779115336511,4.167810783032176,margin_predictor,v1,test
401762863,2025,13,Ohio,Massachusetts,0.9507045337462492,30.13634442208152,margin_predictor,v1,test
401762864,2025,13,Northern Illinois,Western Michigan,0.3921135150665267,-5.105408641118563,margin_predictor,v1,test
401762865,2025,13,Buffalo,Miami (OH),0.6192556168873491,4.486808954550115,margin_predictor,v1,test
401762866,2025,13,Kent State,Central Michigan,0.30707110267406484,-8.999140047043236,margin_predictor,v1,test
401762867,2025,13,Toledo,Ball State,0.9597194190277225,32.328968634469895,margin_predictor,v1,test
401752783,2025,14,Arkansas,Missouri,0.42192500724951626,-3.8238476628334066,margin_predictor,v1,test
401752784,2025,14,Auburn,Alabama,0.4608721689678465,-2.184629544545328,margin_predictor,v1,test
401752785,2025,14,Florida,Florida State,0.3179404601064215,-8.47437081362246,margin_predictor,v1,test
401752786,2025,14,Georgia Tech,Georgia,0.6192055274095881,4.484605567904826,margin_predictor,v1,test
401752787,2025,14,Louisville,Kentucky,0.7871142336451996,13.004508166521576,margin_predictor,v1,test
401752788,2025,14,Mississippi State,Ole Miss,0.29099045240226107,-9.794981434076444,margin_predictor,v1,test
401752789,2025,14,Oklahoma,LSU,0.7778546147334083,12.44017164959151,margin_predictor,v1,test
401752790,2025,14,South Carolina,Clemson,0.5417894420712005,1.1798165437362322,margin_predictor,v1,test
401752791,2025,14,Tennessee,Vanderbilt,0.4176589337152431,-4.005513027447623,margin_predictor,v1,test
401752792,2025,14,Texas,Texas A&M,0.39763142756373826,-4.865892285120599,margin_predictor,v1,test
401752916,2025,14,Nebraska,Iowa,0.5732121972968869,2.5014092913566497,margin_predictor,v1,test
401752917,2025,14,Washington,Oregon,0.38066700310383145,-5.606178036617672,margin_predictor,v1,test
401752918,2025,14,Minnesota,Wisconsin,0.7418624529137477,10.391343267314687,margin_predictor,v1,test
401752919,2025,14,USC,UCLA,0.9159888493113385,24.2210733940448,margin_predictor,v1,test
401752920,2025,14,Rutgers,Penn State,0.2189248976638625,-13.750454229975547,margin_predictor,v1,test
401752921,2025,14,Michigan,Ohio State,0.3378005909170568,-7.539427870744687,margin_predictor,v1,test
401752922,2025,14,Illinois,Northwestern,0.733241002488798,9.929352912258945,margin_predictor,v1,test
401752923,2025,14,Michigan State,Maryland,0.499085999691415,-0.5959022481312441,margin_predictor,v1,test
401752924,2025,14,Purdue,Indiana,0.0375707699201262,-34.1965101623209,margin_predictor,v1,test
401752946,2025,14,Washington State,Oregon State,0.744705730789976,10.545894969203836,margin_predictor,v1,test
401754608,2025,14,Syracuse,Boston College,0.4960386878938961,-0.7223313991003337,margin_predictor,v1,test
401754609,2025,14,California,SMU,0.31811876895113933,-8.46584376997633,margin_predictor,v1,test
401754610,2025,14,Duke,Wake Forest,0.5621508718849185,2.0339146074692565,margin_predictor,v1,test
401754611,2025,14,Pittsburgh,Miami,0.4481169876545926,-2.7182617999528507,margin_predictor,v1,test
401754612,2025,14,NC State,North Carolina,0.6210527775088519,4.565938589553469,margin_predictor,v1,test
401754613,2025,14,Virginia,Virginia Tech,0.7884111069721896,13.084960777573578,margin_predictor,v1,test
401754614,2025,14,Stanford,Notre Dame,0.14110736097747262,-19.29092370399995,margin_predictor,v1,test
401756961,2025,14,Arizona State,Arizona,0.41449474216355736,-4.140593900289499,margin_predictor,v1,test
401756962,2025,14,Baylor,Houston,0.3706030880718816,-6.0512607864838674,margin_predictor,v1,test
401756963,2025,14,BYU,UCF,0.7851144117079111,12.881145109502182,margin_predictor,v1,test
401756964,2025,14,Kansas,Utah,0.2778113593147109,-10.466723517463938,margin_predictor,v1,test
401756965,2025,14,Kansas State,Colorado,0.7223960743380855,9.361484506666802,margin_predictor,v1,test
401756966,2025,14,Oklahoma State,Iowa State,0.15845420101855298,-17.876734062527888,margin_predictor,v1,test
401756967,2025,14,TCU,Cincinnati,0.5310797298435035,0.733106492528039,margin_predictor,v1,test
401756968,2025,14,West Virginia,Texas Tech,0.07976318132420224,-25.923200380581328,margin_predictor,v1,test
401757310,2025,14,Delaware,UTEP,0.6256196622765982,4.767685339931388,margin_predictor,v1,test
401757311,2025,14,Sam Houston,Florida International,0.24690999439783404,-12.12432887031742,margin_predictor,v1,test
401757312,2025,14,Jacksonville State,Western Kentucky,0.4563104929413967,-2.3751910516648893,margin_predictor,v1,test
401757313,2025,14,Liberty,Kennesaw State,0.516475648464589,0.12580071924068204,margin_predictor,v1,test
401757314,2025,14,Missouri State,Louisiana Tech,0.5250884628764922,0.4837533081631129,margin_predictor,v1,test
401757315,2025,14,New Mexico State,Middle Tennessee,0.5773626125282693,2.6775959422394666,margin_predictor,v1,test
401760421,2025,14,Colorado State,Air Force,0.36212642346891005,-6.430004389188937,margin_predictor,v1,test
401760422,2025,14,Utah State,Boise State,0.49145466307241004,-0.9125428254482388,margin_predictor,v1,test
401760423,2025,14,San José State,Fresno State,0.3153777119571154,-8.597210019835257,margin_predictor,v1,test
401760424,2025,14,Hawai'i,Wyoming,0.7704983347539095,12.003717888246472,margin_predictor,v1,test
401760425,2025,14,Nevada,UNLV,0.27657608968991254,-10.530669854537937,margin_predictor,v1,test
401760426,2025,14,New Mexico,San Diego State,0.4924727038114257,-0.87029579627559,margin_predictor,v1,test
401761661,2025,14,App State,Arkansas State,0.5906378706275056,3.244389420308602,margin_predictor,v1,test
401761662,2025,14,Coastal Carolina,James Madison,0.06012063681906098,-29.07449039528261,margin_predictor,v1,test
401761663,2025,14,Marshall,Georgia Southern,0.8247108503056967,15.50391270480185,margin_predictor,v1,test
401761664,2025,14,Old Dominion,Georgia State,0.9308978487241033,26.414825676137717,margin_predictor,v1,test
401761665,2025,14,Louisiana,UL Monroe,0.6879115272341287,7.639699218043861,margin_predictor,v1,test
401761666,2025,14,Southern Miss,Troy,0.6852800279840517,7.512858740795986,margin_predictor,v1,test
401761667,2025,14,Texas State,South Alabama,0.7573666869451504,11.248321630674335,margin_predictor,v1,test
401762441,2025,14,UTSA,Army,0.7847432040843833,12.858338373670641,margin_predictor,v1,test
401762442,2025,14,North Texas,Temple,0.8694578621627816,19.108958350819734,margin_predictor,v1,test
401762516,2025,14,Memphis,Navy,0.750228361787146,10.84935956048782,margin_predictor,v1,test
401762517,2025,14,Tulsa,UAB,0.7251889725613034,9.506384072438859,margin_predictor,v1,test
401762518,2025,14,Tulane,Charlotte,0.9459942777596508,29.138310674894285,margin_predictor,v1,test
401762519,2025,14,Florida Atlantic,East Carolina,0.23767126955718582,-12.646331396122084,margin_predictor,v1,test
401762520,2025,14,South Florida,Rice,0.882428219511498,20.347930537920085,margin_predictor,v1,test
401762868,2025,14,Massachusetts,Bowling Green,0.15203605420958588,-18.384393215771787,margin_predictor,v1,test
401762869,2025,14,Eastern Michigan,Western Michigan,0.3594579753600022,-6.550015020220137,margin_predictor,v1,test
401762870,2025,14,Buffalo,Ohio,0.527241012976836,0.5733028775196964,margin_predictor,v1,test
401762871,2025,14,Northern Illinois,Kent State,0.6498392925195617,5.855309421816351,margin_predictor,v1,test
401762872,2025,14,Central Michigan,Toledo,0.1875782937751556,-15.761366600422983,margin_predictor,v1,test
401762875,2025,14,Miami (OH),Ball State,0.8617035513419214,18.41754560855907,margin_predictor,v1,test
401777324,2025,15,Tulane,North Texas,0.4877390339768026,-1.0667629561886507,margin_predictor,v1,test
401777325,2025,15,Jacksonville State,Kennesaw State,0.6565277410336661,6.161547520667337,margin_predictor,v1,test
401777326,2025,15,Boise State,UNLV,0.5779737781290756,2.7035787085644296,margin_predictor,v1,test
401777327,2025,15,Texas Tech,BYU,0.7798088287440601,12.55784187205221,margin_predictor,v1,test
401777328,2025,15,Virginia,Duke,0.678350907150161,7.18157220640795,margin_predictor,v1,test
401777329,2025,15,Western Michigan,Miami (OH),0.5353990276219337,0.9131005445252574,margin_predictor,v1,test
401777351,2025,15,Alabama,Georgia,0.5982204125016977,3.5706139106675834,margin_predictor,v1,test
401777352,2025,15,James Madison,Troy,0.9396821067742097,27.922373749497652,margin_predictor,v1,test
401777353,2025,15,Ohio State,Indiana,0.46725000014585716,-1.9186505820584578,margin_predictor,v1,test
401762521,2025,16,Navy,Army,0.7820953138321373,12.696474883986378,margin_predictor,v1,test
