game_id,season,week,home_team,away_team,p_home_win,predicted_margin,model_name,model_version,split
401520250,2023,4,Alabama,Ole Miss,0.4312299021461901,-2.759444715897422,margin_predictor,v2,val
401520251,2023,4,Florida,Charlotte,0.9390929999782219,23.64729399104716,margin_predictor,v2,val
401520252,2023,4,Georgia,UAB,0.9336651147705073,22.848145020266138,margin_predictor,v2,val
401520253,2023,4,Hawai'i,New Mexico State,0.29663068158584593,-7.901228986315779,margin_predictor,v2,val
401520254,2023,4,Houston,Sam Houston,0.7613254385426347,9.835512957210332,margin_predictor,v2,val
401520255,2023,4,Illinois,Florida Atlantic,0.8317515488300219,13.676182723270141,margin_predictor,v2,val
401520256,2023,4,Indiana,Akron,0.8531450833785591,15.090950618328407,margin_predictor,v2,val
401520257,2023,4,Jacksonville State,Eastern Michigan,0.8783427214997764,16.996194390436003,margin_predictor,v2,val
401520258,2023,4,LSU,Arkansas,0.7637409452446384,9.952449824787573,margin_predictor,v2,val
401520259,2023,4,Missouri,Memphis,0.5509200839617351,1.4589680592618581,margin_predictor,v2,val
401520260,2023,4,Michigan,Rutgers,0.8890656041400056,17.911392671880723,margin_predictor,v2,val
401520261,2023,4,Michigan State,Maryland,0.3983836613956649,-3.9460948013859896,margin_predictor,v2,val
401520262,2023,4,Middle Tennessee,Colorado State,0.6374607873503985,4.614479196070708,margin_predictor,v2,val
401520263,2023,4,Nebraska,Louisiana Tech,0.8554231948635194,15.25137683194181,margin_predictor,v2,val
401520264,2023,4,Northwestern,Minnesota,0.3648008078849456,-5.194223323566467,margin_predictor,v2,val
401520265,2023,4,Penn State,Iowa,0.7944924881648833,11.520874596820743,margin_predictor,v2,val
401520266,2023,4,Purdue,Wisconsin,0.38496467298148085,-4.439829066615738,margin_predictor,v2,val
401520267,2023,4,South Carolina,Mississippi State,0.5315440467059525,0.7748255888409421,margin_predictor,v2,val
401520268,2023,4,Syracuse,Army,0.8663558206757787,16.051971138100452,margin_predictor,v2,val
401520269,2023,4,Tennessee,UTSA,0.7799896413161997,10.761607258569255,margin_predictor,v2,val
401520270,2023,4,Texas A&M,Auburn,0.6814028441393721,6.331443148914136,margin_predictor,v2,val
401520271,2023,4,Troy,Western Kentucky,0.7203814187640957,7.963044242833767,margin_predictor,v2,val
401520272,2023,4,UConn,Duke,0.11074217003683762,-18.59390456394218,margin_predictor,v2,val
401520273,2023,4,UTEP,UNLV,0.536061780670205,0.9339640359361336,margin_predictor,v2,val
401520274,2023,4,Vanderbilt,Kentucky,0.2950547941877303,-7.967541779081346,margin_predictor,v2,val
401520275,2023,4,Florida International,Liberty,0.144254423851304,-15.939662320314767,margin_predictor,v2,val
401521330,2023,4,Notre Dame,Ohio State,0.5173608928381301,0.27628082710932444,margin_predictor,v2,val
401524014,2023,4,Arizona State,USC,0.046707915761456456,-26.77105895237231,margin_predictor,v2,val
401524015,2023,4,Oregon,Colorado,0.9096200455942441,19.90804812790484,margin_predictor,v2,val
401524016,2023,4,Stanford,Arizona,0.22656333462722697,-11.095782208684371,margin_predictor,v2,val
401524017,2023,4,Utah,UCLA,0.3716017141118266,-4.937943721721725,margin_predictor,v2,val
401524018,2023,4,Washington,California,0.8715012811484548,16.448050899619783,margin_predictor,v2,val
401524019,2023,4,Washington State,Oregon State,0.38611568476670627,-4.397237970429114,margin_predictor,v2,val
401525505,2023,4,Virginia,NC State,0.19265240696784477,-12.89323032136373,margin_predictor,v2,val
401525506,2023,4,Louisville,Boston College,0.9286188072679958,22.157927037400057,margin_predictor,v2,val
401525507,2023,4,Clemson,Florida State,0.4183592520980188,-3.2212163923580728,margin_predictor,v2,val
401525508,2023,4,Wake Forest,Georgia Tech,0.7375239940761152,8.723798821641143,margin_predictor,v2,val
401525509,2023,4,Temple,Miami,0.11557323156051186,-18.171846090003548,margin_predictor,v2,val
401525510,2023,4,Pittsburgh,North Carolina,0.43584818384592533,-2.594595256299589,margin_predictor,v2,val
401525511,2023,4,Marshall,Virginia Tech,0.7895758502412066,11.259206623481354,margin_predictor,v2,val
401525844,2023,4,Baylor,Texas,0.11014232799820084,-18.64742632507053,margin_predictor,v2,val
401525845,2023,4,Cincinnati,Oklahoma,0.12928712916691,-17.05191108421649,margin_predictor,v2,val
401525846,2023,4,Iowa State,Oklahoma State,0.7075092719852105,7.4104649184521705,margin_predictor,v2,val
401525847,2023,4,Kansas,BYU,0.6758008676519478,6.10628220369645,margin_predictor,v2,val
401525848,2023,4,Kansas State,UCF,0.5580932788520524,1.7135188721179258,margin_predictor,v2,val
401525849,2023,4,TCU,SMU,0.5000073604842472,-0.3324488990046537,margin_predictor,v2,val
401525850,2023,4,West Virginia,Texas Tech,0.6125279634710811,3.681695053002477,margin_predictor,v2,val
401526835,2023,4,Massachusetts,New Mexico,0.5102499348872036,0.026747475952344946,margin_predictor,v2,val
401531338,2023,4,Northern Illinois,Tulsa,0.4533894117617139,-1.9718215412520501,margin_predictor,v2,val
401531423,2023,4,South Florida,Rice,0.3473689050243032,-5.8607689735727355,margin_predictor,v2,val
401531849,2023,4,Coastal Carolina,Georgia State,0.6685826923107508,5.819118537288877,margin_predictor,v2,val
401531870,2023,4,Wyoming,App State,0.5713054035275055,2.1847082008727274,margin_predictor,v2,val
401531871,2023,4,Ball State,Georgia Southern,0.5432884276122615,1.1889696409320543,margin_predictor,v2,val
401531872,2023,4,Utah State,James Madison,0.4501489747356377,-2.0865119403894794,margin_predictor,v2,val
401531874,2023,4,Arkansas State,Southern Miss,0.511149479755464,0.05830361042948207,margin_predictor,v2,val
401531875,2023,4,Louisiana,Buffalo,0.9294293120761952,22.26567865548143,margin_predictor,v2,val
401531876,2023,4,South Alabama,Central Michigan,0.9278492956958699,22.056665380553728,margin_predictor,v2,val
401531877,2023,4,Texas State,Nevada,0.9565596866701918,26.77140241282726,margin_predictor,v2,val
401532405,2023,4,Bowling Green,Ohio,0.38866267805772814,-4.303157650298225,margin_predictor,v2,val
401532406,2023,4,Toledo,Western Michigan,0.8918703010478439,18.163479145031072,margin_predictor,v2,val
401532407,2023,4,Fresno State,Kent State,0.8127528657948374,12.535775328107635,margin_predictor,v2,val
401532583,2023,4,San Diego State,Boise State,0.4142237017838639,-3.37040804709761,margin_predictor,v2,val
401532584,2023,4,San José State,Air Force,0.3262174126462155,-6.691074260017174,margin_predictor,v2,val
401520276,2023,5,Sam Houston,Jacksonville State,0.21861952360695464,-11.498230193364341,margin_predictor,v2,val
401520277,2023,5,Western Kentucky,Middle Tennessee,0.6181161786891431,3.88865254093026,margin_predictor,v2,val
401520278,2023,5,UTEP,Louisiana Tech,0.4555026669138904,-1.8971019462372554,margin_predictor,v2,val
401520279,2023,5,Arkansas,Texas A&M,0.3385119051174919,-6.205343584839358,margin_predictor,v2,val
401520280,2023,5,Auburn,Georgia,0.2519435010970068,-9.872524079172921,margin_predictor,v2,val
401520281,2023,5,Iowa,Michigan State,0.7428930422524052,8.968554168108298,margin_predictor,v2,val
401520282,2023,5,Kentucky,Florida,0.4455924891689775,-2.2480376486553637,margin_predictor,v2,val
401520283,2023,5,Maryland,Indiana,0.7939069808174443,11.489472485222262,margin_predictor,v2,val
401520284,2023,5,Minnesota,Louisiana,0.7827519124425689,10.903352169590223,margin_predictor,v2,val
401520285,2023,5,Mississippi State,Alabama,0.24249225878755282,-10.317752516733497,margin_predictor,v2,val
401520286,2023,5,Nebraska,Michigan,0.17935396261398415,-13.663445656943335,margin_predictor,v2,val
401520287,2023,5,Northwestern,Penn State,0.10494071908036912,-19.12259865609808,margin_predictor,v2,val
401520288,2023,5,Ole Miss,LSU,0.6264168638876185,4.198228532505824,margin_predictor,v2,val
401520289,2023,5,Purdue,Illinois,0.6207370447089962,3.9861110556623918,margin_predictor,v2,val
401520291,2023,5,Tennessee,South Carolina,0.8006030744500597,11.852640914412936,margin_predictor,v2,val
401520292,2023,5,UConn,Utah State,0.3351145961861545,-6.338669547596135,margin_predictor,v2,val
401520293,2023,5,Vanderbilt,Missouri,0.20981427496522959,-11.956832439305519,margin_predictor,v2,val
401524020,2023,5,Oregon State,Utah,0.6693856971176493,5.850905984463536,margin_predictor,v2,val
401524021,2023,5,Arizona,Washington,0.22348856522453078,-11.250343268279563,margin_predictor,v2,val
401524022,2023,5,California,Arizona State,0.8334929773917036,13.785720816291809,margin_predictor,v2,val
401524023,2023,5,Colorado,USC,0.17747501604865512,-13.775812143920643,margin_predictor,v2,val
401524024,2023,5,Stanford,Oregon,0.03355164401835536,-29.791249934625757,margin_predictor,v2,val
401525438,2023,5,Duke,Notre Dame,0.3903516681283958,-4.240894150397725,margin_predictor,v2,val
401525512,2023,5,NC State,Louisville,0.42284239534823287,-3.059951492048691,margin_predictor,v2,val
401525513,2023,5,Boston College,Virginia,0.5532722221010176,1.5423488655753705,margin_predictor,v2,val
401525514,2023,5,Syracuse,Clemson,0.6855236391878837,6.498416916259947,margin_predictor,v2,val
401525515,2023,5,Georgia Tech,Bowling Green,0.8116990359640889,12.475204860344833,margin_predictor,v2,val
401525516,2023,5,Virginia Tech,Pittsburgh,0.3814153277401974,-4.571468796064718,margin_predictor,v2,val
401525851,2023,5,BYU,Cincinnati,0.3661110952406639,-5.14469290220276,margin_predictor,v2,val
401525852,2023,5,Oklahoma,Iowa State,0.962559362419477,28.129114910229323,margin_predictor,v2,val
401525853,2023,5,TCU,West Virginia,0.6353067288489965,4.5328777176770885,margin_predictor,v2,val
401525854,2023,5,Texas,Kansas,0.8046462416526257,12.076374207130225,margin_predictor,v2,val
401525855,2023,5,Texas Tech,Houston,0.6604721484190123,5.5001867207347654,margin_predictor,v2,val
401525856,2023,5,UCF,Baylor,0.8990993114253635,18.840806331216655,margin_predictor,v2,val
401526836,2023,5,Massachusetts,Arkansas State,0.555046405013021,1.6052975233893494,margin_predictor,v2,val
401531339,2023,5,Tulsa,Temple,0.7502803567869089,9.310850884662177,margin_predictor,v2,val
401531370,2023,5,Tulane,UAB,0.8481374573189294,14.745416001494409,margin_predictor,v2,val
401531404,2023,5,SMU,Charlotte,0.8890823958703157,17.91288521237757,margin_predictor,v2,val
401531414,2023,5,Rice,East Carolina,0.6134009696202672,3.7139527412634576,margin_predictor,v2,val
401531424,2023,5,Navy,South Florida,0.6050357646763691,3.405929022913161,margin_predictor,v2,val
401531429,2023,5,Memphis,Boise State,0.6870840240743047,6.561951283019525,margin_predictor,v2,val
401531878,2023,5,Georgia Southern,Coastal Carolina,0.5565773012996735,1.6596542500697975,margin_predictor,v2,val
401531879,2023,5,Georgia State,Troy,0.6899059747734023,6.677293362857572,margin_predictor,v2,val
401531880,2023,5,James Madison,South Alabama,0.6551258589818446,5.291983928361352,margin_predictor,v2,val
401531881,2023,5,Marshall,Old Dominion,0.8139384894596706,12.604235310276628,margin_predictor,v2,val
401531882,2023,5,UL Monroe,App State,0.4398736296409378,-2.451231791274133,margin_predictor,v2,val
401531883,2023,5,Southern Miss,Texas State,0.219728756871013,-11.441412701305499,margin_predictor,v2,val
401532409,2023,5,Western Michigan,Ball State,0.5173376365528265,0.27546438485480484,margin_predictor,v2,val
401532410,2023,5,Central Michigan,Eastern Michigan,0.6989213383914045,7.049733714187626,margin_predictor,v2,val
401532411,2023,5,Toledo,Northern Illinois,0.9123169183903013,20.19955282034495,margin_predictor,v2,val
401532412,2023,5,Akron,Buffalo,0.6820993404005391,6.3595834079168085,margin_predictor,v2,val
401532413,2023,5,Kent State,Miami (OH),0.2466264286852026,-10.12159104136453,margin_predictor,v2,val
401532586,2023,5,UNLV,Hawai'i,0.8173219348859553,12.801472182496571,margin_predictor,v2,val
401532587,2023,5,Fresno State,Nevada,0.9553991947327918,26.529653793158936,margin_predictor,v2,val
401532588,2023,5,Wyoming,New Mexico,0.7629003074957089,9.911660757672546,margin_predictor,v2,val
401532589,2023,5,Air Force,San Diego State,0.9068673529701984,19.618479851407375,margin_predictor,v2,val
401520294,2023,6,Middle Tennessee,Jacksonville State,0.33037777969457516,-6.525690318744179,margin_predictor,v2,val
401520295,2023,6,Louisiana Tech,Western Kentucky,0.41251143589428246,-3.4323052697365832,margin_predictor,v2,val
401520296,2023,6,Liberty,Sam Houston,0.9509689148559459,25.658746752970938,margin_predictor,v2,val
401520297,2023,6,New Mexico State,Florida International,0.8384693079282466,14.10388329002163,margin_predictor,v2,val
401520298,2023,6,Army,Boston College,0.8025458253579252,11.959714025100112,margin_predictor,v2,val
401520299,2023,6,Florida,Vanderbilt,0.8840863847213881,17.47727823498324,margin_predictor,v2,val
401520300,2023,6,Georgia,Kentucky,0.6773632309366829,6.168871490265431,margin_predictor,v2,val
401520301,2023,6,Illinois,Nebraska,0.4831682203430122,-0.92312023912906,margin_predictor,v2,val
401520302,2023,6,Iowa,Purdue,0.5513269000420856,1.4733833786980561,margin_predictor,v2,val
401520303,2023,6,Minnesota,Michigan,0.14930039459771827,-15.586428900565586,margin_predictor,v2,val
401520304,2023,6,Mississippi State,Western Michigan,0.8689483511525287,16.24988453000457,margin_predictor,v2,val
401520305,2023,6,Missouri,LSU,0.47097034861679704,-1.3517498373873926,margin_predictor,v2,val
401520307,2023,6,Ohio State,Maryland,0.810469086551579,12.404839976270472,margin_predictor,v2,val
401520308,2023,6,Ole Miss,Arkansas,0.8165300382141979,12.755056835851153,margin_predictor,v2,val
401520309,2023,6,Rice,UConn,0.7982188071047889,11.722299116083686,margin_predictor,v2,val
401520310,2023,6,Texas A&M,Alabama,0.5669713284897954,2.0297745828165885,margin_predictor,v2,val
401520311,2023,6,Wisconsin,Rutgers,0.782219346610089,10.875923099550274,margin_predictor,v2,val
401524025,2023,6,USC,Arizona,0.8635730845915853,15.8431180357747,margin_predictor,v2,val
401524026,2023,6,Arizona State,Colorado,0.2598864551108457,-9.506851229869152,margin_predictor,v2,val
401524027,2023,6,California,Oregon State,0.15285008155612756,-15.343797749105384,margin_predictor,v2,val
401524028,2023,6,UCLA,Washington State,0.6494818383709744,5.073837621771258,margin_predictor,v2,val
401525439,2023,6,Louisville,Notre Dame,0.39340036199178935,-4.128750000225137,margin_predictor,v2,val
401525517,2023,6,Clemson,Wake Forest,0.8783749993803446,16.99884261299514,margin_predictor,v2,val
401525518,2023,6,Florida State,Virginia Tech,0.8813411262384718,17.244824918521456,margin_predictor,v2,val
401525519,2023,6,Miami,Georgia Tech,0.9327439323086764,22.71859719269532,margin_predictor,v2,val
401525520,2023,6,North Carolina,Syracuse,0.3609009688613455,-5.342094149520214,margin_predictor,v2,val
401525521,2023,6,NC State,Marshall,0.7481523067983252,9.21156687692204,margin_predictor,v2,val
401525857,2023,6,Oklahoma State,Kansas State,0.0909063546964889,-20.517479921438746,margin_predictor,v2,val
401525858,2023,6,Baylor,Texas Tech,0.37777681902470583,-4.7069040232880255,margin_predictor,v2,val
401525859,2023,6,Iowa State,TCU,0.3740916141789954,-4.844600867121571,margin_predictor,v2,val
401525860,2023,6,Kansas,UCF,0.581865637059386,2.5639045448307898,margin_predictor,v2,val
401525861,2023,6,Texas,Oklahoma,0.46222625956007646,-1.6597353420431094,margin_predictor,v2,val
401526837,2023,6,Massachusetts,Toledo,0.14256636274519377,-16.06012180099122,margin_predictor,v2,val
401531340,2023,6,Florida Atlantic,Tulsa,0.4861708495479121,-0.8177365467584123,margin_predictor,v2,val
401531380,2023,6,UAB,South Florida,0.4683603150729603,-1.4436064669575734,margin_predictor,v2,val
401531389,2023,6,Temple,UTSA,0.21557133434238046,-11.655443774755177,margin_predictor,v2,val
401531433,2023,6,Navy,North Texas,0.7902810684703461,11.296460443467481,margin_predictor,v2,val
401531884,2023,6,Louisiana,Texas State,0.542214545680059,1.1510376778025144,margin_predictor,v2,val
401531885,2023,6,UL Monroe,South Alabama,0.3742484582167835,-4.838729427552186,margin_predictor,v2,val
401531886,2023,6,Southern Miss,Old Dominion,0.472673257949809,-1.2918486527248123,margin_predictor,v2,val
401531887,2023,6,Troy,Arkansas State,0.8617990885264658,15.711839875811691,margin_predictor,v2,val
401532414,2023,6,Eastern Michigan,Ball State,0.4196081526565969,-3.1762441433216453,margin_predictor,v2,val
401532415,2023,6,Buffalo,Central Michigan,0.4247421491361221,-2.9917541061068396,margin_predictor,v2,val
401532416,2023,6,Miami (OH),Bowling Green,0.7575293906030744,9.65337172176603,margin_predictor,v2,val
401532417,2023,6,Ohio,Kent State,0.8636942564302007,15.852137213411785,margin_predictor,v2,val
401532418,2023,6,Akron,Northern Illinois,0.5914516061874159,2.910449063732645,margin_predictor,v2,val
401532590,2023,6,Utah State,Colorado State,0.6642899582351833,5.649839568148672,margin_predictor,v2,val
401532591,2023,6,Wyoming,Fresno State,0.37959929471171994,-4.639003517939239,margin_predictor,v2,val
401532592,2023,6,Boise State,San José State,0.6013700031135365,3.2716721197435676,margin_predictor,v2,val
401520312,2023,7,Jacksonville State,Liberty,0.3761834250690678,-4.766375022887276,margin_predictor,v2,val
401520313,2023,7,Middle Tennessee,Louisiana Tech,0.5945120531224773,3.021605140715156,margin_predictor,v2,val
401520314,2023,7,Florida International,UTEP,0.5139745912944934,0.15742626078608923,margin_predictor,v2,val
401520315,2023,7,New Mexico State,Sam Houston,0.7669471760802866,10.10894962032107,margin_predictor,v2,val
401520316,2023,7,Alabama,Arkansas,0.8760052757011403,16.80600821287928,margin_predictor,v2,val
401520317,2023,7,Army,Troy,0.33595041672180226,-6.30580657838507,margin_predictor,v2,val
401520318,2023,7,Kentucky,Missouri,0.5176922917449173,0.2879153069276952,margin_predictor,v2,val
401520319,2023,7,LSU,Auburn,0.812244607196645,12.506529764518937,margin_predictor,v2,val
401520320,2023,7,Maryland,Illinois,0.8274383525129294,13.408714615778209,margin_predictor,v2,val
401520321,2023,7,Michigan,Indiana,0.977870008271222,32.876819876133254,margin_predictor,v2,val
401520322,2023,7,Penn State,Massachusetts,0.9900867220110466,40.02527708014072,margin_predictor,v2,val
401520323,2023,7,Purdue,Ohio State,0.17695411457070984,-13.807128539881734,margin_predictor,v2,val
401520324,2023,7,Rutgers,Michigan State,0.6866601681428953,6.544676102062478,margin_predictor,v2,val
401520325,2023,7,South Carolina,Florida,0.3954921367233045,-4.051982551997613,margin_predictor,v2,val
401520326,2023,7,Tennessee,Texas A&M,0.49566954982869776,-0.48455385275776797,margin_predictor,v2,val
401520327,2023,7,Vanderbilt,Georgia,0.06453440706792579,-23.771664921365105,margin_predictor,v2,val
401520328,2023,7,Wisconsin,Iowa,0.7463486107522184,9.127850552479742,margin_predictor,v2,val
401524029,2023,7,Colorado,Stanford,0.8238883238380147,13.192515169782514,margin_predictor,v2,val
401524030,2023,7,Washington State,Arizona,0.6902306968503938,6.690602678740875,margin_predictor,v2,val
401524031,2023,7,Notre Dame,USC,0.652930235882839,5.2069242855281,margin_predictor,v2,val
401524032,2023,7,Oregon State,UCLA,0.583211889971667,2.6124320434472477,margin_predictor,v2,val
401524033,2023,7,Utah,California,0.8332691292128354,13.771589339554717,margin_predictor,v2,val
401524034,2023,7,Washington,Oregon,0.3523010169001014,-5.67068152638028,margin_predictor,v2,val
401525523,2023,7,Duke,NC State,0.6473621347845603,4.992329925528264,margin_predictor,v2,val
401525524,2023,7,Florida State,Syracuse,0.6129695032189343,3.6980066509083263,margin_predictor,v2,val
401525525,2023,7,Pittsburgh,Louisville,0.2597703907206305,-9.512141549027234,margin_predictor,v2,val
401525526,2023,7,North Carolina,Miami,0.4607208984107771,-1.7128346816403037,margin_predictor,v2,val
401525527,2023,7,Virginia Tech,Wake Forest,0.5385550613155529,1.0218781863153317,margin_predictor,v2,val
401525862,2023,7,Houston,West Virginia,0.43888771665159304,-2.486317613554936,margin_predictor,v2,val
401525863,2023,7,Cincinnati,Iowa State,0.7320762117143375,8.478728413271883,margin_predictor,v2,val
401525864,2023,7,Oklahoma State,Kansas,0.20108643305234752,-12.425574232006989,margin_predictor,v2,val
401525865,2023,7,TCU,BYU,0.6556521045552194,5.312408932776883,margin_predictor,v2,val
401525866,2023,7,Texas Tech,Kansas State,0.42563933192177533,-2.9595748912537236,margin_predictor,v2,val
401531371,2023,7,Memphis,Tulane,0.3094205977309117,-7.370317535829216,margin_predictor,v2,val
401531381,2023,7,UTSA,UAB,0.725542476475744,8.188933396207387,margin_predictor,v2,val
401531390,2023,7,North Texas,Temple,0.5646551872500724,1.9471292861905285,margin_predictor,v2,val
401531405,2023,7,Charlotte,Navy,0.6763515236907398,6.128323843976641,margin_predictor,v2,val
401531415,2023,7,East Carolina,SMU,0.22765027871735666,-11.041499668303203,margin_predictor,v2,val
401531420,2023,7,South Florida,Florida Atlantic,0.5434534276891242,1.1947990714304777,margin_predictor,v2,val
401531888,2023,7,App State,Coastal Carolina,0.45625024015391513,-1.8706832680281003,margin_predictor,v2,val
401531889,2023,7,Georgia State,Marshall,0.701451619657525,7.155393018477886,margin_predictor,v2,val
401531890,2023,7,James Madison,Georgia Southern,0.6895937421805387,6.6645031848229745,margin_predictor,v2,val
401531891,2023,7,Texas State,UL Monroe,0.8302514939180194,13.582550169664502,margin_predictor,v2,val
401532419,2023,7,Ball State,Toledo,0.21914627906365428,-11.471222769275482,margin_predictor,v2,val
401532420,2023,7,Central Michigan,Akron,0.7799938842510029,10.76182399870238,margin_predictor,v2,val
401532421,2023,7,Buffalo,Bowling Green,0.3896677108625026,-4.266096013886536,margin_predictor,v2,val
401532422,2023,7,Eastern Michigan,Kent State,0.49826948032045987,-0.39338623710589316,margin_predictor,v2,val
401532423,2023,7,Western Michigan,Miami (OH),0.2081843482750546,-12.043259563511674,margin_predictor,v2,val
401532424,2023,7,Northern Illinois,Ohio,0.30501386369190164,-7.5518196701165134,margin_predictor,v2,val
401532593,2023,7,Colorado State,Boise State,0.34253442753684993,-6.048322493987062,margin_predictor,v2,val
401532594,2023,7,Utah State,Fresno State,0.3790602575943211,-4.659073307376255,margin_predictor,v2,val
401532595,2023,7,Hawai'i,San Diego State,0.4481406248919538,-2.1576690152951232,margin_predictor,v2,val
401532596,2023,7,New Mexico,San José State,0.34289385130072936,-6.03433556274009,margin_predictor,v2,val
401532597,2023,7,Nevada,UNLV,0.1703101709192623,-14.21307479290882,margin_predictor,v2,val
401532598,2023,7,Air Force,Wyoming,0.8431900668434559,14.413105445078303,margin_predictor,v2,val
401520329,2023,8,Jacksonville State,Western Kentucky,0.6414929741276925,4.767795387388242,margin_predictor,v2,val
401520330,2023,8,Liberty,Middle Tennessee,0.8993999665525253,18.86989634696808,margin_predictor,v2,val
401520331,2023,8,Sam Houston,Florida International,0.6383940035170491,4.649896659231663,margin_predictor,v2,val
401520332,2023,8,UTEP,New Mexico State,0.34518514524480914,-5.945333934469064,margin_predictor,v2,val
401520333,2023,8,Alabama,Tennessee,0.6936975910569781,6.833183500401608,margin_predictor,v2,val
401520334,2023,8,Arkansas,Mississippi State,0.6702428381408043,5.884879594834981,margin_predictor,v2,val
401520335,2023,8,Auburn,Ole Miss,0.18182906133764973,-13.516822590192508,margin_predictor,v2,val
401520336,2023,8,Illinois,Wisconsin,0.2681002215275386,-9.13625879560686,margin_predictor,v2,val
401520337,2023,8,Indiana,Rutgers,0.3835543088499001,-4.492082067026091,margin_predictor,v2,val
401520338,2023,8,Iowa,Minnesota,0.6511993385610203,5.140046053793874,margin_predictor,v2,val
401520339,2023,8,LSU,Army,0.939257408726649,23.672522979038042,margin_predictor,v2,val
401520340,2023,8,Michigan State,Michigan,0.05224078836161567,-25.738679045957465,margin_predictor,v2,val
401520341,2023,8,Missouri,South Carolina,0.761860799467161,9.861359767182273,margin_predictor,v2,val
401520342,2023,8,Nebraska,Northwestern,0.7634086996779953,9.936316797736673,margin_predictor,v2,val
401520343,2023,8,Ohio State,Penn State,0.5403707846148496,1.0859439330078238,margin_predictor,v2,val
401520344,2023,8,UConn,South Florida,0.5928425576322612,2.960936238466296,margin_predictor,v2,val
401524035,2023,8,Oregon,Washington State,0.92977488495246,22.311968485386227,margin_predictor,v2,val
401524036,2023,8,Stanford,UCLA,0.12106460597192571,-17.71033069493255,margin_predictor,v2,val
401524037,2023,8,USC,Utah,0.675055632119322,6.076482929011866,margin_predictor,v2,val
401524038,2023,8,Washington,Arizona State,0.9614290815402053,27.858097605193674,margin_predictor,v2,val
401525528,2023,8,Georgia Tech,Boston College,0.6381862641294807,4.642009105978699,margin_predictor,v2,val
401525529,2023,8,Miami,Clemson,0.6052239365930322,3.412832277161903,margin_predictor,v2,val
401525530,2023,8,Florida State,Duke,0.7890947751405077,11.233845896966873,margin_predictor,v2,val
401525531,2023,8,North Carolina,Virginia,0.932057510564303,22.623130520008736,margin_predictor,v2,val
401525532,2023,8,Wake Forest,Pittsburgh,0.5101664240696696,0.023818028405118152,margin_predictor,v2,val
401525867,2023,8,BYU,Texas Tech,0.4062372599655411,-3.659779596964795,margin_predictor,v2,val
401525868,2023,8,Cincinnati,Baylor,0.7794919234263166,10.73620332363487,margin_predictor,v2,val
401525869,2023,8,Houston,Texas,0.14930284882079392,-15.586259515217794,margin_predictor,v2,val
401525870,2023,8,Kansas State,TCU,0.736250392903599,8.666215986691231,margin_predictor,v2,val
401525871,2023,8,Oklahoma,UCF,0.9195580676791243,21.02442683857371,margin_predictor,v2,val
401525872,2023,8,West Virginia,Oklahoma State,0.7206056908420275,7.972806612135152,margin_predictor,v2,val
401531341,2023,8,Tulsa,Rice,0.6722152598372315,5.963229504821266,margin_predictor,v2,val
401531372,2023,8,Tulane,North Texas,0.9459586125726034,24.759544788715314,margin_predictor,v2,val
401531382,2023,8,UAB,Memphis,0.41557731507127976,-3.3215289514826662,margin_predictor,v2,val
401531391,2023,8,Temple,SMU,0.06814644648461629,-23.26035073813578,margin_predictor,v2,val
401531397,2023,8,Florida Atlantic,UTSA,0.4596270232213178,-1.7514352781504319,margin_predictor,v2,val
401531406,2023,8,East Carolina,Charlotte,0.5331753040034436,0.8322646973671795,margin_predictor,v2,val
401531434,2023,8,Navy,Air Force,0.12926128894812094,-17.05392344027194,margin_predictor,v2,val
401531892,2023,8,South Alabama,Southern Miss,0.9169672976722935,20.72182128411303,margin_predictor,v2,val
401531893,2023,8,Marshall,James Madison,0.22976340793972433,-10.93648939273792,margin_predictor,v2,val
401531894,2023,8,Georgia Southern,UL Monroe,0.8292902079081422,13.522892893562933,margin_predictor,v2,val
401531895,2023,8,Old Dominion,App State,0.46504776500184614,-1.5602756499177786,margin_predictor,v2,val
401531896,2023,8,Arkansas State,Coastal Carolina,0.2165307068464735,-11.605790756610494,margin_predictor,v2,val
401531897,2023,8,Louisiana,Georgia State,0.43366534889577074,-2.672460179920741,margin_predictor,v2,val
401532425,2023,8,Ball State,Central Michigan,0.5983720275272814,3.162182305982592,margin_predictor,v2,val
401532426,2023,8,Northern Illinois,Eastern Michigan,0.8571951429121817,15.377617127835558,margin_predictor,v2,val
401532427,2023,8,Miami (OH),Toledo,0.5312523892503959,0.7645584129863612,margin_predictor,v2,val
401532428,2023,8,Ohio,Western Michigan,0.8680775258941746,16.183038591766003,margin_predictor,v2,val
401532429,2023,8,Bowling Green,Akron,0.8586959745379259,15.485567176520451,margin_predictor,v2,val
401532430,2023,8,Kent State,Buffalo,0.49388206293225767,-0.5472372707832682,margin_predictor,v2,val
401532599,2023,8,UNLV,Colorado State,0.7521076530638465,9.396554564601988,margin_predictor,v2,val
401532600,2023,8,New Mexico,Hawai'i,0.5399799789052296,1.0721516598022616,margin_predictor,v2,val
401532601,2023,8,San Diego State,Nevada,0.7748198032298783,10.49970979689391,margin_predictor,v2,val
401532602,2023,8,San José State,Utah State,0.5749877498396381,2.3166505690423698,margin_predictor,v2,val
401520345,2023,9,Louisiana Tech,New Mexico State,0.4363652504540547,-2.5761638373074933,margin_predictor,v2,val
401520346,2023,9,Western Kentucky,Liberty,0.27401337419211824,-8.87390929971518,margin_predictor,v2,val
401520347,2023,9,Florida International,Jacksonville State,0.17938294222109372,-13.661719818418355,margin_predictor,v2,val
401520348,2023,9,Sam Houston,UTEP,0.6198710399406369,3.9538794621824835,margin_predictor,v2,val
401520349,2023,9,Army,Massachusetts,0.828885003017092,13.497825868083934,margin_predictor,v2,val
401520350,2023,9,Auburn,Mississippi State,0.4893483498413506,-0.7062533672171747,margin_predictor,v2,val
401520351,2023,9,Boston College,UConn,0.8427340917006478,14.38291074033859,margin_predictor,v2,val
401520352,2023,9,Florida,Georgia,0.3008998243022621,-7.722598871808623,margin_predictor,v2,val
401520353,2023,9,Kentucky,Tennessee,0.2949464989139419,-7.972106347863077,margin_predictor,v2,val
401520354,2023,9,Minnesota,Michigan State,0.7528270436663445,9.430411432562162,margin_predictor,v2,val
401520355,2023,9,Nebraska,Purdue,0.6045609665654358,3.3885157014764733,margin_predictor,v2,val
401520356,2023,9,Northwestern,Maryland,0.27105134125761776,-9.004876739402377,margin_predictor,v2,val
401520357,2023,9,Ole Miss,Vanderbilt,0.9603992898723047,27.617732353904124,margin_predictor,v2,val
401520358,2023,9,Penn State,Indiana,0.9653496207720189,28.833398974427247,margin_predictor,v2,val
401520359,2023,9,Texas A&M,South Carolina,0.8728000724973468,16.55015769225693,margin_predictor,v2,val
401520360,2023,9,Wisconsin,Ohio State,0.2717494981955713,-8.97392708920009,margin_predictor,v2,val
401524039,2023,9,Arizona,Oregon State,0.39650353758885576,-4.014914980752392,margin_predictor,v2,val
401524040,2023,9,Arizona State,Washington State,0.2869313633508775,-8.312709098151988,margin_predictor,v2,val
401524041,2023,9,California,USC,0.20018900383534996,-12.474625077166356,margin_predictor,v2,val
401524042,2023,9,Stanford,Washington,0.07755143529397407,-22.038137279827165,margin_predictor,v2,val
401524043,2023,9,UCLA,Colorado,0.8373451083834695,14.031324976427253,margin_predictor,v2,val
401524044,2023,9,Utah,Oregon,0.24626236219654535,-10.138775998427462,margin_predictor,v2,val
401525440,2023,9,Notre Dame,Pittsburgh,0.9236753537336605,21.52415205627968,margin_predictor,v2,val
401525533,2023,9,Virginia Tech,Syracuse,0.44533759110564225,-2.257083010053979,margin_predictor,v2,val
401525534,2023,9,NC State,Clemson,0.3066621427904021,-7.483761354703368,margin_predictor,v2,val
401525535,2023,9,Louisville,Duke,0.6567943248441038,5.35679268028465,margin_predictor,v2,val
401525536,2023,9,Wake Forest,Florida State,0.1355285816515872,-16.57555877421061,margin_predictor,v2,val
401525537,2023,9,Georgia Tech,North Carolina,0.24849563528850285,-10.03362657230131,margin_predictor,v2,val
401525538,2023,9,Miami,Virginia,0.9328643936715182,22.7354439753168,margin_predictor,v2,val
401525873,2023,9,Baylor,Iowa State,0.3895262345580428,-4.271311002843255,margin_predictor,v2,val
401525874,2023,9,Kansas,Oklahoma,0.2588623998285683,-9.553581674571923,margin_predictor,v2,val
401525875,2023,9,Kansas State,Houston,0.8768642096405878,16.875534217418405,margin_predictor,v2,val
401525876,2023,9,Oklahoma State,Cincinnati,0.5428338663449358,1.1729117844010344,margin_predictor,v2,val
401525877,2023,9,Texas,BYU,0.9315715872537305,22.55608802370942,margin_predictor,v2,val
401525878,2023,9,UCF,West Virginia,0.7077622886764072,7.421185469815741,margin_predictor,v2,val
401531342,2023,9,SMU,Tulsa,0.9007998430273566,19.006367681223647,margin_predictor,v2,val
401531373,2023,9,Rice,Tulane,0.26023377779415124,-9.4910291000783,margin_predictor,v2,val
401531398,2023,9,UTSA,East Carolina,0.8489419828002984,14.800290640796229,margin_predictor,v2,val
401531407,2023,9,Charlotte,Florida Atlantic,0.5836660398270256,2.62881254048196,margin_predictor,v2,val
401531430,2023,9,North Texas,Memphis,0.27968437604091284,-8.625595135670103,margin_predictor,v2,val
401531898,2023,9,App State,Southern Miss,0.8226755413897541,13.119442206875087,margin_predictor,v2,val
401531899,2023,9,Coastal Carolina,Marshall,0.6756697958070995,6.1010385368208695,margin_predictor,v2,val
401531900,2023,9,James Madison,Old Dominion,0.9066278527585817,19.59365071397224,margin_predictor,v2,val
401531901,2023,9,UL Monroe,Arkansas State,0.5921430462466367,2.9355394709507014,margin_predictor,v2,val
401531902,2023,9,South Alabama,Louisiana,0.7815661195199445,10.84234554456956,margin_predictor,v2,val
401531903,2023,9,Texas State,Troy,0.25646023578095817,-9.663673662845783,margin_predictor,v2,val
401531929,2023,9,Georgia Southern,Georgia State,0.42638447871973145,-2.93286210166432,margin_predictor,v2,val
401532431,2023,9,Eastern Michigan,Western Michigan,0.4066913538057717,-3.643279810434606,margin_predictor,v2,val
401532432,2023,9,Ohio,Miami (OH),0.5818819488199289,2.564492259574873,margin_predictor,v2,val
401532603,2023,9,Colorado State,Air Force,0.08075031202007815,-21.653359729961185,margin_predictor,v2,val
401532604,2023,9,Nevada,New Mexico,0.4672007574860524,-1.4844347911865552,margin_predictor,v2,val
401532605,2023,9,Hawai'i,San José State,0.1661386720473314,-14.474421794418632,margin_predictor,v2,val
401532606,2023,9,Fresno State,UNLV,0.6935303086483813,6.826283241132171,margin_predictor,v2,val
401532607,2023,9,Boise State,Wyoming,0.49055176548186347,-0.6640396807025035,margin_predictor,v2,val
401520361,2023,10,Air Force,Army,0.944594383975329,24.528350228966527,margin_predictor,v2,val
401520362,2023,10,Alabama,LSU,0.599765248301952,3.2130305082640627,margin_predictor,v2,val
401520363,2023,10,Florida,Arkansas,0.6421388471049214,4.7924235701885145,margin_predictor,v2,val
401520364,2023,10,Georgia,Missouri,0.7082089682159404,7.440125008258255,margin_predictor,v2,val
401520365,2023,10,Indiana,Wisconsin,0.2324742188869906,-10.80276502157353,margin_predictor,v2,val
401520366,2023,10,Liberty,Louisiana Tech,0.9056406396724417,19.49190485241887,margin_predictor,v2,val
401520367,2023,10,Maryland,Penn State,0.20102118996037116,-12.429134696284818,margin_predictor,v2,val
401520368,2023,10,Michigan,Purdue,0.9730478255228103,31.105439813331355,margin_predictor,v2,val
401520369,2023,10,Michigan State,Nebraska,0.3773679572107096,-4.722154711456843,margin_predictor,v2,val
401520370,2023,10,Minnesota,Illinois,0.7605097356615164,9.796207847812683,margin_predictor,v2,val
401520371,2023,10,Mississippi State,Kentucky,0.4773485400230069,-1.1275026689930088,margin_predictor,v2,val
401520372,2023,10,New Mexico State,Middle Tennessee,0.7006862102706579,7.123377236889038,margin_predictor,v2,val
401520373,2023,10,Northwestern,Iowa,0.3297854531498238,-6.549171502381039,margin_predictor,v2,val
401520374,2023,10,Ole Miss,Texas A&M,0.6799058683074188,6.271071964492306,margin_predictor,v2,val
401520375,2023,10,Rutgers,Ohio State,0.10277359191511518,-19.32671924373814,margin_predictor,v2,val
401520376,2023,10,South Carolina,Jacksonville State,0.5777903902830499,2.417271354072933,margin_predictor,v2,val
401520377,2023,10,Tennessee,UConn,0.975119170530758,31.825066334857947,margin_predictor,v2,val
401520378,2023,10,UTEP,Western Kentucky,0.3011386853661416,-7.712647388344536,margin_predictor,v2,val
401520379,2023,10,Vanderbilt,Auburn,0.3048374575474438,-7.559115764158815,margin_predictor,v2,val
401524045,2023,10,Arizona,UCLA,0.4565585021548072,-1.8597915549726687,margin_predictor,v2,val
401524046,2023,10,Colorado,Oregon State,0.22161686678013914,-11.34517113960306,margin_predictor,v2,val
401524047,2023,10,Oregon,California,0.9640824146309613,28.50702376643335,margin_predictor,v2,val
401524048,2023,10,USC,Washington,0.5461804176186499,1.2911930471830781,margin_predictor,v2,val
401524049,2023,10,Utah,Arizona State,0.853290628730654,15.101138107119029,margin_predictor,v2,val
401524050,2023,10,Washington State,Stanford,0.8606278050987234,15.625936947116877,margin_predictor,v2,val
401525441,2023,10,Clemson,Notre Dame,0.3756101403014913,-4.787796399242431,margin_predictor,v2,val
401525539,2023,10,Duke,Wake Forest,0.7640282042725909,9.966411050971919,margin_predictor,v2,val
401525540,2023,10,Syracuse,Boston College,0.6661023920705581,5.721178193643944,margin_predictor,v2,val
401525541,2023,10,Pittsburgh,Florida State,0.12705759904185693,-17.22681512021939,margin_predictor,v2,val
401525542,2023,10,Virginia,Georgia Tech,0.4590775003439865,-1.7708319629226073,margin_predictor,v2,val
401525543,2023,10,Louisville,Virginia Tech,0.7507402177863862,9.332379659568474,margin_predictor,v2,val
401525544,2023,10,NC State,Miami,0.34828199191816184,-5.82548406232663,margin_predictor,v2,val
401525879,2023,10,Texas Tech,TCU,0.5177989271407544,0.2916590902650795,margin_predictor,v2,val
401525880,2023,10,Baylor,Houston,0.3968622836573326,-4.001774840830729,margin_predictor,v2,val
401525881,2023,10,Cincinnati,UCF,0.4134122867108479,-3.3997307001750303,margin_predictor,v2,val
401525882,2023,10,Iowa State,Kansas,0.3672763616723144,-5.10070733710284,margin_predictor,v2,val
401525883,2023,10,Oklahoma State,Oklahoma,0.17877756166398048,-13.697817752434858,margin_predictor,v2,val
401525884,2023,10,Texas,Kansas State,0.6051704456543523,3.410869798167088,margin_predictor,v2,val
401525885,2023,10,West Virginia,BYU,0.697853557873115,7.005297358579096,margin_predictor,v2,val
401531343,2023,10,Tulsa,Charlotte,0.4404687103381422,-2.4300627592895485,margin_predictor,v2,val
401531374,2023,10,East Carolina,Tulane,0.1875260658225036,-13.1851318284352,margin_predictor,v2,val
401531383,2023,10,UAB,Florida Atlantic,0.49460543885045977,-0.5218694235988162,margin_predictor,v2,val
401531392,2023,10,Temple,Navy,0.24591184540173988,-10.155337541429658,margin_predictor,v2,val
401531399,2023,10,North Texas,UTSA,0.20541812829364603,-12.191088248614614,margin_predictor,v2,val
401531425,2023,10,Memphis,South Florida,0.816931620863494,12.778575283660865,margin_predictor,v2,val
401531440,2023,10,Rice,SMU,0.15665904877233303,-15.088526729448322,margin_predictor,v2,val
401531904,2023,10,Troy,South Alabama,0.674821116692996,6.0671128437934065,margin_predictor,v2,val
401531905,2023,10,App State,Marshall,0.48781039389716624,-0.7602085048943148,margin_predictor,v2,val
401531906,2023,10,Georgia State,James Madison,0.38305490763045796,-4.510601890238085,margin_predictor,v2,val
401531907,2023,10,Old Dominion,Coastal Carolina,0.3606736962559391,-5.350732928893317,margin_predictor,v2,val
401531908,2023,10,Arkansas State,Louisiana,0.28172436431610437,-8.537027619128882,margin_predictor,v2,val
401531909,2023,10,Southern Miss,UL Monroe,0.48533669878556557,-0.8470090114256847,margin_predictor,v2,val
401531910,2023,10,Texas State,Georgia Southern,0.5239694862625324,0.5084047134345093,margin_predictor,v2,val
401532433,2023,10,Central Michigan,Northern Illinois,0.3274618121678765,-6.641493985691767,margin_predictor,v2,val
401532434,2023,10,Toledo,Buffalo,0.8929568325300897,18.26268193256262,margin_predictor,v2,val
401532435,2023,10,Bowling Green,Ball State,0.7018907162955814,7.173780965623697,margin_predictor,v2,val
401532436,2023,10,Akron,Kent State,0.43316257783973006,-2.690407659859504,margin_predictor,v2,val
401532608,2023,10,Fresno State,Boise State,0.6186343237787265,3.907899616052301,margin_predictor,v2,val
401532609,2023,10,Wyoming,Colorado State,0.7309520482901452,8.428553374221693,margin_predictor,v2,val
401532610,2023,10,Nevada,Hawai'i,0.5608931910382379,1.8131052968232595,margin_predictor,v2,val
401532611,2023,10,New Mexico,UNLV,0.24238576968317532,-10.322835129287453,margin_predictor,v2,val
401532612,2023,10,San Diego State,Utah State,0.3433973616294052,-6.0147533021614805,margin_predictor,v2,val
401520380,2023,11,Arkansas,Auburn,0.668503528262216,5.815986885513775,margin_predictor,v2,val
401520382,2023,11,Georgia,Ole Miss,0.5458179655649381,1.27837553042991,margin_predictor,v2,val
401520383,2023,11,Illinois,Indiana,0.6097437476468601,3.57899501763508,margin_predictor,v2,val
401520384,2023,11,Iowa,Rutgers,0.6226575058083932,4.057690731403433,margin_predictor,v2,val
401520385,2023,11,James Madison,UConn,0.9713632318858381,30.558789132557873,margin_predictor,v2,val
401520386,2023,11,Kentucky,Alabama,0.23833940282325464,-10.517103462280105,margin_predictor,v2,val
401520387,2023,11,Louisiana Tech,Sam Houston,0.7257766618465231,8.199245302883876,margin_predictor,v2,val
401520388,2023,11,Liberty,Old Dominion,0.8785096309319066,17.00989492552149,margin_predictor,v2,val
401520389,2023,11,LSU,Florida,0.8082609679459142,12.279386903771076,margin_predictor,v2,val
401520390,2023,11,Middle Tennessee,Florida International,0.7861525153621997,11.079653265455102,margin_predictor,v2,val
401520391,2023,11,Missouri,Tennessee,0.4035101384360557,-3.7589949774741584,margin_predictor,v2,val
401520392,2023,11,Nebraska,Maryland,0.5088207441840533,-0.023383987467940237,margin_predictor,v2,val
401520393,2023,11,Ohio State,Michigan State,0.9598595538680603,27.49413550983945,margin_predictor,v2,val
401520394,2023,11,Penn State,Michigan,0.3797515913891698,-4.633335112766904,margin_predictor,v2,val
401520395,2023,11,Purdue,Minnesota,0.4101049629319776,-3.5194274119114843,margin_predictor,v2,val
401520396,2023,11,South Carolina,Vanderbilt,0.7740637000312355,10.461766430365413,margin_predictor,v2,val
401520397,2023,11,Texas A&M,Mississippi State,0.8324939058498282,13.722766646285677,margin_predictor,v2,val
401520398,2023,11,Wisconsin,Northwestern,0.8265514712537999,13.35437626000804,margin_predictor,v2,val
401520399,2023,11,Western Kentucky,New Mexico State,0.5742786843504896,2.291221288984393,margin_predictor,v2,val
401524051,2023,11,California,Washington State,0.47167344495517505,-1.3270150658192752,margin_predictor,v2,val
401524052,2023,11,Colorado,Arizona,0.3127022284782475,-7.236081837306434,margin_predictor,v2,val
401524053,2023,11,Oregon,USC,0.894391934682028,18.395077496617542,margin_predictor,v2,val
401524054,2023,11,Oregon State,Stanford,0.9389563951064238,23.62637998085019,margin_predictor,v2,val
401524055,2023,11,UCLA,Arizona State,0.9165225961439051,20.670745813447876,margin_predictor,v2,val
401524056,2023,11,Washington,Utah,0.6462177944974201,4.948420161694177,margin_predictor,v2,val
401525546,2023,11,Louisville,Virginia,0.947669013034955,25.057308483887965,margin_predictor,v2,val
401525547,2023,11,Boston College,Virginia Tech,0.4779178157789825,-1.1075015359242344,margin_predictor,v2,val
401525548,2023,11,Clemson,Georgia Tech,0.8495167992488026,14.839644730023615,margin_predictor,v2,val
401525549,2023,11,North Carolina,Duke,0.6730905559590064,5.9980758810986625,margin_predictor,v2,val
401525550,2023,11,Florida State,Miami,0.7265047218630349,8.231339094651675,margin_predictor,v2,val
401525551,2023,11,Wake Forest,NC State,0.41319782958844503,-3.407483513957032,margin_predictor,v2,val
401525552,2023,11,Syracuse,Pittsburgh,0.6229980639362757,4.070398975152721,margin_predictor,v2,val
401525886,2023,11,BYU,Iowa State,0.388010399228777,-4.327229779340719,margin_predictor,v2,val
401525887,2023,11,Houston,Cincinnati,0.6001200573279238,3.2259893034668066,margin_predictor,v2,val
401525888,2023,11,Kansas,Texas Tech,0.7330634636647683,8.522902837025544,margin_predictor,v2,val
401525889,2023,11,Kansas State,Baylor,0.9273892442750377,21.99660100764866,margin_predictor,v2,val
401525890,2023,11,Oklahoma,West Virginia,0.8444363185387863,14.495998662216637,margin_predictor,v2,val
401525891,2023,11,TCU,Texas,0.1725154351393575,-14.07696602637348,margin_predictor,v2,val
401525892,2023,11,UCF,Oklahoma State,0.5703673315276682,2.151141883062861,margin_predictor,v2,val
401531344,2023,11,Tulane,Tulsa,0.9256540973057941,21.77317071417199,margin_predictor,v2,val
401531384,2023,11,Navy,UAB,0.44383960067965567,-2.3102617700816785,margin_predictor,v2,val
401531393,2023,11,South Florida,Temple,0.77696250600498,10.607730424658635,margin_predictor,v2,val
401531400,2023,11,UTSA,Rice,0.8184843257740629,12.869887130432842,margin_predictor,v2,val
401531408,2023,11,Charlotte,Memphis,0.38645977901324235,-4.384514556758877,margin_predictor,v2,val
401531416,2023,11,Florida Atlantic,East Carolina,0.6117400664500158,3.652605081188733,margin_predictor,v2,val
401531437,2023,11,SMU,North Texas,0.9486406150634992,25.230575027035542,margin_predictor,v2,val
401531911,2023,11,Louisiana,Southern Miss,0.8553865839125296,15.248782129199403,margin_predictor,v2,val
401531912,2023,11,Coastal Carolina,Texas State,0.6926269277572856,6.789055779450344,margin_predictor,v2,val
401531913,2023,11,Georgia State,App State,0.7375528729202822,8.725106591637712,margin_predictor,v2,val
401531914,2023,11,Marshall,Georgia Southern,0.4645015913106913,-1.5795222332760583,margin_predictor,v2,val
401531915,2023,11,UL Monroe,Troy,0.07037488356028644,-22.95729502645615,margin_predictor,v2,val
401531916,2023,11,South Alabama,Arkansas State,0.8460740092104662,14.605755922915876,margin_predictor,v2,val
401532437,2023,11,Northern Illinois,Ball State,0.6559036330800895,5.322176662817135,margin_predictor,v2,val
401532438,2023,11,Western Michigan,Central Michigan,0.6769202985388871,6.151111285696491,margin_predictor,v2,val
401532439,2023,11,Buffalo,Ohio,0.24928424105419159,-9.996647905781273,margin_predictor,v2,val
401532440,2023,11,Toledo,Eastern Michigan,0.9533013884743281,26.10747690115504,margin_predictor,v2,val
401532441,2023,11,Miami (OH),Akron,0.9436586841201811,24.37285671918565,margin_predictor,v2,val
401532442,2023,11,Kent State,Bowling Green,0.252330561920385,-9.854530293103242,margin_predictor,v2,val
401532613,2023,11,Hawai'i,Air Force,0.06210909549947951,-24.130153954482118,margin_predictor,v2,val
401532614,2023,11,San José State,Fresno State,0.56617016352044,2.001175531896793,margin_predictor,v2,val
401532615,2023,11,Utah State,Nevada,0.8823763274393559,17.331926992209365,margin_predictor,v2,val
401532616,2023,11,Boise State,New Mexico,0.8866742806823339,17.700828971236025,margin_predictor,v2,val
401532617,2023,11,Colorado State,San Diego State,0.6891124411329083,6.644801197111628,margin_predictor,v2,val
401532618,2023,11,UNLV,Wyoming,0.6271542568006147,4.225861248947663,margin_predictor,v2,val
401520402,2023,12,Arkansas,Florida International,0.9534123093034322,26.129343028024312,margin_predictor,v2,val
401520403,2023,12,Army,Coastal Carolina,0.28117251314293773,-8.560947952600568,margin_predictor,v2,val
401520404,2023,12,Auburn,New Mexico State,0.8048917557338271,12.090072245155115,margin_predictor,v2,val
401520405,2023,12,Indiana,Michigan State,0.6245283576033553,4.127559493057293,margin_predictor,v2,val
401520406,2023,12,Iowa,Illinois,0.6968236638901425,6.962521962600025,margin_predictor,v2,val
401520407,2023,12,Jacksonville State,Louisiana Tech,0.8416102458495592,14.308792386827248,margin_predictor,v2,val
401520408,2023,12,Liberty,Massachusetts,0.968652358684736,29.741426857674337,margin_predictor,v2,val
401520409,2023,12,LSU,Georgia State,0.9422164755894619,24.137883336491104,margin_predictor,v2,val
401520410,2023,12,Maryland,Michigan,0.06722507454206988,-23.388342949461467,margin_predictor,v2,val
401520411,2023,12,Middle Tennessee,UTEP,0.7329985474927999,8.51999498924618,margin_predictor,v2,val
401520412,2023,12,Mississippi State,Southern Miss,0.896050547765007,18.550084573232446,margin_predictor,v2,val
401520413,2023,12,Missouri,Florida,0.7751472007050411,10.516167548487147,margin_predictor,v2,val
401520414,2023,12,Northwestern,Purdue,0.4975294226700415,-0.41933610929151,margin_predictor,v2,val
401520415,2023,12,Ohio State,Minnesota,0.9171477402429377,20.74261669469731,margin_predictor,v2,val
401520416,2023,12,Ole Miss,UL Monroe,0.9792920821281005,33.471776366544404,margin_predictor,v2,val
401520417,2023,12,Penn State,Rutgers,0.9468655849825249,24.91631328506614,margin_predictor,v2,val
401520418,2023,12,South Carolina,Kentucky,0.41715712990511805,-3.2645397818633097,margin_predictor,v2,val
401520419,2023,12,Tennessee,Georgia,0.458311779486817,-1.7978657262147268,margin_predictor,v2,val
401520422,2023,12,Wisconsin,Nebraska,0.714696160735415,7.717143931628232,margin_predictor,v2,val
401520423,2023,12,Western Kentucky,Sam Houston,0.8016881440609523,11.912346336147792,margin_predictor,v2,val
401524057,2023,12,Washington State,Colorado,0.6224585481574594,4.050268533050833,margin_predictor,v2,val
401524058,2023,12,Arizona,Utah,0.5404464151135351,1.0886132782948783,margin_predictor,v2,val
401524059,2023,12,Arizona State,Oregon,0.027960980084037367,-31.43964523193441,margin_predictor,v2,val
401524060,2023,12,Oregon State,Washington,0.616636332977967,3.8337367874089696,margin_predictor,v2,val
401524061,2023,12,Stanford,California,0.3389256155492519,-6.189152610147813,margin_predictor,v2,val
401524062,2023,12,USC,UCLA,0.6095075709715312,3.5702955145233943,margin_predictor,v2,val
401525442,2023,12,Notre Dame,Wake Forest,0.9536015576603224,26.166764647405508,margin_predictor,v2,val
401525553,2023,12,Pittsburgh,Boston College,0.5631664566005153,1.8940612918953519,margin_predictor,v2,val
401525554,2023,12,Clemson,North Carolina,0.6983458766088155,7.025774408509877,margin_predictor,v2,val
401525555,2023,12,Virginia,Duke,0.27860874704045613,-8.672453334472364,margin_predictor,v2,val
401525557,2023,12,Georgia Tech,Syracuse,0.40422277148669516,-3.7330480080380153,margin_predictor,v2,val
401525558,2023,12,Miami,Louisville,0.561843096903731,1.8469222683218487,margin_predictor,v2,val
401525559,2023,12,Virginia Tech,NC State,0.5569998517165025,1.6746641997052136,margin_predictor,v2,val
401525893,2023,12,BYU,Oklahoma,0.06731646417302817,-23.37557512394719,margin_predictor,v2,val
401525894,2023,12,Houston,Oklahoma State,0.48356131808996705,-0.9093213698495943,margin_predictor,v2,val
401525895,2023,12,Iowa State,Texas,0.17507330553034142,-13.920808416598899,margin_predictor,v2,val
401525896,2023,12,Kansas,Kansas State,0.4082022696220751,-3.5884212597043317,margin_predictor,v2,val
401525897,2023,12,TCU,Baylor,0.7766743221796952,10.593159278529379,margin_predictor,v2,val
401525898,2023,12,Texas Tech,UCF,0.5073703852438853,-0.07425279931811923,margin_predictor,v2,val
401525899,2023,12,West Virginia,Cincinnati,0.6340962799852522,4.4871129490609505,margin_predictor,v2,val
401531345,2023,12,Tulsa,North Texas,0.5755307215867226,2.3361306909619732,margin_predictor,v2,val
401531375,2023,12,Florida Atlantic,Tulane,0.2409340549216797,-10.392276074271019,margin_predictor,v2,val
401531385,2023,12,UAB,Temple,0.7986248486737506,11.744414610197234,margin_predictor,v2,val
401531401,2023,12,UTSA,South Florida,0.9047339410846557,19.399293789683774,margin_predictor,v2,val
401531409,2023,12,Charlotte,Rice,0.5706372572624382,2.160798566512505,margin_predictor,v2,val
401531417,2023,12,Navy,East Carolina,0.4754644501034281,-1.1937139752739179,margin_predictor,v2,val
401531431,2023,12,Memphis,SMU,0.2090250250529472,-11.998620618275341,margin_predictor,v2,val
401531917,2023,12,Georgia Southern,Old Dominion,0.6255326827863409,4.165124142479353,margin_predictor,v2,val
401531918,2023,12,James Madison,App State,0.8950384594157453,18.45524164855091,margin_predictor,v2,val
401531919,2023,12,Arkansas State,Texas State,0.4214795818095968,-3.108924155019771,margin_predictor,v2,val
401531920,2023,12,South Alabama,Marshall,0.7488045612908872,9.241938267949827,margin_predictor,v2,val
401531921,2023,12,Troy,Louisiana,0.8662654600433276,16.045131852817295,margin_predictor,v2,val
401532443,2023,12,Bowling Green,Toledo,0.28225532000077713,-8.514039880276872,margin_predictor,v2,val
401532444,2023,12,Northern Illinois,Western Michigan,0.6313128763284562,4.382119256807862,margin_predictor,v2,val
401532445,2023,12,Eastern Michigan,Akron,0.584837205573149,2.671078432083555,margin_predictor,v2,val
401532446,2023,12,Ohio,Central Michigan,0.8799989280306812,17.132865695921588,margin_predictor,v2,val
401532447,2023,12,Miami (OH),Buffalo,0.8623187493393266,15.750148078187568,margin_predictor,v2,val
401532448,2023,12,Ball State,Kent State,0.7918060598304805,11.377335522413036,margin_predictor,v2,val
401532619,2023,12,Utah State,Boise State,0.3954864518006114,-4.0521909952158826,margin_predictor,v2,val
401532620,2023,12,Wyoming,Hawai'i,0.8144661028471885,12.634808821390237,margin_predictor,v2,val
401532621,2023,12,Colorado State,Nevada,0.825930949220749,13.31648789268887,margin_predictor,v2,val
401532622,2023,12,Fresno State,New Mexico,0.8839006135967185,17.461398296010497,margin_predictor,v2,val
401532623,2023,12,San José State,San Diego State,0.9105984733995383,20.012887916413828,margin_predictor,v2,val
401532624,2023,12,Air Force,UNLV,0.7738836379969787,10.452743681199124,margin_predictor,v2,val
401520424,2023,13,Mississippi State,Ole Miss,0.1851362526050344,-13.323309422025154,margin_predictor,v2,val
401520425,2023,13,Nebraska,Iowa,0.4956577304663179,-0.48496831850192335,margin_predictor,v2,val
401520426,2023,13,Arkansas,Missouri,0.26766264918126825,-9.155816948633527,margin_predictor,v2,val
401520427,2023,13,Auburn,Alabama,0.14919376938245274,-15.593790167655033,margin_predictor,v2,val
401520428,2023,13,Florida International,Western Kentucky,0.20670456098155957,-12.122158504808272,margin_predictor,v2,val
401520429,2023,13,Florida,Florida State,0.370572270848618,-4.976610523610857,margin_predictor,v2,val
401520430,2023,13,Georgia Tech,Georgia,0.08318124136746519,-21.37014744408148,margin_predictor,v2,val
401520431,2023,13,Illinois,Northwestern,0.5884988364324548,2.8034477467680463,margin_predictor,v2,val
401520432,2023,13,Louisville,Kentucky,0.7436338465228589,9.002585203394322,margin_predictor,v2,val
401520433,2023,13,LSU,Texas A&M,0.7295931472184776,8.368077743536922,margin_predictor,v2,val
401520434,2023,13,Michigan,Ohio State,0.7520538518979191,9.394025156505645,margin_predictor,v2,val
401520435,2023,13,Michigan State,Penn State,0.04322247904626761,-27.482880725779385,margin_predictor,v2,val
401520436,2023,13,Minnesota,Wisconsin,0.4614371895384196,-1.6875655028804393,margin_predictor,v2,val
401520437,2023,13,New Mexico State,Jacksonville State,0.4659849284253606,-1.5272578575502576,margin_predictor,v2,val
401520438,2023,13,Purdue,Indiana,0.6614079631976975,5.536792822454234,margin_predictor,v2,val
401520439,2023,13,Rutgers,Maryland,0.3925337423114802,-4.160596537316698,margin_predictor,v2,val
401520440,2023,13,Sam Houston,Middle Tennessee,0.335699057397454,-6.315685318734609,margin_predictor,v2,val
401520441,2023,13,South Carolina,Clemson,0.3327415047131375,-6.432197997826101,margin_predictor,v2,val
401520442,2023,13,Tennessee,Vanderbilt,0.9504979583707007,25.57060639207924,margin_predictor,v2,val
401520443,2023,13,Massachusetts,UConn,0.535851324782464,0.9265462415296719,margin_predictor,v2,val
401520444,2023,13,UTEP,Liberty,0.08829373778945948,-20.798259326930445,margin_predictor,v2,val
401524063,2023,13,Oregon,Oregon State,0.8313791838452146,13.652878044061097,margin_predictor,v2,val
401524064,2023,13,Arizona State,Arizona,0.1520058027129107,-15.40108362669799,margin_predictor,v2,val
401524065,2023,13,Stanford,Notre Dame,0.05404950089054671,-25.423567597688628,margin_predictor,v2,val
401524066,2023,13,UCLA,California,0.8303760020916363,13.590296766031367,margin_predictor,v2,val
401524067,2023,13,Utah,Colorado,0.8268251282667276,13.371119477491277,margin_predictor,v2,val
401524068,2023,13,Washington,Washington State,0.8151143597946314,12.672465306264707,margin_predictor,v2,val
401525560,2023,13,Boston College,Miami,0.1870484972459925,-13.212635617541512,margin_predictor,v2,val
401525561,2023,13,Duke,Pittsburgh,0.7580025143512104,9.675966418512584,margin_predictor,v2,val
401525562,2023,13,NC State,North Carolina,0.5386510277488415,1.02526333510133,margin_predictor,v2,val
401525563,2023,13,Syracuse,Wake Forest,0.7055419991175454,7.327294349319105,margin_predictor,v2,val
401525564,2023,13,Virginia,Virginia Tech,0.2885994711535337,-8.241363807054022,margin_predictor,v2,val
401525900,2023,13,Oklahoma,TCU,0.8623910893661677,15.755490447036653,margin_predictor,v2,val
401525901,2023,13,Texas,Texas Tech,0.8838057667959783,17.453299187394272,margin_predictor,v2,val
401525902,2023,13,Baylor,West Virginia,0.27752613991324315,-8.719727782208402,margin_predictor,v2,val
401525903,2023,13,Cincinnati,Kansas,0.26079463278010145,-9.465508469307759,margin_predictor,v2,val
401525904,2023,13,Kansas State,Iowa State,0.821415232241398,13.043919858895302,margin_predictor,v2,val
401525905,2023,13,Oklahoma State,BYU,0.756828382254469,9.619949107309422,margin_predictor,v2,val
401525906,2023,13,UCF,Houston,0.7475244319779082,9.18237994614213,margin_predictor,v2,val
401531346,2023,13,East Carolina,Tulsa,0.6979506240040323,7.009333138151341,margin_predictor,v2,val
401531376,2023,13,Tulane,UTSA,0.5647702816434301,1.9512337134367415,margin_predictor,v2,val
401531386,2023,13,North Texas,UAB,0.5182607556697747,0.3078737483695062,margin_predictor,v2,val
401531394,2023,13,Temple,Memphis,0.13743015814179035,-16.434115565822278,margin_predictor,v2,val
401531410,2023,13,South Florida,Charlotte,0.4530853427046133,-1.982577512693498,margin_predictor,v2,val
401531421,2023,13,Rice,Florida Atlantic,0.6184920167845304,3.9026124676325784,margin_predictor,v2,val
401531435,2023,13,SMU,Navy,0.9297626241462023,22.31032253913782,margin_predictor,v2,val
401531922,2023,13,App State,Georgia Southern,0.6326319557448422,4.431835091661966,margin_predictor,v2,val
401531923,2023,13,Coastal Carolina,James Madison,0.2995276984352641,-7.779852163887808,margin_predictor,v2,val
401531924,2023,13,Marshall,Arkansas State,0.5802911152555003,2.5072044833380405,margin_predictor,v2,val
401531925,2023,13,Old Dominion,Georgia State,0.5327953929111624,0.8188852506697768,margin_predictor,v2,val
401531926,2023,13,Louisiana,UL Monroe,0.8192882621020983,12.91740415733184,margin_predictor,v2,val
401531927,2023,13,Southern Miss,Troy,0.07082511607231601,-22.897145420273645,margin_predictor,v2,val
401531928,2023,13,Texas State,South Alabama,0.2768532912926842,-8.749166441549065,margin_predictor,v2,val
401532449,2023,13,Buffalo,Eastern Michigan,0.7221157993147626,8.038665756602454,margin_predictor,v2,val
401532450,2023,13,Western Michigan,Bowling Green,0.4159339456366845,-3.3086586759955208,margin_predictor,v2,val
401532451,2023,13,Central Michigan,Toledo,0.12441945166712069,-17.437195509628747,margin_predictor,v2,val
401532452,2023,13,Akron,Ohio,0.11406205052695652,-18.302187561814616,margin_predictor,v2,val
401532453,2023,13,Kent State,Northern Illinois,0.17733709842464293,-13.784096671890786,margin_predictor,v2,val
401532454,2023,13,Ball State,Miami (OH),0.26192560441046936,-9.414153544534535,margin_predictor,v2,val
401532625,2023,13,Boise State,Air Force,0.4193389025146115,-3.18593654269559,margin_predictor,v2,val
401532626,2023,13,Hawai'i,Colorado State,0.3255015524862581,-6.719640262228802,margin_predictor,v2,val
401532627,2023,13,San Diego State,Fresno State,0.29231110751487593,-8.083489019167406,margin_predictor,v2,val
401532628,2023,13,UNLV,San José State,0.40830819041186683,-3.584577847525447,margin_predictor,v2,val
401532629,2023,13,New Mexico,Utah State,0.4529280385659879,-1.988142388251077,margin_predictor,v2,val
401532630,2023,13,Nevada,Wyoming,0.1414236586947627,-16.142341299540675,margin_predictor,v2,val
401539475,2023,14,Washington,Oregon,0.18026016189741623,-13.609581031988252,margin_predictor,v2,val
401539476,2023,14,Liberty,New Mexico State,0.8122596581495171,12.507394931742828,margin_predictor,v2,val
401539477,2023,14,Tulane,SMU,0.3702106309727972,-4.99020450596981,margin_predictor,v2,val
401539478,2023,14,Florida State,Louisville,0.661148640424577,5.526644007889576,margin_predictor,v2,val
401539479,2023,14,Texas,Oklahoma State,0.9062791296173045,19.557600317169047,margin_predictor,v2,val
401539480,2023,14,Iowa,Michigan,0.05210393318546967,-25.762939199284975,margin_predictor,v2,val
401539481,2023,14,Toledo,Miami (OH),0.6574269273745769,5.38140431356565,margin_predictor,v2,val
401539482,2023,14,UNLV,Boise State,0.46199327731779033,-1.6679518249737852,margin_predictor,v2,val
401539483,2023,14,Alabama,Georgia,0.45990130872254,-1.7417550344583543,margin_predictor,v2,val
401539484,2023,14,Troy,App State,0.7999695822295791,11.817896073858659,margin_predictor,v2,val
401520445,2023,15,Army,Navy,0.5692951816090553,2.1128000813725274,margin_predictor,v2,val
401628363,2024,4,Auburn,Arkansas,0.49269046536073435,-0.5890270474776211,margin_predictor,v2,test
401628364,2024,4,Kentucky,Ohio,0.8047216140033296,12.080578090806842,margin_predictor,v2,test
401628365,2024,4,LSU,UCLA,0.7817321592944666,10.850873547178503,margin_predictor,v2,test
401628366,2024,4,Ole Miss,Georgia Southern,0.9723993740680745,30.891188844095872,margin_predictor,v2,test
401628367,2024,4,Mississippi State,Florida,0.46159839905168376,-1.6818791632075354,margin_predictor,v2,test
401628368,2024,4,Missouri,Vanderbilt,0.8195685511773393,12.93400949579859,margin_predictor,v2,test
401628369,2024,4,Oklahoma,Tennessee,0.34528680702557657,-5.9413915516366504,margin_predictor,v2,test
401628370,2024,4,South Carolina,Akron,0.9294745115832102,22.271721250282322,margin_predictor,v2,test
401628371,2024,4,Texas,UL Monroe,0.9721192730093353,30.800151179307164,margin_predictor,v2,test
401628372,2024,4,Texas A&M,Bowling Green,0.8489712526119403,14.802291583548637,margin_predictor,v2,test
401628485,2024,4,Nebraska,Illinois,0.4939436916446704,-0.5450759989499265,margin_predictor,v2,test
401628486,2024,4,Indiana,Charlotte,0.9784973508037896,33.134531511541496,margin_predictor,v2,test
401628487,2024,4,Minnesota,Iowa,0.5979215084218522,3.1457522154142668,margin_predictor,v2,test
401628489,2024,4,Michigan,USC,0.5322374230050643,0.7992374750069051,margin_predictor,v2,test
401628490,2024,4,Boston College,Michigan State,0.7129477412154138,7.642116100844358,margin_predictor,v2,test
401628491,2024,4,Washington,Northwestern,0.785343250266885,11.037514208102703,margin_predictor,v2,test
401628492,2024,4,Ohio State,Marshall,0.939192501672403,23.66255518714463,margin_predictor,v2,test
401628493,2024,4,Penn State,Kent State,0.9958354187326066,47.678431113318425,margin_predictor,v2,test
401628494,2024,4,Virginia Tech,Rutgers,0.7437721850104717,9.008947324442712,margin_predictor,v2,test
401628979,2024,4,Notre Dame,Miami (OH),0.9613728538860256,27.844815375013464,margin_predictor,v2,test
401629031,2024,4,UConn,Florida Atlantic,0.6470217074519347,4.979260551909894,margin_predictor,v2,test
401634766,2024,4,Syracuse,Stanford,0.7540848277421289,9.489766301705112,margin_predictor,v2,test
401635551,2024,4,Florida State,California,0.5412987256199601,1.1186997796854872,margin_predictor,v2,test
401635552,2024,4,Clemson,NC State,0.846639763912215,14.643894447948098,margin_predictor,v2,test
401635553,2024,4,Middle Tennessee,Duke,0.21441578943229178,-11.715463075031261,margin_predictor,v2,test
401635554,2024,4,Louisville,Georgia Tech,0.6715461832925477,5.936625076853584,margin_predictor,v2,test
401635555,2024,4,South Florida,Miami,0.18109627621481375,-13.560069320893541,margin_predictor,v2,test
401635556,2024,4,North Carolina,James Madison,0.7345716849826002,8.590589081199438,margin_predictor,v2,test
401635557,2024,4,SMU,TCU,0.593711258062843,2.9924947001909517,margin_predictor,v2,test
401635558,2024,4,Coastal Carolina,Virginia,0.7076284122957027,7.415512325418234,margin_predictor,v2,test
401636872,2024,4,BYU,Kansas State,0.3590003793330651,-5.414410182132224,margin_predictor,v2,test
401636873,2024,4,Cincinnati,Houston,0.3630951737377214,-5.258812011503204,margin_predictor,v2,test
401636874,2024,4,Colorado,Baylor,0.3272265014998372,-6.650861967819472,margin_predictor,v2,test
401636875,2024,4,Iowa State,Arkansas State,0.8563548404717664,15.317589249378571,margin_predictor,v2,test
401636876,2024,4,Oklahoma State,Utah,0.4662893043428251,-1.5165360298676744,margin_predictor,v2,test
401636877,2024,4,Texas Tech,Arizona State,0.4752116407414888,-1.2026001111146036,margin_predictor,v2,test
401636879,2024,4,West Virginia,Kansas,0.2924711570859786,-8.076707937202306,margin_predictor,v2,test
401640991,2024,4,Liberty,East Carolina,0.6742401847755006,6.04391671694283,margin_predictor,v2,test
401641000,2024,4,Jacksonville State,Southern Miss,0.7310591208015821,8.433326643883149,margin_predictor,v2,test
401641008,2024,4,Louisiana Tech,Tulsa,0.4871294833285536,-0.7840989859896963,margin_predictor,v2,test
401641028,2024,4,Colorado State,UTEP,0.7420966723461746,8.932041994640922,margin_predictor,v2,test
401641034,2024,4,Sam Houston,New Mexico State,0.8654095603586922,15.980542850617677,margin_predictor,v2,test
401641037,2024,4,Western Kentucky,Toledo,0.3439006188103435,-5.995194568001976,margin_predictor,v2,test
401643711,2024,4,New Mexico,Fresno State,0.1824734833782985,-13.478902662221843,margin_predictor,v2,test
401643714,2024,4,Washington State,San José State,0.770343904229559,10.27639181119767,margin_predictor,v2,test
401643715,2024,4,Temple,Utah State,0.48717433729483056,-0.7825251856477875,margin_predictor,v2,test
401643716,2024,4,North Texas,Wyoming,0.782954575239102,10.913802795204877,margin_predictor,v2,test
401643717,2024,4,Oregon State,Purdue,0.729267724988778,8.353623799490956,margin_predictor,v2,test
401643790,2024,4,App State,South Alabama,0.3359487824279171,-6.305870796406385,margin_predictor,v2,test
401643791,2024,4,Louisiana,Tulane,0.552004978614575,1.4974161647841886,margin_predictor,v2,test
401644735,2024,4,Central Michigan,Ball State,0.7536825658865204,9.470761378093513,margin_predictor,v2,test
401644736,2024,4,Northern Illinois,Buffalo,0.8411367019418492,14.277689705365429,margin_predictor,v2,test
401645328,2024,4,Army,Rice,0.6506269793690987,5.1179652875454,margin_predictor,v2,test
401645329,2024,4,Navy,Memphis,0.22466347921852836,-11.191106106365803,margin_predictor,v2,test
401628373,2024,5,Texas A&M,Arkansas,0.4865401050720718,-0.8047793073460441,margin_predictor,v2,test
401628374,2024,5,Alabama,Georgia,0.5874291632086696,2.7647427216174836,margin_predictor,v2,test
401628375,2024,5,Auburn,Oklahoma,0.3692629812990819,-5.025852516801658,margin_predictor,v2,test
401628376,2024,5,LSU,South Alabama,0.7676215067787018,10.142054587679965,margin_predictor,v2,test
401628377,2024,5,Ole Miss,Kentucky,0.8820157565626071,17.30151338775078,margin_predictor,v2,test
401628378,2024,5,Texas,Mississippi State,0.9811694623251211,34.32165395948484,margin_predictor,v2,test
401628495,2024,5,Penn State,Illinois,0.7983639566531436,11.730201019991084,margin_predictor,v2,test
401628496,2024,5,Indiana,Maryland,0.8398325673220145,14.192420129125582,margin_predictor,v2,test
401628497,2024,5,Michigan,Minnesota,0.8536395688346068,15.125596400785836,margin_predictor,v2,test
401628498,2024,5,Michigan State,Ohio State,0.14042817017146772,-16.214421879227036,margin_predictor,v2,test
401628499,2024,5,Purdue,Nebraska,0.3150722211476123,-7.139614266466179,margin_predictor,v2,test
401628500,2024,5,UCLA,Oregon,0.22700073153608002,-11.073916318142052,margin_predictor,v2,test
401628501,2024,5,Rutgers,Washington,0.415346073470128,-3.3298758272064766,margin_predictor,v2,test
401628502,2024,5,USC,Wisconsin,0.8677119754637581,16.15508984496767,margin_predictor,v2,test
401628980,2024,5,Notre Dame,Louisville,0.7099897133949127,7.515800099489441,margin_predictor,v2,test
401629032,2024,5,UConn,Buffalo,0.6393587457583304,4.686552289742193,margin_predictor,v2,test
401629043,2024,5,Miami (OH),Massachusetts,0.8589703544474644,15.505405861229702,margin_predictor,v2,test
401634767,2024,5,Miami,Virginia Tech,0.9103388725924868,19.984970950159738,margin_predictor,v2,test
401635560,2024,5,Boston College,Western Kentucky,0.8665566648277443,16.06718680425285,margin_predictor,v2,test
401635561,2024,5,Clemson,Stanford,0.7908170925843835,11.324838022661678,margin_predictor,v2,test
401635562,2024,5,Duke,North Carolina,0.6042913771071636,3.3786316717571454,margin_predictor,v2,test
401635563,2024,5,SMU,Florida State,0.7472500566561501,9.169640631710477,margin_predictor,v2,test
401635564,2024,5,NC State,Northern Illinois,0.37197237971693675,-4.924031928649198,margin_predictor,v2,test
401635659,2024,5,Wake Forest,Louisiana,0.343428678188333,-6.013535807830948,margin_predictor,v2,test
401636880,2024,5,Baylor,BYU,0.4163994827423758,-3.2918628997627857,margin_predictor,v2,test
401636881,2024,5,Houston,Iowa State,0.31935349572864546,-6.966336096430121,margin_predictor,v2,test
401636882,2024,5,Kansas,TCU,0.5926923560421584,2.95548180510824,margin_predictor,v2,test
401636883,2024,5,Kansas State,Oklahoma State,0.7783351433642632,10.677318671954813,margin_predictor,v2,test
401636884,2024,5,Texas Tech,Cincinnati,0.6442616530569113,4.873508930390795,margin_predictor,v2,test
401636885,2024,5,UCF,Colorado,0.9220777111320385,21.327378942021845,margin_predictor,v2,test
401636886,2024,5,Utah,Arizona,0.7651027539612594,10.018740263984736,margin_predictor,v2,test
401640981,2024,5,Florida International,Louisiana Tech,0.48307812987404436,-0.926282777858384,margin_predictor,v2,test
401641025,2024,5,Memphis,Middle Tennessee,0.9497230281511867,25.427292099213826,margin_predictor,v2,test
401641035,2024,5,New Mexico State,New Mexico,0.5106775517761515,0.04174802127469057,margin_predictor,v2,test
401641041,2024,5,Sam Houston,Texas State,0.5061125955147996,-0.11836402825787484,margin_predictor,v2,test
401643718,2024,5,Wyoming,Air Force,0.3131987793023588,-7.2158375715512495,margin_predictor,v2,test
401643719,2024,5,Boise State,Washington State,0.6339345378798719,4.481002650679999,margin_predictor,v2,test
401643720,2024,5,UNLV,Fresno State,0.7862289442889036,11.083638971356718,margin_predictor,v2,test
401643721,2024,5,Central Michigan,San Diego State,0.6813808111474131,6.330553494005789,margin_predictor,v2,test
401643792,2024,5,Georgia State,Georgia Southern,0.5785130638927194,2.4432457892850956,margin_predictor,v2,test
401643793,2024,5,James Madison,Ball State,0.937453975031039,23.399203416781003,margin_predictor,v2,test
401643794,2024,5,Marshall,Western Michigan,0.8143032810285864,12.625366665487048,margin_predictor,v2,test
401643795,2024,5,Bowling Green,Old Dominion,0.7879773353539371,11.175101156131207,margin_predictor,v2,test
401643796,2024,5,Troy,UL Monroe,0.6661303023912011,5.722278266662622,margin_predictor,v2,test
401644738,2024,5,Ohio,Akron,0.854116640120215,15.159114113092487,margin_predictor,v2,test
401644739,2024,5,Kent State,Eastern Michigan,0.071779937673543,-22.770744273044397,margin_predictor,v2,test
401645331,2024,5,Temple,Army,0.2566874967203166,-9.653229430806089,margin_predictor,v2,test
401645332,2024,5,UAB,Navy,0.44784357854832496,-2.1681985822451417,margin_predictor,v2,test
401645333,2024,5,Rice,Charlotte,0.800918987915691,11.86999864451825,margin_predictor,v2,test
401645334,2024,5,East Carolina,UTSA,0.6400310550218931,4.712122118979144,margin_predictor,v2,test
401645336,2024,5,North Texas,Tulsa,0.5516662643515746,1.485410440328356,margin_predictor,v2,test
401645337,2024,5,Tulane,South Florida,0.6534583748281354,5.227361494319897,margin_predictor,v2,test
401628379,2024,6,Arkansas,Tennessee,0.341675970682224,-6.081757734372326,margin_predictor,v2,test
401628380,2024,6,Florida,UCF,0.4703600276917143,-1.3732240730960625,margin_predictor,v2,test
401628381,2024,6,Georgia,Auburn,0.8750671184683853,16.73054032434432,margin_predictor,v2,test
401628382,2024,6,South Carolina,Ole Miss,0.19081725949658535,-12.997035910436855,margin_predictor,v2,test
401628383,2024,6,Texas A&M,Missouri,0.518097660164961,0.3021473914991253,margin_predictor,v2,test
401628384,2024,6,Vanderbilt,Alabama,0.15501101114349478,-15.198346386109469,margin_predictor,v2,test
401628503,2024,6,Northwestern,Indiana,0.08068564326495987,-21.660999449539077,margin_predictor,v2,test
401628504,2024,6,Ohio State,Iowa,0.8782889941075452,16.99178769542374,margin_predictor,v2,test
401628505,2024,6,Washington,Michigan,0.5055064467542907,-0.1396209236600474,margin_predictor,v2,test
401628506,2024,6,Oregon,Michigan State,0.8633611917471511,15.82736242316321,margin_predictor,v2,test
401628507,2024,6,Minnesota,USC,0.2972171695383594,-7.8766018664503665,margin_predictor,v2,test
401628508,2024,6,Nebraska,Rutgers,0.6576133352293282,5.388660727505172,margin_predictor,v2,test
401628509,2024,6,Wisconsin,Purdue,0.7773849502656709,10.629114326260293,margin_predictor,v2,test
401628510,2024,6,Penn State,UCLA,0.9316664845711902,22.569146195038105,margin_predictor,v2,test
401629033,2024,6,UConn,Temple,0.9104218415166323,19.993885334076946,margin_predictor,v2,test
401629044,2024,6,Northern Illinois,Massachusetts,0.910011305860403,19.9498488544579,margin_predictor,v2,test
401634779,2024,6,UNLV,Syracuse,0.808906002805294,12.31591955461064,margin_predictor,v2,test
401635567,2024,6,Virginia,Boston College,0.3877643511052456,-4.336313944507339,margin_predictor,v2,test
401635568,2024,6,California,Miami,0.17659273474551074,-13.828897095141189,margin_predictor,v2,test
401635569,2024,6,Florida State,Clemson,0.3481006381229957,-5.832488778031051,margin_predictor,v2,test
401635570,2024,6,Georgia Tech,Duke,0.7194036721452757,7.92053961181089,margin_predictor,v2,test
401635571,2024,6,Louisville,SMU,0.6171886232348718,3.8542223461306304,margin_predictor,v2,test
401635572,2024,6,North Carolina,Pittsburgh,0.4754563028475705,-1.1940003407508315,margin_predictor,v2,test
401635573,2024,6,Stanford,Virginia Tech,0.2646406527351804,-9.291449516965423,margin_predictor,v2,test
401635638,2024,6,NC State,Wake Forest,0.66391857163605,5.635245128058521,margin_predictor,v2,test
401636887,2024,6,Arizona,Texas Tech,0.6298070184781235,4.3254541112139435,margin_predictor,v2,test
401636888,2024,6,Arizona State,Kansas,0.4740131870969166,-1.2447313748023698,margin_predictor,v2,test
401636889,2024,6,Iowa State,Baylor,0.741912774747985,8.92362107386361,margin_predictor,v2,test
401636890,2024,6,Oklahoma State,West Virginia,0.5126902377937268,0.11235957318778977,margin_predictor,v2,test
401636891,2024,6,TCU,Houston,0.7467072402102087,9.144464459422535,margin_predictor,v2,test
401641001,2024,6,Kennesaw State,Jacksonville State,0.22347405943845283,-11.251076008580688,margin_predictor,v2,test
401641029,2024,6,UTEP,Sam Houston,0.23876918622182183,-10.496362663314475,margin_predictor,v2,test
401643722,2024,6,Air Force,Navy,0.2501886341671134,-9.954335883433961,margin_predictor,v2,test
401643723,2024,6,Boise State,Utah State,0.9523611205116497,25.92407790311181,margin_predictor,v2,test
401643724,2024,6,Oregon State,Colorado State,0.8320922577758535,13.697542264285742,margin_predictor,v2,test
401643725,2024,6,San Diego State,Hawai'i,0.4417301437803193,-2.3852093485054957,margin_predictor,v2,test
401643726,2024,6,San José State,Nevada,0.6401079731308139,4.715048863130033,margin_predictor,v2,test
401643797,2024,6,Troy,Texas State,0.5779924816570233,2.424533739536694,margin_predictor,v2,test
401643798,2024,6,Coastal Carolina,Old Dominion,0.7023914819397367,7.1947704398833885,margin_predictor,v2,test
401643799,2024,6,Marshall,App State,0.6873164418845158,6.571429390647708,margin_predictor,v2,test
401643800,2024,6,Arkansas State,South Alabama,0.19895017761102796,-12.542607323739261,margin_predictor,v2,test
401643801,2024,6,UL Monroe,James Madison,0.23949203124914825,-10.461536782509018,margin_predictor,v2,test
401643802,2024,6,Southern Miss,Louisiana,0.11412436405839185,-18.296783298660447,margin_predictor,v2,test
401644684,2024,6,Toledo,Miami (OH),0.7322829151544531,8.487968761531747,margin_predictor,v2,test
401644740,2024,6,Akron,Bowling Green,0.16877689593101217,-14.308535877429604,margin_predictor,v2,test
401644741,2024,6,Ball State,Western Michigan,0.3304892687564083,-6.521273023826964,margin_predictor,v2,test
401645338,2024,6,UAB,Tulane,0.15822636563513456,-14.984955342525632,margin_predictor,v2,test
401645339,2024,6,Tulsa,Army,0.2629851790693412,-9.366170239209508,margin_predictor,v2,test
401645340,2024,6,Charlotte,East Carolina,0.3278105971614735,-6.627614813928117,margin_predictor,v2,test
401628385,2024,7,Alabama,South Carolina,0.871432817107146,16.442692945059793,margin_predictor,v2,test
401628386,2024,7,Georgia,Mississippi State,0.9607798419164847,27.705851474068478,margin_predictor,v2,test
401628387,2024,7,Kentucky,Vanderbilt,0.7185144725877138,7.881962677610401,margin_predictor,v2,test
401628388,2024,7,LSU,Ole Miss,0.3051676322858874,-7.545461788258834,margin_predictor,v2,test
401628389,2024,7,Massachusetts,Missouri,0.06231469548382323,-24.099261868878823,margin_predictor,v2,test
401628390,2024,7,Oklahoma,Texas,0.21788715723322935,-11.535857551106306,margin_predictor,v2,test
401628391,2024,7,Tennessee,Florida,0.8397756564271424,14.188711887777705,margin_predictor,v2,test
401628511,2024,7,Illinois,Purdue,0.925923541389661,21.807549438426214,margin_predictor,v2,test
401628512,2024,7,Iowa,Washington,0.49029675715397614,-0.6729845833566817,margin_predictor,v2,test
401628513,2024,7,Maryland,Northwestern,0.7553088424653019,9.547724329641662,margin_predictor,v2,test
401628514,2024,7,UCLA,Minnesota,0.5621054779992403,1.8562659586524544,margin_predictor,v2,test
401628515,2024,7,Oregon,Ohio State,0.3195517907074781,-6.958340537561712,margin_predictor,v2,test
401628516,2024,7,USC,Penn State,0.2665884223509416,-9.203917868745863,margin_predictor,v2,test
401628517,2024,7,Rutgers,Wisconsin,0.5982791931815491,3.158796212978693,margin_predictor,v2,test
401628981,2024,7,Notre Dame,Stanford,0.9418664242898642,24.081681908723912,margin_predictor,v2,test
401635574,2024,7,NC State,Syracuse,0.28819542995196523,-8.258622135527997,margin_predictor,v2,test
401635575,2024,7,Pittsburgh,California,0.6427086252250638,4.8141664723204585,margin_predictor,v2,test
401635576,2024,7,Wake Forest,Clemson,0.17957520226953724,-13.650275563095532,margin_predictor,v2,test
401635577,2024,7,North Carolina,Georgia Tech,0.36381245844330495,-5.2316342013904364,margin_predictor,v2,test
401635578,2024,7,Virginia,Louisville,0.249695301582232,-9.977403769375764,margin_predictor,v2,test
401636892,2024,7,Arizona State,Utah,0.5866379701554908,2.7361334489004694,margin_predictor,v2,test
401636893,2024,7,BYU,Arizona,0.6948213577891168,6.87959265438287,margin_predictor,v2,test
401636894,2024,7,Colorado,Kansas State,0.23730045484883364,-10.567348183881057,margin_predictor,v2,test
401636895,2024,7,UCF,Cincinnati,0.7979088069774071,11.705436999160575,margin_predictor,v2,test
401636896,2024,7,West Virginia,Iowa State,0.4272828992215098,-2.900670515745144,margin_predictor,v2,test
401640982,2024,7,Liberty,Florida International,0.8593243883179281,15.531051547389959,margin_predictor,v2,test
401641002,2024,7,Jacksonville State,New Mexico State,0.9488363277916919,25.265851360760937,margin_predictor,v2,test
401641009,2024,7,Louisiana Tech,Middle Tennessee,0.5556372306556396,1.6262712044174807,margin_predictor,v2,test
401641030,2024,7,Western Kentucky,UTEP,0.9116591252123005,20.127713497742157,margin_predictor,v2,test
401643727,2024,7,New Mexico,Air Force,0.5273292044226443,0.6265212775361584,margin_predictor,v2,test
401643728,2024,7,Hawai'i,Boise State,0.15501285287303376,-15.1982231289704,margin_predictor,v2,test
401643729,2024,7,Colorado State,San José State,0.3527638003221673,-5.65290844654143,margin_predictor,v2,test
401643730,2024,7,Fresno State,Washington State,0.27534574248536414,-8.815285951724329,margin_predictor,v2,test
401643731,2024,7,Nevada,Oregon State,0.5835433296772726,2.6243860674835937,margin_predictor,v2,test
401643732,2024,7,Wyoming,San Diego State,0.3929876366561424,-4.143913740839947,margin_predictor,v2,test
401643733,2024,7,Utah State,UNLV,0.10443152737861165,-19.17022196718369,margin_predictor,v2,test
401643803,2024,7,James Madison,Coastal Carolina,0.7700438726018496,10.261532202290098,margin_predictor,v2,test
401643804,2024,7,Georgia Southern,Marshall,0.5317376702084865,0.7816421080127274,margin_predictor,v2,test
401643805,2024,7,Georgia State,Old Dominion,0.5883983338592993,2.7998098824619677,margin_predictor,v2,test
401643806,2024,7,Louisiana,App State,0.8622527269504575,15.74527433036025,margin_predictor,v2,test
401643807,2024,7,UL Monroe,Southern Miss,0.79486051092775,11.54064646382393,margin_predictor,v2,test
401643808,2024,7,Texas State,Arkansas State,0.8175885600153053,12.817134994623538,margin_predictor,v2,test
401644685,2024,7,Eastern Michigan,Miami (OH),0.5231067127192001,0.4780851885034254,margin_predictor,v2,test
401644742,2024,7,Western Michigan,Akron,0.777044326909067,10.611869897856174,margin_predictor,v2,test
401644743,2024,7,Kent State,Ball State,0.32005283772464543,-6.938149263180847,margin_predictor,v2,test
401644744,2024,7,Bowling Green,Northern Illinois,0.5002598578121622,-0.3235953223255432,margin_predictor,v2,test
401644745,2024,7,Buffalo,Toledo,0.256040887739469,-9.682961572012575,margin_predictor,v2,test
401644746,2024,7,Central Michigan,Ohio,0.417827585783,-3.240372820136766,margin_predictor,v2,test
401645341,2024,7,South Florida,Memphis,0.323812627906666,-6.787165121765733,margin_predictor,v2,test
401645342,2024,7,Army,UAB,0.9245089962971177,21.628331974200297,margin_predictor,v2,test
401645343,2024,7,Florida Atlantic,North Texas,0.3912948980425149,-4.206164857713082,margin_predictor,v2,test
401645344,2024,7,Rice,UTSA,0.6498907666097337,5.089587900529885,margin_predictor,v2,test
401628392,2024,8,Arkansas,LSU,0.4917836435211802,-0.6208315580759791,margin_predictor,v2,test
401628393,2024,8,Florida,Kentucky,0.4305091582180272,-2.7852094336691224,margin_predictor,v2,test
401628394,2024,8,Mississippi State,Texas A&M,0.1382244472703518,-16.37552171095653,margin_predictor,v2,test
401628395,2024,8,Missouri,Auburn,0.7104746961383757,7.53645760228938,margin_predictor,v2,test
401628396,2024,8,Oklahoma,South Carolina,0.669676817494539,5.8624398083476175,margin_predictor,v2,test
401628397,2024,8,Tennessee,Alabama,0.4637480816270404,-1.6060800530239052,margin_predictor,v2,test
401628398,2024,8,Texas,Georgia,0.7983922377614118,11.73174113104119,margin_predictor,v2,test
401628399,2024,8,Vanderbilt,Ball State,0.9816868106762625,34.57048157712525,margin_predictor,v2,test
401628518,2024,8,Illinois,Michigan,0.4139998215574107,-3.3784968701591933,margin_predictor,v2,test
401628519,2024,8,Indiana,Nebraska,0.8745665457577227,16.690471505145613,margin_predictor,v2,test
401628520,2024,8,Michigan State,Iowa,0.3389710640918896,-6.187374523234071,margin_predictor,v2,test
401628521,2024,8,Maryland,USC,0.3125965240151109,-7.240393644821786,margin_predictor,v2,test
401628522,2024,8,Northwestern,Wisconsin,0.3965627311622799,-4.012746559866523,margin_predictor,v2,test
401628523,2024,8,Purdue,Oregon,0.06099235288470062,-24.299635430351913,margin_predictor,v2,test
401628524,2024,8,Rutgers,UCLA,0.445868951419372,-2.238228204260444,margin_predictor,v2,test
401628982,2024,8,Georgia Tech,Notre Dame,0.35860629630335605,-5.429425757347712,margin_predictor,v2,test
401629034,2024,8,UConn,Wake Forest,0.7862046253412543,11.08237064564243,margin_predictor,v2,test
401634768,2024,8,Virginia Tech,Boston College,0.67583917372161,6.107814886504208,margin_predictor,v2,test
401634769,2024,8,Duke,Florida State,0.7118675083946121,7.5958978224382125,margin_predictor,v2,test
401635587,2024,8,California,NC State,0.8109354533322887,12.43147928359398,margin_predictor,v2,test
401635588,2024,8,Clemson,Virginia,0.8310224958762245,13.630592960008645,margin_predictor,v2,test
401635589,2024,8,Louisville,Miami,0.4043996586484946,-3.726609829114596,margin_predictor,v2,test
401635590,2024,8,Stanford,SMU,0.13920419428295086,-16.303634949549885,margin_predictor,v2,test
401636897,2024,8,Arizona,Colorado,0.5803501011458992,2.5093275539450515,margin_predictor,v2,test
401636898,2024,8,BYU,Oklahoma State,0.8855444155858945,17.60268665721455,margin_predictor,v2,test
401636899,2024,8,Cincinnati,Arizona State,0.4385034439604544,-2.499997413896382,margin_predictor,v2,test
401636900,2024,8,Iowa State,UCF,0.6163333419188355,3.822502983801937,margin_predictor,v2,test
401636901,2024,8,Kansas,Houston,0.5378832711427836,0.9981840661858286,margin_predictor,v2,test
401636902,2024,8,Texas Tech,Baylor,0.7159007525355479,7.768995896799469,margin_predictor,v2,test
401636903,2024,8,Utah,TCU,0.5500803314701894,1.429219471001594,margin_predictor,v2,test
401636904,2024,8,West Virginia,Kansas State,0.31499329067883386,-7.142820691590247,margin_predictor,v2,test
401640983,2024,8,UTEP,Florida International,0.419655987909711,-3.174522362230555,margin_predictor,v2,test
401641010,2024,8,New Mexico State,Louisiana Tech,0.23538503121353996,-10.660379227142714,margin_predictor,v2,test
401641019,2024,8,Middle Tennessee,Kennesaw State,0.7831621344416568,10.924513224978574,margin_predictor,v2,test
401641038,2024,8,Sam Houston,Western Kentucky,0.5109274550803101,0.05051473246235538,margin_predictor,v2,test
401643734,2024,8,Air Force,Colorado State,0.3732252105563032,-4.87705248318548,margin_predictor,v2,test
401643735,2024,8,Nevada,Fresno State,0.6832582476646449,6.406479372580272,margin_predictor,v2,test
401643736,2024,8,Washington State,Hawai'i,0.86629659805954,16.04748820959272,margin_predictor,v2,test
401643737,2024,8,Utah State,New Mexico,0.6256041956802122,4.167800468463211,margin_predictor,v2,test
401643738,2024,8,San José State,Wyoming,0.8450507103529986,14.537063793936419,margin_predictor,v2,test
401643739,2024,8,Oregon State,UNLV,0.3030628909757093,-7.632643710398378,margin_predictor,v2,test
401643809,2024,8,South Alabama,Troy,0.6710413264439853,5.916568828967719,margin_predictor,v2,test
401643810,2024,8,Marshall,Georgia State,0.6906949703757722,6.709645127981959,margin_predictor,v2,test
401643811,2024,8,Coastal Carolina,Louisiana,0.3976307090005276,-3.97364262759041,margin_predictor,v2,test
401643812,2024,8,Georgia Southern,James Madison,0.22889826632600183,-10.979399451227916,margin_predictor,v2,test
401643813,2024,8,Old Dominion,Texas State,0.32921196566696853,-6.571926281513461,margin_predictor,v2,test
401643814,2024,8,Southern Miss,Arkansas State,0.4222007391152737,-3.0830040842711646,margin_predictor,v2,test
401644686,2024,8,Miami (OH),Ohio,0.6542668638338378,5.25867568478961,margin_predictor,v2,test
401644748,2024,8,Bowling Green,Kent State,0.9633202227890105,28.316017194889394,margin_predictor,v2,test
401644749,2024,8,Buffalo,Western Michigan,0.6247089703091675,4.1343119621884306,margin_predictor,v2,test
401644750,2024,8,Eastern Michigan,Central Michigan,0.6398405756272227,4.704875530433499,margin_predictor,v2,test
401644751,2024,8,Northern Illinois,Toledo,0.5697840356174018,2.130279380910275,margin_predictor,v2,test
401645345,2024,8,South Florida,UAB,0.8352476297697174,13.897021900614261,margin_predictor,v2,test
401645346,2024,8,Army,East Carolina,0.8446951776267709,14.513284293514106,margin_predictor,v2,test
401645347,2024,8,Navy,Charlotte,0.8284757721955048,13.47255755208426,margin_predictor,v2,test
401645348,2024,8,UTSA,Florida Atlantic,0.7068057949090037,7.380686487241675,margin_predictor,v2,test
401645349,2024,8,Memphis,North Texas,0.8148546727596263,12.657368161194215,margin_predictor,v2,test
401645350,2024,8,Tulane,Rice,0.861979518974574,15.725127061685695,margin_predictor,v2,test
401645351,2024,8,Temple,Tulsa,0.4958963351476898,-0.47660127791545426,margin_predictor,v2,test
401628400,2024,9,Alabama,Missouri,0.7508992348170659,9.339830345434418,margin_predictor,v2,test
401628401,2024,9,Kentucky,Auburn,0.6298470375905904,4.326958788580967,margin_predictor,v2,test
401628402,2024,9,Ole Miss,Oklahoma,0.833822027219841,13.806521271579975,margin_predictor,v2,test
401628403,2024,9,Mississippi State,Arkansas,0.2508808295933847,-9.922020343060785,margin_predictor,v2,test
401628404,2024,9,Texas A&M,LSU,0.5153180708647714,0.20457456380585803,margin_predictor,v2,test
401628405,2024,9,Vanderbilt,Texas,0.12633084729131597,-17.284394358950887,margin_predictor,v2,test
401628525,2024,9,Oregon,Illinois,0.8632822771444937,15.821499864709367,margin_predictor,v2,test
401628526,2024,9,Indiana,Washington,0.8562187375964316,15.307894126304921,margin_predictor,v2,test
401628527,2024,9,Iowa,Northwestern,0.7885670053717672,11.206072287253498,margin_predictor,v2,test
401628528,2024,9,Minnesota,Maryland,0.5472152012169629,1.3277960303120317,margin_predictor,v2,test
401628529,2024,9,Michigan,Michigan State,0.6901219797163058,6.686145856782938,margin_predictor,v2,test
401628530,2024,9,Ohio State,Nebraska,0.9444753332421177,24.50842992082823,margin_predictor,v2,test
401628531,2024,9,Wisconsin,Penn State,0.18422088932978542,-13.376600044145173,margin_predictor,v2,test
401628532,2024,9,USC,Rutgers,0.8458772292909471,14.59251752455609,margin_predictor,v2,test
401628983,2024,9,Navy,Notre Dame,0.1933214042319914,-12.855575706643128,margin_predictor,v2,test
401629035,2024,9,UConn,Rice,0.6290654512127711,4.29758405115268,margin_predictor,v2,test
401634770,2024,9,Pittsburgh,Syracuse,0.6240134040524897,4.108314307106339,margin_predictor,v2,test
401634771,2024,9,Boston College,Louisville,0.32849351505688573,-6.600461401030648,margin_predictor,v2,test
401635594,2024,9,California,Oregon State,0.8012948744941414,11.890678558166357,margin_predictor,v2,test
401635595,2024,9,Duke,SMU,0.21511079509519554,-11.679336238383247,margin_predictor,v2,test
401635596,2024,9,Miami,Florida State,0.9430299530172523,24.269733282008193,margin_predictor,v2,test
401635597,2024,9,Virginia Tech,Georgia Tech,0.5479773129174856,1.3547631145523582,margin_predictor,v2,test
401635598,2024,9,Virginia,North Carolina,0.5551407307570736,1.6086456147207,margin_predictor,v2,test
401635599,2024,9,Stanford,Wake Forest,0.5223567010633863,0.45173227703417496,margin_predictor,v2,test
401636905,2024,9,Arizona,West Virginia,0.4670079130339348,-1.4912260925786778,margin_predictor,v2,test
401636906,2024,9,Baylor,Oklahoma State,0.7641606920625011,9.972854117170366,margin_predictor,v2,test
401636907,2024,9,Colorado,Cincinnati,0.6262576580125999,4.192265420206313,margin_predictor,v2,test
401636908,2024,9,Houston,Utah,0.49546367992822915,-0.4917730504090492,margin_predictor,v2,test
401636909,2024,9,Kansas State,Kansas,0.7982293950773063,11.722875378920874,margin_predictor,v2,test
401636910,2024,9,TCU,Texas Tech,0.6812218284214296,6.324135011146445,margin_predictor,v2,test
401636911,2024,9,UCF,BYU,0.5530413472043229,1.534160914378174,margin_predictor,v2,test
401640984,2024,9,Florida International,Sam Houston,0.21830332532089597,-11.514464596523675,margin_predictor,v2,test
401640993,2024,9,Kennesaw State,Liberty,0.07668726770213957,-22.14457491042065,margin_predictor,v2,test
401641003,2024,9,Jacksonville State,Middle Tennessee,0.871087491303407,16.41570496649493,margin_predictor,v2,test
401641011,2024,9,Louisiana Tech,UTEP,0.7183242485436896,7.873719654084534,margin_predictor,v2,test
401643740,2024,9,UNLV,Boise State,0.4912711846702505,-0.6388055972329765,margin_predictor,v2,test
401643741,2024,9,Colorado State,New Mexico,0.7133980708942027,7.661414334667192,margin_predictor,v2,test
401643742,2024,9,Fresno State,San José State,0.5418629013717531,1.1386198259386744,margin_predictor,v2,test
401643743,2024,9,Hawai'i,Nevada,0.43370790920096725,-2.670941123794711,margin_predictor,v2,test
401643744,2024,9,San Diego State,Washington State,0.20912846708369942,-11.993137104950275,margin_predictor,v2,test
401643745,2024,9,Wyoming,Utah State,0.43800838863471186,-2.517624860807668,margin_predictor,v2,test
401643815,2024,9,Old Dominion,Georgia Southern,0.4803826612536543,-1.02092337794291,margin_predictor,v2,test
401643816,2024,9,App State,Georgia State,0.5526079109406621,1.5187913361936913,margin_predictor,v2,test
401643817,2024,9,James Madison,Southern Miss,0.9643703905676357,28.580208207716908,margin_predictor,v2,test
401643818,2024,9,Arkansas State,Troy,0.3887754763641587,-4.29899636186742,margin_predictor,v2,test
401643819,2024,9,South Alabama,UL Monroe,0.7995922503003324,11.797239937650454,margin_predictor,v2,test
401644687,2024,9,Miami (OH),Central Michigan,0.830787807445273,13.615950574173171,margin_predictor,v2,test
401644752,2024,9,Akron,Eastern Michigan,0.3784905630978459,-4.68029664124202,margin_predictor,v2,test
401644753,2024,9,Ball State,Northern Illinois,0.14734062738546377,-15.722427498443855,margin_predictor,v2,test
401644754,2024,9,Toledo,Bowling Green,0.7080122724950714,7.431782868571842,margin_predictor,v2,test
401644755,2024,9,Ohio,Buffalo,0.711515541842359,7.580861065942514,margin_predictor,v2,test
401644756,2024,9,Western Michigan,Kent State,0.9474606305515451,25.020543700756168,margin_predictor,v2,test
401645352,2024,9,East Carolina,Temple,0.7665779970921098,10.09085373433337,margin_predictor,v2,test
401645353,2024,9,Memphis,Charlotte,0.8788210385335689,17.035499818530937,margin_predictor,v2,test
401645354,2024,9,North Texas,Tulane,0.20023999741894563,-12.47183350785077,margin_predictor,v2,test
401645355,2024,9,Tulsa,UTSA,0.30432364758088076,-7.580380281760069,margin_predictor,v2,test
401628406,2024,10,Arkansas,Ole Miss,0.32940790396702024,-6.564149595327997,margin_predictor,v2,test
401628407,2024,10,Auburn,Vanderbilt,0.5974208092843766,3.127499169068234,margin_predictor,v2,test
401628408,2024,10,Georgia,Florida,0.8096711236085982,12.35937580812058,margin_predictor,v2,test
401628409,2024,10,Mississippi State,Massachusetts,0.8710122417916969,16.40983222590904,margin_predictor,v2,test
401628411,2024,10,South Carolina,Texas A&M,0.4439690695813709,-2.305664198437635,margin_predictor,v2,test
401628412,2024,10,Tennessee,Kentucky,0.8136520076045038,12.587662612248533,margin_predictor,v2,test
401628533,2024,10,Illinois,Minnesota,0.5547916428301696,1.596255445146832,margin_predictor,v2,test
401628534,2024,10,Michigan State,Indiana,0.18233592196497272,-13.486988484012747,margin_predictor,v2,test
401628535,2024,10,Iowa,Wisconsin,0.6467683968812401,4.9695394022390165,margin_predictor,v2,test
401628536,2024,10,Michigan,Oregon,0.25809571060244807,-9.588646587218195,margin_predictor,v2,test
401628537,2024,10,Nebraska,UCLA,0.5701581553122026,2.1436595637668434,margin_predictor,v2,test
401628538,2024,10,Purdue,Northwestern,0.4387638527218485,-2.4907267845893535,margin_predictor,v2,test
401628539,2024,10,Penn State,Ohio State,0.5333698369235375,0.839116147096969,margin_predictor,v2,test
401628540,2024,10,Washington,USC,0.4837750429943471,-0.9018193075517349,margin_predictor,v2,test
401629036,2024,10,UConn,Georgia State,0.710540361123862,7.539256131413804,margin_predictor,v2,test
401635516,2024,10,NC State,Stanford,0.637921354909196,4.631953744029211,margin_predictor,v2,test
401635600,2024,10,Clemson,Louisville,0.5222411812589506,0.4476736136585835,margin_predictor,v2,test
401635601,2024,10,Miami,Duke,0.921065608619428,21.204626578951412,margin_predictor,v2,test
401635602,2024,10,Florida State,North Carolina,0.39443688201768146,-4.090692314691379,margin_predictor,v2,test
401635604,2024,10,Syracuse,Virginia Tech,0.38490746477090626,-4.441947190866973,margin_predictor,v2,test
401635627,2024,10,SMU,Pittsburgh,0.6867084199212073,6.546642067956317,margin_predictor,v2,test
401636912,2024,10,Baylor,TCU,0.5686770585149866,2.090705588527434,margin_predictor,v2,test
401636913,2024,10,Houston,Kansas State,0.18994413378539202,-13.046692349276855,margin_predictor,v2,test
401636914,2024,10,Iowa State,Texas Tech,0.7963984564260269,11.623558088977445,margin_predictor,v2,test
401636915,2024,10,Oklahoma State,Arizona State,0.26577662289022974,-9.240349898206354,margin_predictor,v2,test
401636916,2024,10,UCF,Arizona,0.7760121755770405,10.559730496804546,margin_predictor,v2,test
401640985,2024,10,Florida International,New Mexico State,0.6771262040233191,6.1593658664020055,margin_predictor,v2,test
401640994,2024,10,Liberty,Jacksonville State,0.5279699433195593,0.6490570879929365,margin_predictor,v2,test
401641012,2024,10,Sam Houston,Louisiana Tech,0.7446476219656,9.04926058894791,margin_predictor,v2,test
401641020,2024,10,Western Kentucky,Kennesaw State,0.9323627728861292,22.665475045744916,margin_predictor,v2,test
401641026,2024,10,UTEP,Middle Tennessee,0.5593075480911293,1.7566911181493923,margin_predictor,v2,test
401643746,2024,10,Army,Air Force,0.9548028146057781,26.407742125475945,margin_predictor,v2,test
401643747,2024,10,Boise State,San Diego State,0.9379441480221248,23.472755561993853,margin_predictor,v2,test
401643748,2024,10,Nevada,Colorado State,0.6788316762428811,6.2278432041723,margin_predictor,v2,test
401643749,2024,10,Fresno State,Hawai'i,0.6296101521848384,4.318053117257996,margin_predictor,v2,test
401643750,2024,10,New Mexico,Wyoming,0.7209294223776495,7.986906831619336,margin_predictor,v2,test
401643820,2024,10,Texas State,Louisiana,0.49140379224845,-0.6341544439932174,margin_predictor,v2,test
401643821,2024,10,App State,Old Dominion,0.3702358886900944,-4.989254895015181,margin_predictor,v2,test
401643822,2024,10,Marshall,UL Monroe,0.7396335985410836,8.819577125830454,margin_predictor,v2,test
401643823,2024,10,South Alabama,Georgia Southern,0.7371055458281777,8.70485990331433,margin_predictor,v2,test
401643824,2024,10,Troy,Coastal Carolina,0.5438399638577902,1.208456663686785,margin_predictor,v2,test
401644757,2024,10,Akron,Buffalo,0.48557053915055337,-0.838802678122136,margin_predictor,v2,test
401644758,2024,10,Eastern Michigan,Toledo,0.32101042668511237,-6.899606648809245,margin_predictor,v2,test
401645356,2024,10,Charlotte,Tulane,0.12054386167419552,-17.753309991915454,margin_predictor,v2,test
401645357,2024,10,Florida Atlantic,South Florida,0.3280021271462765,-6.6199964960303195,margin_predictor,v2,test
401645358,2024,10,UAB,Tulsa,0.5756305386644577,2.3397125246864072,margin_predictor,v2,test
401645359,2024,10,UTSA,Memphis,0.3113929783371357,-7.289543911478981,margin_predictor,v2,test
401645360,2024,10,Rice,Navy,0.4409115733470774,-2.4143125778131256,margin_predictor,v2,test
401628413,2024,11,LSU,Alabama,0.4143340708406721,-3.3664208694261117,margin_predictor,v2,test
401628414,2024,11,Ole Miss,Georgia,0.6952430257926476,6.897031338700852,margin_predictor,v2,test
401628415,2024,11,Missouri,Oklahoma,0.5545855525941668,1.5889415908545876,margin_predictor,v2,test
401628416,2024,11,Tennessee,Mississippi State,0.9343710220276299,22.94855413756397,margin_predictor,v2,test
401628417,2024,11,Texas,Florida,0.9150010015352895,20.497835813439266,margin_predictor,v2,test
401628418,2024,11,Vanderbilt,South Carolina,0.3902204389810943,-4.245728333359487,margin_predictor,v2,test
401628541,2024,11,Indiana,Michigan,0.8864330722677751,17.679805759078995,margin_predictor,v2,test
401628542,2024,11,UCLA,Iowa,0.4940462376505575,-0.5414798031855073,margin_predictor,v2,test
401628543,2024,11,Oregon,Maryland,0.8988910009650448,18.820696260445057,margin_predictor,v2,test
401628544,2024,11,Rutgers,Minnesota,0.33342804631918943,-6.405105846199389,margin_predictor,v2,test
401628545,2024,11,Ohio State,Purdue,0.9798780951265305,33.72866727515695,margin_predictor,v2,test
401628546,2024,11,Penn State,Washington,0.8466116973477931,14.64199971843325,margin_predictor,v2,test
401628984,2024,11,Notre Dame,Florida State,0.952745795244378,25.9986890880503,margin_predictor,v2,test
401629037,2024,11,UAB,UConn,0.3239263885472149,-6.782611118022771,margin_predictor,v2,test
401629045,2024,11,North Texas,Army,0.2883829084277545,-8.250612339458849,margin_predictor,v2,test
401634773,2024,11,Wake Forest,California,0.24950301745922362,-9.986403073879943,margin_predictor,v2,test
401635606,2024,11,Boston College,Syracuse,0.5710679118170652,2.176208491911339,margin_predictor,v2,test
401635607,2024,11,Virginia Tech,Clemson,0.5328054588142236,0.8192397273559497,margin_predictor,v2,test
401635608,2024,11,NC State,Duke,0.42199607704692005,-3.090358898296404,margin_predictor,v2,test
401635609,2024,11,Georgia Tech,Miami,0.2899460859222594,-8.183947482734157,margin_predictor,v2,test
401635610,2024,11,Pittsburgh,Virginia,0.8252928381614267,13.277636570085487,margin_predictor,v2,test
401636917,2024,11,Arizona State,UCF,0.45488351173967895,-1.9189877868182044,margin_predictor,v2,test
401636918,2024,11,Cincinnati,West Virginia,0.5613384020303285,1.8289529660949846,margin_predictor,v2,test
401636919,2024,11,Kansas,Iowa State,0.44670348797162457,-2.2086243269275667,margin_predictor,v2,test
401636920,2024,11,TCU,Oklahoma State,0.8434605983531808,14.431053853973568,margin_predictor,v2,test
401636921,2024,11,Texas Tech,Colorado,0.5048973337514284,-0.16098119968727564,margin_predictor,v2,test
401636922,2024,11,Utah,BYU,0.26936814959100225,-9.079700152738054,margin_predictor,v2,test
401640995,2024,11,Middle Tennessee,Liberty,0.2554884199553028,-9.70840397961714,margin_predictor,v2,test
401641004,2024,11,Louisiana Tech,Jacksonville State,0.2516761968106191,-9.884961295550811,margin_predictor,v2,test
401641021,2024,11,UTEP,Kennesaw State,0.6477440329450783,5.006998247780014,margin_predictor,v2,test
401641036,2024,11,New Mexico State,Western Kentucky,0.10097185150250094,-19.49934617125677,margin_predictor,v2,test
401643751,2024,11,Air Force,Fresno State,0.27080427286195075,-9.01584139606127,margin_predictor,v2,test
401643752,2024,11,Boise State,Nevada,0.9111705683470795,20.074668917146454,margin_predictor,v2,test
401643753,2024,11,Hawai'i,UNLV,0.25916863823162506,-9.539594605251157,margin_predictor,v2,test
401643754,2024,11,San Diego State,New Mexico,0.6917316168904772,6.752220873038822,margin_predictor,v2,test
401643755,2024,11,Oregon State,San José State,0.613598510382665,3.721255626810689,margin_predictor,v2,test
401643756,2024,11,Washington State,Utah State,0.9302896972227864,22.381320162282947,margin_predictor,v2,test
401643825,2024,11,Coastal Carolina,App State,0.5967345158420613,3.1024922782872935,margin_predictor,v2,test
401643826,2024,11,James Madison,Georgia State,0.8589821069121754,15.506256328150345,margin_predictor,v2,test
401643827,2024,11,Louisiana,Arkansas State,0.8836822617057211,17.442761507050975,margin_predictor,v2,test
401643828,2024,11,UL Monroe,Texas State,0.2893835516268972,-8.20791328474601,margin_predictor,v2,test
401643829,2024,11,Southern Miss,Marshall,0.17650063348028688,-13.834450623470191,margin_predictor,v2,test
401644688,2024,11,Ball State,Miami (OH),0.11378501126266469,-18.326245522446992,margin_predictor,v2,test
401644760,2024,11,Central Michigan,Bowling Green,0.30558271470587045,-7.528308306014528,margin_predictor,v2,test
401644761,2024,11,Kent State,Ohio,0.04707977614654335,-26.69812547968,margin_predictor,v2,test
401644762,2024,11,Western Michigan,Northern Illinois,0.4468326605997459,-2.2040430866771827,margin_predictor,v2,test
401645361,2024,11,East Carolina,Florida Atlantic,0.7502183218707759,9.30794869447953,margin_predictor,v2,test
401645362,2024,11,Memphis,Rice,0.7150421924445147,7.7320254461753635,margin_predictor,v2,test
401645363,2024,11,South Florida,Navy,0.5098629375486115,0.013172294415730867,margin_predictor,v2,test
401645364,2024,11,Tulane,Temple,0.9731427809961237,31.137233354243662,margin_predictor,v2,test
401628419,2024,12,Arkansas,Texas,0.1879011022506023,-13.163570743264367,margin_predictor,v2,test
401628420,2024,12,Florida,LSU,0.34461984653357686,-5.967265908415552,margin_predictor,v2,test
401628421,2024,12,Georgia,Tennessee,0.6630745000769614,5.602105076974321,margin_predictor,v2,test
401628423,2024,12,South Carolina,Missouri,0.7401509512630882,8.843142103913145,margin_predictor,v2,test
401628424,2024,12,Texas A&M,New Mexico State,0.9912915169245711,41.17181476048011,margin_predictor,v2,test
401628426,2024,12,Auburn,UL Monroe,0.9355776405429148,23.12253403106368,margin_predictor,v2,test
401628547,2024,12,Illinois,Michigan State,0.5877012063538081,2.7745834753002896,margin_predictor,v2,test
401628548,2024,12,Maryland,Rutgers,0.7053145412121896,7.317699038187204,margin_predictor,v2,test
401628549,2024,12,USC,Nebraska,0.7240661161545442,8.124050132501749,margin_predictor,v2,test
401628550,2024,12,Northwestern,Ohio State,0.056700887621092114,-24.979162721604773,margin_predictor,v2,test
401628551,2024,12,Wisconsin,Oregon,0.14087717630896326,-16.181857874463002,margin_predictor,v2,test
401628552,2024,12,Purdue,Penn State,0.038859679753831367,-28.455496031963765,margin_predictor,v2,test
401628553,2024,12,Washington,UCLA,0.616157977650773,3.816002646784744,margin_predictor,v2,test
401628985,2024,12,Notre Dame,Virginia,0.9389248373845535,23.621554761670367,margin_predictor,v2,test
401629046,2024,12,Massachusetts,Liberty,0.20706868870446082,-12.102705437827757,margin_predictor,v2,test
401635517,2024,12,Stanford,Louisville,0.0896991296137304,-20.64630435783062,margin_predictor,v2,test
401635580,2024,12,SMU,Boston College,0.8189694425900594,12.898540521525666,margin_predictor,v2,test
401635581,2024,12,California,Syracuse,0.6197945149324173,3.951032667719002,margin_predictor,v2,test
401635582,2024,12,Pittsburgh,Clemson,0.450866828274972,-2.0610920311908214,margin_predictor,v2,test
401635583,2024,12,North Carolina,Wake Forest,0.8656854789752274,16.00132657318614,margin_predictor,v2,test
401636923,2024,12,Arizona,Houston,0.4470735640382414,-2.195499877810708,margin_predictor,v2,test
401636924,2024,12,BYU,Kansas,0.6609762447082389,5.519899252048107,margin_predictor,v2,test
401636925,2024,12,Colorado,Utah,0.7024087824995158,7.195495952170376,margin_predictor,v2,test
401636926,2024,12,Iowa State,Cincinnati,0.7104090594180593,7.533660653571188,margin_predictor,v2,test
401636927,2024,12,Kansas State,Arizona State,0.720662196524061,7.975267012062899,margin_predictor,v2,test
401636929,2024,12,West Virginia,Baylor,0.5481432123800655,1.3606344659686662,margin_predictor,v2,test
401640986,2024,12,Jacksonville State,Florida International,0.9084329643896358,19.78221455013717,margin_predictor,v2,test
401641013,2024,12,Western Kentucky,Louisiana Tech,0.78754317044722,11.152337815904655,margin_predictor,v2,test
401641022,2024,12,Kennesaw State,Sam Houston,0.1826722933555566,-13.46722502923429,margin_predictor,v2,test
401643757,2024,12,Air Force,Oregon State,0.4065800745939678,-3.647322673722478,margin_predictor,v2,test
401643758,2024,12,San José State,Boise State,0.20984451685752734,-11.955233530484263,margin_predictor,v2,test
401643759,2024,12,Colorado State,Wyoming,0.7988647543207587,11.757497006335042,margin_predictor,v2,test
401643760,2024,12,Utah State,Hawai'i,0.31020323305658504,-7.338232983701973,margin_predictor,v2,test
401643761,2024,12,New Mexico,Washington State,0.21518038317554833,-11.675723676925335,margin_predictor,v2,test
401643762,2024,12,UNLV,San Diego State,0.9166354769167578,20.683687081963857,margin_predictor,v2,test
401643830,2024,12,Georgia Southern,Troy,0.6153573128799525,3.786338099333389,margin_predictor,v2,test
401643831,2024,12,Georgia State,Arkansas State,0.659879068467433,5.477012708139238,margin_predictor,v2,test
401643832,2024,12,Marshall,Coastal Carolina,0.6725980081794236,5.97846119868194,margin_predictor,v2,test
401643833,2024,12,Old Dominion,James Madison,0.36053233150287234,-5.356107491682712,margin_predictor,v2,test
401643834,2024,12,Louisiana,South Alabama,0.6769684707108586,6.153042221694966,margin_predictor,v2,test
401643835,2024,12,Texas State,Southern Miss,0.9523249977381409,25.9171009876526,margin_predictor,v2,test
401644689,2024,12,Miami (OH),Kent State,0.9848953741652063,36.28759883714047,margin_predictor,v2,test
401644763,2024,12,Buffalo,Ball State,0.7020298363610955,7.179610112872165,margin_predictor,v2,test
401644764,2024,12,Bowling Green,Western Michigan,0.7304546785402909,8.406396455641211,margin_predictor,v2,test
401644765,2024,12,Toledo,Central Michigan,0.8303109481378944,13.586248702763049,margin_predictor,v2,test
401644766,2024,12,Northern Illinois,Akron,0.8608809275612916,15.64444973840594,margin_predictor,v2,test
401644767,2024,12,Ohio,Eastern Michigan,0.8529354721518909,15.07629349718101,margin_predictor,v2,test
401645365,2024,12,Tulsa,East Carolina,0.21825622416982762,-11.516884336009555,margin_predictor,v2,test
401645366,2024,12,UTSA,North Texas,0.5763508339306866,2.3655661661864587,margin_predictor,v2,test
401645367,2024,12,Memphis,UAB,0.8906063779859857,18.04917624563468,margin_predictor,v2,test
401645368,2024,12,Charlotte,South Florida,0.42605708890966937,-2.9445972254181103,margin_predictor,v2,test
401645369,2024,12,Temple,Florida Atlantic,0.49455748552531154,-0.5235510583022185,margin_predictor,v2,test
401645370,2024,12,Navy,Tulane,0.2789377123854714,-8.658110690507725,margin_predictor,v2,test
401628427,2024,13,Arkansas,Louisiana Tech,0.9464657079863769,24.8468865679749,margin_predictor,v2,test
401628428,2024,13,Auburn,Texas A&M,0.4444886096017955,-2.2872175178937604,margin_predictor,v2,test
401628429,2024,13,Florida,Ole Miss,0.15073824130659527,-15.487582440237427,margin_predictor,v2,test
401628430,2024,13,Georgia,Massachusetts,0.9931444746184587,43.28538866512741,margin_predictor,v2,test
401628431,2024,13,LSU,Vanderbilt,0.6925779991536483,6.7870412188194145,margin_predictor,v2,test
401628432,2024,13,Mississippi State,Missouri,0.189366073149695,-13.079664036544846,margin_predictor,v2,test
401628433,2024,13,Oklahoma,Alabama,0.2842517264949637,-8.42783906176791,margin_predictor,v2,test
401628435,2024,13,Tennessee,UTEP,0.9864721374998537,37.26807051691146,margin_predictor,v2,test
401628436,2024,13,Texas,Kentucky,0.9167554270884849,20.697456294032264,margin_predictor,v2,test
401628554,2024,13,Rutgers,Illinois,0.41282037842319186,-3.421131599590266,margin_predictor,v2,test
401628555,2024,13,Ohio State,Indiana,0.6172320825456261,3.8558348151678916,margin_predictor,v2,test
401628556,2024,13,Maryland,Iowa,0.425660392670148,-2.958819718160686,margin_predictor,v2,test
401628557,2024,13,Michigan,Northwestern,0.8182491771679388,12.856019538078456,margin_predictor,v2,test
401628558,2024,13,Michigan State,Purdue,0.8256300544321157,13.298153973689415,margin_predictor,v2,test
401628559,2024,13,Minnesota,Penn State,0.13612772246499374,-16.53081408003208,margin_predictor,v2,test
401628560,2024,13,Nebraska,Wisconsin,0.6019237197569175,3.291924667642671,margin_predictor,v2,test
401628561,2024,13,UCLA,USC,0.41589094231763823,-3.3102104341748144,margin_predictor,v2,test
401628572,2024,13,Oregon State,Washington State,0.2862470022766655,-8.342050976137223,margin_predictor,v2,test
401634772,2024,13,Georgia Tech,NC State,0.8793650683649188,17.080368074984083,margin_predictor,v2,test
401635518,2024,13,Syracuse,UConn,0.8140892428510825,12.612964153150985,margin_predictor,v2,test
401635612,2024,13,Boston College,North Carolina,0.49634910490615125,-0.46072438616160394,margin_predictor,v2,test
401635613,2024,13,California,Stanford,0.8218985512675961,13.072832596416621,margin_predictor,v2,test
401635615,2024,13,Duke,Virginia Tech,0.35800860795507455,-5.452213114738761,margin_predictor,v2,test
401635617,2024,13,Louisville,Pittsburgh,0.7305653440625751,8.41132416936277,margin_predictor,v2,test
401635618,2024,13,Miami,Wake Forest,0.9598439470787421,27.49058537595296,margin_predictor,v2,test
401635619,2024,13,Virginia,SMU,0.22607399695328792,-11.120280073225702,margin_predictor,v2,test
401636930,2024,13,Arizona State,BYU,0.49461290367884625,-0.5216076461437549,margin_predictor,v2,test
401636931,2024,13,Houston,Baylor,0.445226107121333,-2.2610394725125116,margin_predictor,v2,test
401636932,2024,13,Kansas,Colorado,0.5519589105714966,1.4957831831110902,margin_predictor,v2,test
401636933,2024,13,Kansas State,Cincinnati,0.8021710615922693,11.938997689289446,margin_predictor,v2,test
401636934,2024,13,Oklahoma State,Texas Tech,0.30761311072232045,-7.444588243346354,margin_predictor,v2,test
401636935,2024,13,TCU,Arizona,0.7415245870851357,8.90585827026612,margin_predictor,v2,test
401636936,2024,13,Utah,Iowa State,0.3135632699874779,-7.200988479204614,margin_predictor,v2,test
401636937,2024,13,West Virginia,UCF,0.34438224302718046,-5.976489333954898,margin_predictor,v2,test
401640959,2024,13,Notre Dame,Army,0.8577707111647328,15.418903516666989,margin_predictor,v2,test
401640987,2024,13,Kennesaw State,Florida International,0.38800090523377107,-4.327580261140664,margin_predictor,v2,test
401640996,2024,13,Liberty,Western Kentucky,0.5997112949571632,3.2110602893731928,margin_predictor,v2,test
401641005,2024,13,Jacksonville State,Sam Houston,0.7233616027008303,8.093163865869837,margin_predictor,v2,test
401641027,2024,13,Middle Tennessee,New Mexico State,0.6674975942431359,5.77622586681251,margin_predictor,v2,test
401643763,2024,13,Nevada,Air Force,0.7289006131537247,8.337331277364882,margin_predictor,v2,test
401643764,2024,13,Wyoming,Boise State,0.05056709020130706,-26.039589835595873,margin_predictor,v2,test
401643765,2024,13,Fresno State,Colorado State,0.5820895364084984,2.57197223008745,margin_predictor,v2,test
401643766,2024,13,Utah State,San Diego State,0.6571311574514582,5.369894573488766,margin_predictor,v2,test
401643767,2024,13,San José State,UNLV,0.2723217521180661,-8.948595937980988,margin_predictor,v2,test
401643836,2024,13,App State,James Madison,0.22875981733084422,-10.986276940876808,margin_predictor,v2,test
401643837,2024,13,Coastal Carolina,Georgia Southern,0.5128692743226531,0.1186414207386206,margin_predictor,v2,test
401643838,2024,13,Old Dominion,Marshall,0.586660280171952,2.736939949207798,margin_predictor,v2,test
401643839,2024,13,Arkansas State,UL Monroe,0.5837339243606112,2.631261472134678,margin_predictor,v2,test
401643840,2024,13,Louisiana,Troy,0.7793177975340821,10.72732550520168,margin_predictor,v2,test
401643841,2024,13,Southern Miss,South Alabama,0.0547109531453046,-25.310809448321223,margin_predictor,v2,test
401643842,2024,13,Texas State,Georgia State,0.8817503307842993,17.27917653628644,margin_predictor,v2,test
401644690,2024,13,Miami (OH),Northern Illinois,0.6608400324221614,5.514571306779855,margin_predictor,v2,test
401644769,2024,13,Kent State,Akron,0.16535303475651306,-14.524228023512036,margin_predictor,v2,test
401644770,2024,13,Central Michigan,Western Michigan,0.4470974171779592,-2.1946540169605737,margin_predictor,v2,test
401644772,2024,13,Eastern Michigan,Buffalo,0.5578833764844541,1.7060585010921647,margin_predictor,v2,test
401644773,2024,13,Toledo,Ohio,0.4412278344322933,-2.4030669727191047,margin_predictor,v2,test
401644774,2024,13,Ball State,Bowling Green,0.1771562753316368,-13.79496613502773,margin_predictor,v2,test
401645371,2024,13,Florida Atlantic,Charlotte,0.47387261236374095,-1.2496739159954227,margin_predictor,v2,test
401645372,2024,13,North Texas,East Carolina,0.5548493841284838,1.5983047229029608,margin_predictor,v2,test
401645373,2024,13,UAB,Rice,0.24342207917425424,-10.273437466702624,margin_predictor,v2,test
401645374,2024,13,UTSA,Temple,0.8707088781542651,16.38618620272201,margin_predictor,v2,test
401645375,2024,13,South Florida,Tulsa,0.8999073403670798,18.919163095958897,margin_predictor,v2,test
401628437,2024,14,Alabama,Auburn,0.7870493378535472,11.1264873414281,margin_predictor,v2,test
401628438,2024,14,Florida State,Florida,0.2497675707693551,-9.974022613892048,margin_predictor,v2,test
401628439,2024,14,Georgia,Georgia Tech,0.8576703557882813,15.41169485637884,margin_predictor,v2,test
401628440,2024,14,Kentucky,Louisville,0.4288830765334295,-2.8433764727663244,margin_predictor,v2,test
401628441,2024,14,LSU,Oklahoma,0.5447747277259796,1.2414926867235154,margin_predictor,v2,test
401628442,2024,14,Ole Miss,Mississippi State,0.9708747980912009,30.406126328974803,margin_predictor,v2,test
401628443,2024,14,Missouri,Arkansas,0.5723049319090259,2.2204937534544635,margin_predictor,v2,test
401628444,2024,14,Clemson,South Carolina,0.4138602732609868,-3.3835394184739678,margin_predictor,v2,test
401628445,2024,14,Texas A&M,Texas,0.2327437272382078,-10.789529805990865,margin_predictor,v2,test
401628446,2024,14,Vanderbilt,Tennessee,0.32556154049604746,-6.717245228319495,margin_predictor,v2,test
401628562,2024,14,Iowa,Nebraska,0.6619809406593806,5.559230243545043,margin_predictor,v2,test
401628563,2024,14,Northwestern,Illinois,0.26997818430298515,-9.052548164804854,margin_predictor,v2,test
401628564,2024,14,Indiana,Purdue,0.9727161106771754,30.995221492411492,margin_predictor,v2,test
401628565,2024,14,Penn State,Maryland,0.9459317958760252,24.754947444615446,margin_predictor,v2,test
401628566,2024,14,Ohio State,Michigan,0.8708225377924865,16.39503999121892,margin_predictor,v2,test
401628567,2024,14,Michigan State,Rutgers,0.6558969158022925,5.321915763402183,margin_predictor,v2,test
401628568,2024,14,Wisconsin,Minnesota,0.4596371906750846,-1.751076427079726,margin_predictor,v2,test
401628569,2024,14,Oregon,Washington,0.8040265878635146,12.041859546878165,margin_predictor,v2,test
401628570,2024,14,UCLA,Fresno State,0.8552918778948679,15.242072626037803,margin_predictor,v2,test
401628571,2024,14,USC,Notre Dame,0.3794466606870206,-4.644685364709414,margin_predictor,v2,test
401629038,2024,14,Massachusetts,UConn,0.19685556558594308,-12.658279730175323,margin_predictor,v2,test
401635620,2024,14,Boston College,Pittsburgh,0.5740175309424791,2.28185828680697,margin_predictor,v2,test
401635621,2024,14,SMU,California,0.8277443131234633,13.4275117880085,margin_predictor,v2,test
401635622,2024,14,Wake Forest,Duke,0.3410915576134973,-6.104542608747407,margin_predictor,v2,test
401635623,2024,14,Syracuse,Miami,0.2204209363523319,-11.406062034782162,margin_predictor,v2,test
401635624,2024,14,North Carolina,NC State,0.7792191648978756,10.722298942328312,margin_predictor,v2,test
401635625,2024,14,San José State,Stanford,0.6451424340234395,4.907215788041148,margin_predictor,v2,test
401635640,2024,14,Virginia Tech,Virginia,0.7541713369288082,9.493856177559683,margin_predictor,v2,test
401636938,2024,14,Colorado,Oklahoma State,0.8702814186761244,16.35294744093813,margin_predictor,v2,test
401636939,2024,14,UCF,Utah,0.8296305668764754,13.543984921202536,margin_predictor,v2,test
401636940,2024,14,Arizona,Arizona State,0.27965446495868035,-8.626896674794763,margin_predictor,v2,test
401636941,2024,14,Baylor,Kansas,0.4745877473724306,-1.224531604272729,margin_predictor,v2,test
401636942,2024,14,BYU,Houston,0.801662358550194,11.910924654738178,margin_predictor,v2,test
401636943,2024,14,Cincinnati,TCU,0.42448107691617604,-3.0011213029766926,margin_predictor,v2,test
401636944,2024,14,Iowa State,Kansas State,0.45249986132633857,-2.003291504046491,margin_predictor,v2,test
401636945,2024,14,Texas Tech,West Virginia,0.513464593090009,0.13953018878218737,margin_predictor,v2,test
401640988,2024,14,Florida International,Middle Tennessee,0.5928906846495451,2.9626840603498006,margin_predictor,v2,test
401640997,2024,14,Sam Houston,Liberty,0.38801910413568075,-4.326908430398321,margin_predictor,v2,test
401641006,2024,14,Western Kentucky,Jacksonville State,0.40987441118625156,-3.5277822458752426,margin_predictor,v2,test
401641014,2024,14,Louisiana Tech,Kennesaw State,0.8333924480297614,13.77937254497647,margin_predictor,v2,test
401641031,2024,14,New Mexico State,UTEP,0.5151465071319554,0.19855325821172443,margin_predictor,v2,test
401643768,2024,14,San Diego State,Air Force,0.44795891600592125,-2.1641099949661915,margin_predictor,v2,test
401643769,2024,14,Boise State,Oregon State,0.9339840248945278,22.89338359950103,margin_predictor,v2,test
401643770,2024,14,Colorado State,Utah State,0.6438429313189312,4.857497868004496,margin_predictor,v2,test
401643771,2024,14,Hawai'i,New Mexico,0.5970788370306006,3.1150367871529316,margin_predictor,v2,test
401643772,2024,14,UNLV,Nevada,0.8389664178954781,14.136097874516873,margin_predictor,v2,test
401643773,2024,14,Washington State,Wyoming,0.9211090888892144,21.209870386244006,margin_predictor,v2,test
401643843,2024,14,South Alabama,Texas State,0.6251127635267213,4.149413056768811,margin_predictor,v2,test
401643844,2024,14,Georgia Southern,App State,0.6507064098330035,5.121028594133049,margin_predictor,v2,test
401643845,2024,14,Georgia State,Coastal Carolina,0.5008346065892642,-0.3034422831012642,margin_predictor,v2,test
401643846,2024,14,James Madison,Marshall,0.7151420407057265,7.7363215620636545,margin_predictor,v2,test
401643847,2024,14,Arkansas State,Old Dominion,0.3598469247571662,-5.382179106373901,margin_predictor,v2,test
401643848,2024,14,UL Monroe,Louisiana,0.14581993240053992,-15.828991168496968,margin_predictor,v2,test
401643849,2024,14,Troy,Southern Miss,0.9348515003534508,23.017473871620155,margin_predictor,v2,test
401644691,2024,14,Bowling Green,Miami (OH),0.4723555823163935,-1.3030214056761387,margin_predictor,v2,test
401644775,2024,14,Akron,Toledo,0.2802929549552659,-8.599132129223083,margin_predictor,v2,test
401644776,2024,14,Buffalo,Kent State,0.9333622573053648,22.80537022163203,margin_predictor,v2,test
401644777,2024,14,Ohio,Ball State,0.9332562682925034,22.790443247735336,margin_predictor,v2,test
401644779,2024,14,Northern Illinois,Central Michigan,0.8313066574674982,13.648343713792938,margin_predictor,v2,test
401644780,2024,14,Western Michigan,Eastern Michigan,0.7186265585036421,7.88682130949662,margin_predictor,v2,test
401645376,2024,14,Tulane,Memphis,0.8013196734491433,11.892043940447317,margin_predictor,v2,test
401645377,2024,14,Charlotte,UAB,0.5857479799701965,2.7039710216990773,margin_predictor,v2,test
401645378,2024,14,Army,UTSA,0.7740105131933499,10.459100755361968,margin_predictor,v2,test
401645379,2024,14,East Carolina,Navy,0.4159086155705178,-3.309572696070522,margin_predictor,v2,test
401645380,2024,14,Tulsa,Florida Atlantic,0.4200791071071378,-3.1592949808281126,margin_predictor,v2,test
401645381,2024,14,Temple,North Texas,0.2480918172491143,-10.052592487493898,margin_predictor,v2,test
401645382,2024,14,Rice,South Florida,0.5294896144001585,0.7025194453178494,margin_predictor,v2,test
401673462,2024,15,Army,Tulane,0.31265093772697844,-7.238173947223606,margin_predictor,v2,test
401673463,2024,15,SMU,Clemson,0.6813500419392806,6.329311140286624,margin_predictor,v2,test
401673464,2024,15,Oregon,Penn State,0.42788303223702484,-2.879176549237361,margin_predictor,v2,test
401673465,2024,15,Arizona State,Iowa State,0.6735686866846403,6.017130978359262,margin_predictor,v2,test
401673466,2024,15,Jacksonville State,Western Kentucky,0.7159242645538727,7.770009294195919,margin_predictor,v2,test
401673467,2024,15,Miami (OH),Ohio,0.522721507263367,0.46454990199426405,margin_predictor,v2,test
401673468,2024,15,Boise State,UNLV,0.6447655207214315,4.8927869933708905,margin_predictor,v2,test
401673469,2024,15,Texas,Georgia,0.7565510026586866,9.606742290407936,margin_predictor,v2,test
401673470,2024,15,Louisiana,Marshall,0.7525376202974002,9.416782284693888,margin_predictor,v2,test
401645383,2024,16,Army,Navy,0.6538076888176956,5.240886812227487,margin_predictor,v2,test
401752708,2025,4,Memphis,Arkansas,0.4961161044052938,-0.46889478854551303,margin_predictor,v2,test
401752709,2025,4,Miami,Florida,0.8350423738280943,13.883953160713299,margin_predictor,v2,test
401752711,2025,4,Ole Miss,Tulane,0.8399858067294218,14.202410317678423,margin_predictor,v2,test
401752712,2025,4,Mississippi State,Northern Illinois,0.9124312848608541,20.21209275511056,margin_predictor,v2,test
401752713,2025,4,Missouri,South Carolina,0.8429503162823003,14.397220253381665,margin_predictor,v2,test
401752714,2025,4,Oklahoma,Auburn,0.6242473827858734,4.1170574140336385,margin_predictor,v2,test
401752715,2025,4,Tennessee,UAB,0.9434958880317069,24.346051785612246,margin_predictor,v2,test
401752716,2025,4,Vanderbilt,Georgia State,0.9761105084574893,32.190390168635396,margin_predictor,v2,test
401752723,2025,4,Texas,Sam Houston,0.9512733843427463,25.716157106856464,margin_predictor,v2,test
401752841,2025,4,Oregon,Oregon State,0.9785291021359913,33.14776962373227,margin_predictor,v2,test
401752842,2025,4,Washington State,Washington,0.15032112392919184,-15.516177440273792,margin_predictor,v2,test
401752843,2025,4,Indiana,Illinois,0.8057872798045591,12.14014748279212,margin_predictor,v2,test
401752844,2025,4,Rutgers,Iowa,0.5344371222551524,0.8767123541106856,margin_predictor,v2,test
401752845,2025,4,Wisconsin,Maryland,0.6468811600082124,4.973866454828839,margin_predictor,v2,test
401752846,2025,4,Nebraska,Michigan,0.49372138124227577,-0.5528722856470343,margin_predictor,v2,test
401752847,2025,4,USC,Michigan State,0.9259961244192234,21.816830069747777,margin_predictor,v2,test
401752848,2025,4,Notre Dame,Purdue,0.8488730526516488,14.795579697025493,margin_predictor,v2,test
401754537,2025,4,Clemson,Syracuse,0.6616369080505752,5.5457559250248485,margin_predictor,v2,test
401754538,2025,4,Duke,NC State,0.42882330845878186,-2.845515492544671,margin_predictor,v2,test
401754539,2025,4,Virginia,Stanford,0.700026685791209,7.095828041506559,margin_predictor,v2,test
401754540,2025,4,San Diego State,California,0.23499114866386062,-10.679574698806785,margin_predictor,v2,test
401754541,2025,4,Florida State,Kent State,0.9887538714220299,38.907646146576546,margin_predictor,v2,test
401754542,2025,4,Georgia Tech,Temple,0.9247560213583726,21.65940546845138,margin_predictor,v2,test
401754636,2025,4,TCU,SMU,0.7641955882523402,9.974551583919997,margin_predictor,v2,test
401754640,2025,4,UCF,North Carolina,0.8583426222616697,15.460065850933061,margin_predictor,v2,test
401754642,2025,4,Louisville,Bowling Green,0.8199466452639355,12.956441058777315,margin_predictor,v2,test
401756896,2025,4,Baylor,Arizona State,0.4762386773056318,-1.1665029658051052,margin_predictor,v2,test
401756897,2025,4,Colorado,Wyoming,0.7690407391705888,10.21194866928415,margin_predictor,v2,test
401756898,2025,4,East Carolina,BYU,0.42661764384518175,-2.924505825154839,margin_predictor,v2,test
401756899,2025,4,Kansas,West Virginia,0.7270420485184114,8.255059298180786,margin_predictor,v2,test
401756900,2025,4,Oklahoma State,Tulsa,0.5684265601813866,2.081753835578257,margin_predictor,v2,test
401756901,2025,4,Utah,Texas Tech,0.6230562389496793,4.072570282903873,margin_predictor,v2,test
401757169,2025,4,UConn,Ball State,0.9407121211202008,23.898579344835056,margin_predictor,v2,test
401757259,2025,4,Florida International,Delaware,0.5919590995801366,2.928863277769545,margin_predictor,v2,test
401757261,2025,4,Kennesaw State,Arkansas State,0.620856567692293,3.9905617923531724,margin_predictor,v2,test
401757262,2025,4,Liberty,James Madison,0.4733851454606791,-1.2668141550585967,margin_predictor,v2,test
401757263,2025,4,Louisiana Tech,Southern Miss,0.830718963356654,13.611658408422281,margin_predictor,v2,test
401757264,2025,4,Middle Tennessee,Marshall,0.2733392241122532,-8.903639051886193,margin_predictor,v2,test
401757267,2025,4,UTEP,UL Monroe,0.7609405702686021,9.816956399380219,margin_predictor,v2,test
401757268,2025,4,Western Kentucky,Nevada,0.8463283345674107,14.622886225453652,margin_predictor,v2,test
401760372,2025,4,Air Force,Boise State,0.37302899219050745,-4.884406173017318,margin_predictor,v2,test
401760373,2025,4,Colorado State,UTSA,0.47108835225158363,-1.3475982156530866,margin_predictor,v2,test
401760374,2025,4,Hawai'i,Fresno State,0.2549024045091796,-9.73543086129407,margin_predictor,v2,test
401760376,2025,4,Miami (OH),UNLV,0.5976413907816724,3.135539578842987,margin_predictor,v2,test
401761610,2025,4,Eastern Michigan,Louisiana,0.36318346521938566,-5.255465417491768,margin_predictor,v2,test
401761611,2025,4,South Alabama,Coastal Carolina,0.8650304125694063,15.952041944141751,margin_predictor,v2,test
401761613,2025,4,Buffalo,Troy,0.708015738250193,7.431929827487675,margin_predictor,v2,test
401762468,2025,4,Charlotte,Rice,0.263822276949046,-9.328349760244167,margin_predictor,v2,test
401762469,2025,4,Army,North Texas,0.2700548909927532,-9.049136771497567,margin_predictor,v2,test
401762820,2025,4,Western Michigan,Toledo,0.12975934691629668,-17.015196400849284,margin_predictor,v2,test
401752717,2025,5,Arkansas,Notre Dame,0.711488778020899,7.579718105314464,margin_predictor,v2,test
401752718,2025,5,Georgia,Alabama,0.2962244009224658,-7.918305560800375,margin_predictor,v2,test
401752719,2025,5,Ole Miss,LSU,0.6509589664040354,5.13077080857592,margin_predictor,v2,test
401752720,2025,5,Mississippi State,Tennessee,0.4690666987252502,-1.4187404397372192,margin_predictor,v2,test
401752721,2025,5,Missouri,Massachusetts,0.9918492949465236,41.75699588826553,margin_predictor,v2,test
401752722,2025,5,South Carolina,Kentucky,0.5824556852307929,2.5851681686519017,margin_predictor,v2,test
401752724,2025,5,Texas A&M,Auburn,0.6434954445170362,4.844217069824175,margin_predictor,v2,test
401752725,2025,5,Vanderbilt,Utah State,0.9367063725843302,23.2880524678687,margin_predictor,v2,test
401752849,2025,5,Minnesota,Rutgers,0.7880013084743592,11.176359062844138,margin_predictor,v2,test
401752850,2025,5,Illinois,USC,0.24368850566176276,-10.26076081353879,margin_predictor,v2,test
401752851,2025,5,Northwestern,UCLA,0.646267462213084,4.95032463557563,margin_predictor,v2,test
401752852,2025,5,Washington,Ohio State,0.5863809888447923,2.726844578738344,margin_predictor,v2,test
401752853,2025,5,Iowa,Indiana,0.09025916465630958,-20.586349386724663,margin_predictor,v2,test
401752854,2025,5,Penn State,Oregon,0.3696896999310114,-5.009795844040633,margin_predictor,v2,test
401752939,2025,5,Oregon State,Houston,0.20836969718609907,-12.033406361501758,margin_predictor,v2,test
401752950,2025,5,Colorado State,Washington State,0.6555020805452602,5.306584590204242,margin_predictor,v2,test
401754543,2025,5,Virginia,Florida State,0.24787025665231127,-10.06300719841993,margin_predictor,v2,test
401754544,2025,5,Boston College,California,0.6397497595290195,4.701421117227351,margin_predictor,v2,test
401754545,2025,5,Syracuse,Duke,0.5870229416121964,2.750051856288874,margin_predictor,v2,test
401754546,2025,5,Wake Forest,Georgia Tech,0.13303519869876276,-16.763580405192812,margin_predictor,v2,test
401754547,2025,5,Pittsburgh,Louisville,0.46951914693954633,-1.4028157140689639,margin_predictor,v2,test
401754548,2025,5,NC State,Virginia Tech,0.7170146019746054,7.81705995278347,margin_predictor,v2,test
401754549,2025,5,Stanford,San José State,0.7602997199232681,9.78610297746783,margin_predictor,v2,test
401756902,2025,5,Arizona State,TCU,0.4379478510651617,-2.5197807243988266,margin_predictor,v2,test
401756903,2025,5,Colorado,BYU,0.17458891091692127,-13.950241781445426,margin_predictor,v2,test
401756904,2025,5,Iowa State,Arizona,0.5670202532771049,2.0315214461483126,margin_predictor,v2,test
401756905,2025,5,Kansas,Cincinnati,0.5490197277272331,1.3916615570133097,margin_predictor,v2,test
401756906,2025,5,Kansas State,UCF,0.21987110884988764,-11.434136044088318,margin_predictor,v2,test
401756907,2025,5,Oklahoma State,Baylor,0.20370696436465435,-12.28327392429203,margin_predictor,v2,test
401756908,2025,5,West Virginia,Utah,0.2640262853690253,-9.31914424281204,margin_predictor,v2,test
401757170,2025,5,Buffalo,UConn,0.4230856682158374,-3.0512139496322743,margin_predictor,v2,test
401757269,2025,5,Southern Miss,Jacksonville State,0.4083141058543678,-3.584363210546044,margin_predictor,v2,test
401757270,2025,5,Kennesaw State,Middle Tennessee,0.7921727155440513,11.396845448669483,margin_predictor,v2,test
401757271,2025,5,Old Dominion,Liberty,0.9054594507049499,19.473334523555376,margin_predictor,v2,test
401757272,2025,5,UTEP,Louisiana Tech,0.34835283848843096,-5.822748104098336,margin_predictor,v2,test
401757273,2025,5,Missouri State,Western Kentucky,0.4016234917310991,-3.827759720228061,margin_predictor,v2,test
401757274,2025,5,New Mexico,New Mexico State,0.8905996263141945,18.048568777224148,margin_predictor,v2,test
401760378,2025,5,Air Force,Hawai'i,0.5531213736925371,1.5369989523682168,margin_predictor,v2,test
401760379,2025,5,Boise State,App State,0.8238953430961191,13.192939245546665,margin_predictor,v2,test
401760380,2025,5,Northern Illinois,San Diego State,0.41385169381453496,-3.383849451263804,margin_predictor,v2,test
401761614,2025,5,James Madison,Georgia Southern,0.8687809680733322,16.237006730526197,margin_predictor,v2,test
401761615,2025,5,Louisiana,Marshall,0.38173530880764206,-4.5595821550241755,margin_predictor,v2,test
401761616,2025,5,UL Monroe,Arkansas State,0.6708183012662877,5.907713795362506,margin_predictor,v2,test
401761617,2025,5,North Texas,South Alabama,0.8632198491308974,15.81686411075753,margin_predictor,v2,test
401762471,2025,5,East Carolina,Army,0.8740066998710877,16.64582003844954,margin_predictor,v2,test
401762472,2025,5,Florida Atlantic,Memphis,0.11860544844167796,-17.91471797943817,margin_predictor,v2,test
401762473,2025,5,Navy,Rice,0.7969015687310926,11.650782302135417,margin_predictor,v2,test
401762474,2025,5,Tulsa,Tulane,0.24580257766132674,-10.160503576720634,margin_predictor,v2,test
401762824,2025,5,Toledo,Akron,0.9450259495935664,24.600901867451714,margin_predictor,v2,test
401762825,2025,5,Ohio,Bowling Green,0.6098481923371907,3.582842813319041,margin_predictor,v2,test
401762826,2025,5,Central Michigan,Eastern Michigan,0.730652074774443,8.415187006987715,margin_predictor,v2,test
401752726,2025,6,Alabama,Vanderbilt,0.6576907557672154,5.391675081188144,margin_predictor,v2,test
401752727,2025,6,Florida,Texas,0.3095210319061165,-7.366197682850901,margin_predictor,v2,test
401752728,2025,6,Georgia,Kentucky,0.8082038357481283,12.27615564765483,margin_predictor,v2,test
401752729,2025,6,Oklahoma,Kent State,0.9933111121733721,43.50256751156576,margin_predictor,v2,test
401752730,2025,6,Texas A&M,Mississippi State,0.7924000155880382,11.408952943787755,margin_predictor,v2,test
401752855,2025,6,UCLA,Penn State,0.15975884032110602,-14.884488823277549,margin_predictor,v2,test
401752856,2025,6,Michigan,Wisconsin,0.8914569386675938,18.12596820162419,margin_predictor,v2,test
401752857,2025,6,Maryland,Washington,0.20160662875454746,-12.397216835422919,margin_predictor,v2,test
401752858,2025,6,Northwestern,UL Monroe,0.643641427502705,4.849795773441574,margin_predictor,v2,test
401752859,2025,6,Ohio State,Minnesota,0.8216053792674157,13.055287368888544,margin_predictor,v2,test
401752860,2025,6,Nebraska,Michigan State,0.7966201512155989,11.635548167994433,margin_predictor,v2,test
401752861,2025,6,Purdue,Illinois,0.17140743050269255,-14.145178397724353,margin_predictor,v2,test
401752940,2025,6,App State,Oregon State,0.6976845818081502,6.998273487793874,margin_predictor,v2,test
401754550,2025,6,Pittsburgh,Boston College,0.6709787261100127,5.914083024787709,margin_predictor,v2,test
401754551,2025,6,California,Duke,0.4623182329336124,-1.6564919176385877,margin_predictor,v2,test
401754552,2025,6,North Carolina,Clemson,0.3401144110466054,-6.142681357679757,margin_predictor,v2,test
401754553,2025,6,Florida State,Miami,0.5061028576431349,-0.11870552831606718,margin_predictor,v2,test
401754554,2025,6,Louisville,Virginia,0.6965967963716588,6.953110343947629,margin_predictor,v2,test
401754555,2025,6,SMU,Syracuse,0.701866639766232,7.172772315071784,margin_predictor,v2,test
401754556,2025,6,Virginia Tech,Wake Forest,0.7426648727614555,8.958085451476595,margin_predictor,v2,test
401756909,2025,6,BYU,West Virginia,0.9286052552629184,22.15613500374801,margin_predictor,v2,test
401756910,2025,6,Arizona,Oklahoma State,0.9278352568380052,22.054827248401153,margin_predictor,v2,test
401756911,2025,6,Baylor,Kansas State,0.6226673692833398,4.0580587325515545,margin_predictor,v2,test
401756912,2025,6,Cincinnati,Iowa State,0.7269842085963623,8.25250456457847,margin_predictor,v2,test
401756913,2025,6,Houston,Texas Tech,0.20932654956706587,-11.982642219642232,margin_predictor,v2,test
401756914,2025,6,TCU,Colorado,0.6917351539861839,6.752366279436849,margin_predictor,v2,test
401756915,2025,6,UCF,Kansas,0.4507297004821839,-2.0659473000860147,margin_predictor,v2,test
401757165,2025,6,Notre Dame,Boise State,0.871420585286061,16.441735946232587,margin_predictor,v2,test
401757171,2025,6,UConn,Florida International,0.79803968950154,11.712553852258171,margin_predictor,v2,test
401757275,2025,6,New Mexico State,Sam Houston,0.42478243336506905,-2.9903088537438083,margin_predictor,v2,test
401757276,2025,6,Delaware,Western Kentucky,0.5138773166158834,0.1540127698211493,margin_predictor,v2,test
401760381,2025,6,Navy,Air Force,0.883638967459921,17.439069862707587,margin_predictor,v2,test
401760382,2025,6,San Diego State,Colorado State,0.7719774996826085,10.357538800873792,margin_predictor,v2,test
401760383,2025,6,Fresno State,Nevada,0.9047581024805083,19.401751406402852,margin_predictor,v2,test
401760384,2025,6,San José State,New Mexico,0.34393890900475116,-5.9937070048314,margin_predictor,v2,test
401760385,2025,6,Wyoming,UNLV,0.307608070969334,-7.4447956675759155,margin_predictor,v2,test
401761618,2025,6,Georgia State,James Madison,0.09866435796286414,-19.724469379746658,margin_predictor,v2,test
401761619,2025,6,Old Dominion,Coastal Carolina,0.8963769140023086,18.580842424098652,margin_predictor,v2,test
401761620,2025,6,Arkansas State,Texas State,0.21661377121884282,-11.601499198636244,margin_predictor,v2,test
401761621,2025,6,Troy,South Alabama,0.5558794555927805,1.6348715425119962,margin_predictor,v2,test
401762475,2025,6,South Florida,Charlotte,0.9568731797698586,26.837765329022265,margin_predictor,v2,test
401762476,2025,6,UAB,Army,0.5275555737164767,0.6344826816039166,margin_predictor,v2,test
401762477,2025,6,Rice,Florida Atlantic,0.7738725086387622,10.452186165839041,margin_predictor,v2,test
401762478,2025,6,Memphis,Tulsa,0.9518689616638855,25.829449322184797,margin_predictor,v2,test
401762479,2025,6,Temple,UTSA,0.3760843669369019,-4.770075504145341,margin_predictor,v2,test
401762829,2025,6,Akron,Central Michigan,0.3243203880294433,-6.766845179175853,margin_predictor,v2,test
401762830,2025,6,Ball State,Ohio,0.16752904095663448,-14.386738210798628,margin_predictor,v2,test
401762831,2025,6,Buffalo,Eastern Michigan,0.7860667877921839,11.07518387664983,margin_predictor,v2,test
401762832,2025,6,Massachusetts,Western Michigan,0.22562757665165656,-11.142662114849756,margin_predictor,v2,test
401762873,2025,6,Northern Illinois,Miami (OH),0.44016799308962673,-2.440759523794895,margin_predictor,v2,test
401752731,2025,7,Auburn,Georgia,0.558579271011978,1.7307948905580766,margin_predictor,v2,test
401752732,2025,7,LSU,South Carolina,0.7441083609036557,9.024417284867912,margin_predictor,v2,test
401752733,2025,7,Ole Miss,Washington State,0.9437991779825811,24.396048124477787,margin_predictor,v2,test
401752734,2025,7,Missouri,Alabama,0.3962359385252441,-4.024719245794774,margin_predictor,v2,test
401752735,2025,7,Tennessee,Arkansas,0.5667073689976152,2.020350692089307,margin_predictor,v2,test
401752736,2025,7,Texas,Oklahoma,0.5109818282351366,0.05242219043384866,margin_predictor,v2,test
401752737,2025,7,Texas A&M,Florida,0.8079450701247866,12.261529686854487,margin_predictor,v2,test
401752862,2025,7,Washington,Rutgers,0.8991681582880392,18.847460837997897,margin_predictor,v2,test
401752863,2025,7,Michigan State,UCLA,0.6935444438510854,6.826866225069782,margin_predictor,v2,test
401752864,2025,7,Minnesota,Purdue,0.8457011037033034,14.580680367016505,margin_predictor,v2,test
401752865,2025,7,Illinois,Ohio State,0.3108853529036435,-7.310305434279821,margin_predictor,v2,test
401752866,2025,7,Penn State,Northwestern,0.8197713738770184,12.946037994861786,margin_predictor,v2,test
401752867,2025,7,Maryland,Nebraska,0.29226872190158093,-8.08528520469103,margin_predictor,v2,test
401752868,2025,7,USC,Michigan,0.5581751485231774,1.7164288920300341,margin_predictor,v2,test
401752869,2025,7,Wisconsin,Iowa,0.4361067902086559,-2.5853763235169773,margin_predictor,v2,test
401752870,2025,7,Oregon,Indiana,0.34887501591121606,-5.8025905940788665,margin_predictor,v2,test
401754558,2025,7,Boston College,Clemson,0.3184849921866975,-7.001386610754096,margin_predictor,v2,test
401754559,2025,7,Florida State,Pittsburgh,0.715109966723447,7.734941433825567,margin_predictor,v2,test
401754560,2025,7,Georgia Tech,Virginia Tech,0.8432440963978168,14.416688019196378,margin_predictor,v2,test
401754561,2025,7,SMU,Stanford,0.7977360793055613,11.696050045317033,margin_predictor,v2,test
401754562,2025,7,Notre Dame,NC State,0.8896226265439926,17.961009736213885,margin_predictor,v2,test
401754563,2025,7,Oregon State,Wake Forest,0.372929171580998,-4.888147758303589,margin_predictor,v2,test
401756916,2025,7,Arizona,BYU,0.24905245522838718,-10.007508495016516,margin_predictor,v2,test
401756917,2025,7,Cincinnati,UCF,0.7519488613607602,9.389090190464978,margin_predictor,v2,test
401756918,2025,7,Colorado,Iowa State,0.45854337257403965,-1.7896886083387824,margin_predictor,v2,test
401756919,2025,7,Kansas State,TCU,0.3035793467022525,-7.611219747065443,margin_predictor,v2,test
401756920,2025,7,Oklahoma State,Houston,0.1922023113329059,-12.918620074662277,margin_predictor,v2,test
401756921,2025,7,Texas Tech,Kansas,0.727619901795668,8.28060111298519,margin_predictor,v2,test
401756922,2025,7,Utah,Arizona State,0.7692769433947496,10.223610328412352,margin_predictor,v2,test
401757277,2025,7,UTEP,Liberty,0.48715801238894335,-0.7830979801386944,margin_predictor,v2,test
401757278,2025,7,Middle Tennessee,Missouri State,0.32287057362087307,-6.824909044466722,margin_predictor,v2,test
401757279,2025,7,Sam Houston,Jacksonville State,0.3181374038855728,-7.0154286130940715,margin_predictor,v2,test
401757280,2025,7,Kennesaw State,Louisiana Tech,0.29547539937640255,-7.949822798873518,margin_predictor,v2,test
401760386,2025,7,UNLV,Air Force,0.7135611693409653,7.668408158332024,margin_predictor,v2,test
401760387,2025,7,Boise State,New Mexico,0.7751835018280696,10.517993395579069,margin_predictor,v2,test
401760388,2025,7,Colorado State,Fresno State,0.24990611591904013,-9.967542523629787,margin_predictor,v2,test
401760389,2025,7,Hawai'i,Utah State,0.4738094134331303,-1.2518960079366956,margin_predictor,v2,test
401760390,2025,7,Nevada,San Diego State,0.23989742747629872,-10.442036754594003,margin_predictor,v2,test
401760391,2025,7,Wyoming,San José State,0.4871031873549517,-0.7850216416051903,margin_predictor,v2,test
401761622,2025,7,Georgia Southern,Southern Miss,0.4002685330642297,-3.877210875502397,margin_predictor,v2,test
401761623,2025,7,Coastal Carolina,UL Monroe,0.42631416918292403,-2.935382116422286,margin_predictor,v2,test
401761624,2025,7,Georgia State,App State,0.3531331439339908,-5.63873151039421,margin_predictor,v2,test
401761625,2025,7,James Madison,Louisiana,0.8718728267406908,16.47717035454171,margin_predictor,v2,test
401761626,2025,7,Marshall,Old Dominion,0.26945897788268375,-9.075655027031514,margin_predictor,v2,test
401761627,2025,7,Texas State,Troy,0.6773953792934789,6.170161035462792,margin_predictor,v2,test
401762480,2025,7,Tulane,East Carolina,0.4401264300310611,-2.4422380793042806,margin_predictor,v2,test
401762481,2025,7,North Texas,South Florida,0.5743887746981533,2.295168747907251,margin_predictor,v2,test
401762482,2025,7,Florida Atlantic,UAB,0.5458398970979202,1.279151053831379,margin_predictor,v2,test
401762483,2025,7,Army,Charlotte,0.8772503372496927,16.906925012063084,margin_predictor,v2,test
401762484,2025,7,Temple,Navy,0.22355348015170468,-11.247064592792134,margin_predictor,v2,test
401762485,2025,7,UTSA,Rice,0.6809889443801489,6.314736042956783,margin_predictor,v2,test
401762833,2025,7,Akron,Miami (OH),0.20825255711122134,-12.039632810450053,margin_predictor,v2,test
401762834,2025,7,Western Michigan,Ball State,0.7598441787362089,9.76420550667528,margin_predictor,v2,test
401762835,2025,7,Bowling Green,Toledo,0.20016279023924047,-12.476060309692695,margin_predictor,v2,test
401762836,2025,7,Eastern Michigan,Northern Illinois,0.39847500037980654,-3.9427542346034383,margin_predictor,v2,test
401762837,2025,7,Kent State,Massachusetts,0.5194422786236995,0.3493617092583543,margin_predictor,v2,test
401752738,2025,8,Alabama,Tennessee,0.7858192352278154,11.062285087742904,margin_predictor,v2,test
401752739,2025,8,Arkansas,Texas A&M,0.34009030325327755,-6.1436229722624045,margin_predictor,v2,test
401752740,2025,8,Auburn,Missouri,0.4222794785835637,-3.080174728634899,margin_predictor,v2,test
401752741,2025,8,Florida,Mississippi State,0.6984806012063307,7.031381325144112,margin_predictor,v2,test
401752742,2025,8,Georgia,Ole Miss,0.6153313505122507,3.785376584717021,margin_predictor,v2,test
401752743,2025,8,Kentucky,Texas,0.1772875827114957,-13.787072247774075,margin_predictor,v2,test
401752744,2025,8,South Carolina,Oklahoma,0.32684424260333256,-6.666087504424903,margin_predictor,v2,test
401752745,2025,8,Vanderbilt,LSU,0.6756714259446936,6.101103745419172,margin_predictor,v2,test
401752871,2025,8,Notre Dame,USC,0.7496639210862964,9.282033381248302,margin_predictor,v2,test
401752872,2025,8,Minnesota,Nebraska,0.36704725252484816,-5.109350927820321,margin_predictor,v2,test
401752873,2025,8,Michigan,Washington,0.5244472218078051,0.5251954123381535,margin_predictor,v2,test
401752874,2025,8,Northwestern,Purdue,0.700351628699071,7.109396993725754,margin_predictor,v2,test
401752875,2025,8,Iowa,Penn State,0.6058928209209956,3.437380173637142,margin_predictor,v2,test
401752876,2025,8,Rutgers,Oregon,0.09938455468998092,-19.653707504067366,margin_predictor,v2,test
401752877,2025,8,Wisconsin,Ohio State,0.08210746336022466,-21.49430442076179,margin_predictor,v2,test
401752878,2025,8,Indiana,Michigan State,0.9843261933334493,35.95827750502228,margin_predictor,v2,test
401752879,2025,8,UCLA,Maryland,0.5266053709185251,0.6010667018724432,margin_predictor,v2,test
401752951,2025,8,Virginia,Washington State,0.7925031589695337,11.414450265477184,margin_predictor,v2,test
401754371,2025,8,California,North Carolina,0.6845814791066956,6.460137535735507,margin_predictor,v2,test
401754564,2025,8,Miami,Louisville,0.8115393679523993,12.466050438365182,margin_predictor,v2,test
401754565,2025,8,Clemson,SMU,0.7345884351815655,8.591342175261317,margin_predictor,v2,test
401754566,2025,8,Duke,Georgia Tech,0.46548608359350524,-1.5448319047228902,margin_predictor,v2,test
401754567,2025,8,Stanford,Florida State,0.11035010512444068,-18.628858277199527,margin_predictor,v2,test
401754568,2025,8,Syracuse,Pittsburgh,0.26697696812162014,-9.186505661891243,margin_predictor,v2,test
401754569,2025,8,Boston College,UConn,0.4378315894807556,-2.5239212158910935,margin_predictor,v2,test
401756923,2025,8,Arizona State,Texas Tech,0.1643209634527037,-14.589946409103872,margin_predictor,v2,test
401756924,2025,8,BYU,Utah,0.517661511232443,0.28683466719113815,margin_predictor,v2,test
401756925,2025,8,Houston,Arizona,0.5112810119548497,0.06291798208644739,margin_predictor,v2,test
401756926,2025,8,Oklahoma State,Cincinnati,0.049732071900131986,-26.193258364342743,margin_predictor,v2,test
401756927,2025,8,TCU,Baylor,0.7929666656349404,11.439179115761362,margin_predictor,v2,test
401756928,2025,8,UCF,West Virginia,0.7350042127572458,8.610045402541994,margin_predictor,v2,test
401757281,2025,8,Western Kentucky,Florida International,0.7977708437738306,11.697938852964178,margin_predictor,v2,test
401757282,2025,8,Liberty,New Mexico State,0.7526147214255028,9.420411984292247,margin_predictor,v2,test
401757283,2025,8,Jacksonville State,Delaware,0.5384560656587684,1.0183862894080993,margin_predictor,v2,test
401757284,2025,8,Sam Houston,UTEP,0.5878160276933863,2.7787375466828155,margin_predictor,v2,test
401760392,2025,8,Air Force,Wyoming,0.6834180250570413,6.412952078095691,margin_predictor,v2,test
401760393,2025,8,Boise State,UNLV,0.7896762976282096,11.264507249849972,margin_predictor,v2,test
401760394,2025,8,Colorado State,Hawai'i,0.5492527048855892,1.3999103394403871,margin_predictor,v2,test
401760395,2025,8,New Mexico,Nevada,0.8684381645418231,16.210676231949034,margin_predictor,v2,test
401760396,2025,8,Utah State,San José State,0.7271282379529004,8.258866829813059,margin_predictor,v2,test
401761628,2025,8,South Alabama,Arkansas State,0.7163723347540907,7.789331361901169,margin_predictor,v2,test
401761629,2025,8,App State,Coastal Carolina,0.7580113349375885,9.67638794345754,margin_predictor,v2,test
401761630,2025,8,Georgia Southern,Georgia State,0.6295755969422507,4.316754214184066,margin_predictor,v2,test
401761631,2025,8,James Madison,Old Dominion,0.5197605976645608,0.360540440736842,margin_predictor,v2,test
401761632,2025,8,Marshall,Texas State,0.5798422535305092,2.491051368214807,margin_predictor,v2,test
401761633,2025,8,UL Monroe,Troy,0.40071543270223714,-3.8608945203113243,margin_predictor,v2,test
401761668,2025,8,Louisiana,Southern Miss,0.4804859958719656,-1.0172944921891456,margin_predictor,v2,test
401762486,2025,8,East Carolina,Tulsa,0.9312459675002907,22.51140890814267,margin_predictor,v2,test
401762487,2025,8,UAB,Memphis,0.09436442026593733,-20.15679979298462,margin_predictor,v2,test
401762488,2025,8,Tulane,Army,0.8310941664173784,13.635067767294526,margin_predictor,v2,test
401762489,2025,8,Charlotte,Temple,0.2562319873724994,-9.67416938022363,margin_predictor,v2,test
401762490,2025,8,South Florida,Florida Atlantic,0.9104255665235845,19.99428573250685,margin_predictor,v2,test
401762491,2025,8,North Texas,UTSA,0.5463485088354095,1.2971379015028766,margin_predictor,v2,test
401762838,2025,8,Ball State,Akron,0.6166386239609446,3.833821741486256,margin_predictor,v2,test
401762839,2025,8,Bowling Green,Central Michigan,0.689845501922949,6.674815622693514,margin_predictor,v2,test
401762840,2025,8,Massachusetts,Buffalo,0.15770755457035615,-15.019146680984347,margin_predictor,v2,test
401762841,2025,8,Miami (OH),Eastern Michigan,0.8511183699145407,14.949950857975656,margin_predictor,v2,test
401762842,2025,8,Toledo,Kent State,0.9787417889164848,33.23694216840647,margin_predictor,v2,test
401762843,2025,8,Ohio,Northern Illinois,0.7994534265365385,11.789647696655857,margin_predictor,v2,test
401752746,2025,9,Arkansas,Auburn,0.6142595306342662,3.7457029582772527,margin_predictor,v2,test
401752747,2025,9,Kentucky,Tennessee,0.3273704019116597,-6.645132720122339,margin_predictor,v2,test
401752748,2025,9,LSU,Texas A&M,0.4162848337216379,-3.295998738271799,margin_predictor,v2,test
401752749,2025,9,Mississippi State,Texas,0.2861477017931434,-8.34631195652707,margin_predictor,v2,test
401752750,2025,9,Oklahoma,Ole Miss,0.7116811422858785,7.587934507332031,margin_predictor,v2,test
401752751,2025,9,South Carolina,Alabama,0.19522654542693907,-12.74888418016713,margin_predictor,v2,test
401752752,2025,9,Vanderbilt,Missouri,0.6258850863356847,4.178314616204213,margin_predictor,v2,test
401752880,2025,9,Washington,Illinois,0.6430146820966466,4.825852047267244,margin_predictor,v2,test
401752881,2025,9,Michigan State,Michigan,0.11072605566379137,-18.595339069665968,margin_predictor,v2,test
401752882,2025,9,Iowa,Minnesota,0.6341595259672461,4.489502568391156,margin_predictor,v2,test
401752883,2025,9,Nebraska,Northwestern,0.792650106433193,11.422285736335555,margin_predictor,v2,test
401752884,2025,9,Purdue,Rutgers,0.547519423069369,1.3385598789624873,margin_predictor,v2,test
401752885,2025,9,Indiana,UCLA,0.9794698708331713,33.54895355956091,margin_predictor,v2,test
401752886,2025,9,Oregon,Wisconsin,0.9629465649285297,28.223768540831173,margin_predictor,v2,test
401752942,2025,9,Wake Forest,SMU,0.425983998734091,-2.9472174230515944,margin_predictor,v2,test
401752952,2025,9,Washington State,Toledo,0.3404590278716055,-6.129224668762099,margin_predictor,v2,test
401754372,2025,9,Virginia Tech,California,0.6674674771813248,5.775036378529803,margin_predictor,v2,test
401754570,2025,9,Louisville,Boston College,0.9198850073518329,21.06324318972551,margin_predictor,v2,test
401754571,2025,9,Georgia Tech,Syracuse,0.8966328157159748,18.60501944250937,margin_predictor,v2,test
401754572,2025,9,Miami,Stanford,0.9389810013355361,23.630143925737638,margin_predictor,v2,test
401754573,2025,9,North Carolina,Virginia,0.2860093624217763,-8.352249571455516,margin_predictor,v2,test
401754574,2025,9,Pittsburgh,NC State,0.6973427108082525,6.984069648937282,margin_predictor,v2,test
401756929,2025,9,Arizona State,Houston,0.6400842778103973,4.714147223898198,margin_predictor,v2,test
401756930,2025,9,Cincinnati,Baylor,0.8403971885974347,14.229268036316677,margin_predictor,v2,test
401756931,2025,9,Iowa State,BYU,0.33700477806170376,-6.264408524080428,margin_predictor,v2,test
401756932,2025,9,Kansas,Kansas State,0.810651720178443,12.415266188518663,margin_predictor,v2,test
401756933,2025,9,Texas Tech,Oklahoma State,0.9862529015807509,37.1251968577633,margin_predictor,v2,test
401756934,2025,9,Utah,Colorado,0.8636869287401161,15.851591600035333,margin_predictor,v2,test
401756935,2025,9,West Virginia,TCU,0.27967634739834846,-8.625944482519252,margin_predictor,v2,test
401757172,2025,9,Rice,UConn,0.30518897602624157,-7.544579429018901,margin_predictor,v2,test
401757285,2025,9,Florida International,Kennesaw State,0.5511844617191456,1.4683358738127144,margin_predictor,v2,test
401757286,2025,9,Louisiana Tech,Western Kentucky,0.5985022091773119,3.1669310594601643,margin_predictor,v2,test
401757287,2025,9,Delaware,Middle Tennessee,0.8575525500416893,15.403238119826122,margin_predictor,v2,test
401757288,2025,9,New Mexico State,Missouri State,0.4254904532765116,-2.964913493673318,margin_predictor,v2,test
401760397,2025,9,Nevada,Boise State,0.09313897204776223,-20.28323737132944,margin_predictor,v2,test
401760398,2025,9,Wyoming,Colorado State,0.5116161272393871,0.0746746413122783,margin_predictor,v2,test
401760399,2025,9,Fresno State,San Diego State,0.49405332815007047,-0.5412311464274757,margin_predictor,v2,test
401760400,2025,9,New Mexico,Utah State,0.6493318009651188,5.068060903635659,margin_predictor,v2,test
401761634,2025,9,Georgia State,South Alabama,0.3387389382312368,-6.196457220891594,margin_predictor,v2,test
401761635,2025,9,Old Dominion,App State,0.8508538984616058,14.931668522740784,margin_predictor,v2,test
401761636,2025,9,Arkansas State,Georgia Southern,0.6292617073826917,4.304957646603205,margin_predictor,v2,test
401761637,2025,9,Southern Miss,UL Monroe,0.755296427198014,9.547135475524165,margin_predictor,v2,test
401761638,2025,9,Troy,Louisiana,0.7047606112440734,7.294349519345371,margin_predictor,v2,test
401762492,2025,9,Charlotte,North Texas,0.0641665795186851,-23.825217726175882,margin_predictor,v2,test
401762493,2025,9,Navy,Florida Atlantic,0.8933151147463917,18.2955881857918,margin_predictor,v2,test
401762494,2025,9,Memphis,South Florida,0.5794278473129203,2.4761424171402706,margin_predictor,v2,test
401762495,2025,9,Tulsa,Temple,0.33766900627449403,-6.238361223257302,margin_predictor,v2,test
401762844,2025,9,Buffalo,Akron,0.8370748937731493,14.013945018596308,margin_predictor,v2,test
401762845,2025,9,Northern Illinois,Ball State,0.7023996004857599,7.195110894331165,margin_predictor,v2,test
401762846,2025,9,Kent State,Bowling Green,0.15827700485095467,-14.98162293343413,margin_predictor,v2,test
401762847,2025,9,Central Michigan,Massachusetts,0.9364759158072979,23.254035789546755,margin_predictor,v2,test
401762848,2025,9,Eastern Michigan,Ohio,0.18680131525813207,-13.22689238211919,margin_predictor,v2,test
401762874,2025,9,Miami (OH),Western Michigan,0.6018965446929011,3.2909304997509228,margin_predictor,v2,test
401752753,2025,10,Arkansas,Mississippi State,0.7276150888366628,8.280388234507743,margin_predictor,v2,test
401752754,2025,10,Auburn,Kentucky,0.7863969219987513,11.092402518999437,margin_predictor,v2,test
401752755,2025,10,Florida,Georgia,0.3894914831602989,-4.2725920865461955,margin_predictor,v2,test
401752756,2025,10,Ole Miss,South Carolina,0.7706920597241128,10.293651931383955,margin_predictor,v2,test
401752757,2025,10,Tennessee,Oklahoma,0.4480974904717225,-2.1591979434882904,margin_predictor,v2,test
401752758,2025,10,Texas,Vanderbilt,0.5552982103908503,1.6142356671319673,margin_predictor,v2,test
401752887,2025,10,Maryland,Indiana,0.033735166806224966,-29.741766981545897,margin_predictor,v2,test
401752888,2025,10,Minnesota,Michigan State,0.7587545870792789,9.711944708967716,margin_predictor,v2,test
401752889,2025,10,Ohio State,Penn State,0.8901806955659531,18.010940463906458,margin_predictor,v2,test
401752890,2025,10,Michigan,Purdue,0.9565426371064529,26.767806337004007,margin_predictor,v2,test
401752891,2025,10,Illinois,Rutgers,0.8903060996870821,18.0221910298586,margin_predictor,v2,test
401752892,2025,10,Nebraska,USC,0.39136517803699394,-4.2035783808391525,margin_predictor,v2,test
401752943,2025,10,Oregon State,Washington State,0.2737499184670045,-8.885522161497134,margin_predictor,v2,test
401754575,2025,10,Syracuse,North Carolina,0.6574198916535136,5.3811304667463435,margin_predictor,v2,test
401754576,2025,10,California,Virginia,0.356067858355714,-5.526322356852262,margin_predictor,v2,test
401754577,2025,10,Clemson,Duke,0.554600710569334,1.5894795034699567,margin_predictor,v2,test
401754578,2025,10,Florida State,Wake Forest,0.8284673916605251,13.472040588466575,margin_predictor,v2,test
401754579,2025,10,NC State,Georgia Tech,0.31782204778932344,-7.028175568809784,margin_predictor,v2,test
401754580,2025,10,Virginia Tech,Louisville,0.2533182328929069,-9.808697851855495,margin_predictor,v2,test
401754581,2025,10,SMU,Miami,0.19524290774694933,-12.747971285813355,margin_predictor,v2,test
401754582,2025,10,Stanford,Pittsburgh,0.20120063385014228,-12.419344114297223,margin_predictor,v2,test
401754583,2025,10,Boston College,Notre Dame,0.05034233822479594,-26.080713206241175,margin_predictor,v2,test
401756936,2025,10,Baylor,UCF,0.3540607481197296,-5.603155854404207,margin_predictor,v2,test
401756937,2025,10,Colorado,Arizona,0.4984105499852582,-0.3884397104878943,margin_predictor,v2,test
401756938,2025,10,Houston,West Virginia,0.7221772916466879,8.041352225149671,margin_predictor,v2,test
401756939,2025,10,Iowa State,Arizona State,0.6355257653675709,4.541165967757678,margin_predictor,v2,test
401756940,2025,10,Kansas,Oklahoma State,0.9425174458413824,24.186460803205588,margin_predictor,v2,test
401756941,2025,10,Kansas State,Texas Tech,0.18325498205261992,-13.433055998432463,margin_predictor,v2,test
401756942,2025,10,Utah,Cincinnati,0.7674331536871124,10.132801025349506,margin_predictor,v2,test
401757173,2025,10,UConn,UAB,0.8120363173035018,12.494562200180443,margin_predictor,v2,test
401757289,2025,10,Kennesaw State,UTEP,0.7845171974011922,10.994619889850078,margin_predictor,v2,test
401757290,2025,10,Louisiana Tech,Sam Houston,0.8086630919168141,12.302150848366056,margin_predictor,v2,test
401757291,2025,10,Missouri State,Florida International,0.6358515390538129,4.55349703882973,margin_predictor,v2,test
401757292,2025,10,Middle Tennessee,Jacksonville State,0.302967514196495,-7.636602449372498,margin_predictor,v2,test
401757293,2025,10,Liberty,Delaware,0.5648534602915788,1.954200135465427,margin_predictor,v2,test
401757294,2025,10,Western Kentucky,New Mexico State,0.7882978327198173,11.19192675408297,margin_predictor,v2,test
401760401,2025,10,Air Force,Army,0.5862107414729373,2.7206917381506877,margin_predictor,v2,test
401760402,2025,10,Boise State,Fresno State,0.8020843465204861,11.93420843365147,margin_predictor,v2,test
401760403,2025,10,San José State,Hawai'i,0.46688574069141675,-1.4955287510691773,margin_predictor,v2,test
401760404,2025,10,UNLV,New Mexico,0.4839055065216772,-0.8972399461097984,margin_predictor,v2,test
401760405,2025,10,San Diego State,Wyoming,0.8582061139414189,15.450228310242034,margin_predictor,v2,test
401761639,2025,10,Texas State,James Madison,0.30309970424540444,-7.631115915447177,margin_predictor,v2,test
401761640,2025,10,Coastal Carolina,Marshall,0.29757423592349586,-7.86162208591465,margin_predictor,v2,test
401761641,2025,10,UL Monroe,Old Dominion,0.17893313215881793,-13.688532203278156,margin_predictor,v2,test
401761642,2025,10,South Alabama,Louisiana,0.5885747856089312,2.8061970357121346,margin_predictor,v2,test
401761643,2025,10,Troy,Arkansas State,0.7393833471552608,8.808189276938283,margin_predictor,v2,test
401762443,2025,10,UTSA,Tulane,0.43624144366473605,-2.5805766185428394,margin_predictor,v2,test
401762497,2025,10,Rice,Memphis,0.16040666486806737,-14.842253211095633,margin_predictor,v2,test
401762498,2025,10,Temple,East Carolina,0.3024402322526971,-7.658500713339016,margin_predictor,v2,test
401762499,2025,10,North Texas,Navy,0.6030978066537647,3.334899306740157,margin_predictor,v2,test
401762849,2025,10,Bowling Green,Buffalo,0.6802670723464638,6.285625141948662,margin_predictor,v2,test
401762850,2025,10,Western Michigan,Central Michigan,0.5568999079549852,1.671113706761569,margin_predictor,v2,test
401752759,2025,11,Alabama,LSU,0.7738523794502108,10.451177861262583,margin_predictor,v2,test
401752760,2025,11,Kentucky,Florida,0.4221272411668429,-3.08564522391181,margin_predictor,v2,test
401752762,2025,11,Mississippi State,Georgia,0.3426545411363833,-6.043647506960134,margin_predictor,v2,test
401752763,2025,11,Missouri,Texas A&M,0.4324670366037476,-2.715244589076788,margin_predictor,v2,test
401752764,2025,11,Vanderbilt,Auburn,0.722622664881289,8.060820564145994,margin_predictor,v2,test
401752893,2025,11,Penn State,Indiana,0.08325789647191614,-21.361339952303265,margin_predictor,v2,test
401752894,2025,11,Rutgers,Maryland,0.5655506970047608,1.9790710095524793,margin_predictor,v2,test
401752895,2025,11,UCLA,Nebraska,0.28182501806326615,-8.53266779270954,margin_predictor,v2,test
401752896,2025,11,USC,Northwestern,0.8891817274769085,17.921718394362934,margin_predictor,v2,test
401752897,2025,11,Purdue,Ohio State,0.034478352011733326,-29.54400354273157,margin_predictor,v2,test
401752898,2025,11,Iowa,Oregon,0.22489729226498198,-11.179343933931941,margin_predictor,v2,test
401752899,2025,11,Wisconsin,Washington,0.16528370206107185,-14.52863253815446,margin_predictor,v2,test
401752944,2025,11,Oregon State,Sam Houston,0.7716401319306772,10.340747011899973,margin_predictor,v2,test
401754584,2025,11,Boston College,SMU,0.26324020058234426,-9.35464006399371,margin_predictor,v2,test
401754585,2025,11,Louisville,California,0.9203876380314246,21.123201691193334,margin_predictor,v2,test
401754586,2025,11,Clemson,Florida State,0.3554698679763867,-5.549193430985628,margin_predictor,v2,test
401754587,2025,11,Miami,Syracuse,0.9465629437114472,24.86372351088948,margin_predictor,v2,test
401754588,2025,11,North Carolina,Stanford,0.6002441154418865,3.2305212192895048,margin_predictor,v2,test
401754589,2025,11,Virginia,Wake Forest,0.7156169404430646,7.756767228172224,margin_predictor,v2,test
401754590,2025,11,UConn,Duke,0.3779356638465821,-4.700980806160262,margin_predictor,v2,test
401756943,2025,11,Arizona,Kansas,0.5834922091990034,2.6225421296249403,margin_predictor,v2,test
401756944,2025,11,TCU,Iowa State,0.6231957706429039,4.077778664019409,margin_predictor,v2,test
401756945,2025,11,Texas Tech,BYU,0.6443684061650601,4.877592299975113,margin_predictor,v2,test
401756946,2025,11,UCF,Houston,0.6703928514256455,5.890830121967131,margin_predictor,v2,test
401756947,2025,11,West Virginia,Colorado,0.592154183393663,2.9359437146211977,margin_predictor,v2,test
401757166,2025,11,Notre Dame,Navy,0.93048501905196,22.4077564863054,margin_predictor,v2,test
401757295,2025,11,Delaware,Louisiana Tech,0.33575014295705136,-6.313677295397515,margin_predictor,v2,test
401757296,2025,11,Middle Tennessee,Florida International,0.4658053201720426,-1.5335850860838796,margin_predictor,v2,test
401757297,2025,11,UTEP,Jacksonville State,0.31384332264179,-7.189585701584507,margin_predictor,v2,test
401757298,2025,11,New Mexico State,Kennesaw State,0.3121222395878159,-7.259750053643694,margin_predictor,v2,test
401757299,2025,11,Liberty,Missouri State,0.6245648618701742,4.128924153741881,margin_predictor,v2,test
401760406,2025,11,San José State,Air Force,0.5952739391266613,3.049318133147847,margin_predictor,v2,test
401760407,2025,11,Colorado State,UNLV,0.4166066962796475,-3.2843887244836254,margin_predictor,v2,test
401760408,2025,11,Hawai'i,San Diego State,0.29116076372409444,-8.132291834744944,margin_predictor,v2,test
401760409,2025,11,Utah State,Nevada,0.7871026204721924,11.129274400542359,margin_predictor,v2,test
401761644,2025,11,App State,Georgia Southern,0.7341185639925728,8.570228124055753,margin_predictor,v2,test
401761645,2025,11,Coastal Carolina,Georgia State,0.6491611311621123,5.0614911818446195,margin_predictor,v2,test
401761646,2025,11,Marshall,James Madison,0.15944890781867868,-14.90474426426105,margin_predictor,v2,test
401761647,2025,11,Arkansas State,Southern Miss,0.40520104531911527,-3.697452978394884,margin_predictor,v2,test
401761648,2025,11,Louisiana,Texas State,0.4402799486445101,-2.4367769888088078,margin_predictor,v2,test
401762500,2025,11,South Florida,UTSA,0.756322622731567,9.595876143179387,margin_predictor,v2,test
401762501,2025,11,Memphis,Tulane,0.7067022969150571,7.3763089128186135,margin_predictor,v2,test
401762502,2025,11,Rice,UAB,0.5691131691310714,2.106293340073636,margin_predictor,v2,test
401762503,2025,11,Army,Temple,0.6585910739583666,5.42675286376736,margin_predictor,v2,test
401762504,2025,11,East Carolina,Charlotte,0.9777139779059328,32.81383203166205,margin_predictor,v2,test
401762505,2025,11,Florida Atlantic,Tulsa,0.5981740483350344,3.1549614101821395,margin_predictor,v2,test
401762851,2025,11,Akron,Massachusetts,0.8010213059853243,11.875624903620986,margin_predictor,v2,test
401762852,2025,11,Ohio,Miami (OH),0.6083518021220781,3.5277502560254135,margin_predictor,v2,test
401762853,2025,11,Ball State,Kent State,0.5885098533929,2.8038465409351847,margin_predictor,v2,test
401762854,2025,11,Toledo,Northern Illinois,0.9135431450119885,20.334782915669592,margin_predictor,v2,test
401762855,2025,11,Eastern Michigan,Bowling Green,0.36345104784390436,-5.245325118659636,margin_predictor,v2,test
401752765,2025,12,Alabama,Oklahoma,0.5818744085768615,2.564220582885289,margin_predictor,v2,test
401752766,2025,12,Georgia,Texas,0.5651074561925339,1.96325926479743,margin_predictor,v2,test
401752768,2025,12,LSU,Arkansas,0.5614955004286994,1.834545856800096,margin_predictor,v2,test
401752769,2025,12,Ole Miss,Florida,0.7129801821064538,7.643505703720168,margin_predictor,v2,test
401752770,2025,12,Missouri,Mississippi State,0.7670774987929005,10.115342356484089,margin_predictor,v2,test
401752771,2025,12,Tennessee,New Mexico State,0.9738712412422263,31.384841193572168,margin_predictor,v2,test
401752772,2025,12,Texas A&M,South Carolina,0.8942241020577338,18.379512492610985,margin_predictor,v2,test
401752900,2025,12,Ohio State,UCLA,0.9620148016745906,27.99757403217222,margin_predictor,v2,test
401752901,2025,12,Indiana,Wisconsin,0.9774796513728916,32.720041775355945,margin_predictor,v2,test
401752902,2025,12,Washington,Purdue,0.9309382693462616,22.469368594368575,margin_predictor,v2,test
401752903,2025,12,Michigan State,Penn State,0.25957026742183087,-9.521266953453402,margin_predictor,v2,test
401752904,2025,12,Oregon,Minnesota,0.9205685508223865,21.14486731235646,margin_predictor,v2,test
401752905,2025,12,Northwestern,Michigan,0.1912376356681698,-12.973190181126748,margin_predictor,v2,test
401752906,2025,12,Illinois,Maryland,0.9059703172172844,19.525776094018962,margin_predictor,v2,test
401752907,2025,12,USC,Iowa,0.7585741079116264,9.703303831039433,margin_predictor,v2,test
401752945,2025,12,Tulsa,Oregon State,0.5340492752929403,0.8630487854361202,margin_predictor,v2,test
401752953,2025,12,Washington State,Louisiana Tech,0.6230106154652927,4.070867433677638,margin_predictor,v2,test
401754591,2025,12,Louisville,Clemson,0.6889937054313798,6.639943344673398,margin_predictor,v2,test
401754592,2025,12,Boston College,Georgia Tech,0.09274973464753647,-20.323709880764145,margin_predictor,v2,test
401754593,2025,12,Duke,Virginia,0.6528135301288037,5.2024101307160535,margin_predictor,v2,test
401754594,2025,12,Florida State,Virginia Tech,0.8616666763432876,15.702098095416373,margin_predictor,v2,test
401754595,2025,12,Miami,NC State,0.7923704319174392,11.407376569415632,margin_predictor,v2,test
401754596,2025,12,Wake Forest,North Carolina,0.6425131222265619,4.80670428819246,margin_predictor,v2,test
401754597,2025,12,Pittsburgh,Notre Dame,0.2719725980516248,-8.964047474846677,margin_predictor,v2,test
401756948,2025,12,Arizona State,West Virginia,0.7206173554779279,7.973314494846798,margin_predictor,v2,test
401756949,2025,12,Baylor,Utah,0.1524920257202529,-15.368060727715617,margin_predictor,v2,test
401756950,2025,12,BYU,TCU,0.7891758582120122,11.238117361483063,margin_predictor,v2,test
401756951,2025,12,Cincinnati,Arizona,0.6019592109239148,3.29322310503503,margin_predictor,v2,test
401756952,2025,12,Oklahoma State,Kansas State,0.18405830055231753,-13.386087056880546,margin_predictor,v2,test
401756953,2025,12,Texas Tech,UCF,0.9015551774999209,19.080717003201467,margin_predictor,v2,test
401757174,2025,12,UConn,Air Force,0.7583600476400203,9.693060883248322,margin_predictor,v2,test
401757300,2025,12,Sam Houston,Delaware,0.2987176313361615,-7.813723458137476,margin_predictor,v2,test
401757301,2025,12,Florida International,Liberty,0.43913703781999747,-2.4774433759212555,margin_predictor,v2,test
401757302,2025,12,Jacksonville State,Kennesaw State,0.5612622711921528,1.826242774817339,margin_predictor,v2,test
401757303,2025,12,Western Kentucky,Middle Tennessee,0.8583978976355742,15.464051550031881,margin_predictor,v2,test
401757304,2025,12,Missouri State,UTEP,0.7750966462850624,10.5136251481944,margin_predictor,v2,test
401760410,2025,12,San Diego State,Boise State,0.48037392988590816,-1.0212300071747635,margin_predictor,v2,test
401760411,2025,12,New Mexico,Colorado State,0.8653930417084783,15.97929971621145,margin_predictor,v2,test
401760412,2025,12,Fresno State,Wyoming,0.79140598482873,11.35607621047138,margin_predictor,v2,test
401760413,2025,12,Nevada,San José State,0.32456871169013984,-6.756913594093808,margin_predictor,v2,test
401760414,2025,12,UNLV,Utah State,0.6336357963274397,4.4697197806594255,margin_predictor,v2,test
401761649,2025,12,Old Dominion,Troy,0.7529482928767911,9.436124327778384,margin_predictor,v2,test
401761650,2025,12,Georgia Southern,Coastal Carolina,0.5659138063364011,1.9920270069135317,margin_predictor,v2,test
401761651,2025,12,Georgia State,Marshall,0.29262803112778873,-8.070063510284687,margin_predictor,v2,test
401761652,2025,12,James Madison,App State,0.9299732956423359,22.338641040217652,margin_predictor,v2,test
401761653,2025,12,UL Monroe,South Alabama,0.409688103128792,-3.5345348064890367,margin_predictor,v2,test
401761654,2025,12,Southern Miss,Texas State,0.5771568409697331,2.3945100864546816,margin_predictor,v2,test
401762506,2025,12,UAB,North Texas,0.2255771025093746,-11.145194695314611,margin_predictor,v2,test
401762507,2025,12,Charlotte,UTSA,0.0921797225994978,-20.383255197177352,margin_predictor,v2,test
401762508,2025,12,East Carolina,Memphis,0.47281784576690095,-1.2867637115223896,margin_predictor,v2,test
401762509,2025,12,Tulane,Florida Atlantic,0.9199360596562783,21.06931749069304,margin_predictor,v2,test
401762510,2025,12,Navy,South Florida,0.3406104366681768,-6.123314502385005,margin_predictor,v2,test
401762856,2025,12,Akron,Kent State,0.6418263979216869,4.780506926064346,margin_predictor,v2,test
401762857,2025,12,Western Michigan,Ohio,0.47332352232251534,-1.2689810650602662,margin_predictor,v2,test
401762858,2025,12,Central Michigan,Buffalo,0.5889191546484415,2.8186647906838296,margin_predictor,v2,test
401762859,2025,12,Massachusetts,Northern Illinois,0.18294994656980842,-13.45093283227373,margin_predictor,v2,test
401762860,2025,12,Miami (OH),Toledo,0.27609330563609785,-8.782470701096761,margin_predictor,v2,test
401762861,2025,12,Ball State,Eastern Michigan,0.4479827421761556,-2.163265407926064,margin_predictor,v2,test
401752775,2025,13,Florida,Tennessee,0.45018542802426426,-2.085220916862068,margin_predictor,v2,test
401752776,2025,13,Georgia,Charlotte,0.9939246896002886,44.35139819662415,margin_predictor,v2,test
401752777,2025,13,LSU,Western Kentucky,0.8837410731718575,17.447778196496163,margin_predictor,v2,test
401752778,2025,13,Oklahoma,Missouri,0.7230207030533791,8.078236077901717,margin_predictor,v2,test
401752779,2025,13,South Carolina,Coastal Carolina,0.9323292107483631,22.66081080542099,margin_predictor,v2,test
401752780,2025,13,Texas,Arkansas,0.6606032762673536,5.505313064456612,margin_predictor,v2,test
401752782,2025,13,Vanderbilt,Kentucky,0.782600003287441,10.895523352800238,margin_predictor,v2,test
401752908,2025,13,Penn State,Nebraska,0.5706356419702225,2.1607407744288865,margin_predictor,v2,test
401752909,2025,13,Northwestern,Minnesota,0.46175883708154686,-1.6762203173071506,margin_predictor,v2,test
401752910,2025,13,UCLA,Washington,0.1563045806475971,-15.112067515286816,margin_predictor,v2,test
401752911,2025,13,Oregon,USC,0.7896944890947354,11.265467415368722,margin_predictor,v2,test
401752912,2025,13,Ohio State,Rutgers,0.9753263854248522,31.900240553520835,margin_predictor,v2,test
401752913,2025,13,Iowa,Michigan State,0.875192643986714,16.740609709488915,margin_predictor,v2,test
401752914,2025,13,Maryland,Michigan,0.10471561035492788,-19.143627239707882,margin_predictor,v2,test
401752915,2025,13,Wisconsin,Illinois,0.2740646898411404,-8.871648166934994,margin_predictor,v2,test
401752954,2025,13,James Madison,Washington State,0.8892740608873102,17.929935471135828,margin_predictor,v2,test
401754598,2025,13,NC State,Florida State,0.3436779583488439,-6.003846426238029,margin_predictor,v2,test
401754599,2025,13,Stanford,California,0.5881304918721053,2.7901161813824813,margin_predictor,v2,test
401754600,2025,13,North Carolina,Duke,0.30503406762447344,-7.5509841939722495,margin_predictor,v2,test
401754601,2025,13,Georgia Tech,Pittsburgh,0.6733315844733468,6.0076798730762935,margin_predictor,v2,test
401754602,2025,13,SMU,Louisville,0.4187117274266626,-3.2085201507924768,margin_predictor,v2,test
401754603,2025,13,Virginia Tech,Miami,0.12879119334763028,-17.090592977190678,margin_predictor,v2,test
401754604,2025,13,Notre Dame,Syracuse,0.975827366803542,32.08456191317031,margin_predictor,v2,test
401754606,2025,13,Wake Forest,Delaware,0.8451657965341803,14.544770778894039,margin_predictor,v2,test
401756954,2025,13,Arizona,Baylor,0.8029250953207705,11.980709660459578,margin_predictor,v2,test
401756955,2025,13,Cincinnati,BYU,0.3089064229760952,-7.391420781822664,margin_predictor,v2,test
401756956,2025,13,Colorado,Arizona State,0.3733570704788808,-4.872111638093804,margin_predictor,v2,test
401756957,2025,13,Houston,TCU,0.45918591056965646,-1.767005095851434,margin_predictor,v2,test
401756958,2025,13,Iowa State,Kansas,0.572080754067907,2.2124658127086323,margin_predictor,v2,test
401756959,2025,13,UCF,Oklahoma State,0.897406533880559,18.678442139895736,margin_predictor,v2,test
401756960,2025,13,Utah,Kansas State,0.9193243248599052,20.99676356791855,margin_predictor,v2,test
401757175,2025,13,Florida Atlantic,UConn,0.3310310009161251,-6.499819844528666,margin_predictor,v2,test
401757305,2025,13,Florida International,Jacksonville State,0.43478323795232604,-2.6325721649784026,margin_predictor,v2,test
401757306,2025,13,Kennesaw State,Missouri State,0.5840280186324063,2.641872235202137,margin_predictor,v2,test
401757307,2025,13,Louisiana Tech,Liberty,0.6170325310883414,3.84843143856307,margin_predictor,v2,test
401757308,2025,13,Middle Tennessee,Sam Houston,0.6203613018645844,3.9721228832716924,margin_predictor,v2,test
401757309,2025,13,UTEP,New Mexico State,0.5339182702561206,0.858433900980478,margin_predictor,v2,test
401760415,2025,13,Air Force,New Mexico,0.3837911115105144,-4.483303649862622,margin_predictor,v2,test
401760416,2025,13,Boise State,Colorado State,0.8995720565727945,18.886581753639327,margin_predictor,v2,test
401760417,2025,13,Fresno State,Utah State,0.6753717588678466,6.089119354905149,margin_predictor,v2,test
401760418,2025,13,UNLV,Hawai'i,0.6148767779909855,3.7685454564003837,margin_predictor,v2,test
401760419,2025,13,Wyoming,Nevada,0.6115066688007826,3.6439919460519166,margin_predictor,v2,test
401760420,2025,13,San Diego State,San José State,0.8673719678893214,16.129152712907562,margin_predictor,v2,test
401761655,2025,13,Arkansas State,Louisiana,0.5200181050584622,0.36958399997251545,margin_predictor,v2,test
401761656,2025,13,App State,Marshall,0.3808663896135447,-4.591869636997721,margin_predictor,v2,test
401761657,2025,13,Georgia Southern,Old Dominion,0.165171336754346,-14.535773943500713,margin_predictor,v2,test
401761658,2025,13,South Alabama,Southern Miss,0.47242447977370416,-1.3005981936637814,margin_predictor,v2,test
401761659,2025,13,Texas State,UL Monroe,0.8955362360078079,18.501786916122423,margin_predictor,v2,test
401761660,2025,13,Troy,Georgia State,0.7932520096575812,11.45442304123417,margin_predictor,v2,test
401762511,2025,13,UAB,South Florida,0.10731411659756414,-18.903275032717126,margin_predictor,v2,test
401762512,2025,13,Army,Tulsa,0.7493744292770828,9.268516359261666,margin_predictor,v2,test
401762513,2025,13,UTSA,East Carolina,0.4071420305962096,-3.6269099130911697,margin_predictor,v2,test
401762514,2025,13,Rice,North Texas,0.2052742432563544,-12.198817776534955,margin_predictor,v2,test
401762515,2025,13,Temple,Tulane,0.21395650554280551,-11.739383683373434,margin_predictor,v2,test
401762862,2025,13,Bowling Green,Akron,0.786214936830677,11.082908416249277,margin_predictor,v2,test
401762863,2025,13,Ohio,Massachusetts,0.971370283016799,30.5610114543708,margin_predictor,v2,test
401762864,2025,13,Northern Illinois,Western Michigan,0.4016679695143992,-3.8261373740844538,margin_predictor,v2,test
401762865,2025,13,Buffalo,Miami (OH),0.4627149301300279,-1.642503496083036,margin_predictor,v2,test
401762866,2025,13,Kent State,Central Michigan,0.29433790042490454,-7.99777650339578,margin_predictor,v2,test
401762867,2025,13,Toledo,Ball State,0.9745784032853877,31.631721563686284,margin_predictor,v2,test
401752783,2025,14,Arkansas,Missouri,0.51976108002118,0.3605573805669757,margin_predictor,v2,test
401752784,2025,14,Auburn,Alabama,0.35774433114764426,-5.462294246064792,margin_predictor,v2,test
401752785,2025,14,Florida,Florida State,0.4356110540553846,-2.603049674463238,margin_predictor,v2,test
401752786,2025,14,Georgia Tech,Georgia,0.47129137726512416,-1.3404556247132544,margin_predictor,v2,test
401752787,2025,14,Louisville,Kentucky,0.7243243803937237,8.135384800906193,margin_predictor,v2,test
401752788,2025,14,Mississippi State,Ole Miss,0.26763911122403455,-9.156869598318172,margin_predictor,v2,test
401752789,2025,14,Oklahoma,LSU,0.7988576707355428,11.75711056115502,margin_predictor,v2,test
401752790,2025,14,South Carolina,Clemson,0.6418771117174951,4.782440810386621,margin_predictor,v2,test
401752791,2025,14,Tennessee,Vanderbilt,0.43945661293277294,-2.4660701459238763,margin_predictor,v2,test
401752792,2025,14,Texas,Texas A&M,0.44627780206718337,-2.223723525728715,margin_predictor,v2,test
401752916,2025,14,Nebraska,Iowa,0.5366522233984194,0.9547773915710653,margin_predictor,v2,test
401752917,2025,14,Washington,Oregon,0.2724308949278457,-8.943768453419516,margin_predictor,v2,test
401752918,2025,14,Minnesota,Wisconsin,0.6305977579682379,4.355197561221179,margin_predictor,v2,test
401752919,2025,14,USC,UCLA,0.9261914544417099,21.841847071698073,margin_predictor,v2,test
401752920,2025,14,Rutgers,Penn State,0.17513670964612163,-13.916960530961253,margin_predictor,v2,test
401752921,2025,14,Michigan,Ohio State,0.3405484116402005,-6.125735464556774,margin_predictor,v2,test
401752922,2025,14,Illinois,Northwestern,0.7918355294505335,11.378902678387607,margin_predictor,v2,test
401752923,2025,14,Michigan State,Maryland,0.5903499986527181,2.8705019108427314,margin_predictor,v2,test
401752924,2025,14,Purdue,Indiana,0.02069140091836749,-34.144332883095586,margin_predictor,v2,test
401752946,2025,14,Washington State,Oregon State,0.8567391519163382,15.34500654616564,margin_predictor,v2,test
401754608,2025,14,Syracuse,Boston College,0.5930247977810497,2.9675549691519008,margin_predictor,v2,test
401754609,2025,14,California,SMU,0.21633325750666274,-11.615996849262334,margin_predictor,v2,test
401754610,2025,14,Duke,Wake Forest,0.6723882961486196,5.970114455703568,margin_predictor,v2,test
401754611,2025,14,Pittsburgh,Miami,0.349678121920052,-5.771615755137885,margin_predictor,v2,test
401754612,2025,14,NC State,North Carolina,0.8040477092141307,12.043034643982882,margin_predictor,v2,test
401754613,2025,14,Virginia,Virginia Tech,0.6813557124131916,6.329540089521222,margin_predictor,v2,test
401754614,2025,14,Stanford,Notre Dame,0.054267918042712145,-25.386190751294,margin_predictor,v2,test
401756961,2025,14,Arizona State,Arizona,0.48701501370078126,-0.7881154383929148,margin_predictor,v2,test
401756962,2025,14,Baylor,Houston,0.5134886023473844,0.1403726623270556,margin_predictor,v2,test
401756963,2025,14,BYU,UCF,0.8878220170349228,17.801401327172194,margin_predictor,v2,test
401756964,2025,14,Kansas,Utah,0.2585387799599259,-9.568374327999187,margin_predictor,v2,test
401756965,2025,14,Kansas State,Colorado,0.7203114328123631,7.959998795948101,margin_predictor,v2,test
401756966,2025,14,Oklahoma State,Iowa State,0.13345909893370975,-16.73140583848704,margin_predictor,v2,test
401756967,2025,14,TCU,Cincinnati,0.5535970632167131,1.5538706985326822,margin_predictor,v2,test
401756968,2025,14,West Virginia,Texas Tech,0.09474675974043706,-20.117652421279143,margin_predictor,v2,test
401757310,2025,14,Delaware,UTEP,0.6927406481258881,6.793738731410682,margin_predictor,v2,test
401757311,2025,14,Sam Houston,Florida International,0.3165306503223,-7.080445624737234,margin_predictor,v2,test
401757312,2025,14,Jacksonville State,Western Kentucky,0.4684134530088579,-1.4417357580969141,margin_predictor,v2,test
401757313,2025,14,Liberty,Kennesaw State,0.581092992458256,2.5360734295656573,margin_predictor,v2,test
401757314,2025,14,Missouri State,Louisiana Tech,0.5390322369990878,1.038711225184239,margin_predictor,v2,test
401757315,2025,14,New Mexico State,Middle Tennessee,0.6205497365219431,3.979137264912279,margin_predictor,v2,test
401760421,2025,14,Colorado State,Air Force,0.40027533204441884,-3.8769625986686695,margin_predictor,v2,test
401760422,2025,14,Utah State,Boise State,0.34552267777314755,-5.932246737558133,margin_predictor,v2,test
401760423,2025,14,San José State,Fresno State,0.3249941038785252,-6.739909404447767,margin_predictor,v2,test
401760424,2025,14,Hawai'i,Wyoming,0.7771431308752174,10.616870020163875,margin_predictor,v2,test
401760425,2025,14,Nevada,UNLV,0.2797885491969141,-8.621062850246767,margin_predictor,v2,test
401760426,2025,14,New Mexico,San Diego State,0.5732521029211259,2.254424285794681,margin_predictor,v2,test
401761661,2025,14,App State,Arkansas State,0.5781755856793686,2.431114603148031,margin_predictor,v2,test
401761662,2025,14,Coastal Carolina,James Madison,0.04455222983523531,-27.205065847571518,margin_predictor,v2,test
401761663,2025,14,Marshall,Georgia Southern,0.8463840673568517,14.626643254057383,margin_predictor,v2,test
401761664,2025,14,Old Dominion,Georgia State,0.9438559129901926,24.40542886315806,margin_predictor,v2,test
401761665,2025,14,Louisiana,UL Monroe,0.752658459254363,9.422471373203027,margin_predictor,v2,test
401761666,2025,14,Southern Miss,Troy,0.6584623694444707,5.421735615508069,margin_predictor,v2,test
401761667,2025,14,Texas State,South Alabama,0.7707249232520857,10.295282120555633,margin_predictor,v2,test
401762441,2025,14,UTSA,Army,0.8180271103009217,12.842936232522478,margin_predictor,v2,test
401762442,2025,14,North Texas,Temple,0.9003045096176172,18.957883931274523,margin_predictor,v2,test
401762516,2025,14,Memphis,Navy,0.7105564243736171,7.5399407768540065,margin_predictor,v2,test
401762517,2025,14,Tulsa,UAB,0.5868824685443988,2.7449726937079166,margin_predictor,v2,test
401762518,2025,14,Tulane,Charlotte,0.976701053790761,32.41510998437515,margin_predictor,v2,test
401762519,2025,14,Florida Atlantic,East Carolina,0.1846964607619392,-13.348887727380104,margin_predictor,v2,test
401762520,2025,14,South Florida,Rice,0.9455501210003014,24.689746650441887,margin_predictor,v2,test
401762868,2025,14,Massachusetts,Bowling Green,0.1154869170837481,-18.179250790073343,margin_predictor,v2,test
401762869,2025,14,Eastern Michigan,Western Michigan,0.3051945155963128,-7.54435042650892,margin_predictor,v2,test
401762870,2025,14,Buffalo,Ohio,0.3873003936931487,-4.353449136162443,margin_predictor,v2,test
401762871,2025,14,Northern Illinois,Kent State,0.7022097254881475,7.187149811484215,margin_predictor,v2,test
401762872,2025,14,Central Michigan,Toledo,0.16230706424388952,-14.719145172644337,margin_predictor,v2,test
401762875,2025,14,Miami (OH),Ball State,0.9118712702528484,20.15082946557342,margin_predictor,v2,test
401777324,2025,15,Tulane,North Texas,0.5535100574053566,1.5507845190116822,margin_predictor,v2,test
401777325,2025,15,Jacksonville State,Kennesaw State,0.604952487329835,3.402874283959577,margin_predictor,v2,test
401777326,2025,15,Boise State,UNLV,0.708238008450476,7.441356925123349,margin_predictor,v2,test
401777327,2025,15,Texas Tech,BYU,0.6938172079973242,6.8381188894873315,margin_predictor,v2,test
401777328,2025,15,Virginia,Duke,0.582936734432084,2.6025100794777263,margin_predictor,v2,test
401777329,2025,15,Western Michigan,Miami (OH),0.5047679262896744,-0.16551917177232145,margin_predictor,v2,test
401777351,2025,15,Alabama,Georgia,0.6587544751086886,5.4331239928970945,margin_predictor,v2,test
401777352,2025,15,James Madison,Troy,0.958423953120613,27.17297957456864,margin_predictor,v2,test
401777353,2025,15,Ohio State,Indiana,0.42023478048382235,-3.153693610603011,margin_predictor,v2,test
401762521,2025,16,Navy,Army,0.8220679648377606,13.082981668486148,margin_predictor,v2,test
