game_id,season,week,home_team,away_team,p_home_win,predicted_margin,model_name,model_version,split
401520250,2023,4,Alabama,Ole Miss,0.6665007463147007,5.041116621126161,margin_predictor_market,market_combined,val
401520251,2023,4,Florida,Charlotte,0.9746660484014866,28.85669069453359,margin_predictor_market,market_combined,val
401520252,2023,4,Georgia,UAB,0.9937463184929296,40.278010151562974,margin_predictor_market,market_combined,val
401520253,2023,4,Hawai'i,New Mexico State,0.5858917704336178,2.2598504155639967,margin_predictor_market,market_combined,val
401520254,2023,4,Houston,Sam Houston,0.8143925903361438,11.373645113218291,margin_predictor_market,market_combined,val
401520255,2023,4,Illinois,Florida Atlantic,0.8586863484227143,13.99563426190275,margin_predictor_market,market_combined,val
401520256,2023,4,Indiana,Akron,0.8646518383885674,14.398698031803638,margin_predictor_market,market_combined,val
401520257,2023,4,Jacksonville State,Eastern Michigan,0.8398043275334548,12.806695711797245,margin_predictor_market,market_combined,val
401520258,2023,4,LSU,Arkansas,0.8700945226178491,14.779726998065833,margin_predictor_market,market_combined,val
401520259,2023,4,Missouri,Memphis,0.7768337664781522,9.509503415102808,margin_predictor_market,market_combined,val
401520260,2023,4,Michigan,Rutgers,0.9687861415716725,27.127279914008504,margin_predictor_market,market_combined,val
401520261,2023,4,Michigan State,Maryland,0.30934638174724116,-7.001976264233276,margin_predictor_market,market_combined,val
401520262,2023,4,Middle Tennessee,Colorado State,0.6242029013677782,3.551614782250727,margin_predictor_market,market_combined,val
401520263,2023,4,Nebraska,Louisiana Tech,0.9387547773353402,21.44615524938198,margin_predictor_market,market_combined,val
401520264,2023,4,Northwestern,Minnesota,0.18112515386305222,-12.683527265405283,margin_predictor_market,market_combined,val
401520265,2023,4,Penn State,Iowa,0.8604309998276741,14.112012605603082,margin_predictor_market,market_combined,val
401520266,2023,4,Purdue,Wisconsin,0.2900635191511385,-7.741988427984836,margin_predictor_market,market_combined,val
401520267,2023,4,South Carolina,Mississippi State,0.6205624214431394,3.426881909987979,margin_predictor_market,market_combined,val
401520268,2023,4,Syracuse,Army,0.8666334082809777,14.535895223254853,margin_predictor_market,market_combined,val
401520269,2023,4,Tennessee,UTSA,0.9556022276494623,24.179840152749087,margin_predictor_market,market_combined,val
401520270,2023,4,Texas A&M,Auburn,0.7647973975260938,8.960761613971675,margin_predictor_market,market_combined,val
401520271,2023,4,Troy,Western Kentucky,0.6706987978323756,5.193684190264968,margin_predictor_market,market_combined,val
401520272,2023,4,UConn,Duke,0.05490613786561206,-23.449004473662093,margin_predictor_market,market_combined,val
401520273,2023,4,UTEP,UNLV,0.5417477051517202,0.813407659903632,margin_predictor_market,market_combined,val
401520274,2023,4,Vanderbilt,Kentucky,0.13573456034753173,-15.440980728588,margin_predictor_market,market_combined,val
401520275,2023,4,Florida International,Liberty,0.21902822766316404,-10.771833621782234,margin_predictor_market,market_combined,val
401521330,2023,4,Notre Dame,Ohio State,0.3242305255272227,-6.448130945613158,margin_predictor_market,market_combined,val
401524014,2023,4,Arizona State,USC,0.01961562575576886,-32.032608736474884,margin_predictor_market,market_combined,val
401524015,2023,4,Oregon,Colorado,0.9390460572433164,21.487042005793967,margin_predictor_market,market_combined,val
401524016,2023,4,Stanford,Arizona,0.17683912719395325,-12.918403414403684,margin_predictor_market,market_combined,val
401524017,2023,4,Utah,UCLA,0.6338007607603441,3.8828207889361748,margin_predictor_market,market_combined,val
401524018,2023,4,Washington,California,0.8822789239075011,15.68478777071536,margin_predictor_market,market_combined,val
401524019,2023,4,Washington State,Oregon State,0.3245670143800871,-6.43576776498689,margin_predictor_market,market_combined,val
401525505,2023,4,Virginia,NC State,0.18897981617000378,-12.264071796401188,margin_predictor_market,market_combined,val
401525506,2023,4,Louisville,Boston College,0.8894250417808325,16.254028219040002,margin_predictor_market,market_combined,val
401525507,2023,4,Clemson,Florida State,0.4615866474302915,-1.7741514203585806,margin_predictor_market,market_combined,val
401525508,2023,4,Wake Forest,Georgia Tech,0.671220962617479,5.212729646242812,margin_predictor_market,market_combined,val
401525509,2023,4,Temple,Miami,0.0442637478537842,-25.274152233172778,margin_predictor_market,market_combined,val
401525510,2023,4,Pittsburgh,North Carolina,0.3893616354835269,-4.1580011393059895,margin_predictor_market,market_combined,val
401525511,2023,4,Marshall,Virginia Tech,0.7562071684054696,8.580949771863706,margin_predictor_market,market_combined,val
401525844,2023,4,Baylor,Texas,0.08394217332112709,-19.779431242275642,margin_predictor_market,market_combined,val
401525845,2023,4,Cincinnati,Oklahoma,0.11830319761885873,-16.708590206391968,margin_predictor_market,market_combined,val
401525846,2023,4,Iowa State,Oklahoma State,0.6378612427251563,4.024030787083741,margin_predictor_market,market_combined,val
401525847,2023,4,Kansas,BYU,0.7774151396491845,9.536532498571507,margin_predictor_market,market_combined,val
401525848,2023,4,Kansas State,UCF,0.6931875966882777,6.028861109433235,margin_predictor_market,market_combined,val
401525849,2023,4,TCU,SMU,0.6630192247904568,4.91531668354958,margin_predictor_market,market_combined,val
401525850,2023,4,West Virginia,Texas Tech,0.43943689533185776,-2.4947743043779758,margin_predictor_market,market_combined,val
401526835,2023,4,Massachusetts,New Mexico,0.5879539146003753,2.3283419159185,margin_predictor_market,market_combined,val
401531338,2023,4,Northern Illinois,Tulsa,0.6248231680527104,3.572914374606332,margin_predictor_market,market_combined,val
401531423,2023,4,South Florida,Rice,0.44964300747934904,-2.161929430074328,margin_predictor_market,market_combined,val
401531849,2023,4,Coastal Carolina,Georgia State,0.5983027872619299,2.673672017219102,margin_predictor_market,market_combined,val
401531870,2023,4,Wyoming,App State,0.6641573573833742,4.9563704008721,margin_predictor_market,market_combined,val
401531871,2023,4,Ball State,Georgia Southern,0.41631518196153156,-3.255497789140467,margin_predictor_market,market_combined,val
401531872,2023,4,Utah State,James Madison,0.2865841416889217,-7.878532143861134,margin_predictor_market,market_combined,val
401531874,2023,4,Arkansas State,Southern Miss,0.4034056098152345,-3.6853098091355756,margin_predictor_market,market_combined,val
401531875,2023,4,Louisiana,Buffalo,0.8097807838955049,11.130280074678891,margin_predictor_market,market_combined,val
401531876,2023,4,South Alabama,Central Michigan,0.9168685650260208,18.79586805760622,margin_predictor_market,market_combined,val
401531877,2023,4,Texas State,Nevada,0.9037569175398144,17.500564639873197,margin_predictor_market,market_combined,val
401532405,2023,4,Bowling Green,Ohio,0.11724538549646293,-16.79057060880912,margin_predictor_market,market_combined,val
401532406,2023,4,Toledo,Western Michigan,0.9232233707456783,19.491840668110342,margin_predictor_market,market_combined,val
401532407,2023,4,Fresno State,Kent State,0.9589892044464967,24.84732575616684,margin_predictor_market,market_combined,val
401532583,2023,4,San Diego State,Boise State,0.31606123467481,-6.750381799717028,margin_predictor_market,market_combined,val
401532584,2023,4,San José State,Air Force,0.27237047157756955,-8.447008697560358,margin_predictor_market,market_combined,val
401520276,2023,5,Sam Houston,Jacksonville State,0.1701559467561405,-13.293738926589993,margin_predictor_market,market_combined,val
401520277,2023,5,Western Kentucky,Middle Tennessee,0.6594561593197686,4.787230213959315,margin_predictor_market,market_combined,val
401520278,2023,5,UTEP,Louisiana Tech,0.47294466444639366,-1.406720101527693,margin_predictor_market,market_combined,val
401520279,2023,5,Arkansas,Texas A&M,0.37584631988051725,-4.618763016798422,margin_predictor_market,market_combined,val
401520280,2023,5,Auburn,Georgia,0.13623336147525028,-15.40679479131598,margin_predictor_market,market_combined,val
401520281,2023,5,Iowa,Michigan State,0.8092978272786063,11.105057225554104,margin_predictor_market,market_combined,val
401520282,2023,5,Kentucky,Florida,0.47722205042492566,-1.2686021598038586,margin_predictor_market,market_combined,val
401520283,2023,5,Maryland,Indiana,0.8458213440345383,13.172464892147746,margin_predictor_market,market_combined,val
401520284,2023,5,Minnesota,Louisiana,0.8324120058942873,12.37223325873019,margin_predictor_market,market_combined,val
401520285,2023,5,Mississippi State,Alabama,0.19155197459482012,-12.129631675960624,margin_predictor_market,market_combined,val
401520286,2023,5,Nebraska,Michigan,0.1125608800612203,-17.161527613999844,margin_predictor_market,market_combined,val
401520287,2023,5,Northwestern,Penn State,0.031116364803040652,-28.222118608821305,margin_predictor_market,market_combined,val
401520288,2023,5,Ole Miss,LSU,0.4509864893251986,-2.118224447136897,margin_predictor_market,market_combined,val
401520289,2023,5,Purdue,Illinois,0.6704927054795246,5.186171404092579,margin_predictor_market,market_combined,val
401520291,2023,5,Tennessee,South Carolina,0.8430580762254629,13.00307229616988,margin_predictor_market,market_combined,val
401520292,2023,5,UConn,Utah State,0.40590549830919315,-3.6017500768030883,margin_predictor_market,market_combined,val
401520293,2023,5,Vanderbilt,Missouri,0.12355180885135877,-16.310955885473092,margin_predictor_market,market_combined,val
401524020,2023,5,Oregon State,Utah,0.5995051277625547,2.713976309898157,margin_predictor_market,market_combined,val
401524021,2023,5,Arizona,Washington,0.15432206862861844,-14.232450607601203,margin_predictor_market,market_combined,val
401524022,2023,5,California,Arizona State,0.8370067947214508,12.640418428109301,margin_predictor_market,market_combined,val
401524023,2023,5,Colorado,USC,0.07453505353954416,-20.818806917286174,margin_predictor_market,market_combined,val
401524024,2023,5,Stanford,Oregon,0.023566843361056165,-30.52234603572441,margin_predictor_market,market_combined,val
401525438,2023,5,Duke,Notre Dame,0.39499652085387316,-3.9676480565131698,margin_predictor_market,market_combined,val
401525512,2023,5,NC State,Louisville,0.46243237290636413,-1.7467525195722757,margin_predictor_market,market_combined,val
401525513,2023,5,Boston College,Virginia,0.671456713727047,5.221333494346483,margin_predictor_market,market_combined,val
401525514,2023,5,Syracuse,Clemson,0.4045376101035153,-3.647451771222304,margin_predictor_market,market_combined,val
401525515,2023,5,Georgia Tech,Bowling Green,0.9364059813337852,21.122939238807156,margin_predictor_market,market_combined,val
401525516,2023,5,Virginia Tech,Pittsburgh,0.3775985022699677,-4.55867248155091,margin_predictor_market,market_combined,val
401525851,2023,5,BYU,Cincinnati,0.5581936038626105,1.3485231769498924,margin_predictor_market,market_combined,val
401525852,2023,5,Oklahoma,Iowa State,0.9331826312690515,20.69702932133206,margin_predictor_market,market_combined,val
401525853,2023,5,TCU,West Virginia,0.7027977941157346,6.395991868909406,margin_predictor_market,market_combined,val
401525854,2023,5,Texas,Kansas,0.8468294251566553,13.234879527808236,margin_predictor_market,market_combined,val
401525855,2023,5,Texas Tech,Houston,0.7192271122224959,7.039984831819775,margin_predictor_market,market_combined,val
401525856,2023,5,UCF,Baylor,0.8343941792219629,12.487194917849164,margin_predictor_market,market_combined,val
401526836,2023,5,Massachusetts,Arkansas State,0.4967762950018259,-0.6382555259104472,margin_predictor_market,market_combined,val
401531339,2023,5,Tulsa,Temple,0.6519541707907557,4.519634399595033,margin_predictor_market,market_combined,val
401531370,2023,5,Tulane,UAB,0.9554554247061784,24.152021128849228,margin_predictor_market,market_combined,val
401531404,2023,5,SMU,Charlotte,0.9246275238608227,19.652712002398346,margin_predictor_market,market_combined,val
401531414,2023,5,Rice,East Carolina,0.5576469149791419,1.3306748842936638,margin_predictor_market,market_combined,val
401531424,2023,5,Navy,South Florida,0.6164198869290022,3.2855108796419934,margin_predictor_market,market_combined,val
401531429,2023,5,Memphis,Boise State,0.6421321797250868,4.173300579530575,margin_predictor_market,market_combined,val
401531878,2023,5,Georgia Southern,Coastal Carolina,0.6118366732965475,3.12977054595813,margin_predictor_market,market_combined,val
401531879,2023,5,Georgia State,Troy,0.6589811951252676,4.770205306098811,margin_predictor_market,market_combined,val
401531880,2023,5,James Madison,South Alabama,0.5938488539617238,2.524710212449987,margin_predictor_market,market_combined,val
401531881,2023,5,Marshall,Old Dominion,0.8705284819135966,14.810687094206976,margin_predictor_market,market_combined,val
401531882,2023,5,UL Monroe,App State,0.26724751283368214,-8.656404080064762,margin_predictor_market,market_combined,val
401531883,2023,5,Southern Miss,Texas State,0.22266210749289705,-10.60177610432786,margin_predictor_market,market_combined,val
401532409,2023,5,Western Michigan,Ball State,0.512502229544845,-0.13163964477948742,margin_predictor_market,market_combined,val
401532410,2023,5,Central Michigan,Eastern Michigan,0.747661522553406,8.212005371701004,margin_predictor_market,market_combined,val
401532411,2023,5,Toledo,Northern Illinois,0.8633771227811524,14.31133423299997,margin_predictor_market,market_combined,val
401532412,2023,5,Akron,Buffalo,0.627429624536913,3.6625734242291186,margin_predictor_market,market_combined,val
401532413,2023,5,Kent State,Miami (OH),0.1531248607983009,-14.306555705919019,margin_predictor_market,market_combined,val
401532586,2023,5,UNLV,Hawai'i,0.8061735980485598,10.94305837196952,margin_predictor_market,market_combined,val
401532587,2023,5,Fresno State,Nevada,0.9599816608567692,25.052920413379,margin_predictor_market,market_combined,val
401532588,2023,5,Wyoming,New Mexico,0.8687714117852431,14.685871663358023,margin_predictor_market,market_combined,val
401532589,2023,5,Air Force,San Diego State,0.828177630973606,12.130236314948114,margin_predictor_market,market_combined,val
401520294,2023,6,Middle Tennessee,Jacksonville State,0.39039560133736284,-4.122999380887653,margin_predictor_market,market_combined,val
401520295,2023,6,Louisiana Tech,Western Kentucky,0.3629367810107826,-5.0650627244003505,margin_predictor_market,market_combined,val
401520296,2023,6,Liberty,Sam Houston,0.9583161271844791,24.710586110637863,margin_predictor_market,market_combined,val
401520297,2023,6,New Mexico State,Florida International,0.7141877653569553,6.8401206277223325,margin_predictor_market,market_combined,val
401520298,2023,6,Army,Boston College,0.5523273522881449,1.157233020172003,margin_predictor_market,market_combined,val
401520299,2023,6,Florida,Vanderbilt,0.9311791161585683,20.441818646958815,margin_predictor_market,market_combined,val
401520300,2023,6,Georgia,Kentucky,0.7647029066770465,8.956532299615446,margin_predictor_market,market_combined,val
401520301,2023,6,Illinois,Nebraska,0.4524215565239222,-2.0715657437099724,margin_predictor_market,market_combined,val
401520302,2023,6,Iowa,Purdue,0.5230465659440794,0.20843460497299215,margin_predictor_market,market_combined,val
401520303,2023,6,Minnesota,Michigan,0.08622535456835911,-19.543239147060547,margin_predictor_market,market_combined,val
401520304,2023,6,Mississippi State,Western Michigan,0.9386319802226573,21.428972751875243,margin_predictor_market,market_combined,val
401520305,2023,6,Missouri,LSU,0.481742063162649,-1.1227665067991062,margin_predictor_market,market_combined,val
401520307,2023,6,Ohio State,Maryland,0.8986914934830296,17.04226715092845,margin_predictor_market,market_combined,val
401520308,2023,6,Ole Miss,Arkansas,0.8225107835192452,11.813655712489679,margin_predictor_market,market_combined,val
401520309,2023,6,Rice,UConn,0.7161670379437975,6.918364051375167,margin_predictor_market,market_combined,val
401520310,2023,6,Texas A&M,Alabama,0.5147714585188429,-0.05849351275625736,margin_predictor_market,market_combined,val
401520311,2023,6,Wisconsin,Rutgers,0.8524659126125024,13.590209714787072,margin_predictor_market,market_combined,val
401524025,2023,6,USC,Arizona,0.9173531752822939,18.84720186172636,margin_predictor_market,market_combined,val
401524026,2023,6,Arizona State,Colorado,0.35932383516789723,-5.191163307229312,margin_predictor_market,market_combined,val
401524027,2023,6,California,Oregon State,0.2149436630409758,-10.965424102845118,margin_predictor_market,market_combined,val
401524028,2023,6,UCLA,Washington State,0.681368209320104,5.585995420952003,margin_predictor_market,market_combined,val
401525439,2023,6,Louisville,Notre Dame,0.3722655767200424,-4.741912542032515,margin_predictor_market,market_combined,val
401525517,2023,6,Clemson,Wake Forest,0.9320976952844596,20.557961430513444,margin_predictor_market,market_combined,val
401525518,2023,6,Florida State,Virginia Tech,0.9401006476192899,21.636618760517926,margin_predictor_market,market_combined,val
401525519,2023,6,Miami,Georgia Tech,0.9462246879184555,22.557373069067694,margin_predictor_market,market_combined,val
401525520,2023,6,North Carolina,Syracuse,0.5931722432920004,2.5021267601548596,margin_predictor_market,market_combined,val
401525521,2023,6,NC State,Marshall,0.7631413185254174,8.886806662221376,margin_predictor_market,market_combined,val
401525857,2023,6,Oklahoma State,Kansas State,0.11410708435361543,-17.03762462565428,margin_predictor_market,market_combined,val
401525858,2023,6,Baylor,Texas Tech,0.4075042790858378,-3.5483959117647244,margin_predictor_market,market_combined,val
401525859,2023,6,Iowa State,TCU,0.37081149505945565,-4.792058488545174,margin_predictor_market,market_combined,val
401525860,2023,6,Kansas,UCF,0.5864967489272009,2.27993352982808,margin_predictor_market,market_combined,val
401525861,2023,6,Texas,Oklahoma,0.6579840613257524,4.7345005820089,margin_predictor_market,market_combined,val
401526837,2023,6,Massachusetts,Toledo,0.07671863481547635,-20.567269209113007,margin_predictor_market,market_combined,val
401531340,2023,6,Florida Atlantic,Tulsa,0.6044720756033473,2.8809082070603282,margin_predictor_market,market_combined,val
401531380,2023,6,UAB,South Florida,0.321152672754369,-6.561528927438918,margin_predictor_market,market_combined,val
401531389,2023,6,Temple,UTSA,0.14870523983514172,-14.584307561065406,margin_predictor_market,market_combined,val
401531433,2023,6,Navy,North Texas,0.7725959175852642,9.313974806539473,margin_predictor_market,market_combined,val
401531884,2023,6,Louisiana,Texas State,0.4997071753828377,-0.5438507787992699,margin_predictor_market,market_combined,val
401531885,2023,6,UL Monroe,South Alabama,0.24046940465172012,-9.795627389066265,margin_predictor_market,market_combined,val
401531886,2023,6,Southern Miss,Old Dominion,0.5439059250292002,0.8834375555044733,margin_predictor_market,market_combined,val
401531887,2023,6,Troy,Arkansas State,0.866856984677359,14.551482880863853,margin_predictor_market,market_combined,val
401532414,2023,6,Eastern Michigan,Ball State,0.5211654213280509,0.14772441768995748,margin_predictor_market,market_combined,val
401532415,2023,6,Buffalo,Central Michigan,0.38326949400838467,-4.364928872703086,margin_predictor_market,market_combined,val
401532416,2023,6,Miami (OH),Bowling Green,0.7817675065942297,9.740504334019509,margin_predictor_market,market_combined,val
401532417,2023,6,Ohio,Kent State,0.9556853962967501,24.195639481125596,margin_predictor_market,market_combined,val
401532418,2023,6,Akron,Northern Illinois,0.4586936640434361,-1.8679303267662792,margin_predictor_market,market_combined,val
401532590,2023,6,Utah State,Colorado State,0.39320129977218754,-4.028187815296276,margin_predictor_market,market_combined,val
401532591,2023,6,Wyoming,Fresno State,0.32504116326529087,-6.418358011001054,margin_predictor_market,market_combined,val
401532592,2023,6,Boise State,San José State,0.7179920780439111,6.990802813704372,margin_predictor_market,market_combined,val
401520312,2023,7,Jacksonville State,Liberty,0.4070511479848052,-3.56351101568758,margin_predictor_market,market_combined,val
401520313,2023,7,Middle Tennessee,Louisiana Tech,0.5856565003057254,2.2520426183182822,margin_predictor_market,market_combined,val
401520314,2023,7,Florida International,UTEP,0.5593579290219008,1.3865514589523373,margin_predictor_market,market_combined,val
401520315,2023,7,New Mexico State,Sam Houston,0.7033418356896718,6.416976846632727,margin_predictor_market,market_combined,val
401520316,2023,7,Alabama,Arkansas,0.9207511179244596,19.215041348496285,margin_predictor_market,market_combined,val
401520317,2023,7,Army,Troy,0.2752169718279921,-8.331727131141609,margin_predictor_market,market_combined,val
401520318,2023,7,Kentucky,Missouri,0.5619039179166718,1.4697815005670105,margin_predictor_market,market_combined,val
401520319,2023,7,LSU,Auburn,0.7644737092778704,8.946278539223076,margin_predictor_market,market_combined,val
401520320,2023,7,Maryland,Illinois,0.891639362695346,16.436942198744703,margin_predictor_market,market_combined,val
401520321,2023,7,Michigan,Indiana,0.9896970061229629,36.224820876968586,margin_predictor_market,market_combined,val
401520322,2023,7,Penn State,Massachusetts,0.9969773151523453,46.158495140204224,margin_predictor_market,market_combined,val
401520323,2023,7,Purdue,Ohio State,0.12071141898973439,-16.524293195032875,margin_predictor_market,market_combined,val
401520324,2023,7,Rutgers,Michigan State,0.6395872333114202,4.084261216173774,margin_predictor_market,market_combined,val
401520325,2023,7,South Carolina,Florida,0.4215612610957473,-3.0819591405417484,margin_predictor_market,market_combined,val
401520326,2023,7,Tennessee,Texas A&M,0.6159678647657062,3.270120135308718,margin_predictor_market,market_combined,val
401520327,2023,7,Vanderbilt,Georgia,0.023647097737061713,-30.494308919871656,margin_predictor_market,market_combined,val
401520328,2023,7,Wisconsin,Iowa,0.7591156132268728,8.708504415497027,margin_predictor_market,market_combined,val
401524029,2023,7,Colorado,Stanford,0.8308370379598361,12.281660545715184,margin_predictor_market,market_combined,val
401524030,2023,7,Washington State,Arizona,0.6906162410001888,5.931729707060687,margin_predictor_market,market_combined,val
401524031,2023,7,Notre Dame,USC,0.561908733362347,1.4699390202097418,margin_predictor_market,market_combined,val
401524032,2023,7,Oregon State,UCLA,0.6229963460890945,3.510222368978207,margin_predictor_market,market_combined,val
401524033,2023,7,Utah,California,0.8394861384582305,12.78766579817239,margin_predictor_market,market_combined,val
401524034,2023,7,Washington,Oregon,0.40513174431679994,-3.627595466380763,margin_predictor_market,market_combined,val
401525523,2023,7,Duke,NC State,0.5250638824374633,0.2735629661719474,margin_predictor_market,market_combined,val
401525524,2023,7,Florida State,Syracuse,0.8313654734360609,12.311974391551928,margin_predictor_market,market_combined,val
401525525,2023,7,Pittsburgh,Louisville,0.3383021464831941,-5.936576621281489,margin_predictor_market,market_combined,val
401525526,2023,7,North Carolina,Miami,0.4259526609020403,-2.937144421788748,margin_predictor_market,market_combined,val
401525527,2023,7,Virginia Tech,Wake Forest,0.5950972303834426,2.566408965208611,margin_predictor_market,market_combined,val
401525862,2023,7,Houston,West Virginia,0.3624603920730005,-5.081658597466085,margin_predictor_market,market_combined,val
401525863,2023,7,Cincinnati,Iowa State,0.6301188510754812,3.7553471750308622,margin_predictor_market,market_combined,val
401525864,2023,7,Oklahoma State,Kansas,0.23351896945829548,-10.105155471150647,margin_predictor_market,market_combined,val
401525865,2023,7,TCU,BYU,0.5471709234360074,0.9894828007802303,margin_predictor_market,market_combined,val
401525866,2023,7,Texas Tech,Kansas State,0.4467309835104816,-2.2567438062260994,margin_predictor_market,market_combined,val
401531371,2023,7,Memphis,Tulane,0.26325492518762134,-8.821369773993577,margin_predictor_market,market_combined,val
401531381,2023,7,UTSA,UAB,0.8277600881272482,12.106631027785259,margin_predictor_market,market_combined,val
401531390,2023,7,North Texas,Temple,0.6652146172270945,4.9945686023499745,margin_predictor_market,market_combined,val
401531405,2023,7,Charlotte,Navy,0.5297154493280751,0.42384143270456986,margin_predictor_market,market_combined,val
401531415,2023,7,East Carolina,SMU,0.17348005745056244,-13.105624769870248,margin_predictor_market,market_combined,val
401531420,2023,7,South Florida,Florida Atlantic,0.5617229203207063,1.463861104467413,margin_predictor_market,market_combined,val
401531888,2023,7,App State,Coastal Carolina,0.5666920224633908,1.6266003592904281,margin_predictor_market,market_combined,val
401531889,2023,7,Georgia State,Marshall,0.6786320274619035,5.484740235398778,margin_predictor_market,market_combined,val
401531890,2023,7,James Madison,Georgia Southern,0.7650590852812129,8.97248063730661,margin_predictor_market,market_combined,val
401531891,2023,7,Texas State,UL Monroe,0.9048277390185642,17.600195690894843,margin_predictor_market,market_combined,val
401532419,2023,7,Ball State,Toledo,0.11303908165455485,-17.123049820234044,margin_predictor_market,market_combined,val
401532420,2023,7,Central Michigan,Akron,0.8156628592434578,11.44149469706418,margin_predictor_market,market_combined,val
401532421,2023,7,Buffalo,Bowling Green,0.6226519974617355,3.498418667940766,margin_predictor_market,market_combined,val
401532422,2023,7,Eastern Michigan,Kent State,0.6724811299073712,5.258756757117634,margin_predictor_market,market_combined,val
401532423,2023,7,Western Michigan,Miami (OH),0.2492499974887613,-9.41320407799134,margin_predictor_market,market_combined,val
401532424,2023,7,Northern Illinois,Ohio,0.25987749885988415,-8.962177494901562,margin_predictor_market,market_combined,val
401532593,2023,7,Colorado State,Boise State,0.2907053457291778,-7.716907101541292,margin_predictor_market,market_combined,val
401532594,2023,7,Utah State,Fresno State,0.2674363440263132,-8.648640992784774,margin_predictor_market,market_combined,val
401532595,2023,7,Hawai'i,San Diego State,0.39102631033619556,-4.101665037761891,margin_predictor_market,market_combined,val
401532596,2023,7,New Mexico,San José State,0.2735210759448306,-8.400319923880913,margin_predictor_market,market_combined,val
401532597,2023,7,Nevada,UNLV,0.26564068178311345,-8.72260454531971,margin_predictor_market,market_combined,val
401532598,2023,7,Air Force,Wyoming,0.8303523809880426,12.25392429740018,margin_predictor_market,market_combined,val
401520329,2023,8,Jacksonville State,Western Kentucky,0.4597844871824295,-1.8325599636842203,margin_predictor_market,market_combined,val
401520330,2023,8,Liberty,Middle Tennessee,0.8947066509591465,16.69581941511308,margin_predictor_market,market_combined,val
401520331,2023,8,Sam Houston,Florida International,0.5947296380100895,2.5541262598841543,margin_predictor_market,market_combined,val
401520332,2023,8,UTEP,New Mexico State,0.3893282882310527,-4.159130567664012,margin_predictor_market,market_combined,val
401520333,2023,8,Alabama,Tennessee,0.7083316949987724,6.610499873826229,margin_predictor_market,market_combined,val
401520334,2023,8,Arkansas,Mississippi State,0.674199595428234,5.3216697845238565,margin_predictor_market,market_combined,val
401520335,2023,8,Auburn,Ole Miss,0.2697439852669124,-8.554050263250568,margin_predictor_market,market_combined,val
401520336,2023,8,Illinois,Wisconsin,0.2551776551940673,-9.160110309265198,margin_predictor_market,market_combined,val
401520337,2023,8,Indiana,Rutgers,0.34088006770696394,-5.844014964603765,margin_predictor_market,market_combined,val
401520338,2023,8,Iowa,Minnesota,0.5637121510164094,1.5289583172992256,margin_predictor_market,market_combined,val
401520339,2023,8,LSU,Army,0.9791397969229857,30.458180505609143,margin_predictor_market,market_combined,val
401520340,2023,8,Michigan State,Michigan,0.02967715451538401,-28.61540663953457,margin_predictor_market,market_combined,val
401520341,2023,8,Missouri,South Carolina,0.7846908217955202,9.879154483097867,margin_predictor_market,market_combined,val
401520342,2023,8,Nebraska,Northwestern,0.7670788637436385,9.06323746306067,margin_predictor_market,market_combined,val
401520343,2023,8,Ohio State,Penn State,0.5253714002952665,0.28349334027532436,margin_predictor_market,market_combined,val
401520344,2023,8,UConn,South Florida,0.5323462483223615,0.5089069986521859,margin_predictor_market,market_combined,val
401524035,2023,8,Oregon,Washington State,0.9438848814186802,22.194475331422268,margin_predictor_market,market_combined,val
401524036,2023,8,Stanford,UCLA,0.11937248451179684,-16.62636303062972,margin_predictor_market,market_combined,val
401524037,2023,8,USC,Utah,0.6634226227698464,4.9298598699615415,margin_predictor_market,market_combined,val
401524038,2023,8,Washington,Arizona State,0.9606033078566105,25.184202433069743,margin_predictor_market,market_combined,val
401525528,2023,8,Georgia Tech,Boston College,0.624460178552759,3.5604478266280637,margin_predictor_market,market_combined,val
401525529,2023,8,Miami,Clemson,0.4693217676908279,-1.5238039551299707,margin_predictor_market,market_combined,val
401525530,2023,8,Florida State,Duke,0.8365594001941369,12.614040419864265,margin_predictor_market,market_combined,val
401525531,2023,8,North Carolina,Virginia,0.9486587255499294,22.951046622648946,margin_predictor_market,market_combined,val
401525532,2023,8,Wake Forest,Pittsburgh,0.41003941331241317,-3.4639273490442566,margin_predictor_market,market_combined,val
401525867,2023,8,BYU,Texas Tech,0.48019451175280053,-1.172685317790589,margin_predictor_market,market_combined,val
401525868,2023,8,Cincinnati,Baylor,0.6207611002202452,3.4336770593392902,margin_predictor_market,market_combined,val
401525869,2023,8,Houston,Texas,0.07065677791010636,-21.282768990709783,margin_predictor_market,market_combined,val
401525870,2023,8,Kansas State,TCU,0.7847527027879526,9.882104133733879,margin_predictor_market,market_combined,val
401525871,2023,8,Oklahoma,UCF,0.9076976656781988,17.872255368355884,margin_predictor_market,market_combined,val
401525872,2023,8,West Virginia,Oklahoma State,0.6457639833198696,4.300853421355476,margin_predictor_market,market_combined,val
401531341,2023,8,Tulsa,Rice,0.6345499677623668,3.908825304061818,margin_predictor_market,market_combined,val
401531372,2023,8,Tulane,North Texas,0.9579003835291214,24.6271766813053,margin_predictor_market,market_combined,val
401531382,2023,8,UAB,Memphis,0.2539902629208408,-9.210494488985285,margin_predictor_market,market_combined,val
401531391,2023,8,Temple,SMU,0.04653709322409014,-24.851678127090167,margin_predictor_market,market_combined,val
401531397,2023,8,Florida Atlantic,UTSA,0.3821351891952904,-4.403592571852114,margin_predictor_market,market_combined,val
401531406,2023,8,East Carolina,Charlotte,0.5124880458454393,-0.13209678554548088,margin_predictor_market,market_combined,val
401531434,2023,8,Navy,Air Force,0.16055164004152808,-13.854246272078166,margin_predictor_market,market_combined,val
401531892,2023,8,South Alabama,Southern Miss,0.9388194748692855,21.455221067543704,margin_predictor_market,market_combined,val
401531893,2023,8,Marshall,James Madison,0.32625954202970964,-6.37368192200247,margin_predictor_market,market_combined,val
401531894,2023,8,Georgia Southern,UL Monroe,0.8398816614925337,12.811325438355174,margin_predictor_market,market_combined,val
401531895,2023,8,Old Dominion,App State,0.37778995203204035,-4.552113448862645,margin_predictor_market,market_combined,val
401531896,2023,8,Arkansas State,Coastal Carolina,0.2979618469363093,-7.435565614880256,margin_predictor_market,market_combined,val
401531897,2023,8,Louisiana,Georgia State,0.45361144561367345,-2.032898111054144,margin_predictor_market,market_combined,val
401532425,2023,8,Ball State,Central Michigan,0.40834919385979895,-3.5202260614546876,margin_predictor_market,market_combined,val
401532426,2023,8,Northern Illinois,Eastern Michigan,0.8358561271564069,12.572693215013283,margin_predictor_market,market_combined,val
401532427,2023,8,Miami (OH),Toledo,0.4428938142037679,-2.3818635127695584,margin_predictor_market,market_combined,val
401532428,2023,8,Ohio,Western Michigan,0.9005741771812205,17.210171140198295,margin_predictor_market,market_combined,val
401532429,2023,8,Bowling Green,Akron,0.6978540279874607,6.206301578399373,margin_predictor_market,market_combined,val
401532430,2023,8,Kent State,Buffalo,0.28035479874270114,-8.12550184858134,margin_predictor_market,market_combined,val
401532599,2023,8,UNLV,Colorado State,0.6923070758570504,5.995549280967829,margin_predictor_market,market_combined,val
401532600,2023,8,New Mexico,Hawai'i,0.3821541283727445,-4.402946656438943,margin_predictor_market,market_combined,val
401532601,2023,8,San Diego State,Nevada,0.7496620617310643,8.297617204124844,margin_predictor_market,market_combined,val
401532602,2023,8,San José State,Utah State,0.6518146084845219,4.514682142351646,margin_predictor_market,market_combined,val
401520345,2023,9,Louisiana Tech,New Mexico State,0.5676756591203361,1.6588657312587438,margin_predictor_market,market_combined,val
401520346,2023,9,Western Kentucky,Liberty,0.3034047707111117,-7.227122706481325,margin_predictor_market,market_combined,val
401520347,2023,9,Florida International,Jacksonville State,0.17543539914512948,-12.996298116358227,margin_predictor_market,market_combined,val
401520348,2023,9,Sam Houston,UTEP,0.5965775278956607,2.615907760935017,margin_predictor_market,market_combined,val
401520349,2023,9,Army,Massachusetts,0.8034493236403794,10.80340955089916,margin_predictor_market,market_combined,val
401520350,2023,9,Auburn,Mississippi State,0.6477402744982201,4.3705102179212165,margin_predictor_market,market_combined,val
401520351,2023,9,Boston College,UConn,0.8859394044662542,15.972490676676705,margin_predictor_market,market_combined,val
401520352,2023,9,Florida,Georgia,0.2741931045903186,-8.373107263883211,margin_predictor_market,market_combined,val
401520353,2023,9,Kentucky,Tennessee,0.41950303172421377,-3.14997262916806,margin_predictor_market,market_combined,val
401520354,2023,9,Minnesota,Michigan State,0.7195013282154974,7.050922634058427,margin_predictor_market,market_combined,val
401520355,2023,9,Nebraska,Purdue,0.4987272985461681,-0.5754125829190011,margin_predictor_market,market_combined,val
401520356,2023,9,Northwestern,Maryland,0.17789283238985432,-12.860250387011419,margin_predictor_market,market_combined,val
401520357,2023,9,Ole Miss,Vanderbilt,0.9581261466090178,24.67237262217082,margin_predictor_market,market_combined,val
401520358,2023,9,Penn State,Indiana,0.9853856633489414,33.374775990438145,margin_predictor_market,market_combined,val
401520359,2023,9,Texas A&M,South Carolina,0.8950282234790461,16.723343469670166,margin_predictor_market,market_combined,val
401520360,2023,9,Wisconsin,Ohio State,0.19040914986842478,-12.18919263755629,margin_predictor_market,market_combined,val
401524039,2023,9,Arizona,Oregon State,0.4087414869311758,-3.5071529766407235,margin_predictor_market,market_combined,val
401524040,2023,9,Arizona State,Washington State,0.3594928833219885,-5.185250821141363,margin_predictor_market,market_combined,val
401524041,2023,9,California,USC,0.2061364535835345,-11.392154497131033,margin_predictor_market,market_combined,val
401524042,2023,9,Stanford,Washington,0.047769446117547826,-24.630799893043964,margin_predictor_market,market_combined,val
401524043,2023,9,UCLA,Colorado,0.8429340327401924,12.995525423808488,margin_predictor_market,market_combined,val
401524044,2023,9,Utah,Oregon,0.26638616606245213,-8.69185942678469,margin_predictor_market,market_combined,val
401525440,2023,9,Notre Dame,Pittsburgh,0.9274065994270573,19.979394784709726,margin_predictor_market,market_combined,val
401525533,2023,9,Virginia Tech,Syracuse,0.5593609999594231,1.3866517875351374,margin_predictor_market,market_combined,val
401525534,2023,9,NC State,Clemson,0.28666691274842493,-7.875272461972667,margin_predictor_market,market_combined,val
401525535,2023,9,Louisville,Duke,0.7132757461370501,6.804176726727668,margin_predictor_market,market_combined,val
401525536,2023,9,Wake Forest,Florida State,0.09149727580912412,-19.018773504974234,margin_predictor_market,market_combined,val
401525537,2023,9,Georgia Tech,North Carolina,0.22862789524819332,-10.326827711772873,margin_predictor_market,market_combined,val
401525538,2023,9,Miami,Virginia,0.9493953324735864,23.07366443833731,margin_predictor_market,market_combined,val
401525873,2023,9,Baylor,Iowa State,0.3701256321437749,-4.815739364661342,margin_predictor_market,market_combined,val
401525874,2023,9,Kansas,Oklahoma,0.35580734324023605,-5.314433161607395,margin_predictor_market,market_combined,val
401525875,2023,9,Kansas State,Houston,0.9121757842862832,18.312351260418232,margin_predictor_market,market_combined,val
401525876,2023,9,Oklahoma State,Cincinnati,0.6802557989696075,5.544774211443611,margin_predictor_market,market_combined,val
401525877,2023,9,Texas,BYU,0.9151549056610819,18.616498887248355,margin_predictor_market,market_combined,val
401525878,2023,9,UCF,West Virginia,0.6876767759774818,5.821237269215477,margin_predictor_market,market_combined,val
401531342,2023,9,SMU,Tulsa,0.9191349312262668,19.03832605695904,margin_predictor_market,market_combined,val
401531373,2023,9,Rice,Tulane,0.15791036280277848,-14.013118225774102,margin_predictor_market,market_combined,val
401531398,2023,9,UTSA,East Carolina,0.928996302892596,20.17148437137184,margin_predictor_market,market_combined,val
401531407,2023,9,Charlotte,Florida Atlantic,0.5208222447318956,0.13665121814852688,margin_predictor_market,market_combined,val
401531430,2023,9,North Texas,Memphis,0.2892596616445671,-7.773447956355065,margin_predictor_market,market_combined,val
401531898,2023,9,App State,Southern Miss,0.8893456554449594,16.247530330132047,margin_predictor_market,market_combined,val
401531899,2023,9,Coastal Carolina,Marshall,0.37748886825301,-4.562429111142655,margin_predictor_market,market_combined,val
401531900,2023,9,James Madison,Old Dominion,0.9386399241302429,21.430083337718585,margin_predictor_market,market_combined,val
401531901,2023,9,UL Monroe,Arkansas State,0.5445471736942255,0.9042549763494607,margin_predictor_market,market_combined,val
401531902,2023,9,South Alabama,Louisiana,0.8110351210886511,11.19601874618816,margin_predictor_market,market_combined,val
401531903,2023,9,Texas State,Troy,0.28767216419088704,-7.835728556865558,margin_predictor_market,market_combined,val
401531929,2023,9,Georgia Southern,Georgia State,0.3391715174607166,-5.905323190666358,margin_predictor_market,market_combined,val
401532431,2023,9,Eastern Michigan,Western Michigan,0.3678717381748754,-4.893688006934522,margin_predictor_market,market_combined,val
401532432,2023,9,Ohio,Miami (OH),0.7402337271095272,7.897996815516635,margin_predictor_market,market_combined,val
401532603,2023,9,Colorado State,Air Force,0.1055222886235384,-17.745107031181256,margin_predictor_market,market_combined,val
401532604,2023,9,Nevada,New Mexico,0.581557197813713,2.1162056645342746,margin_predictor_market,market_combined,val
401532605,2023,9,Hawai'i,San José State,0.2160422450546568,-10.91309630620537,margin_predictor_market,market_combined,val
401532606,2023,9,Fresno State,UNLV,0.7547506301959949,8.51745860072598,margin_predictor_market,market_combined,val
401532607,2023,9,Boise State,Wyoming,0.5729015490055759,1.8305862462849534,margin_predictor_market,market_combined,val
401520361,2023,10,Air Force,Army,0.9417494816257642,21.875495748346502,margin_predictor_market,market_combined,val
401520362,2023,10,Alabama,LSU,0.6613669965406631,4.855840010653849,margin_predictor_market,market_combined,val
401520363,2023,10,Florida,Arkansas,0.6903042394127057,5.91997448468655,margin_predictor_market,market_combined,val
401520364,2023,10,Georgia,Missouri,0.7768934360649254,9.512275247541169,margin_predictor_market,market_combined,val
401520365,2023,10,Indiana,Wisconsin,0.21201574026615563,-11.105843689729268,margin_predictor_market,market_combined,val
401520366,2023,10,Liberty,Louisiana Tech,0.8940827783332469,16.642631702049016,margin_predictor_market,market_combined,val
401520367,2023,10,Maryland,Penn State,0.1994784795794015,-11.72378592206452,margin_predictor_market,market_combined,val
401520368,2023,10,Michigan,Purdue,0.9867317013400134,34.16384116465168,margin_predictor_market,market_combined,val
401520369,2023,10,Michigan State,Nebraska,0.4122872139500271,-3.3891657537001425,margin_predictor_market,market_combined,val
401520370,2023,10,Minnesota,Illinois,0.7368021896810487,7.75490336571513,margin_predictor_market,market_combined,val
401520371,2023,10,Mississippi State,Kentucky,0.27434435375641003,-8.366988411157303,margin_predictor_market,market_combined,val
401520372,2023,10,New Mexico State,Middle Tennessee,0.6646222324496945,4.973158724331236,margin_predictor_market,market_combined,val
401520373,2023,10,Northwestern,Iowa,0.4258610896450344,-2.94016014385993,margin_predictor_market,market_combined,val
401520374,2023,10,Ole Miss,Texas A&M,0.6442380836535859,4.24719126554278,margin_predictor_market,market_combined,val
401520375,2023,10,Rutgers,Ohio State,0.08187282641582695,-19.998598750055514,margin_predictor_market,market_combined,val
401520376,2023,10,South Carolina,Jacksonville State,0.7748210527740047,9.41631416296837,margin_predictor_market,market_combined,val
401520377,2023,10,Tennessee,UConn,0.9902310873650885,36.65779296901709,margin_predictor_market,market_combined,val
401520378,2023,10,UTEP,Western Kentucky,0.2674524983912063,-8.64797702822419,margin_predictor_market,market_combined,val
401520379,2023,10,Vanderbilt,Auburn,0.2223924214133557,-10.614328288676667,margin_predictor_market,market_combined,val
401524045,2023,10,Arizona,UCLA,0.4346048374544904,-2.6529247593100864,margin_predictor_market,market_combined,val
401524046,2023,10,Colorado,Oregon State,0.16722373808866925,-13.462115301112904,margin_predictor_market,market_combined,val
401524047,2023,10,Oregon,California,0.9718011054882835,27.97026624568622,margin_predictor_market,market_combined,val
401524048,2023,10,USC,Washington,0.45897325220582796,-1.8588633624172655,margin_predictor_market,market_combined,val
401524049,2023,10,Utah,Arizona State,0.8184917387023959,11.593906983358643,margin_predictor_market,market_combined,val
401524050,2023,10,Washington State,Stanford,0.848081845691826,13.312892756661984,margin_predictor_market,market_combined,val
401525441,2023,10,Clemson,Notre Dame,0.4238103082872249,-3.0077429545058756,margin_predictor_market,market_combined,val
401525539,2023,10,Duke,Wake Forest,0.6540471030446321,4.594012145259752,margin_predictor_market,market_combined,val
401525540,2023,10,Syracuse,Boston College,0.5256413248557972,0.2922102625928238,margin_predictor_market,market_combined,val
401525541,2023,10,Pittsburgh,Florida State,0.10367240513683929,-17.904161038856337,margin_predictor_market,market_combined,val
401525542,2023,10,Virginia,Georgia Tech,0.492987658419918,-0.760300432397754,margin_predictor_market,market_combined,val
401525543,2023,10,Louisville,Virginia Tech,0.7406414060687844,7.9150779699267595,margin_predictor_market,market_combined,val
401525544,2023,10,NC State,Miami,0.3034778431239239,-7.2243388286894135,margin_predictor_market,market_combined,val
401525879,2023,10,Texas Tech,TCU,0.6308672927920854,3.781216454240087,margin_predictor_market,market_combined,val
401525880,2023,10,Baylor,Houston,0.5073185872150004,-0.29867126853633685,margin_predictor_market,market_combined,val
401525881,2023,10,Cincinnati,UCF,0.42659855563908844,-2.9158778664760963,margin_predictor_market,market_combined,val
401525882,2023,10,Iowa State,Kansas,0.451404118924871,-2.1046432503353394,margin_predictor_market,market_combined,val
401525883,2023,10,Oklahoma State,Oklahoma,0.24147473892520385,-9.75136695706781,margin_predictor_market,market_combined,val
401525884,2023,10,Texas,Kansas State,0.5931942927273215,2.502862524785469,margin_predictor_market,market_combined,val
401525885,2023,10,West Virginia,BYU,0.8229843474991377,11.839804357893131,margin_predictor_market,market_combined,val
401531343,2023,10,Tulsa,Charlotte,0.492397248479005,-0.7793215316898117,margin_predictor_market,market_combined,val
401531374,2023,10,East Carolina,Tulane,0.09628190238333661,-18.565809278048057,margin_predictor_market,market_combined,val
401531383,2023,10,UAB,Florida Atlantic,0.3910881628374876,-4.099573481261456,margin_predictor_market,market_combined,val
401531392,2023,10,Temple,Navy,0.25778934348376636,-9.049828638036784,margin_predictor_market,market_combined,val
401531399,2023,10,North Texas,UTSA,0.19528952797055749,-11.936711576254996,margin_predictor_market,market_combined,val
401531425,2023,10,Memphis,South Florida,0.8238872652428836,11.889813076354118,margin_predictor_market,market_combined,val
401531440,2023,10,Rice,SMU,0.15317002967174811,-14.303751235670147,margin_predictor_market,market_combined,val
401531904,2023,10,Troy,South Alabama,0.7117530932226837,6.7443188787758945,margin_predictor_market,market_combined,val
401531905,2023,10,App State,Marshall,0.49229761413011297,-0.7825314941832455,margin_predictor_market,market_combined,val
401531906,2023,10,Georgia State,James Madison,0.35804138029306015,-5.236057300670646,margin_predictor_market,market_combined,val
401531907,2023,10,Old Dominion,Coastal Carolina,0.5172003898397995,0.0198222859244348,margin_predictor_market,market_combined,val
401531908,2023,10,Arkansas State,Louisiana,0.30919415104647413,-7.007714588251989,margin_predictor_market,market_combined,val
401531909,2023,10,Southern Miss,UL Monroe,0.4963651750306948,-0.6514982750861904,margin_predictor_market,market_combined,val
401531910,2023,10,Texas State,Georgia Southern,0.5805437793107214,2.082682687965608,margin_predictor_market,market_combined,val
401532433,2023,10,Central Michigan,Northern Illinois,0.3670807620588369,-4.92109027545626,margin_predictor_market,market_combined,val
401532434,2023,10,Toledo,Buffalo,0.8482557446320449,13.323766592722448,margin_predictor_market,market_combined,val
401532435,2023,10,Bowling Green,Ball State,0.6015764966489426,2.7835063367685073,margin_predictor_market,market_combined,val
401532436,2023,10,Akron,Kent State,0.5450464127823702,0.920465531846201,margin_predictor_market,market_combined,val
401532608,2023,10,Fresno State,Boise State,0.5803096317465413,2.074940502635811,margin_predictor_market,market_combined,val
401532609,2023,10,Wyoming,Colorado State,0.6979384348955991,6.20952531932142,margin_predictor_market,market_combined,val
401532610,2023,10,Nevada,Hawai'i,0.6074339745868715,2.9807963641770496,margin_predictor_market,market_combined,val
401532611,2023,10,New Mexico,UNLV,0.15557385991121175,-14.155467801400183,margin_predictor_market,market_combined,val
401532612,2023,10,San Diego State,Utah State,0.4794575620722561,-1.196461089797653,margin_predictor_market,market_combined,val
401520380,2023,11,Arkansas,Auburn,0.610452555984803,3.0828708227281356,margin_predictor_market,market_combined,val
401520382,2023,11,Georgia,Ole Miss,0.7127904876892812,6.785079916366269,margin_predictor_market,market_combined,val
401520383,2023,11,Illinois,Indiana,0.5650632647672269,1.5732114135333832,margin_predictor_market,market_combined,val
401520384,2023,11,Iowa,Rutgers,0.5685008561219599,1.6859474397732677,margin_predictor_market,market_combined,val
401520385,2023,11,James Madison,UConn,0.9721995758238194,28.08816605145308,margin_predictor_market,market_combined,val
401520386,2023,11,Kentucky,Alabama,0.29189911970774396,-7.670343472058313,margin_predictor_market,market_combined,val
401520387,2023,11,Louisiana Tech,Sam Houston,0.7425065344668152,7.993447743657826,margin_predictor_market,market_combined,val
401520388,2023,11,Liberty,Old Dominion,0.8716506855484834,14.89116049788355,margin_predictor_market,market_combined,val
401520389,2023,11,LSU,Florida,0.7842661008067646,9.858926095490347,margin_predictor_market,market_combined,val
401520390,2023,11,Middle Tennessee,Florida International,0.765738051698438,9.002928678823316,margin_predictor_market,market_combined,val
401520391,2023,11,Missouri,Tennessee,0.4185302852810065,-3.1821487713255223,margin_predictor_market,market_combined,val
401520392,2023,11,Nebraska,Maryland,0.4767528735523596,-1.2837463724314597,margin_predictor_market,market_combined,val
401520393,2023,11,Ohio State,Michigan State,0.9758724926510024,29.259555144542375,margin_predictor_market,market_combined,val
401520394,2023,11,Penn State,Michigan,0.3360962125477044,-6.016055778073332,margin_predictor_market,market_combined,val
401520395,2023,11,Purdue,Minnesota,0.39847094107228825,-3.850750493096461,margin_predictor_market,market_combined,val
401520396,2023,11,South Carolina,Vanderbilt,0.8133753740342682,11.319570044143486,margin_predictor_market,market_combined,val
401520397,2023,11,Texas A&M,Mississippi State,0.8798408031896685,15.497433360240587,margin_predictor_market,market_combined,val
401520398,2023,11,Wisconsin,Northwestern,0.8057816585765013,10.92287594164932,margin_predictor_market,market_combined,val
401520399,2023,11,Western Kentucky,New Mexico State,0.5983108890321208,2.673943467720969,margin_predictor_market,market_combined,val
401524051,2023,11,California,Washington State,0.5443132319642292,0.8966597677652874,margin_predictor_market,market_combined,val
401524052,2023,11,Colorado,Arizona,0.30978697792875864,-6.985376803986631,margin_predictor_market,market_combined,val
401524053,2023,11,Oregon,USC,0.9162475957835367,18.730486270846413,margin_predictor_market,market_combined,val
401524054,2023,11,Oregon State,Stanford,0.9306368959997069,20.37393387270277,margin_predictor_market,market_combined,val
401524055,2023,11,UCLA,Arizona State,0.8680386600484878,14.634238900449324,margin_predictor_market,market_combined,val
401524056,2023,11,Washington,Utah,0.7021878679152647,6.37249190438507,margin_predictor_market,market_combined,val
401525546,2023,11,Louisville,Virginia,0.95084807450866,23.320527415654112,margin_predictor_market,market_combined,val
401525547,2023,11,Boston College,Virginia Tech,0.4567960335764522,-1.929492531736023,margin_predictor_market,market_combined,val
401525548,2023,11,Clemson,Georgia Tech,0.8906030035400632,16.350929576309134,margin_predictor_market,market_combined,val
401525549,2023,11,North Carolina,Duke,0.7886404298625262,10.068668822876564,margin_predictor_market,market_combined,val
401525550,2023,11,Florida State,Miami,0.7425467096017871,7.995139906363079,margin_predictor_market,market_combined,val
401525551,2023,11,Wake Forest,NC State,0.39226780625217617,-4.059706124814344,margin_predictor_market,market_combined,val
401525552,2023,11,Syracuse,Pittsburgh,0.48975722884756223,-0.8643835377729654,margin_predictor_market,market_combined,val
401525886,2023,11,BYU,Iowa State,0.3052938102387324,-7.155275861024261,margin_predictor_market,market_combined,val
401525887,2023,11,Houston,Cincinnati,0.6146572852830565,3.225535107730708,margin_predictor_market,market_combined,val
401525888,2023,11,Kansas,Texas Tech,0.7195817556122007,7.0541319223616075,margin_predictor_market,market_combined,val
401525889,2023,11,Kansas State,Baylor,0.9249896205791736,19.694642915632286,margin_predictor_market,market_combined,val
401525890,2023,11,Oklahoma,West Virginia,0.8331971651903555,12.417639976603002,margin_predictor_market,market_combined,val
401525891,2023,11,TCU,Texas,0.14443685694245442,-14.859099043967225,margin_predictor_market,market_combined,val
401525892,2023,11,UCF,Oklahoma State,0.4322200855961728,-2.7311244105284,margin_predictor_market,market_combined,val
401531344,2023,11,Tulane,Tulsa,0.9628076726468906,25.666316017349736,margin_predictor_market,market_combined,val
401531384,2023,11,Navy,UAB,0.4790635432555815,-1.209174262799558,margin_predictor_market,market_combined,val
401531393,2023,11,South Florida,Temple,0.747366647754379,8.199424512724615,margin_predictor_market,market_combined,val
401531400,2023,11,UTSA,Rice,0.9013378306796855,17.27908327161549,margin_predictor_market,market_combined,val
401531408,2023,11,Charlotte,Memphis,0.3295781818127087,-6.25242573022147,margin_predictor_market,market_combined,val
401531416,2023,11,Florida Atlantic,East Carolina,0.7060082764783263,6.520151799997995,margin_predictor_market,market_combined,val
401531437,2023,11,SMU,North Texas,0.9326740678676078,20.631582449205382,margin_predictor_market,market_combined,val
401531911,2023,11,Louisiana,Southern Miss,0.8329767445236738,12.404875562528938,margin_predictor_market,market_combined,val
401531912,2023,11,Coastal Carolina,Texas State,0.4312309443116562,-2.7635898842782005,margin_predictor_market,market_combined,val
401531913,2023,11,Georgia State,App State,0.7442893954851239,8.068708141772984,margin_predictor_market,market_combined,val
401531914,2023,11,Marshall,Georgia Southern,0.513009927852322,-0.11527609056598864,margin_predictor_market,market_combined,val
401531915,2023,11,UL Monroe,Troy,0.06107973559431715,-22.53820005526414,margin_predictor_market,market_combined,val
401531916,2023,11,South Alabama,Arkansas State,0.8340713028508854,12.468393979472197,margin_predictor_market,market_combined,val
401532437,2023,11,Northern Illinois,Ball State,0.6887254167944216,5.860589219057834,margin_predictor_market,market_combined,val
401532438,2023,11,Western Michigan,Central Michigan,0.6454753955880592,4.2906965333011495,margin_predictor_market,market_combined,val
401532439,2023,11,Buffalo,Ohio,0.24171212758905383,-9.740934131961554,margin_predictor_market,market_combined,val
401532440,2023,11,Toledo,Eastern Michigan,0.9411620658678869,21.789674631118174,margin_predictor_market,market_combined,val
401532441,2023,11,Miami (OH),Akron,0.9123373325334271,18.328602999339928,margin_predictor_market,market_combined,val
401532442,2023,11,Kent State,Bowling Green,0.24810330819165913,-9.462625313026068,margin_predictor_market,market_combined,val
401532613,2023,11,Hawai'i,Air Force,0.04754667025426461,-24.670324609939613,margin_predictor_market,market_combined,val
401532614,2023,11,San José State,Fresno State,0.5838862529719763,2.1933355740947116,margin_predictor_market,market_combined,val
401532615,2023,11,Utah State,Nevada,0.8431461254776664,13.008432206394398,margin_predictor_market,market_combined,val
401532616,2023,11,Boise State,New Mexico,0.9636884067494659,25.866659549726386,margin_predictor_market,market_combined,val
401532617,2023,11,Colorado State,San Diego State,0.6897495048635173,5.899089970064227,margin_predictor_market,market_combined,val
401532618,2023,11,UNLV,Wyoming,0.5393472365047138,0.7355768503805962,margin_predictor_market,market_combined,val
401520402,2023,12,Arkansas,Florida International,0.9719349554698797,28.009688441566993,margin_predictor_market,market_combined,val
401520403,2023,12,Army,Coastal Carolina,0.43102690417661255,-2.7702890964062146,margin_predictor_market,market_combined,val
401520404,2023,12,Auburn,New Mexico State,0.9427696677481585,22.026492865643036,margin_predictor_market,market_combined,val
401520405,2023,12,Indiana,Michigan State,0.6408434871118082,4.128178770516254,margin_predictor_market,market_combined,val
401520406,2023,12,Iowa,Illinois,0.6521053074522132,4.52499840776369,margin_predictor_market,market_combined,val
401520407,2023,12,Jacksonville State,Louisiana Tech,0.8458417172504336,13.173722975138453,margin_predictor_market,market_combined,val
401520408,2023,12,Liberty,Massachusetts,0.9750448210698178,28.981122506447328,margin_predictor_market,market_combined,val
401520409,2023,12,LSU,Georgia State,0.962668646714514,25.635108950674038,margin_predictor_market,market_combined,val
401520410,2023,12,Maryland,Michigan,0.05701980668168,-23.126804850427092,margin_predictor_market,market_combined,val
401520411,2023,12,Middle Tennessee,UTEP,0.7254585445673485,7.2901798590549385,margin_predictor_market,market_combined,val
401520412,2023,12,Mississippi State,Southern Miss,0.9341745379101187,20.826019400530754,margin_predictor_market,market_combined,val
401520413,2023,12,Missouri,Florida,0.7918147663391433,10.222870188962144,margin_predictor_market,market_combined,val
401520414,2023,12,Northwestern,Purdue,0.5862024037308726,2.270161247357646,margin_predictor_market,market_combined,val
401520415,2023,12,Ohio State,Minnesota,0.9483664065814411,22.902847081753073,margin_predictor_market,market_combined,val
401520416,2023,12,Ole Miss,UL Monroe,0.9901116289767724,36.55894967499079,margin_predictor_market,market_combined,val
401520417,2023,12,Penn State,Rutgers,0.9571515259054236,24.47890268858209,margin_predictor_market,market_combined,val
401520418,2023,12,South Carolina,Kentucky,0.38412515027624566,-4.3357918089216865,margin_predictor_market,market_combined,val
401520419,2023,12,Tennessee,Georgia,0.35760792743671366,-5.251246929260665,margin_predictor_market,market_combined,val
401520422,2023,12,Wisconsin,Nebraska,0.7355513813284723,7.703044214166658,margin_predictor_market,market_combined,val
401520423,2023,12,Western Kentucky,Sam Houston,0.7738388249201338,9.371051309871575,margin_predictor_market,market_combined,val
401524057,2023,12,Washington State,Colorado,0.6397342446824107,4.089397142523083,margin_predictor_market,market_combined,val
401524058,2023,12,Arizona,Utah,0.5397185757252284,0.747612885288433,margin_predictor_market,market_combined,val
401524059,2023,12,Arizona State,Oregon,0.03856564884039166,-26.431681577477455,margin_predictor_market,market_combined,val
401524060,2023,12,Oregon State,Washington,0.61927222933327,3.3827886726481236,margin_predictor_market,market_combined,val
401524061,2023,12,Stanford,California,0.32468219553345545,-6.431537341041711,margin_predictor_market,market_combined,val
401524062,2023,12,USC,UCLA,0.6138722674479871,3.198856456986518,margin_predictor_market,market_combined,val
401525442,2023,12,Notre Dame,Wake Forest,0.9491029043256315,23.024785062096385,margin_predictor_market,market_combined,val
401525553,2023,12,Pittsburgh,Boston College,0.5373315149198362,0.6702666065847556,margin_predictor_market,market_combined,val
401525554,2023,12,Clemson,North Carolina,0.7638158757238952,8.916886870115125,margin_predictor_market,market_combined,val
401525555,2023,12,Virginia,Duke,0.38809968449267185,-4.200766339292892,margin_predictor_market,market_combined,val
401525557,2023,12,Georgia Tech,Syracuse,0.540629481820932,0.7771437163934647,margin_predictor_market,market_combined,val
401525558,2023,12,Miami,Louisville,0.5929370111808384,2.4942781106322887,margin_predictor_market,market_combined,val
401525559,2023,12,Virginia Tech,NC State,0.6093096284308449,3.04418909115755,margin_predictor_market,market_combined,val
401525893,2023,12,BYU,Oklahoma,0.0490652079202862,-24.404318961133477,margin_predictor_market,market_combined,val
401525894,2023,12,Houston,Oklahoma State,0.36338386776063536,-5.049496170972901,margin_predictor_market,market_combined,val
401525895,2023,12,Iowa State,Texas,0.23927477741921938,-9.848386303250239,margin_predictor_market,market_combined,val
401525896,2023,12,Kansas,Kansas State,0.3946822631654888,-3.978238738764663,margin_predictor_market,market_combined,val
401525897,2023,12,TCU,Baylor,0.7936068034109048,10.310688854238375,margin_predictor_market,market_combined,val
401525898,2023,12,Texas Tech,UCF,0.6184443446002856,3.354525465229024,margin_predictor_market,market_combined,val
401525899,2023,12,West Virginia,Cincinnati,0.6703059961858697,5.1793672610501655,margin_predictor_market,market_combined,val
401531345,2023,12,Tulsa,North Texas,0.48855287900786054,-0.9031937803684951,margin_predictor_market,market_combined,val
401531375,2023,12,Florida Atlantic,Tulane,0.21307341369910407,-11.054956854433819,margin_predictor_market,market_combined,val
401531385,2023,12,UAB,Temple,0.6949763241908096,6.0966968243430975,margin_predictor_market,market_combined,val
401531401,2023,12,UTSA,South Florida,0.9028088160814602,17.413175008764483,margin_predictor_market,market_combined,val
401531409,2023,12,Charlotte,Rice,0.6476343360503556,4.366771789541202,margin_predictor_market,market_combined,val
401531417,2023,12,Navy,East Carolina,0.5758110256200497,1.9264198388486757,margin_predictor_market,market_combined,val
401531431,2023,12,Memphis,SMU,0.22927862218258452,-10.297145202437306,margin_predictor_market,market_combined,val
401531917,2023,12,Georgia Southern,Old Dominion,0.6217659029751246,3.4680642855375265,margin_predictor_market,market_combined,val
401531918,2023,12,James Madison,App State,0.8917662512002432,16.447522892012856,margin_predictor_market,market_combined,val
401531919,2023,12,Arkansas State,Texas State,0.453606639530954,-2.0330542586020073,margin_predictor_market,market_combined,val
401531920,2023,12,South Alabama,Marshall,0.7577869361471259,8.650103857178259,margin_predictor_market,market_combined,val
401531921,2023,12,Troy,Louisiana,0.8872681546431344,16.078916918516267,margin_predictor_market,market_combined,val
401532443,2023,12,Bowling Green,Toledo,0.19612659804648988,-11.893889368181194,margin_predictor_market,market_combined,val
401532444,2023,12,Northern Illinois,Western Michigan,0.5798051526866836,2.0582637528329064,margin_predictor_market,market_combined,val
401532445,2023,12,Eastern Michigan,Akron,0.5862510055239508,2.2717746894025805,margin_predictor_market,market_combined,val
401532446,2023,12,Ohio,Central Michigan,0.8319976030685088,12.34833631906476,margin_predictor_market,market_combined,val
401532447,2023,12,Miami (OH),Buffalo,0.7472548703959314,8.194658063227493,margin_predictor_market,market_combined,val
401532448,2023,12,Ball State,Kent State,0.8172501035553971,11.526785667179967,margin_predictor_market,market_combined,val
401532619,2023,12,Utah State,Boise State,0.3062978804926314,-7.1171890387039305,margin_predictor_market,market_combined,val
401532620,2023,12,Wyoming,Hawai'i,0.8514947780701182,13.528199832430737,margin_predictor_market,market_combined,val
401532621,2023,12,Colorado State,Nevada,0.8408011493492377,12.866511332421766,margin_predictor_market,market_combined,val
401532622,2023,12,Fresno State,New Mexico,0.9387781890241094,21.44943480576972,margin_predictor_market,market_combined,val
401532623,2023,12,San José State,San Diego State,0.9015868920530686,17.301661297792954,margin_predictor_market,market_combined,val
401532624,2023,12,Air Force,UNLV,0.7102470174729473,6.68529750670678,margin_predictor_market,market_combined,val
401520424,2023,13,Mississippi State,Ole Miss,0.20194460035057468,-11.599999780673272,margin_predictor_market,market_combined,val
401520425,2023,13,Nebraska,Iowa,0.5649531930114223,1.5696050523853202,margin_predictor_market,market_combined,val
401520426,2023,13,Arkansas,Missouri,0.23534551968287815,-10.023203103772335,margin_predictor_market,market_combined,val
401520427,2023,13,Auburn,Alabama,0.12368428452752256,-16.301109201206565,margin_predictor_market,market_combined,val
401520428,2023,13,Florida International,Western Kentucky,0.24084343560195312,-9.77914572850832,margin_predictor_market,market_combined,val
401520429,2023,13,Florida,Florida State,0.4619883389544279,-1.7611369687191694,margin_predictor_market,market_combined,val
401520430,2023,13,Georgia Tech,Georgia,0.04516611693604444,-25.104037528721875,margin_predictor_market,market_combined,val
401520431,2023,13,Illinois,Northwestern,0.5402347191380695,0.7643447639343828,margin_predictor_market,market_combined,val
401520432,2023,13,Louisville,Kentucky,0.6345129228178535,3.907538966599387,margin_predictor_market,market_combined,val
401520433,2023,13,LSU,Texas A&M,0.7370351776858811,7.764580642090466,margin_predictor_market,market_combined,val
401520434,2023,13,Michigan,Ohio State,0.7548037418834078,8.519769279625578,margin_predictor_market,market_combined,val
401520435,2023,13,Michigan State,Penn State,0.04214260141060137,-25.687435575498128,margin_predictor_market,market_combined,val
401520436,2023,13,Minnesota,Wisconsin,0.4447331044859479,-2.3218624437942044,margin_predictor_market,market_combined,val
401520437,2023,13,New Mexico State,Jacksonville State,0.36903704131025417,-4.853362497078744,margin_predictor_market,market_combined,val
401520438,2023,13,Purdue,Indiana,0.6522990005923417,4.531874382392608,margin_predictor_market,market_combined,val
401520439,2023,13,Rutgers,Maryland,0.384961697440965,-4.3073290567480305,margin_predictor_market,market_combined,val
401520440,2023,13,Sam Houston,Middle Tennessee,0.3804025546334321,-4.46273557356292,margin_predictor_market,market_combined,val
401520441,2023,13,South Carolina,Clemson,0.27964460945911157,-8.153868833570469,margin_predictor_market,market_combined,val
401520442,2023,13,Tennessee,Vanderbilt,0.9645803092319397,26.074366925413138,margin_predictor_market,market_combined,val
401520443,2023,13,Massachusetts,UConn,0.45432698620438416,-2.0096536246636356,margin_predictor_market,market_combined,val
401520444,2023,13,UTEP,Liberty,0.07100294578005448,-21.240413954761266,margin_predictor_market,market_combined,val
401524063,2023,13,Oregon,Oregon State,0.8709207025718095,14.838745511007073,margin_predictor_market,market_combined,val
401524064,2023,13,Arizona State,Arizona,0.18549019256965857,-12.448728902915791,margin_predictor_market,market_combined,val
401524065,2023,13,Stanford,Notre Dame,0.049473632282079134,-24.334107465550645,margin_predictor_market,market_combined,val
401524066,2023,13,UCLA,California,0.7693092491088287,9.164096815493444,margin_predictor_market,market_combined,val
401524067,2023,13,Utah,Colorado,0.9210639815979779,19.249630008130815,margin_predictor_market,market_combined,val
401524068,2023,13,Washington,Washington State,0.8341481051827632,12.472863484096598,margin_predictor_market,market_combined,val
401525560,2023,13,Boston College,Miami,0.18674662112679882,-12.381937934831189,margin_predictor_market,market_combined,val
401525561,2023,13,Duke,Pittsburgh,0.6137454180168134,3.1945474004236982,margin_predictor_market,market_combined,val
401525562,2023,13,NC State,North Carolina,0.5549708840543994,1.2433727943583048,margin_predictor_market,market_combined,val
401525563,2023,13,Syracuse,Wake Forest,0.6312324485911147,3.7938456592690946,margin_predictor_market,market_combined,val
401525564,2023,13,Virginia,Virginia Tech,0.2961590968166261,-7.505084507021563,margin_predictor_market,market_combined,val
401525900,2023,13,Oklahoma,TCU,0.8462085460750054,13.196398620563532,margin_predictor_market,market_combined,val
401525901,2023,13,Texas,Texas Tech,0.8921605556659747,16.48047197484795,margin_predictor_market,market_combined,val
401525902,2023,13,Baylor,West Virginia,0.21220754563180871,-11.096601801344061,margin_predictor_market,market_combined,val
401525903,2023,13,Cincinnati,Kansas,0.23233773018251805,-10.158391967366036,margin_predictor_market,market_combined,val
401525904,2023,13,Kansas State,Iowa State,0.7699778119078774,9.194462393014767,margin_predictor_market,market_combined,val
401525905,2023,13,Oklahoma State,BYU,0.8644188476352533,14.38267815549849,margin_predictor_market,market_combined,val
401525906,2023,13,UCF,Houston,0.8014907047169725,10.703910226377326,margin_predictor_market,market_combined,val
401531346,2023,13,East Carolina,Tulsa,0.6689619598944205,5.130444864588128,margin_predictor_market,market_combined,val
401531376,2023,13,Tulane,UTSA,0.5662293663589484,1.6114302326440075,margin_predictor_market,market_combined,val
401531386,2023,13,North Texas,UAB,0.5611882914198245,1.4463766283433948,margin_predictor_market,market_combined,val
401531394,2023,13,Temple,Memphis,0.17496165539477757,-13.022697450269602,margin_predictor_market,market_combined,val
401531410,2023,13,South Florida,Charlotte,0.5648405560933677,1.5659148641495013,margin_predictor_market,market_combined,val
401531421,2023,13,Rice,Florida Atlantic,0.5433859148274232,0.8665594783525816,margin_predictor_market,market_combined,val
401531435,2023,13,SMU,Navy,0.912666403661153,18.361791439242474,margin_predictor_market,market_combined,val
401531922,2023,13,App State,Georgia Southern,0.7235402640313362,7.212790362698136,margin_predictor_market,market_combined,val
401531923,2023,13,Coastal Carolina,James Madison,0.248067870623192,-9.464155072331017,margin_predictor_market,market_combined,val
401531924,2023,13,Marshall,Arkansas State,0.5519251716292419,1.1441364872933175,margin_predictor_market,market_combined,val
401531925,2023,13,Old Dominion,Georgia State,0.4719356875476658,-1.4393181776147186,margin_predictor_market,market_combined,val
401531926,2023,13,Louisiana,UL Monroe,0.8273209769529983,12.08185523822429,margin_predictor_market,market_combined,val
401531927,2023,13,Southern Miss,Troy,0.0620929778284335,-22.39702018214308,margin_predictor_market,market_combined,val
401531928,2023,13,Texas State,South Alabama,0.28455621728046837,-7.95857265534813,margin_predictor_market,market_combined,val
401532449,2023,13,Buffalo,Eastern Michigan,0.7265627674381888,7.334880078384577,margin_predictor_market,market_combined,val
401532450,2023,13,Western Michigan,Bowling Green,0.4911257454397777,-0.8202876378020889,margin_predictor_market,market_combined,val
401532451,2023,13,Central Michigan,Toledo,0.1918794105998506,-12.112616601917225,margin_predictor_market,market_combined,val
401532452,2023,13,Akron,Ohio,0.10193811925396204,-18.055571894924547,margin_predictor_market,market_combined,val
401532453,2023,13,Kent State,Northern Illinois,0.09048077844346517,-19.117738442368818,margin_predictor_market,market_combined,val
401532454,2023,13,Ball State,Miami (OH),0.32626638537069236,-6.37343123078738,margin_predictor_market,market_combined,val
401532625,2023,13,Boise State,Air Force,0.5464112298883284,0.9647969676853876,margin_predictor_market,market_combined,val
401532626,2023,13,Hawai'i,Colorado State,0.28134998006999345,-8.085825149470471,margin_predictor_market,market_combined,val
401532627,2023,13,San Diego State,Fresno State,0.344747107050103,-5.705796973026569,margin_predictor_market,market_combined,val
401532628,2023,13,UNLV,San José State,0.4541399402600398,-2.015729255897295,margin_predictor_market,market_combined,val
401532629,2023,13,New Mexico,Utah State,0.39128574966420493,-4.092892829814297,margin_predictor_market,market_combined,val
401532630,2023,13,Nevada,Wyoming,0.16319142542462087,-13.697562215057266,margin_predictor_market,market_combined,val
401539475,2023,14,Washington,Oregon,0.1781717937168894,-12.844899989417046,margin_predictor_market,market_combined,val
401539476,2023,14,Liberty,New Mexico State,0.8255822406466156,11.984237696848504,margin_predictor_market,market_combined,val
401539477,2023,14,Tulane,SMU,0.6249875790264742,3.578562506621797,margin_predictor_market,market_combined,val
401539478,2023,14,Florida State,Louisville,0.4919756052878867,-0.7929059270750569,margin_predictor_market,market_combined,val
401539479,2023,14,Texas,Oklahoma State,0.8950932188763311,16.72891559883302,margin_predictor_market,market_combined,val
401539480,2023,14,Iowa,Michigan,0.04295006292992875,-25.52781695347072,margin_predictor_market,market_combined,val
401539481,2023,14,Toledo,Miami (OH),0.7145826572022309,6.8557051755322735,margin_predictor_market,market_combined,val
401539482,2023,14,UNLV,Boise State,0.4173551657131547,-3.2210469196789697,margin_predictor_market,market_combined,val
401539483,2023,14,Alabama,Georgia,0.414161799369807,-3.326910368970484,margin_predictor_market,market_combined,val
401539484,2023,14,Troy,App State,0.7738668808901826,9.37234224649642,margin_predictor_market,market_combined,val
401520445,2023,15,Army,Navy,0.5634680052955374,1.5209651241869275,margin_predictor_market,market_combined,val
401628363,2024,4,Auburn,Arkansas,0.6159673955280326,3.27010416194854,margin_predictor_market,market_combined,test
401628364,2024,4,Kentucky,Ohio,0.9468737308813315,22.660675442820676,margin_predictor_market,market_combined,test
401628365,2024,4,LSU,UCLA,0.9366043323660478,21.149799813598307,margin_predictor_market,market_combined,test
401628366,2024,4,Ole Miss,Georgia Southern,0.9863091421900041,33.90794171595568,margin_predictor_market,market_combined,test
401628367,2024,4,Mississippi State,Florida,0.26350289692217516,-8.811077621967259,margin_predictor_market,market_combined,test
401628368,2024,4,Missouri,Vanderbilt,0.8756731065016735,15.184635459843458,margin_predictor_market,market_combined,test
401628369,2024,4,Oklahoma,Tennessee,0.3220842063347594,-6.527148370945561,margin_predictor_market,market_combined,test
401628370,2024,4,South Carolina,Akron,0.9525590426416607,23.620303835236147,margin_predictor_market,market_combined,test
401628371,2024,4,Texas,UL Monroe,0.9937660954317011,40.30367627096825,margin_predictor_market,market_combined,test
401628372,2024,4,Texas A&M,Bowling Green,0.9443364494907714,22.263388584314388,margin_predictor_market,market_combined,test
401628485,2024,4,Nebraska,Illinois,0.7557730750304497,8.56200066032068,margin_predictor_market,market_combined,test
401628486,2024,4,Indiana,Charlotte,0.9708071919960303,27.68309196511942,margin_predictor_market,market_combined,test
401628487,2024,4,Minnesota,Iowa,0.42512130516384355,-2.964529674903656,margin_predictor_market,market_combined,test
401628489,2024,4,Michigan,USC,0.4636402400915272,-1.7076334455338773,margin_predictor_market,market_combined,test
401628490,2024,4,Boston College,Michigan State,0.6420232542463856,4.169483930030363,margin_predictor_market,market_combined,test
401628491,2024,4,Washington,Northwestern,0.7786083305195686,9.592164376919312,margin_predictor_market,market_combined,test
401628492,2024,4,Ohio State,Marshall,0.989711615015996,36.23636565586581,margin_predictor_market,market_combined,test
401628493,2024,4,Penn State,Kent State,0.9988340243423179,53.844158180356516,margin_predictor_market,market_combined,test
401628494,2024,4,Virginia Tech,Rutgers,0.6041758070904175,2.8709310898491753,margin_predictor_market,market_combined,test
401628979,2024,4,Notre Dame,Miami (OH),0.9686599397717505,27.09373929302729,margin_predictor_market,market_combined,test
401629031,2024,4,UConn,Florida Atlantic,0.608228320666586,3.00763021224187,margin_predictor_market,market_combined,test
401634766,2024,4,Syracuse,Stanford,0.7388381190679576,7.839654146865234,margin_predictor_market,market_combined,test
401635551,2024,4,Florida State,California,0.5632500668037381,1.5138307917729985,margin_predictor_market,market_combined,test
401635552,2024,4,Clemson,NC State,0.894405407525821,16.67010257006399,margin_predictor_market,market_combined,test
401635553,2024,4,Middle Tennessee,Duke,0.13576575670194563,-15.438839547852899,margin_predictor_market,market_combined,test
401635554,2024,4,Louisville,Georgia Tech,0.6804840704772673,5.553226768625347,margin_predictor_market,market_combined,test
401635555,2024,4,South Florida,Miami,0.12407445866541232,-16.272160770260747,margin_predictor_market,market_combined,test
401635556,2024,4,North Carolina,James Madison,0.7906083252404971,10.164062090617074,margin_predictor_market,market_combined,test
401635557,2024,4,SMU,TCU,0.46835838212302733,-1.554955484949566,margin_predictor_market,market_combined,test
401635558,2024,4,Coastal Carolina,Virginia,0.4358377129330171,-2.612536034436015,margin_predictor_market,market_combined,test
401636872,2024,4,BYU,Kansas State,0.274382927897296,-8.365428212844687,margin_predictor_market,market_combined,test
401636873,2024,4,Cincinnati,Houston,0.552545066931209,1.1643235665335452,margin_predictor_market,market_combined,test
401636874,2024,4,Colorado,Baylor,0.5346921671282345,0.5848100263697069,margin_predictor_market,market_combined,test
401636875,2024,4,Iowa State,Arkansas State,0.9364075211597768,21.123147460144597,margin_predictor_market,market_combined,test
401636876,2024,4,Oklahoma State,Utah,0.4417010213624199,-2.4208018425306324,margin_predictor_market,market_combined,test
401636877,2024,4,Texas Tech,Arizona State,0.6224998734971571,3.493205462299185,margin_predictor_market,market_combined,test
401636879,2024,4,West Virginia,Kansas,0.5418328715887494,0.8161701587674259,margin_predictor_market,market_combined,test
401640991,2024,4,Liberty,East Carolina,0.7621150229053999,8.84115462942377,margin_predictor_market,market_combined,test
401641000,2024,4,Jacksonville State,Southern Miss,0.7482857456479438,8.238670082157762,margin_predictor_market,market_combined,test
401641008,2024,4,Louisiana Tech,Tulsa,0.5286576346686901,0.389652840301415,margin_predictor_market,market_combined,test
401641028,2024,4,Colorado State,UTEP,0.7777586190259252,9.552525152564773,margin_predictor_market,market_combined,test
401641034,2024,4,Sam Houston,New Mexico State,0.8428506173613424,12.990453114039694,margin_predictor_market,market_combined,test
401641037,2024,4,Western Kentucky,Toledo,0.4069248191073936,-3.56772591003752,margin_predictor_market,market_combined,test
401643711,2024,4,New Mexico,Fresno State,0.18150177506193885,-12.663096420803951,margin_predictor_market,market_combined,test
401643714,2024,4,Washington State,San José State,0.840738714294194,12.862755939487949,margin_predictor_market,market_combined,test
401643715,2024,4,Temple,Utah State,0.3234320229200361,-6.477496064873648,margin_predictor_market,market_combined,test
401643716,2024,4,North Texas,Wyoming,0.6454324121639502,4.2891840443748475,margin_predictor_market,market_combined,test
401643717,2024,4,Oregon State,Purdue,0.5771410591321045,1.9702863161263178,margin_predictor_market,market_combined,test
401643790,2024,4,App State,South Alabama,0.6639711632943562,4.949649481051459,margin_predictor_market,market_combined,test
401643791,2024,4,Louisiana,Tulane,0.4869455003128682,-0.9549984020081905,margin_predictor_market,market_combined,test
401644735,2024,4,Central Michigan,Ball State,0.6603312654946022,4.818628172435607,margin_predictor_market,market_combined,test
401644736,2024,4,Northern Illinois,Buffalo,0.7833912268788485,9.81734883843439,margin_predictor_market,market_combined,test
401645328,2024,4,Army,Rice,0.681578919544661,5.593812063649887,margin_predictor_market,market_combined,test
401645329,2024,4,Navy,Memphis,0.20112025472531792,-11.641250995553124,margin_predictor_market,market_combined,test
401628373,2024,5,Texas A&M,Arkansas,0.7632598892093646,8.892089742015623,margin_predictor_market,market_combined,test
401628374,2024,5,Alabama,Georgia,0.4220603141774266,-3.065481757055139,margin_predictor_market,market_combined,test
401628375,2024,5,Auburn,Oklahoma,0.5204864549349099,0.12581698057618373,margin_predictor_market,market_combined,test
401628376,2024,5,LSU,South Alabama,0.9518775896108421,23.49969639771992,margin_predictor_market,market_combined,test
401628377,2024,5,Ole Miss,Kentucky,0.8272095663452832,12.075577094767086,margin_predictor_market,market_combined,test
401628378,2024,5,Texas,Mississippi State,0.9919863798598298,38.266947039631376,margin_predictor_market,market_combined,test
401628495,2024,5,Penn State,Illinois,0.9108470888969544,18.179699584833923,margin_predictor_market,market_combined,test
401628496,2024,5,Indiana,Maryland,0.8274395680262806,12.088541533618573,margin_predictor_market,market_combined,test
401628497,2024,5,Michigan,Minnesota,0.806697815900857,10.970100829920991,margin_predictor_market,market_combined,test
401628498,2024,5,Michigan State,Ohio State,0.05288756206095515,-23.76780598457719,margin_predictor_market,market_combined,test
401628499,2024,5,Purdue,Nebraska,0.2262306180306325,-10.436694388570364,margin_predictor_market,market_combined,test
401628500,2024,5,UCLA,Oregon,0.049788977003010854,-24.280272024702924,margin_predictor_market,market_combined,test
401628501,2024,5,Rutgers,Washington,0.5853814302226988,2.242915643023152,margin_predictor_market,market_combined,test
401628502,2024,5,USC,Wisconsin,0.789963645023931,10.132739186758515,margin_predictor_market,market_combined,test
401628980,2024,5,Notre Dame,Louisville,0.7121394405264211,6.759488905434462,margin_predictor_market,market_combined,test
401629032,2024,5,UConn,Buffalo,0.6347757476288817,3.9166664122495245,margin_predictor_market,market_combined,test
401629043,2024,5,Miami (OH),Massachusetts,0.8741508254206716,15.072627583290233,margin_predictor_market,market_combined,test
401634767,2024,5,Miami,Virginia Tech,0.9011514259199244,17.262218408101912,margin_predictor_market,market_combined,test
401635560,2024,5,Boston College,Western Kentucky,0.7644943387466121,8.947201170964659,margin_predictor_market,market_combined,test
401635561,2024,5,Clemson,Stanford,0.9392375099364284,21.514015708511145,margin_predictor_market,market_combined,test
401635562,2024,5,Duke,North Carolina,0.4892619176074847,-0.8803444813105172,margin_predictor_market,market_combined,test
401635563,2024,5,SMU,Florida State,0.6720756877372012,5.243938269724539,margin_predictor_market,market_combined,test
401635564,2024,5,NC State,Northern Illinois,0.6766516854137625,5.411738783387489,margin_predictor_market,market_combined,test
401635659,2024,5,Wake Forest,Louisiana,0.48895386823689785,-0.8902714261585647,margin_predictor_market,market_combined,test
401636880,2024,5,Baylor,BYU,0.6059444357861845,2.930529797679091,margin_predictor_market,market_combined,test
401636881,2024,5,Houston,Iowa State,0.10962235984808617,-17.401158101235747,margin_predictor_market,market_combined,test
401636882,2024,5,Kansas,TCU,0.6144829161940882,3.219607467882376,margin_predictor_market,market_combined,test
401636883,2024,5,Kansas State,Oklahoma State,0.7475776183549683,8.208424601148756,margin_predictor_market,market_combined,test
401636884,2024,5,Texas Tech,Cincinnati,0.6908081545021795,5.938963644635777,margin_predictor_market,market_combined,test
401636885,2024,5,UCF,Colorado,0.8785642616740643,15.400645501931411,margin_predictor_market,market_combined,test
401636886,2024,5,Utah,Arizona,0.6870445639154529,5.7975473416552425,margin_predictor_market,market_combined,test
401640981,2024,5,Florida International,Louisiana Tech,0.3998953914738275,-3.8029246633881297,margin_predictor_market,market_combined,test
401641025,2024,5,Memphis,Middle Tennessee,0.9656240502078415,26.323930684016272,margin_predictor_market,market_combined,test
401641035,2024,5,New Mexico State,New Mexico,0.24050795649958778,-9.793927794070271,margin_predictor_market,market_combined,test
401641041,2024,5,Sam Houston,Texas State,0.17567614725161337,-12.982903950467238,margin_predictor_market,market_combined,test
401643718,2024,5,Wyoming,Air Force,0.34486496875261313,-5.701595930299488,margin_predictor_market,market_combined,test
401643719,2024,5,Boise State,Washington State,0.676599371897144,5.409813525378791,margin_predictor_market,market_combined,test
401643720,2024,5,UNLV,Fresno State,0.618961461793081,3.3721765950641744,margin_predictor_market,market_combined,test
401643721,2024,5,Central Michigan,San Diego State,0.6185464115569093,3.3580086622397047,margin_predictor_market,market_combined,test
401643792,2024,5,Georgia State,Georgia Southern,0.620777224031786,3.4342285816268405,margin_predictor_market,market_combined,test
401643793,2024,5,James Madison,Ball State,0.9410970792524586,21.780229532753356,margin_predictor_market,market_combined,test
401643794,2024,5,Marshall,Western Michigan,0.6441437249493926,4.2438762965566506,margin_predictor_market,market_combined,test
401643795,2024,5,Bowling Green,Old Dominion,0.7944830992395665,10.353837073440232,margin_predictor_market,market_combined,test
401643796,2024,5,Troy,UL Monroe,0.6454225434761481,4.288836799362226,margin_predictor_market,market_combined,test
401644738,2024,5,Ohio,Akron,0.7891151773649782,10.091622292257046,margin_predictor_market,market_combined,test
401644739,2024,5,Kent State,Eastern Michigan,0.0964528214037725,-18.55000415966018,margin_predictor_market,market_combined,test
401645331,2024,5,Temple,Army,0.1542440587524741,-14.237264933080445,margin_predictor_market,market_combined,test
401645332,2024,5,UAB,Navy,0.3376152253869398,-5.961298837226915,margin_predictor_market,market_combined,test
401645333,2024,5,Rice,Charlotte,0.6364098012107134,3.9734770998599602,margin_predictor_market,market_combined,test
401645334,2024,5,East Carolina,UTSA,0.5352312452868281,0.6022589845345387,margin_predictor_market,market_combined,test
401645336,2024,5,North Texas,Tulsa,0.5950957522694971,2.5663595684878877,margin_predictor_market,market_combined,test
401645337,2024,5,Tulane,South Florida,0.5306673164872149,0.45461316656242845,margin_predictor_market,market_combined,test
401628379,2024,6,Arkansas,Tennessee,0.1819410660816165,-12.639307522574764,margin_predictor_market,market_combined,test
401628380,2024,6,Florida,UCF,0.4502158444410143,-2.143291511678172,margin_predictor_market,market_combined,test
401628381,2024,6,Georgia,Auburn,0.939194362648462,21.50792977126402,margin_predictor_market,market_combined,test
401628382,2024,6,South Carolina,Ole Miss,0.18778077804843385,-12.327222075010232,margin_predictor_market,market_combined,test
401628383,2024,6,Texas A&M,Missouri,0.5912581339880512,2.4383024826478246,margin_predictor_market,market_combined,test
401628384,2024,6,Vanderbilt,Alabama,0.08519385473759412,-19.64923513869236,margin_predictor_market,market_combined,test
401628503,2024,6,Northwestern,Indiana,0.12645551956091095,-16.097174129275295,margin_predictor_market,market_combined,test
401628504,2024,6,Ohio State,Iowa,0.8665436229295073,14.529641646428047,margin_predictor_market,market_combined,test
401628505,2024,6,Washington,Michigan,0.4517309589577948,-2.0940160582987963,margin_predictor_market,market_combined,test
401628506,2024,6,Oregon,Michigan State,0.9388768174901985,21.463263764823783,margin_predictor_market,market_combined,test
401628507,2024,6,Minnesota,USC,0.29866181233137584,-7.408638413165265,margin_predictor_market,market_combined,test
401628508,2024,6,Nebraska,Rutgers,0.72693630592673,7.350026807979297,margin_predictor_market,market_combined,test
401628509,2024,6,Wisconsin,Purdue,0.846751423002973,13.230038095240822,margin_predictor_market,market_combined,test
401628510,2024,6,Penn State,UCLA,0.9764947117360118,29.475075847077417,margin_predictor_market,market_combined,test
401629033,2024,6,UConn,Temple,0.9124930098066134,18.344289752794687,margin_predictor_market,market_combined,test
401629044,2024,6,Northern Illinois,Massachusetts,0.8562402159079753,13.83446730340813,margin_predictor_market,market_combined,test
401634779,2024,6,UNLV,Syracuse,0.7062418539907352,6.529215718805594,margin_predictor_market,market_combined,test
401635567,2024,6,Virginia,Boston College,0.5122445249713957,-0.1399453651411533,margin_predictor_market,market_combined,test
401635568,2024,6,California,Miami,0.27981860936985087,-8.146914712135816,margin_predictor_market,market_combined,test
401635569,2024,6,Florida State,Clemson,0.1286834403044944,-15.935975666201594,margin_predictor_market,market_combined,test
401635570,2024,6,Georgia Tech,Duke,0.81377665491849,11.340874861674095,margin_predictor_market,market_combined,test
401635571,2024,6,Louisville,SMU,0.6705464870761821,5.188131700579818,margin_predictor_market,market_combined,test
401635572,2024,6,North Carolina,Pittsburgh,0.40060892850261753,-3.7789891160939724,margin_predictor_market,market_combined,test
401635573,2024,6,Stanford,Virginia Tech,0.25517002291552754,-9.160433673717401,margin_predictor_market,market_combined,test
401635638,2024,6,NC State,Wake Forest,0.6769436097233129,5.422485259166146,margin_predictor_market,market_combined,test
401636887,2024,6,Arizona,Texas Tech,0.6970019146743658,6.173785470006649,margin_predictor_market,market_combined,test
401636888,2024,6,Arizona State,Kansas,0.5777114653296064,1.9891104233166357,margin_predictor_market,market_combined,test
401636889,2024,6,Iowa State,Baylor,0.8050638006082379,10.885990747520527,margin_predictor_market,market_combined,test
401636890,2024,6,Oklahoma State,West Virginia,0.49419723669899523,-0.7213336411113551,margin_predictor_market,market_combined,test
401636891,2024,6,TCU,Houston,0.8344865233315794,12.492577473739928,margin_predictor_market,market_combined,test
401641001,2024,6,Kennesaw State,Jacksonville State,0.11945423216325028,-16.620102957191662,margin_predictor_market,market_combined,test
401641029,2024,6,UTEP,Sam Houston,0.2591917804492729,-8.990910103818898,margin_predictor_market,market_combined,test
401643722,2024,6,Air Force,Navy,0.2635253356286278,-8.810146602763512,margin_predictor_market,market_combined,test
401643723,2024,6,Boise State,Utah State,0.9740273210348903,28.65090768708859,margin_predictor_market,market_combined,test
401643724,2024,6,Oregon State,Colorado State,0.7841681262227691,9.854263913157025,margin_predictor_market,market_combined,test
401643725,2024,6,San Diego State,Hawai'i,0.4442198995429055,-2.3385991026963713,margin_predictor_market,market_combined,test
401643726,2024,6,San José State,Nevada,0.6354443498009281,3.9398983866888715,margin_predictor_market,market_combined,test
401643797,2024,6,Troy,Texas State,0.18757086336871046,-12.338309591472854,margin_predictor_market,market_combined,test
401643798,2024,6,Coastal Carolina,Old Dominion,0.721273308327034,7.121760612956921,margin_predictor_market,market_combined,test
401643799,2024,6,Marshall,App State,0.63137536521694,3.7987899600153723,margin_predictor_market,market_combined,test
401643800,2024,6,Arkansas State,South Alabama,0.4273122693439361,-2.892387904502104,margin_predictor_market,market_combined,test
401643801,2024,6,UL Monroe,James Madison,0.1758471806553754,-12.973397177212304,margin_predictor_market,market_combined,test
401643802,2024,6,Southern Miss,Louisiana,0.09680067536630131,-18.517914735730965,margin_predictor_market,market_combined,test
401644684,2024,6,Toledo,Miami (OH),0.6859695697026421,5.7573254202856425,margin_predictor_market,market_combined,test
401644740,2024,6,Akron,Bowling Green,0.13569305758478115,-15.443829939052696,margin_predictor_market,market_combined,test
401644741,2024,6,Ball State,Western Michigan,0.22427444854274067,-10.52695700793828,margin_predictor_market,market_combined,test
401645338,2024,6,UAB,Tulane,0.08754825034514545,-19.408967598792664,margin_predictor_market,market_combined,test
401645339,2024,6,Tulsa,Army,0.19209376264051678,-12.101489877396997,margin_predictor_market,market_combined,test
401645340,2024,6,Charlotte,East Carolina,0.2793184061751901,-8.166913088902378,margin_predictor_market,market_combined,test
401628385,2024,7,Alabama,South Carolina,0.9265943826293161,19.8827440069355,margin_predictor_market,market_combined,test
401628386,2024,7,Georgia,Mississippi State,0.9895175114005511,36.084281341061335,margin_predictor_market,market_combined,test
401628387,2024,7,Kentucky,Vanderbilt,0.8293748858687565,12.198174814368217,margin_predictor_market,market_combined,test
401628388,2024,7,LSU,Ole Miss,0.4180609999946519,-3.197679092977744,margin_predictor_market,market_combined,test
401628389,2024,7,Massachusetts,Missouri,0.02122329218860797,-31.38507767284299,margin_predictor_market,market_combined,test
401628390,2024,7,Oklahoma,Texas,0.12486086529846414,-16.214051041649377,margin_predictor_market,market_combined,test
401628391,2024,7,Tennessee,Florida,0.8227278354629125,11.825633803745175,margin_predictor_market,market_combined,test
401628511,2024,7,Illinois,Purdue,0.9390367154915573,21.48572787787378,margin_predictor_market,market_combined,test
401628512,2024,7,Iowa,Washington,0.6641941984259541,4.957700444833426,margin_predictor_market,market_combined,test
401628513,2024,7,Maryland,Northwestern,0.7625294875790358,8.859574629328696,margin_predictor_market,market_combined,test
401628514,2024,7,UCLA,Minnesota,0.46211105833871546,-1.7571612883865568,margin_predictor_market,market_combined,test
401628515,2024,7,Oregon,Ohio State,0.3655650981815734,-4.973667832853231,margin_predictor_market,market_combined,test
401628516,2024,7,USC,Penn State,0.24469505198724492,-9.610429299630669,margin_predictor_market,market_combined,test
401628517,2024,7,Rutgers,Wisconsin,0.5086876288922404,-0.2545632705167242,margin_predictor_market,market_combined,test
401628981,2024,7,Notre Dame,Stanford,0.9411216189027295,21.783794955792636,margin_predictor_market,market_combined,test
401635574,2024,7,NC State,Syracuse,0.42367087966719424,-3.0123408909924847,margin_predictor_market,market_combined,test
401635575,2024,7,Pittsburgh,California,0.5670401726559499,1.6380184405771674,margin_predictor_market,market_combined,test
401635576,2024,7,Wake Forest,Clemson,0.065011055067571,-22.002122653695782,margin_predictor_market,market_combined,test
401635577,2024,7,North Carolina,Georgia Tech,0.31681542884455194,-6.722305124907736,margin_predictor_market,market_combined,test
401635578,2024,7,Virginia,Louisville,0.29990998590200646,-7.360711718401838,margin_predictor_market,market_combined,test
401636892,2024,7,Arizona State,Utah,0.3846748104270396,-4.317087508840794,margin_predictor_market,market_combined,test
401636893,2024,7,BYU,Arizona,0.5726627076108746,1.8227266566598694,margin_predictor_market,market_combined,test
401636894,2024,7,Colorado,Kansas State,0.3507337472933811,-5.493255000577063,margin_predictor_market,market_combined,test
401636895,2024,7,UCF,Cincinnati,0.7735998580662433,9.360060341846054,margin_predictor_market,market_combined,test
401636896,2024,7,West Virginia,Iowa State,0.4490343482270599,-2.18173763143836,margin_predictor_market,market_combined,test
401640982,2024,7,Liberty,Florida International,0.9070779115957005,17.812868719674594,margin_predictor_market,market_combined,test
401641002,2024,7,Jacksonville State,New Mexico State,0.9630890697475974,25.729825774978377,margin_predictor_market,market_combined,test
401641009,2024,7,Louisiana Tech,Middle Tennessee,0.63916920575826,4.0696621765427246,margin_predictor_market,market_combined,test
401641030,2024,7,Western Kentucky,UTEP,0.9319293523242139,20.536568043161623,margin_predictor_market,market_combined,test
401643727,2024,7,New Mexico,Air Force,0.6437250867302406,4.229173619950931,margin_predictor_market,market_combined,test
401643728,2024,7,Hawai'i,Boise State,0.08634123920715235,-19.531402825101733,margin_predictor_market,market_combined,test
401643729,2024,7,Colorado State,San José State,0.5817567149100165,2.1228081853325733,margin_predictor_market,market_combined,test
401643730,2024,7,Fresno State,Washington State,0.3184457578429561,-6.661734335996227,margin_predictor_market,market_combined,test
401643731,2024,7,Nevada,Oregon State,0.4655036933427205,-1.647308901815625,margin_predictor_market,market_combined,test
401643732,2024,7,Wyoming,San Diego State,0.5649124114767419,1.5682689505322058,margin_predictor_market,market_combined,test
401643733,2024,7,Utah State,UNLV,0.08058985320151069,-20.13702716138464,margin_predictor_market,market_combined,test
401643803,2024,7,James Madison,Coastal Carolina,0.7052950144731046,6.492499808540305,margin_predictor_market,market_combined,test
401643804,2024,7,Georgia Southern,Marshall,0.5205523943643581,0.12794446486097444,margin_predictor_market,market_combined,test
401643805,2024,7,Georgia State,Old Dominion,0.6777985980486332,5.453988815384312,margin_predictor_market,market_combined,test
401643806,2024,7,Louisiana,App State,0.8314009739418069,12.314013600070512,margin_predictor_market,market_combined,test
401643807,2024,7,UL Monroe,Southern Miss,0.6759820607083119,5.38710730749756,margin_predictor_market,market_combined,test
401643808,2024,7,Texas State,Arkansas State,0.8676102193289583,14.604161716743091,margin_predictor_market,market_combined,test
401644685,2024,7,Eastern Michigan,Miami (OH),0.492174591460187,-0.7864949954564344,margin_predictor_market,market_combined,test
401644742,2024,7,Western Michigan,Akron,0.787286636591157,10.003421004891344,margin_predictor_market,market_combined,test
401644743,2024,7,Kent State,Ball State,0.36747673087713734,-4.907369396507498,margin_predictor_market,market_combined,test
401644744,2024,7,Bowling Green,Northern Illinois,0.5389349127877119,0.7222140631667089,margin_predictor_market,market_combined,test
401644745,2024,7,Buffalo,Toledo,0.25833144375447126,-9.02702947149969,margin_predictor_market,market_combined,test
401644746,2024,7,Central Michigan,Ohio,0.4111228506081945,-3.4278769486651144,margin_predictor_market,market_combined,test
401645341,2024,7,South Florida,Memphis,0.29399913245970566,-7.58870222982862,margin_predictor_market,market_combined,test
401645342,2024,7,Army,UAB,0.9710799137747457,27.76093424699105,margin_predictor_market,market_combined,test
401645343,2024,7,Florida Atlantic,North Texas,0.34200707210565107,-5.803655712670366,margin_predictor_market,market_combined,test
401645344,2024,7,Rice,UTSA,0.3897199852110793,-4.14586650656182,margin_predictor_market,market_combined,test
401628392,2024,8,Arkansas,LSU,0.3982781355145595,-3.857228343403634,margin_predictor_market,market_combined,test
401628393,2024,8,Florida,Kentucky,0.3649347907787454,-4.995559998074302,margin_predictor_market,market_combined,test
401628394,2024,8,Mississippi State,Texas A&M,0.05351187998262148,-23.66799647451189,margin_predictor_market,market_combined,test
401628395,2024,8,Missouri,Auburn,0.6761689104107232,5.393977715811612,margin_predictor_market,market_combined,test
401628396,2024,8,Oklahoma,South Carolina,0.5370471768636952,0.6610571628839446,margin_predictor_market,market_combined,test
401628397,2024,8,Tennessee,Alabama,0.4308970185521047,-2.774554007532758,margin_predictor_market,market_combined,test
401628398,2024,8,Texas,Georgia,0.6683433344482035,5.107960897804423,margin_predictor_market,market_combined,test
401628399,2024,8,Vanderbilt,Ball State,0.9789509374097962,30.38405152876061,margin_predictor_market,market_combined,test
401628518,2024,8,Illinois,Michigan,0.33955790770297406,-5.89144519108835,margin_predictor_market,market_combined,test
401628519,2024,8,Indiana,Nebraska,0.7575381198557848,8.63919167533662,margin_predictor_market,market_combined,test
401628520,2024,8,Michigan State,Iowa,0.28907109161489036,-7.780835277010505,margin_predictor_market,market_combined,test
401628521,2024,8,Maryland,USC,0.3409772197199233,-5.840533315398041,margin_predictor_market,market_combined,test
401628522,2024,8,Northwestern,Wisconsin,0.2688867104028056,-8.589130168879555,margin_predictor_market,market_combined,test
401628523,2024,8,Purdue,Oregon,0.03125778257339189,-28.184429203113304,margin_predictor_market,market_combined,test
401628524,2024,8,Rutgers,UCLA,0.5816052898130257,2.117797068479892,margin_predictor_market,market_combined,test
401628982,2024,8,Georgia Tech,Notre Dame,0.2345616400478667,-10.058319422240793,margin_predictor_market,market_combined,test
401629034,2024,8,UConn,Wake Forest,0.5314487173569292,0.4798794887181379,margin_predictor_market,market_combined,test
401634768,2024,8,Virginia Tech,Boston College,0.7103523797625412,6.689420605677682,margin_predictor_market,market_combined,test
401634769,2024,8,Duke,Florida State,0.6674696863598192,5.076244064891474,margin_predictor_market,market_combined,test
401635587,2024,8,California,NC State,0.8090287021501535,11.091023101640607,margin_predictor_market,market_combined,test
401635588,2024,8,Clemson,Virginia,0.9160048052528301,18.7050426136547,margin_predictor_market,market_combined,test
401635589,2024,8,Louisville,Miami,0.379276134527143,-4.501241325854226,margin_predictor_market,market_combined,test
401635590,2024,8,Stanford,SMU,0.1267223232349526,-16.077742613265325,margin_predictor_market,market_combined,test
401636897,2024,8,Arizona,Colorado,0.5490537504840537,1.0506952896057307,margin_predictor_market,market_combined,test
401636898,2024,8,BYU,Oklahoma State,0.8058405370170013,10.925905838085054,margin_predictor_market,market_combined,test
401636899,2024,8,Cincinnati,Arizona State,0.5183609440109143,0.057250947588558976,margin_predictor_market,market_combined,test
401636900,2024,8,Iowa State,UCF,0.7349735481670485,7.679140036293878,margin_predictor_market,market_combined,test
401636901,2024,8,Kansas,Houston,0.6091325737014204,3.0382004177489232,margin_predictor_market,market_combined,test
401636902,2024,8,Texas Tech,Baylor,0.6404039564893186,4.112805513428077,margin_predictor_market,market_combined,test
401636903,2024,8,Utah,TCU,0.6163063564140759,3.2816446757873146,margin_predictor_market,market_combined,test
401636904,2024,8,West Virginia,Kansas State,0.3845405828285388,-4.321654192477418,margin_predictor_market,market_combined,test
401640983,2024,8,UTEP,Florida International,0.3621528535443618,-5.092377257744102,margin_predictor_market,market_combined,test
401641010,2024,8,New Mexico State,Louisiana Tech,0.1379280567598481,-15.29142847463106,margin_predictor_market,market_combined,test
401641019,2024,8,Middle Tennessee,Kennesaw State,0.8098292865324708,11.132815874685017,margin_predictor_market,market_combined,test
401641038,2024,8,Sam Houston,Western Kentucky,0.4676930386987053,-1.5764741196953849,margin_predictor_market,market_combined,test
401643734,2024,8,Air Force,Colorado State,0.33307891229744124,-6.125187036440696,margin_predictor_market,market_combined,test
401643735,2024,8,Nevada,Fresno State,0.5339748955254914,0.5615973374105754,margin_predictor_market,market_combined,test
401643736,2024,8,Washington State,Hawai'i,0.8936952655484711,16.609733536616822,margin_predictor_market,market_combined,test
401643737,2024,8,Utah State,New Mexico,0.4444779040528298,-2.330184567070359,margin_predictor_market,market_combined,test
401643738,2024,8,San José State,Wyoming,0.8049003201922359,10.87760514788962,margin_predictor_market,market_combined,test
401643739,2024,8,Oregon State,UNLV,0.28642439696913896,-7.884824788077475,margin_predictor_market,market_combined,test
401643809,2024,8,South Alabama,Troy,0.682593527734319,5.63148930945221,margin_predictor_market,market_combined,test
401643810,2024,8,Marshall,Georgia State,0.7121512994030301,6.759954739033872,margin_predictor_market,market_combined,test
401643811,2024,8,Coastal Carolina,Louisiana,0.279698551348717,-8.151712696310428,margin_predictor_market,market_combined,test
401643812,2024,8,Georgia Southern,James Madison,0.23366734165201125,-10.098481840375209,margin_predictor_market,market_combined,test
401643813,2024,8,Old Dominion,Texas State,0.18245046355514083,-12.611778010020336,margin_predictor_market,market_combined,test
401643814,2024,8,Southern Miss,Arkansas State,0.33122622771876803,-6.192440799396358,margin_predictor_market,market_combined,test
401644686,2024,8,Miami (OH),Ohio,0.5832605377426113,2.172602105083296,margin_predictor_market,market_combined,test
401644748,2024,8,Bowling Green,Kent State,0.9550526447334641,24.076141177873613,margin_predictor_market,market_combined,test
401644749,2024,8,Buffalo,Western Michigan,0.4949421866543521,-0.6973360564169564,margin_predictor_market,market_combined,test
401644750,2024,8,Eastern Michigan,Central Michigan,0.6541494554790444,4.597654913855342,margin_predictor_market,market_combined,test
401644751,2024,8,Northern Illinois,Toledo,0.5509995995229581,1.1140047093330867,margin_predictor_market,market_combined,test
401645345,2024,8,South Florida,UAB,0.9184550755051797,18.964951271330136,margin_predictor_market,market_combined,test
401645346,2024,8,Army,East Carolina,0.9010055569981875,17.24904073822191,margin_predictor_market,market_combined,test
401645347,2024,8,Navy,Charlotte,0.8834118679096332,15.772993451519797,margin_predictor_market,market_combined,test
401645348,2024,8,UTSA,Florida Atlantic,0.7192518001771951,7.040969306763152,margin_predictor_market,market_combined,test
401645349,2024,8,Memphis,North Texas,0.841147512238869,12.88736635487354,margin_predictor_market,market_combined,test
401645350,2024,8,Tulane,Rice,0.9202035968918205,19.154809303618272,margin_predictor_market,market_combined,test
401645351,2024,8,Temple,Tulsa,0.47835082253805705,-1.2321726248449472,margin_predictor_market,market_combined,test
401628400,2024,9,Alabama,Missouri,0.8248531129987294,11.943530875115895,margin_predictor_market,market_combined,test
401628401,2024,9,Kentucky,Auburn,0.6526857487821611,4.545609034957854,margin_predictor_market,market_combined,test
401628402,2024,9,Ole Miss,Oklahoma,0.8855797582003481,15.943870694234416,margin_predictor_market,market_combined,test
401628403,2024,9,Mississippi State,Arkansas,0.25818373738488587,-9.03323847867031,margin_predictor_market,market_combined,test
401628404,2024,9,Texas A&M,LSU,0.5753432615891532,1.911000928288797,margin_predictor_market,market_combined,test
401628405,2024,9,Vanderbilt,Texas,0.10383208895899644,-17.890332874302626,margin_predictor_market,market_combined,test
401628525,2024,9,Oregon,Illinois,0.9406379936013449,21.713783286869607,margin_predictor_market,market_combined,test
401628526,2024,9,Indiana,Washington,0.8038794486079289,10.825360339158951,margin_predictor_market,market_combined,test
401628527,2024,9,Iowa,Northwestern,0.902232785413516,17.36045120816576,margin_predictor_market,market_combined,test
401628528,2024,9,Minnesota,Maryland,0.6884834843868726,5.851503883521023,margin_predictor_market,market_combined,test
401628529,2024,9,Michigan,Michigan State,0.6093464519284582,3.045434726051946,margin_predictor_market,market_combined,test
401628530,2024,9,Ohio State,Nebraska,0.9542354762944163,23.924164728691796,margin_predictor_market,market_combined,test
401628531,2024,9,Wisconsin,Penn State,0.22940640674076307,-10.291323345251572,margin_predictor_market,market_combined,test
401628532,2024,9,USC,Rutgers,0.7980135219835058,10.529069671890241,margin_predictor_market,market_combined,test
401628983,2024,9,Navy,Notre Dame,0.19792320565056085,-11.802444019004605,margin_predictor_market,market_combined,test
401629035,2024,9,UConn,Rice,0.6803165764995277,5.54702440112262,margin_predictor_market,market_combined,test
401634770,2024,9,Pittsburgh,Syracuse,0.6358491521887379,3.9539729119621945,margin_predictor_market,market_combined,test
401634771,2024,9,Boston College,Louisville,0.3612463870566836,-5.123993329060328,margin_predictor_market,market_combined,test
401635594,2024,9,California,Oregon State,0.8782516717381701,15.377078575332538,margin_predictor_market,market_combined,test
401635595,2024,9,Duke,SMU,0.20679478987491387,-11.359797833588928,margin_predictor_market,market_combined,test
401635596,2024,9,Miami,Florida State,0.936866408063283,21.18541035493937,margin_predictor_market,market_combined,test
401635597,2024,9,Virginia Tech,Georgia Tech,0.7272229101418403,7.36165718482912,margin_predictor_market,market_combined,test
401635598,2024,9,Virginia,North Carolina,0.6046348997178652,2.886392559843374,margin_predictor_market,market_combined,test
401635599,2024,9,Stanford,Wake Forest,0.4616657830299656,-1.7715873693293545,margin_predictor_market,market_combined,test
401636905,2024,9,Arizona,West Virginia,0.6319796568901223,3.8197046853473102,margin_predictor_market,market_combined,test
401636906,2024,9,Baylor,Oklahoma State,0.7944626215358669,10.352827211174352,margin_predictor_market,market_combined,test
401636907,2024,9,Colorado,Cincinnati,0.7438035603990208,8.048165469619532,margin_predictor_market,market_combined,test
401636908,2024,9,Houston,Utah,0.404284534254171,-3.655912547182593,margin_predictor_market,market_combined,test
401636909,2024,9,Kansas State,Kansas,0.8126221273405816,11.279673758464273,margin_predictor_market,market_combined,test
401636910,2024,9,TCU,Texas Tech,0.6379327861143903,4.026524899187967,margin_predictor_market,market_combined,test
401636911,2024,9,UCF,BYU,0.6246283337926726,3.566222369010281,margin_predictor_market,market_combined,test
401640984,2024,9,Florida International,Sam Houston,0.29663749658371147,-7.486612351384549,margin_predictor_market,market_combined,test
401640993,2024,9,Kennesaw State,Liberty,0.028648938960574844,-28.907874262260638,margin_predictor_market,market_combined,test
401641003,2024,9,Jacksonville State,Middle Tennessee,0.9264565553489629,19.866440904626035,margin_predictor_market,market_combined,test
401641011,2024,9,Louisiana Tech,UTEP,0.7321223665642258,7.561674725109107,margin_predictor_market,market_combined,test
401643740,2024,9,UNLV,Boise State,0.39879668116445827,-3.8398087319727323,margin_predictor_market,market_combined,test
401643741,2024,9,Colorado State,New Mexico,0.6066320083265417,2.953724574844075,margin_predictor_market,market_combined,test
401643742,2024,9,Fresno State,San José State,0.6803777789118354,5.549290550555527,margin_predictor_market,market_combined,test
401643743,2024,9,Hawai'i,Nevada,0.5591968095524971,1.3812878385338867,margin_predictor_market,market_combined,test
401643744,2024,9,San Diego State,Washington State,0.11279407007218094,-17.14274653230849,margin_predictor_market,market_combined,test
401643745,2024,9,Wyoming,Utah State,0.46197023020670075,-1.7617236416536932,margin_predictor_market,market_combined,test
401643815,2024,9,Old Dominion,Georgia Southern,0.47247267247640673,-1.4219683365986184,margin_predictor_market,market_combined,test
401643816,2024,9,App State,Georgia State,0.6487555908447298,4.40636548319743,margin_predictor_market,market_combined,test
401643817,2024,9,James Madison,Southern Miss,0.9622264022898442,25.53657617876031,margin_predictor_market,market_combined,test
401643818,2024,9,Arkansas State,Troy,0.6444437533893724,4.25441813015598,margin_predictor_market,market_combined,test
401643819,2024,9,South Alabama,UL Monroe,0.6742548946889634,5.323697128316038,margin_predictor_market,market_combined,test
401644687,2024,9,Miami (OH),Central Michigan,0.7856203768220639,9.923528118303151,margin_predictor_market,market_combined,test
401644752,2024,9,Akron,Eastern Michigan,0.39998266024800133,-3.7999964761480967,margin_predictor_market,market_combined,test
401644753,2024,9,Ball State,Northern Illinois,0.1806591035273391,-12.708855294078473,margin_predictor_market,market_combined,test
401644754,2024,9,Toledo,Bowling Green,0.6367559100511474,3.9855241717368033,margin_predictor_market,market_combined,test
401644755,2024,9,Ohio,Buffalo,0.6299036486289573,3.7479128845927674,margin_predictor_market,market_combined,test
401644756,2024,9,Western Michigan,Kent State,0.9357246645730981,21.031266665466813,margin_predictor_market,market_combined,test
401645352,2024,9,East Carolina,Temple,0.7479337925602118,8.223630446408611,margin_predictor_market,market_combined,test
401645353,2024,9,Memphis,Charlotte,0.8999432732969189,17.153592645729656,margin_predictor_market,market_combined,test
401645354,2024,9,North Texas,Tulane,0.22914719065294667,-10.303135593898494,margin_predictor_market,market_combined,test
401645355,2024,9,Tulsa,UTSA,0.24654704789056475,-9.529944175830481,margin_predictor_market,market_combined,test
401628406,2024,10,Arkansas,Ole Miss,0.2910123864858097,-7.704920109749109,margin_predictor_market,market_combined,test
401628407,2024,10,Auburn,Vanderbilt,0.6740407702838722,5.315848033807569,margin_predictor_market,market_combined,test
401628408,2024,10,Georgia,Florida,0.8704428461539889,14.804570568071739,margin_predictor_market,market_combined,test
401628409,2024,10,Mississippi State,Massachusetts,0.9175052763516676,18.86337009574765,margin_predictor_market,market_combined,test
401628411,2024,10,South Carolina,Texas A&M,0.36576523102593267,-4.966720064036963,margin_predictor_market,market_combined,test
401628412,2024,10,Tennessee,Kentucky,0.8603546042926827,14.106891160274799,margin_predictor_market,market_combined,test
401628533,2024,10,Illinois,Minnesota,0.4536751006040352,-2.030830014450474,margin_predictor_market,market_combined,test
401628534,2024,10,Michigan State,Indiana,0.21824495512627168,-10.808754029398992,margin_predictor_market,market_combined,test
401628535,2024,10,Iowa,Wisconsin,0.6027608949559715,2.823317973498477,margin_predictor_market,market_combined,test
401628536,2024,10,Michigan,Oregon,0.14433487072565018,-14.865746691807422,margin_predictor_market,market_combined,test
401628537,2024,10,Nebraska,UCLA,0.7313115928455524,7.528416985379673,margin_predictor_market,market_combined,test
401628538,2024,10,Purdue,Northwestern,0.6972171014245437,6.1819919710236375,margin_predictor_market,market_combined,test
401628539,2024,10,Penn State,Ohio State,0.4644682195432092,-1.6808257667319562,margin_predictor_market,market_combined,test
401628540,2024,10,Washington,USC,0.42582535587503656,-2.9413370118118727,margin_predictor_market,market_combined,test
401629036,2024,10,UConn,Georgia State,0.6695676470502026,5.15247916104976,margin_predictor_market,market_combined,test
401635516,2024,10,NC State,Stanford,0.7170922491945236,6.955051807238336,margin_predictor_market,market_combined,test
401635600,2024,10,Clemson,Louisville,0.7617926320044301,8.826841911769852,margin_predictor_market,market_combined,test
401635601,2024,10,Miami,Duke,0.9104572801315559,18.141121124578927,margin_predictor_market,market_combined,test
401635602,2024,10,Florida State,North Carolina,0.37446020546982467,-4.666378298040488,margin_predictor_market,market_combined,test
401635604,2024,10,Syracuse,Virginia Tech,0.39547409701346914,-3.951559034326928,margin_predictor_market,market_combined,test
401635627,2024,10,SMU,Pittsburgh,0.6784654650422473,5.478591157624333,margin_predictor_market,market_combined,test
401636912,2024,10,Baylor,TCU,0.6458868210211813,4.305177845520408,margin_predictor_market,market_combined,test
401636913,2024,10,Houston,Kansas State,0.2008222563453887,-11.656194303724014,margin_predictor_market,market_combined,test
401636914,2024,10,Iowa State,Texas Tech,0.8385464168036039,12.731641418200615,margin_predictor_market,market_combined,test
401636915,2024,10,Oklahoma State,Arizona State,0.23952076998495966,-9.83750769227105,margin_predictor_market,market_combined,test
401636916,2024,10,UCF,Arizona,0.7398472031571462,7.88181808695138,margin_predictor_market,market_combined,test
401640985,2024,10,Florida International,New Mexico State,0.6819310619377565,5.606881520852038,margin_predictor_market,market_combined,test
401640994,2024,10,Liberty,Jacksonville State,0.573069250890712,1.836105505644228,margin_predictor_market,market_combined,test
401641012,2024,10,Sam Houston,Louisiana Tech,0.7234489046498447,7.209112941618216,margin_predictor_market,market_combined,test
401641020,2024,10,Western Kentucky,Kennesaw State,0.9497679927193236,23.13634360851829,margin_predictor_market,market_combined,test
401641026,2024,10,UTEP,Middle Tennessee,0.5475438124543835,1.0016022344067794,margin_predictor_market,market_combined,test
401643746,2024,10,Army,Air Force,0.9232226408961995,19.49175775471263,margin_predictor_market,market_combined,test
401643747,2024,10,Boise State,San Diego State,0.9528568072129393,23.673521446395167,margin_predictor_market,market_combined,test
401643748,2024,10,Nevada,Colorado State,0.5208356026831044,0.1370822241298475,margin_predictor_market,market_combined,test
401643749,2024,10,Fresno State,Hawai'i,0.7667680787805631,9.049237122122157,margin_predictor_market,market_combined,test
401643750,2024,10,New Mexico,Wyoming,0.7569038038707376,8.611407265989207,margin_predictor_market,market_combined,test
401643820,2024,10,Texas State,Louisiana,0.6306550685523791,3.7738788916580344,margin_predictor_market,market_combined,test
401643821,2024,10,App State,Old Dominion,0.39000374305028884,-4.136260605898897,margin_predictor_market,market_combined,test
401643822,2024,10,Marshall,UL Monroe,0.7860641130359843,9.944759827377682,margin_predictor_market,market_combined,test
401643823,2024,10,South Alabama,Georgia Southern,0.6634913696318713,4.932339167616946,margin_predictor_market,market_combined,test
401643824,2024,10,Troy,Coastal Carolina,0.4446323802087036,-2.3251469633327004,margin_predictor_market,market_combined,test
401644757,2024,10,Akron,Buffalo,0.4631795696466988,-1.7225514781298572,margin_predictor_market,market_combined,test
401644758,2024,10,Eastern Michigan,Toledo,0.25374460952199573,-9.220937577185005,margin_predictor_market,market_combined,test
401645356,2024,10,Charlotte,Tulane,0.13090133520609085,-15.77784823222621,margin_predictor_market,market_combined,test
401645357,2024,10,Florida Atlantic,South Florida,0.32465909621224553,-6.4323856805630175,margin_predictor_market,market_combined,test
401645358,2024,10,UAB,Tulsa,0.4583555330833942,-1.8788969448024182,margin_predictor_market,market_combined,test
401645359,2024,10,UTSA,Memphis,0.2934169851928553,-7.6112998128428515,margin_predictor_market,market_combined,test
401645360,2024,10,Rice,Navy,0.19941705135242196,-11.726883899626875,margin_predictor_market,market_combined,test
401628413,2024,11,LSU,Alabama,0.4500159063432587,-2.1497962403185276,margin_predictor_market,market_combined,test
401628414,2024,11,Ole Miss,Georgia,0.49277840634721437,-0.7670417827646845,margin_predictor_market,market_combined,test
401628415,2024,11,Missouri,Oklahoma,0.4108279062843972,-3.4376880991779726,margin_predictor_market,market_combined,test
401628416,2024,11,Tennessee,Mississippi State,0.9640364818298851,25.94712908061429,margin_predictor_market,market_combined,test
401628417,2024,11,Texas,Florida,0.9556063844455953,24.180629138050868,margin_predictor_market,market_combined,test
401628418,2024,11,Vanderbilt,South Carolina,0.35043313221271427,-5.503887250111205,margin_predictor_market,market_combined,test
401628541,2024,11,Indiana,Michigan,0.9070281332916893,17.808114258641442,margin_predictor_market,market_combined,test
401628542,2024,11,UCLA,Iowa,0.35914317381428884,-5.197483317301781,margin_predictor_market,market_combined,test
401628543,2024,11,Oregon,Maryland,0.947174958880582,22.70902451006296,margin_predictor_market,market_combined,test
401628544,2024,11,Rutgers,Minnesota,0.326838947035994,-6.352466243040537,margin_predictor_market,market_combined,test
401628545,2024,11,Ohio State,Purdue,0.9869568538659936,34.30349507198142,margin_predictor_market,market_combined,test
401628546,2024,11,Penn State,Washington,0.9004323762247508,17.1974268901317,margin_predictor_market,market_combined,test
401628984,2024,11,Notre Dame,Florida State,0.9645610713676799,26.069833888574756,margin_predictor_market,market_combined,test
401629037,2024,11,UAB,UConn,0.19555050997208112,-11.923345575834821,margin_predictor_market,market_combined,test
401629045,2024,11,North Texas,Army,0.2304666623105853,-10.243105721492865,margin_predictor_market,market_combined,test
401634773,2024,11,Wake Forest,California,0.22353888879938327,-10.56104225268309,margin_predictor_market,market_combined,test
401635606,2024,11,Boston College,Syracuse,0.6671102228343526,5.06320628951629,margin_predictor_market,market_combined,test
401635607,2024,11,Virginia Tech,Clemson,0.39303123740112567,-4.033927801605277,margin_predictor_market,market_combined,test
401635608,2024,11,NC State,Duke,0.5539162430887142,1.208995327389164,margin_predictor_market,market_combined,test
401635609,2024,11,Georgia Tech,Miami,0.3479046196626026,-5.593483913158032,margin_predictor_market,market_combined,test
401635610,2024,11,Pittsburgh,Virginia,0.7533813426989799,8.458002461770372,margin_predictor_market,market_combined,test
401636917,2024,11,Arizona State,UCF,0.5051108999752147,-0.369791715793919,margin_predictor_market,market_combined,test
401636918,2024,11,Cincinnati,West Virginia,0.5817824270099148,2.1236591275121652,margin_predictor_market,market_combined,test
401636919,2024,11,Kansas,Iowa State,0.47961421703908236,-1.1914067852960284,margin_predictor_market,market_combined,test
401636920,2024,11,TCU,Oklahoma State,0.8174757204040601,11.538955841718854,margin_predictor_market,market_combined,test
401636921,2024,11,Texas Tech,Colorado,0.3728863143457652,-4.7205299030383525,margin_predictor_market,market_combined,test
401636922,2024,11,Utah,BYU,0.34631239844675404,-5.65005921030215,margin_predictor_market,market_combined,test
401640995,2024,11,Middle Tennessee,Liberty,0.16850836905007147,-13.388060507257277,margin_predictor_market,market_combined,test
401641004,2024,11,Louisiana Tech,Jacksonville State,0.22466664927682373,-10.508815225253718,margin_predictor_market,market_combined,test
401641021,2024,11,UTEP,Kennesaw State,0.6585258091000614,4.753892910650203,margin_predictor_market,market_combined,test
401641036,2024,11,New Mexico State,Western Kentucky,0.09552959077342853,-18.635676033344335,margin_predictor_market,market_combined,test
401643751,2024,11,Air Force,Fresno State,0.21573328980749928,-10.927792961378062,margin_predictor_market,market_combined,test
401643752,2024,11,Boise State,Nevada,0.9279593344899411,20.045739743493876,margin_predictor_market,market_combined,test
401643753,2024,11,Hawai'i,UNLV,0.24812802159753897,-9.461558578099481,margin_predictor_market,market_combined,test
401643754,2024,11,San Diego State,New Mexico,0.5465101313930723,0.96801031872308,margin_predictor_market,market_combined,test
401643755,2024,11,Oregon State,San José State,0.607271454261283,2.9753086277260983,margin_predictor_market,market_combined,test
401643756,2024,11,Washington State,Utah State,0.9390309172943694,21.48491232546792,margin_predictor_market,market_combined,test
401643825,2024,11,Coastal Carolina,App State,0.4881503438822984,-0.916166430485283,margin_predictor_market,market_combined,test
401643826,2024,11,James Madison,Georgia State,0.8591009074573477,14.023178437665761,margin_predictor_market,market_combined,test
401643827,2024,11,Louisiana,Arkansas State,0.8617739069319336,14.202425137085662,margin_predictor_market,market_combined,test
401643828,2024,11,UL Monroe,Texas State,0.19588601917240125,-11.906182540681234,margin_predictor_market,market_combined,test
401643829,2024,11,Southern Miss,Marshall,0.13531512658700845,-15.469809184901033,margin_predictor_market,market_combined,test
401644688,2024,11,Ball State,Miami (OH),0.14805945694635753,-14.625459410645481,margin_predictor_market,market_combined,test
401644760,2024,11,Central Michigan,Bowling Green,0.1787494585591118,-12.813172581672708,margin_predictor_market,market_combined,test
401644761,2024,11,Kent State,Ohio,0.05113796503134451,-24.05356081403369,margin_predictor_market,market_combined,test
401644762,2024,11,Western Michigan,Northern Illinois,0.5089643773410931,-0.24564645716299394,margin_predictor_market,market_combined,test
401645361,2024,11,East Carolina,Florida Atlantic,0.7312178910667203,7.524577458706302,margin_predictor_market,market_combined,test
401645362,2024,11,Memphis,Rice,0.731612383533805,7.540747920847361,margin_predictor_market,market_combined,test
401645363,2024,11,South Florida,Navy,0.4359243843631025,-2.6096976813452364,margin_predictor_market,market_combined,test
401645364,2024,11,Tulane,Temple,0.9669926372558328,26.662479412796866,margin_predictor_market,market_combined,test
401628419,2024,12,Arkansas,Texas,0.15670411014179922,-14.086392454740936,margin_predictor_market,market_combined,test
401628420,2024,12,Florida,LSU,0.4074173256417893,-3.551296011958384,margin_predictor_market,market_combined,test
401628421,2024,12,Georgia,Tennessee,0.7326443009420376,7.58311811951679,margin_predictor_market,market_combined,test
401628423,2024,12,South Carolina,Missouri,0.7660416725075657,9.016564276336078,margin_predictor_market,market_combined,test
401628424,2024,12,Texas A&M,New Mexico State,0.9941731989479611,40.8507957414178,margin_predictor_market,market_combined,test
401628426,2024,12,Auburn,UL Monroe,0.9631724409797972,25.748731617721695,margin_predictor_market,market_combined,test
401628547,2024,12,Illinois,Michigan State,0.5492373886832946,1.056667957112622,margin_predictor_market,market_combined,test
401628548,2024,12,Maryland,Rutgers,0.6616897159459006,4.867446035173182,margin_predictor_market,market_combined,test
401628549,2024,12,USC,Nebraska,0.5988339910376539,2.6914738612120868,margin_predictor_market,market_combined,test
401628550,2024,12,Northwestern,Ohio State,0.030690062377717178,-28.33674452369052,margin_predictor_market,market_combined,test
401628551,2024,12,Wisconsin,Oregon,0.12879420761802543,-15.928023547015604,margin_predictor_market,market_combined,test
401628552,2024,12,Purdue,Penn State,0.025374360181600907,-29.912360950669466,margin_predictor_market,market_combined,test
401628553,2024,12,Washington,UCLA,0.6034210878330817,2.8455268325808767,margin_predictor_market,market_combined,test
401628985,2024,12,Notre Dame,Virginia,0.9298668957883087,20.2783705784301,margin_predictor_market,market_combined,test
401629046,2024,12,Massachusetts,Liberty,0.09076796775426844,-19.08967703743372,margin_predictor_market,market_combined,test
401635517,2024,12,Stanford,Louisville,0.08483637306268331,-19.686241249305667,margin_predictor_market,market_combined,test
401635580,2024,12,SMU,Boston College,0.8823566902657033,15.69081871216896,margin_predictor_market,market_combined,test
401635581,2024,12,California,Syracuse,0.7835054044827755,9.822768075499454,margin_predictor_market,market_combined,test
401635582,2024,12,Pittsburgh,Clemson,0.25512554851899616,-9.16231809188169,margin_predictor_market,market_combined,test
401635583,2024,12,North Carolina,Wake Forest,0.8440405474806408,13.063018577171777,margin_predictor_market,market_combined,test
401636923,2024,12,Arizona,Houston,0.5120659101876848,-0.14570192830943673,margin_predictor_market,market_combined,test
401636924,2024,12,BYU,Kansas,0.630344787793703,3.7631542095176744,margin_predictor_market,market_combined,test
401636925,2024,12,Colorado,Utah,0.8556139308100987,13.793571131450909,margin_predictor_market,market_combined,test
401636926,2024,12,Iowa State,Cincinnati,0.7118656776855863,6.748738286346447,margin_predictor_market,market_combined,test
401636927,2024,12,Kansas State,Arizona State,0.7015412608692237,6.347608902024257,margin_predictor_market,market_combined,test
401636929,2024,12,West Virginia,Baylor,0.42361028357965286,-3.014339292592886,margin_predictor_market,market_combined,test
401640986,2024,12,Jacksonville State,Florida International,0.9180958962804036,18.92641092195318,margin_predictor_market,market_combined,test
401641013,2024,12,Western Kentucky,Louisiana Tech,0.769925696507585,9.192093132729878,margin_predictor_market,market_combined,test
401641022,2024,12,Kennesaw State,Sam Houston,0.08909743062482303,-19.254040584172913,margin_predictor_market,market_combined,test
401643757,2024,12,Air Force,Oregon State,0.43684378785757283,-2.579596519070756,margin_predictor_market,market_combined,test
401643758,2024,12,San José State,Boise State,0.14834404346575927,-14.607306197939783,margin_predictor_market,market_combined,test
401643759,2024,12,Colorado State,Wyoming,0.7771220516825067,9.52290002716731,margin_predictor_market,market_combined,test
401643760,2024,12,Utah State,Hawai'i,0.336617167187773,-5.997262855739953,margin_predictor_market,market_combined,test
401643761,2024,12,New Mexico,Washington State,0.22863603890149603,-10.326455877154718,margin_predictor_market,market_combined,test
401643762,2024,12,UNLV,San Diego State,0.9275338094024255,19.994622473264226,margin_predictor_market,market_combined,test
401643830,2024,12,Georgia Southern,Troy,0.6425489986275528,4.187910288144565,margin_predictor_market,market_combined,test
401643831,2024,12,Georgia State,Arkansas State,0.6077728196165084,2.9922405484482617,margin_predictor_market,market_combined,test
401643832,2024,12,Marshall,Coastal Carolina,0.716211744393882,6.920135150268987,margin_predictor_market,market_combined,test
401643833,2024,12,Old Dominion,James Madison,0.41797393892357587,-3.200560792938426,margin_predictor_market,market_combined,test
401643834,2024,12,Louisiana,South Alabama,0.7187004892755954,7.018997379533476,margin_predictor_market,market_combined,test
401643835,2024,12,Texas State,Southern Miss,0.9773970382797414,29.797723041545535,margin_predictor_market,market_combined,test
401644689,2024,12,Miami (OH),Kent State,0.9822040828056027,31.762671096820455,margin_predictor_market,market_combined,test
401644763,2024,12,Buffalo,Ball State,0.6524779635328862,4.5382290348730905,margin_predictor_market,market_combined,test
401644764,2024,12,Bowling Green,Western Michigan,0.7251854269413992,7.279141000995464,margin_predictor_market,market_combined,test
401644765,2024,12,Toledo,Central Michigan,0.8572012855096747,13.897514066313283,margin_predictor_market,market_combined,test
401644766,2024,12,Northern Illinois,Akron,0.8221312710713554,11.792739749431092,margin_predictor_market,market_combined,test
401644767,2024,12,Ohio,Eastern Michigan,0.839438278144608,12.784806060195942,margin_predictor_market,market_combined,test
401645365,2024,12,Tulsa,East Carolina,0.1411079146537378,-15.078133266725198,margin_predictor_market,market_combined,test
401645366,2024,12,UTSA,North Texas,0.648166517501907,4.385556961077715,margin_predictor_market,market_combined,test
401645367,2024,12,Memphis,UAB,0.9339031261728444,20.790545817056344,margin_predictor_market,market_combined,test
401645368,2024,12,Charlotte,South Florida,0.48621378553817884,-0.9785838438342842,margin_predictor_market,market_combined,test
401645369,2024,12,Temple,Florida Atlantic,0.5601825515162954,1.4134975152963087,margin_predictor_market,market_combined,test
401645370,2024,12,Navy,Tulane,0.29464865413575525,-7.563520127538348,margin_predictor_market,market_combined,test
401628427,2024,13,Arkansas,Louisiana Tech,0.9454150407789961,22.430144674680385,margin_predictor_market,market_combined,test
401628428,2024,13,Auburn,Texas A&M,0.40207940863145253,-3.729706415522014,margin_predictor_market,market_combined,test
401628429,2024,13,Florida,Ole Miss,0.15523960553277483,-14.17597417833665,margin_predictor_market,market_combined,test
401628430,2024,13,Georgia,Massachusetts,0.9955543268890555,43.04046466678187,margin_predictor_market,market_combined,test
401628431,2024,13,LSU,Vanderbilt,0.6981952105035959,6.219335456608441,margin_predictor_market,market_combined,test
401628432,2024,13,Mississippi State,Missouri,0.18246722638940116,-12.610873106996108,margin_predictor_market,market_combined,test
401628433,2024,13,Oklahoma,Alabama,0.20231328474722143,-11.581591095346182,margin_predictor_market,market_combined,test
401628435,2024,13,Tennessee,UTEP,0.9932186233562424,39.62140405665956,margin_predictor_market,market_combined,test
401628436,2024,13,Texas,Kentucky,0.9052048913035763,17.635525474056067,margin_predictor_market,market_combined,test
401628554,2024,13,Rutgers,Illinois,0.5317054815015776,0.48818294950388275,margin_predictor_market,market_combined,test
401628555,2024,13,Ohio State,Indiana,0.6790160762946407,5.498924779624582,margin_predictor_market,market_combined,test
401628556,2024,13,Maryland,Iowa,0.43225738603442937,-2.729900488855797,margin_predictor_market,market_combined,test
401628557,2024,13,Michigan,Northwestern,0.837171765309469,12.65015966812937,margin_predictor_market,market_combined,test
401628558,2024,13,Michigan State,Purdue,0.8295991741299341,12.2109441620384,margin_predictor_market,market_combined,test
401628559,2024,13,Minnesota,Penn State,0.15064744254462192,-14.461424653573657,margin_predictor_market,market_combined,test
401628560,2024,13,Nebraska,Wisconsin,0.6202483414077556,3.416142661758782,margin_predictor_market,market_combined,test
401628561,2024,13,UCLA,USC,0.4218244120095543,-3.073269951771515,margin_predictor_market,market_combined,test
401628572,2024,13,Oregon State,Washington State,0.22308544126886412,-10.582094448869535,margin_predictor_market,market_combined,test
401634772,2024,13,Georgia Tech,NC State,0.8209096724863465,11.725650603601913,margin_predictor_market,market_combined,test
401635518,2024,13,Syracuse,UConn,0.7814802668480599,9.726953352185285,margin_predictor_market,market_combined,test
401635612,2024,13,Boston College,North Carolina,0.4769401215952515,-1.2777021743043533,margin_predictor_market,market_combined,test
401635613,2024,13,California,Stanford,0.8678932253334607,14.624019895657488,margin_predictor_market,market_combined,test
401635615,2024,13,Duke,Virginia Tech,0.39763038910399556,-3.878999002472056,margin_predictor_market,market_combined,test
401635617,2024,13,Louisville,Pittsburgh,0.7043201652643327,6.454769433944836,margin_predictor_market,market_combined,test
401635618,2024,13,Miami,Wake Forest,0.953926823712531,23.86743322563855,margin_predictor_market,market_combined,test
401635619,2024,13,Virginia,SMU,0.22615709662643482,-10.440076827393316,margin_predictor_market,market_combined,test
401636930,2024,13,Arizona State,BYU,0.5982684613075887,2.67252194314504,margin_predictor_market,market_combined,test
401636931,2024,13,Houston,Baylor,0.3348880456576163,-6.0596946937133005,margin_predictor_market,market_combined,test
401636932,2024,13,Kansas,Colorado,0.4423199484263031,-2.4005944602707445,margin_predictor_market,market_combined,test
401636933,2024,13,Kansas State,Cincinnati,0.7691444266636376,9.156620187503778,margin_predictor_market,market_combined,test
401636934,2024,13,Oklahoma State,Texas Tech,0.29950462400149297,-7.376264038519164,margin_predictor_market,market_combined,test
401636935,2024,13,TCU,Arizona,0.7550294555931097,8.529592959988,margin_predictor_market,market_combined,test
401636936,2024,13,Utah,Iowa State,0.325730402591649,-6.393074042404658,margin_predictor_market,market_combined,test
401636937,2024,13,West Virginia,UCF,0.3511547488400425,-5.47837192343958,margin_predictor_market,market_combined,test
401640959,2024,13,Notre Dame,Army,0.8584026597148194,13.976824267313715,margin_predictor_market,market_combined,test
401640987,2024,13,Kennesaw State,Florida International,0.335983264374896,-6.020132167075975,margin_predictor_market,market_combined,test
401640996,2024,13,Liberty,Western Kentucky,0.6189473781737778,3.3716957470640754,margin_predictor_market,market_combined,test
401641005,2024,13,Jacksonville State,Sam Houston,0.7671183236472775,9.065015995773631,margin_predictor_market,market_combined,test
401641027,2024,13,Middle Tennessee,New Mexico State,0.6219443028983507,3.474173373193241,margin_predictor_market,market_combined,test
401643763,2024,13,Nevada,Air Force,0.6552755880843962,4.637768129635653,margin_predictor_market,market_combined,test
401643764,2024,13,Wyoming,Boise State,0.052925239232328045,-23.761751093654006,margin_predictor_market,market_combined,test
401643765,2024,13,Fresno State,Colorado State,0.6082061875724161,3.006882271442942,margin_predictor_market,market_combined,test
401643766,2024,13,Utah State,San Diego State,0.6693788597509777,5.1456090765843605,margin_predictor_market,market_combined,test
401643767,2024,13,San José State,UNLV,0.2677821331001592,-8.634434185571877,margin_predictor_market,market_combined,test
401643836,2024,13,App State,James Madison,0.2657052893965554,-8.719937834439976,margin_predictor_market,market_combined,test
401643837,2024,13,Coastal Carolina,Georgia Southern,0.5569999198371305,1.3095576820953465,margin_predictor_market,market_combined,test
401643838,2024,13,Old Dominion,Marshall,0.5753724634435003,1.9119633788387267,margin_predictor_market,market_combined,test
401643839,2024,13,Arkansas State,UL Monroe,0.6188338356629092,3.3678193872181734,margin_predictor_market,market_combined,test
401643840,2024,13,Louisiana,Troy,0.6939071007330474,6.056120932024015,margin_predictor_market,market_combined,test
401643841,2024,13,Southern Miss,South Alabama,0.04325344778244283,-25.468583912720398,margin_predictor_market,market_combined,test
401643842,2024,13,Texas State,Georgia State,0.9513891216258804,23.414238316357782,margin_predictor_market,market_combined,test
401644690,2024,13,Miami (OH),Northern Illinois,0.6249498369624747,3.5772658379983393,margin_predictor_market,market_combined,test
401644769,2024,13,Kent State,Akron,0.18093527841881984,-12.693840123010787,margin_predictor_market,market_combined,test
401644770,2024,13,Central Michigan,Western Michigan,0.34390341517975015,-5.735889303593126,margin_predictor_market,market_combined,test
401644772,2024,13,Eastern Michigan,Buffalo,0.502187352684124,-0.46396411161707407,margin_predictor_market,market_combined,test
401644773,2024,13,Toledo,Ohio,0.4478641737760216,-2.219833788726626,margin_predictor_market,market_combined,test
401644774,2024,13,Ball State,Bowling Green,0.17831388321403208,-12.83708846952283,margin_predictor_market,market_combined,test
401645371,2024,13,Florida Atlantic,Charlotte,0.3915443703572776,-4.0841503691938374,margin_predictor_market,market_combined,test
401645372,2024,13,North Texas,East Carolina,0.5643070396630462,1.548438877698778,margin_predictor_market,market_combined,test
401645373,2024,13,UAB,Rice,0.20782692772385655,-11.309222052095318,margin_predictor_market,market_combined,test
401645374,2024,13,UTSA,Temple,0.9172001438703133,18.83096203366139,margin_predictor_market,market_combined,test
401645375,2024,13,South Florida,Tulsa,0.9044565927746899,17.565550616728782,margin_predictor_market,market_combined,test
401628437,2024,14,Alabama,Auburn,0.7706957161601645,9.227138012854477,margin_predictor_market,market_combined,test
401628438,2024,14,Florida State,Florida,0.10803900772304727,-17.532620605133626,margin_predictor_market,market_combined,test
401628439,2024,14,Georgia,Georgia Tech,0.8848402185786364,15.885264771542994,margin_predictor_market,market_combined,test
401628440,2024,14,Kentucky,Louisville,0.44531052465700083,-2.303036189378308,margin_predictor_market,market_combined,test
401628441,2024,14,LSU,Oklahoma,0.5730334466033747,1.83492709954152,margin_predictor_market,market_combined,test
401628442,2024,14,Ole Miss,Mississippi State,0.9660298196280583,26.422929529615413,margin_predictor_market,market_combined,test
401628443,2024,14,Missouri,Arkansas,0.5972404157960362,2.638092690990298,margin_predictor_market,market_combined,test
401628444,2024,14,Clemson,South Carolina,0.46086584609340997,-1.7975088124334815,margin_predictor_market,market_combined,test
401628445,2024,14,Texas A&M,Texas,0.33257070677593753,-6.143616512814166,margin_predictor_market,market_combined,test
401628446,2024,14,Vanderbilt,Tennessee,0.2643726931531612,-8.775025498022522,margin_predictor_market,market_combined,test
401628562,2024,14,Iowa,Nebraska,0.5404697500838612,0.7719647133008158,margin_predictor_market,market_combined,test
401628563,2024,14,Northwestern,Illinois,0.23894052354832251,-9.863180416719075,margin_predictor_market,market_combined,test
401628564,2024,14,Indiana,Purdue,0.9776345662347589,29.884748561956233,margin_predictor_market,market_combined,test
401628565,2024,14,Penn State,Maryland,0.9693616049331112,27.281903784486758,margin_predictor_market,market_combined,test
401628566,2024,14,Ohio State,Michigan,0.907808717996235,17.88293454270955,margin_predictor_market,market_combined,test
401628567,2024,14,Michigan State,Rutgers,0.6062994596013376,2.942504503458864,margin_predictor_market,market_combined,test
401628568,2024,14,Wisconsin,Minnesota,0.44956113181154356,-2.1645937041337953,margin_predictor_market,market_combined,test
401628569,2024,14,Oregon,Washington,0.9000271633790801,17.16109746449593,margin_predictor_market,market_combined,test
401628570,2024,14,UCLA,Fresno State,0.7346880938877115,7.667343478040248,margin_predictor_market,market_combined,test
401628571,2024,14,USC,Notre Dame,0.3056208494270108,-7.142862783206384,margin_predictor_market,market_combined,test
401629038,2024,14,Massachusetts,UConn,0.17439210633790675,-13.05451019586179,margin_predictor_market,market_combined,test
401635620,2024,14,Boston College,Pittsburgh,0.6553782158277246,4.641426844217714,margin_predictor_market,market_combined,test
401635621,2024,14,SMU,California,0.7968353324987669,10.470338501175442,margin_predictor_market,market_combined,test
401635622,2024,14,Wake Forest,Duke,0.3500788365746551,-5.51642348482733,margin_predictor_market,market_combined,test
401635623,2024,14,Syracuse,Miami,0.23132959205704567,-10.203976546252166,margin_predictor_market,market_combined,test
401635624,2024,14,North Carolina,NC State,0.656686122692725,4.688099593344077,margin_predictor_market,market_combined,test
401635625,2024,14,San José State,Stanford,0.5527396082133412,1.1706599562464377,margin_predictor_market,market_combined,test
401635640,2024,14,Virginia Tech,Virginia,0.6126413553178527,3.1570646246892515,margin_predictor_market,market_combined,test
401636938,2024,14,Colorado,Oklahoma State,0.9051115022868943,17.626765543219136,margin_predictor_market,market_combined,test
401636939,2024,14,UCF,Utah,0.8647452139105628,14.405124834177096,margin_predictor_market,market_combined,test
401636940,2024,14,Arizona,Arizona State,0.27902027006151636,-8.178843153152469,margin_predictor_market,market_combined,test
401636941,2024,14,Baylor,Kansas,0.5412077686496141,0.7958958580740148,margin_predictor_market,market_combined,test
401636942,2024,14,BYU,Houston,0.7771196450403953,9.522788139391828,margin_predictor_market,market_combined,test
401636943,2024,14,Cincinnati,TCU,0.39777558022358817,-3.874118105611751,margin_predictor_market,market_combined,test
401636944,2024,14,Iowa State,Kansas State,0.5126241399547283,-0.12771044428051015,margin_predictor_market,market_combined,test
401636945,2024,14,Texas Tech,West Virginia,0.5414691838046246,0.8043739612951177,margin_predictor_market,market_combined,test
401640988,2024,14,Florida International,Middle Tennessee,0.670894979185445,5.200837909617457,margin_predictor_market,market_combined,test
401640997,2024,14,Sam Houston,Liberty,0.31509292590257754,-6.7864823031166726,margin_predictor_market,market_combined,test
401641006,2024,14,Western Kentucky,Jacksonville State,0.40563160896155004,-3.6108968997129964,margin_predictor_market,market_combined,test
401641014,2024,14,Louisiana Tech,Kennesaw State,0.8493574938508975,13.392897457529141,margin_predictor_market,market_combined,test
401641031,2024,14,New Mexico State,UTEP,0.5877040627607409,2.3200379940808045,margin_predictor_market,market_combined,test
401643768,2024,14,San Diego State,Air Force,0.3166793207901796,-6.727369415661865,margin_predictor_market,market_combined,test
401643769,2024,14,Boise State,Oregon State,0.9110157974903739,18.196443474299087,margin_predictor_market,market_combined,test
401643770,2024,14,Colorado State,Utah State,0.6810970068504688,5.575938767689124,margin_predictor_market,market_combined,test
401643771,2024,14,Hawai'i,New Mexico,0.36438548209668525,-5.014651990953835,margin_predictor_market,market_combined,test
401643772,2024,14,UNLV,Nevada,0.8591285008340489,14.025014202999627,margin_predictor_market,market_combined,test
401643773,2024,14,Washington State,Wyoming,0.9207817313865072,19.21842030699107,margin_predictor_market,market_combined,test
401643843,2024,14,South Alabama,Texas State,0.4361528324671232,-2.6022169788782477,margin_predictor_market,market_combined,test
401643844,2024,14,Georgia Southern,App State,0.6104176828061835,3.0816899547148218,margin_predictor_market,market_combined,test
401643845,2024,14,Georgia State,Coastal Carolina,0.4888156015343026,-0.8947271822937033,margin_predictor_market,market_combined,test
401643846,2024,14,James Madison,Marshall,0.6284993460373751,3.699444058028252,margin_predictor_market,market_combined,test
401643847,2024,14,Arkansas State,Old Dominion,0.37796506984932016,-4.546115088843852,margin_predictor_market,market_combined,test
401643848,2024,14,UL Monroe,Louisiana,0.2238318102522655,-10.54745896057899,margin_predictor_market,market_combined,test
401643849,2024,14,Troy,Southern Miss,0.9326681418772218,20.630822542866987,margin_predictor_market,market_combined,test
401644691,2024,14,Bowling Green,Miami (OH),0.5192311105440124,0.0853185796411351,margin_predictor_market,market_combined,test
401644775,2024,14,Akron,Toledo,0.25294553668952763,-9.254953587980904,margin_predictor_market,market_combined,test
401644776,2024,14,Buffalo,Kent State,0.9555750448115052,24.17468241974021,margin_predictor_market,market_combined,test
401644777,2024,14,Ohio,Ball State,0.9269958539197944,19.930393782171382,margin_predictor_market,market_combined,test
401644779,2024,14,Northern Illinois,Central Michigan,0.8388959465424833,12.752448849346298,margin_predictor_market,market_combined,test
401644780,2024,14,Western Michigan,Eastern Michigan,0.7401468220977703,7.8943578731168405,margin_predictor_market,market_combined,test
401645376,2024,14,Tulane,Memphis,0.7915700402752445,10.210920741796487,margin_predictor_market,market_combined,test
401645377,2024,14,Charlotte,UAB,0.611935102633662,3.13310806555738,margin_predictor_market,market_combined,test
401645378,2024,14,Army,UTSA,0.7153118594671057,6.884517486629461,margin_predictor_market,market_combined,test
401645379,2024,14,East Carolina,Navy,0.5320962462022616,0.5008208795314668,margin_predictor_market,market_combined,test
401645380,2024,14,Tulsa,Florida Atlantic,0.5005776571358801,-0.5158126554443094,margin_predictor_market,market_combined,test
401645381,2024,14,Temple,North Texas,0.2050409541089653,-11.446167395016024,margin_predictor_market,market_combined,test
401645382,2024,14,Rice,South Florida,0.342344418271847,-5.791587419962978,margin_predictor_market,market_combined,test
401673462,2024,15,Army,Tulane,0.35300988921679793,-5.412886804650951,margin_predictor_market,market_combined,test
401673463,2024,15,SMU,Clemson,0.6602532367116318,4.815826984066011,margin_predictor_market,market_combined,test
401673464,2024,15,Oregon,Penn State,0.5545000210068921,1.2280223929137362,margin_predictor_market,market_combined,test
401673465,2024,15,Arizona State,Iowa State,0.6507831867431094,4.478111550404789,margin_predictor_market,market_combined,test
401673466,2024,15,Jacksonville State,Western Kentucky,0.7378084462016922,7.796738349347189,margin_predictor_market,market_combined,test
401673467,2024,15,Miami (OH),Ohio,0.5746233210271853,1.887278200135611,margin_predictor_market,market_combined,test
401673468,2024,15,Boise State,UNLV,0.653396350489799,4.570863426992584,margin_predictor_market,market_combined,test
401673469,2024,15,Texas,Georgia,0.6986638489478418,6.237252061073701,margin_predictor_market,market_combined,test
401673470,2024,15,Louisiana,Marshall,0.6664929965830652,5.040835872415723,margin_predictor_market,market_combined,test
401645383,2024,16,Army,Navy,0.7371853497395587,7.770821038435498,margin_predictor_market,market_combined,test
401752708,2025,4,Memphis,Arkansas,0.3930868517906586,-4.032050595012576,margin_predictor_market,market_combined,test
401752709,2025,4,Miami,Florida,0.8137912655243214,11.341651235966754,margin_predictor_market,market_combined,test
401752711,2025,4,Ole Miss,Tulane,0.7949493522943393,10.37685065811667,margin_predictor_market,market_combined,test
401752712,2025,4,Mississippi State,Northern Illinois,0.9583135657751067,24.710069791162574,margin_predictor_market,market_combined,test
401752713,2025,4,Missouri,South Carolina,0.7643093892729197,8.938931491741787,margin_predictor_market,market_combined,test
401752714,2025,4,Oklahoma,Auburn,0.6844686845887192,5.701292998964782,margin_predictor_market,market_combined,test
401752715,2025,4,Tennessee,UAB,0.9894807627388961,36.05580195057474,margin_predictor_market,market_combined,test
401752716,2025,4,Vanderbilt,Georgia State,0.9757659724864166,29.22320365639518,margin_predictor_market,market_combined,test
401752723,2025,4,Texas,Sam Houston,0.9923112230577016,38.602801885969,margin_predictor_market,market_combined,test
401752841,2025,4,Oregon,Oregon State,0.9898075758071219,36.31260501954599,margin_predictor_market,market_combined,test
401752842,2025,4,Washington State,Washington,0.07525576321807237,-20.735045009473204,margin_predictor_market,market_combined,test
401752843,2025,4,Indiana,Illinois,0.785492825844708,9.917431025986364,margin_predictor_market,market_combined,test
401752844,2025,4,Rutgers,Iowa,0.3710764532374658,-4.782915065180674,margin_predictor_market,market_combined,test
401752845,2025,4,Wisconsin,Maryland,0.7785809218008425,9.590884057570213,margin_predictor_market,market_combined,test
401752846,2025,4,Nebraska,Michigan,0.3869979869761677,-4.238142425929572,margin_predictor_market,market_combined,test
401752847,2025,4,USC,Michigan State,0.8745302889767417,15.100439040321186,margin_predictor_market,market_combined,test
401752848,2025,4,Notre Dame,Purdue,0.9338497896135945,20.783590633203744,margin_predictor_market,market_combined,test
401754537,2025,4,Clemson,Syracuse,0.907412703162101,17.84490510070598,margin_predictor_market,market_combined,test
401754538,2025,4,Duke,NC State,0.5848171124200053,2.224196792186791,margin_predictor_market,market_combined,test
401754539,2025,4,Virginia,Stanford,0.8601707029764288,14.094572301832944,margin_predictor_market,market_combined,test
401754540,2025,4,San Diego State,California,0.15765413913199233,-14.028644452599478,margin_predictor_market,market_combined,test
401754541,2025,4,Florida State,Kent State,0.9962894395357164,44.501879145255806,margin_predictor_market,market_combined,test
401754542,2025,4,Georgia Tech,Temple,0.9640472314630204,25.949626144364053,margin_predictor_market,market_combined,test
401754636,2025,4,TCU,SMU,0.7428806551708089,8.009212260333056,margin_predictor_market,market_combined,test
401754640,2025,4,UCF,North Carolina,0.6912974412884796,5.957417928364464,margin_predictor_market,market_combined,test
401754642,2025,4,Louisville,Bowling Green,0.9533142084400044,23.75589557869977,margin_predictor_market,market_combined,test
401756896,2025,4,Baylor,Arizona State,0.543522374698193,0.8709882856362254,margin_predictor_market,market_combined,test
401756897,2025,4,Colorado,Wyoming,0.8294481745766498,12.202345874612169,margin_predictor_market,market_combined,test
401756898,2025,4,East Carolina,BYU,0.30943107770207007,-6.998784332064709,margin_predictor_market,market_combined,test
401756899,2025,4,Kansas,West Virginia,0.8241941764862175,11.906857455120624,margin_predictor_market,market_combined,test
401756900,2025,4,Oklahoma State,Tulsa,0.760799960843214,8.782855133316158,margin_predictor_market,market_combined,test
401756901,2025,4,Utah,Texas Tech,0.639794400366724,4.091498979683838,margin_predictor_market,market_combined,test
401757169,2025,4,UConn,Ball State,0.9411583144136803,21.789129132098946,margin_predictor_market,market_combined,test
401757259,2025,4,Florida International,Delaware,0.6093230397980773,3.0446427549446637,margin_predictor_market,market_combined,test
401757261,2025,4,Kennesaw State,Arkansas State,0.38329388967054384,-4.364097804190049,margin_predictor_market,market_combined,test
401757262,2025,4,Liberty,James Madison,0.2828840915208929,-8.024828791993512,margin_predictor_market,market_combined,test
401757263,2025,4,Louisiana Tech,Southern Miss,0.6767836605705605,5.416596496281169,margin_predictor_market,market_combined,test
401757264,2025,4,Middle Tennessee,Marshall,0.36563405637585195,-4.971273713116281,margin_predictor_market,market_combined,test
401757267,2025,4,UTEP,UL Monroe,0.6863764291446528,5.772539638747039,margin_predictor_market,market_combined,test
401757268,2025,4,Western Kentucky,Nevada,0.7208373644344963,7.104307490082778,margin_predictor_market,market_combined,test
401760372,2025,4,Air Force,Boise State,0.20686019368063965,-11.356587455086705,margin_predictor_market,market_combined,test
401760373,2025,4,Colorado State,UTSA,0.37922291850846096,-4.503061569014175,margin_predictor_market,market_combined,test
401760374,2025,4,Hawai'i,Fresno State,0.3900769617364614,-4.13378238268008,margin_predictor_market,market_combined,test
401760376,2025,4,Miami (OH),UNLV,0.44834347494610355,-2.204227428641341,margin_predictor_market,market_combined,test
401761610,2025,4,Eastern Michigan,Louisiana,0.4028037482568967,-3.7054521429177547,margin_predictor_market,market_combined,test
401761611,2025,4,South Alabama,Coastal Carolina,0.884211716993287,15.835715012899902,margin_predictor_market,market_combined,test
401761613,2025,4,Buffalo,Troy,0.6712488940844273,5.213748853859734,margin_predictor_market,market_combined,test
401762468,2025,4,Charlotte,Rice,0.38849461530713486,-4.187377421447467,margin_predictor_market,market_combined,test
401762469,2025,4,Army,North Texas,0.4907064288561003,-0.8337982354522935,margin_predictor_market,market_combined,test
401762820,2025,4,Western Michigan,Toledo,0.11464260420071412,-16.99505253783103,margin_predictor_market,market_combined,test
401752717,2025,5,Arkansas,Notre Dame,0.41211998851228865,-3.394723423975624,margin_predictor_market,market_combined,test
401752718,2025,5,Georgia,Alabama,0.5176714655207608,0.035014052744476665,margin_predictor_market,market_combined,test
401752719,2025,5,Ole Miss,LSU,0.43679098146952006,-2.5813250073646645,margin_predictor_market,market_combined,test
401752720,2025,5,Mississippi State,Tennessee,0.39970756027606097,-3.809227812074704,margin_predictor_market,market_combined,test
401752721,2025,5,Missouri,Massachusetts,0.9972072151942739,46.7973523132322,margin_predictor_market,market_combined,test
401752722,2025,5,South Carolina,Kentucky,0.6550876429215282,4.631069157375292,margin_predictor_market,market_combined,test
401752724,2025,5,Texas A&M,Auburn,0.6918337783191575,5.977665400758869,margin_predictor_market,market_combined,test
401752725,2025,5,Vanderbilt,Utah State,0.9589416141330479,24.837587197210386,margin_predictor_market,market_combined,test
401752849,2025,5,Minnesota,Rutgers,0.693910559480939,6.056252059839485,margin_predictor_market,market_combined,test
401752850,2025,5,Illinois,USC,0.31729713669546966,-6.7043911631146855,margin_predictor_market,market_combined,test
401752851,2025,5,Northwestern,UCLA,0.623808240353128,3.538069641721492,margin_predictor_market,market_combined,test
401752852,2025,5,Washington,Ohio State,0.34351177546177764,-5.749870018857674,margin_predictor_market,market_combined,test
401752853,2025,5,Iowa,Indiana,0.16807131208843323,-13.413204687166575,margin_predictor_market,market_combined,test
401752854,2025,5,Penn State,Oregon,0.6340548529171718,3.8916376472842185,margin_predictor_market,market_combined,test
401752939,2025,5,Oregon State,Houston,0.1396083346565632,-15.178213248972222,margin_predictor_market,market_combined,test
401752950,2025,5,Colorado State,Washington State,0.6726747863833581,5.265838018497558,margin_predictor_market,market_combined,test
401754543,2025,5,Virginia,Florida State,0.2273622828710877,-10.384728593177375,margin_predictor_market,market_combined,test
401754544,2025,5,Boston College,California,0.6466032514921405,4.330412858454998,margin_predictor_market,market_combined,test
401754545,2025,5,Syracuse,Duke,0.3222001735067534,-6.5228719741738725,margin_predictor_market,market_combined,test
401754546,2025,5,Wake Forest,Georgia Tech,0.1540740514021627,-14.24776372010942,margin_predictor_market,market_combined,test
401754547,2025,5,Pittsburgh,Louisville,0.4393090684921246,-2.4989530296260223,margin_predictor_market,market_combined,test
401754548,2025,5,NC State,Virginia Tech,0.7330988134652671,7.601813188363986,margin_predictor_market,market_combined,test
401754549,2025,5,Stanford,San José State,0.5596147821565562,1.3949434526691626,margin_predictor_market,market_combined,test
401756902,2025,5,Arizona State,TCU,0.5286360339272922,0.3889547915935414,margin_predictor_market,market_combined,test
401756903,2025,5,Colorado,BYU,0.25692422064583237,-9.086278122517674,margin_predictor_market,market_combined,test
401756904,2025,5,Iowa State,Arizona,0.6216873258215115,3.4653738649178845,margin_predictor_market,market_combined,test
401756905,2025,5,Kansas,Cincinnati,0.6262430016662878,3.621723749434616,margin_predictor_market,market_combined,test
401756906,2025,5,Kansas State,UCF,0.6264796757265844,3.629867098577309,margin_predictor_market,market_combined,test
401756907,2025,5,Oklahoma State,Baylor,0.10159370781448811,-18.08591186914492,margin_predictor_market,market_combined,test
401756908,2025,5,West Virginia,Utah,0.1322198725545459,-15.684917499165335,margin_predictor_market,market_combined,test
401757170,2025,5,Buffalo,UConn,0.4177330539209749,-3.208534909349648,margin_predictor_market,market_combined,test
401757269,2025,5,Southern Miss,Jacksonville State,0.6364422574621905,3.974606601268862,margin_predictor_market,market_combined,test
401757270,2025,5,Kennesaw State,Middle Tennessee,0.6810175313979266,5.57299254341042,margin_predictor_market,market_combined,test
401757271,2025,5,Old Dominion,Liberty,0.8575186426321545,13.918410534921554,margin_predictor_market,market_combined,test
401757272,2025,5,UTEP,Louisiana Tech,0.3226305209022989,-6.507009566978317,margin_predictor_market,market_combined,test
401757273,2025,5,Missouri State,Western Kentucky,0.35290948279591977,-5.41642705665868,margin_predictor_market,market_combined,test
401757274,2025,5,New Mexico,New Mexico State,0.9223606862513901,19.394337366544832,margin_predictor_market,market_combined,test
401760378,2025,5,Air Force,Hawai'i,0.6803554309860116,5.548463044426876,margin_predictor_market,market_combined,test
401760379,2025,5,Boise State,App State,0.8734764365196135,15.023377247590624,margin_predictor_market,market_combined,test
401760380,2025,5,Northern Illinois,San Diego State,0.39599096264011135,-3.934153960648311,margin_predictor_market,market_combined,test
401761614,2025,5,James Madison,Georgia Southern,0.9111849743786641,18.21326262956935,margin_predictor_market,market_combined,test
401761615,2025,5,Louisiana,Marshall,0.3205957175599586,-6.5821098315602935,margin_predictor_market,market_combined,test
401761616,2025,5,UL Monroe,Arkansas State,0.5398792106782905,0.7528199088152614,margin_predictor_market,market_combined,test
401761617,2025,5,North Texas,South Alabama,0.8161307169197106,11.466575792309941,margin_predictor_market,market_combined,test
401762471,2025,5,East Carolina,Army,0.6884797773659659,5.851364703098286,margin_predictor_market,market_combined,test
401762472,2025,5,Florida Atlantic,Memphis,0.0855046607544877,-19.617175106707933,margin_predictor_market,market_combined,test
401762473,2025,5,Navy,Rice,0.8234024556991387,11.862936595141424,margin_predictor_market,market_combined,test
401762474,2025,5,Tulsa,Tulane,0.18044200351682094,-12.720671227395112,margin_predictor_market,market_combined,test
401762824,2025,5,Toledo,Akron,0.9507448901587063,23.302766743445833,margin_predictor_market,market_combined,test
401762825,2025,5,Ohio,Bowling Green,0.6929675304792283,6.020530590935731,margin_predictor_market,market_combined,test
401762826,2025,5,Central Michigan,Eastern Michigan,0.6457230234403942,4.2994116050408895,margin_predictor_market,market_combined,test
401752726,2025,6,Alabama,Vanderbilt,0.8332109027679991,12.418435957027494,margin_predictor_market,market_combined,test
401752727,2025,6,Florida,Texas,0.3621791083554709,-5.091462043649484,margin_predictor_market,market_combined,test
401752728,2025,6,Georgia,Kentucky,0.9214985874268841,19.297886467066437,margin_predictor_market,market_combined,test
401752729,2025,6,Oklahoma,Kent State,0.9975779852952211,47.947335742489145,margin_predictor_market,market_combined,test
401752730,2025,6,Texas A&M,Mississippi State,0.8965912706155444,16.858198031167912,margin_predictor_market,market_combined,test
401752855,2025,6,UCLA,Penn State,0.041597149414878874,-25.79692329017105,margin_predictor_market,market_combined,test
401752856,2025,6,Michigan,Wisconsin,0.9048890319554889,17.605928776766127,margin_predictor_market,market_combined,test
401752857,2025,6,Maryland,Washington,0.23205083519961822,-10.17135030428517,margin_predictor_market,market_combined,test
401752858,2025,6,Northwestern,UL Monroe,0.7874131516146972,10.009505686642488,margin_predictor_market,market_combined,test
401752859,2025,6,Ohio State,Minnesota,0.9295248343051548,20.2362288506894,margin_predictor_market,market_combined,test
401752860,2025,6,Nebraska,Michigan State,0.7535687119497497,8.466125110798249,margin_predictor_market,market_combined,test
401752861,2025,6,Purdue,Illinois,0.2589859835881519,-8.999542930251382,margin_predictor_market,market_combined,test
401752940,2025,6,App State,Oregon State,0.6998493394786633,6.282645696319733,margin_predictor_market,market_combined,test
401754550,2025,6,Pittsburgh,Boston College,0.7714960246307586,9.263649110757056,margin_predictor_market,market_combined,test
401754551,2025,6,California,Duke,0.3815985421554269,-4.421899856157808,margin_predictor_market,market_combined,test
401754552,2025,6,North Carolina,Clemson,0.16318101196881524,-13.698176276331163,margin_predictor_market,market_combined,test
401754553,2025,6,Florida State,Miami,0.39293386829058813,-4.037214621408557,margin_predictor_market,market_combined,test
401754554,2025,6,Louisville,Virginia,0.7179342316325326,6.988502444464951,margin_predictor_market,market_combined,test
401754555,2025,6,SMU,Syracuse,0.8874694769582357,16.095137198253813,margin_predictor_market,market_combined,test
401754556,2025,6,Virginia Tech,Wake Forest,0.7143972490821238,6.848386367189548,margin_predictor_market,market_combined,test
401756909,2025,6,BYU,West Virginia,0.9312384957877246,20.44928290626265,margin_predictor_market,market_combined,test
401756910,2025,6,Arizona,Oklahoma State,0.9455193591351977,22.44643709965276,margin_predictor_market,market_combined,test
401756911,2025,6,Baylor,Kansas State,0.5779794471391564,1.9979565120284828,margin_predictor_market,market_combined,test
401756912,2025,6,Cincinnati,Iowa State,0.5999882791639404,2.730183571102749,margin_predictor_market,market_combined,test
401756913,2025,6,Houston,Texas Tech,0.17659753871967426,-12.93177476729399,margin_predictor_market,market_combined,test
401756914,2025,6,TCU,Colorado,0.8320290639594963,12.350148890179009,margin_predictor_market,market_combined,test
401756915,2025,6,UCF,Kansas,0.3853881384230941,-4.292828705325418,margin_predictor_market,market_combined,test
401757165,2025,6,Notre Dame,Boise State,0.9269467974584026,19.924558449101287,margin_predictor_market,market_combined,test
401757171,2025,6,UConn,Florida International,0.6939983678623212,6.059581322688555,margin_predictor_market,market_combined,test
401757275,2025,6,New Mexico State,Sam Houston,0.4228457343924363,-3.039559932207545,margin_predictor_market,market_combined,test
401757276,2025,6,Delaware,Western Kentucky,0.5932155206041722,2.5035708867814,margin_predictor_market,market_combined,test
401760381,2025,6,Navy,Air Force,0.8713148318724941,14.867013715838596,margin_predictor_market,market_combined,test
401760382,2025,6,San Diego State,Colorado State,0.6245141583071226,3.5623014083467988,margin_predictor_market,market_combined,test
401760383,2025,6,Fresno State,Nevada,0.8610501318009819,14.15360520730212,margin_predictor_market,market_combined,test
401760384,2025,6,San José State,New Mexico,0.4348185513133959,-2.6459216564903953,margin_predictor_market,market_combined,test
401760385,2025,6,Wyoming,UNLV,0.2873613253945725,-7.847947301259035,margin_predictor_market,market_combined,test
401761618,2025,6,Georgia State,James Madison,0.06601066368404308,-21.8706366739984,margin_predictor_market,market_combined,test
401761619,2025,6,Old Dominion,Coastal Carolina,0.8967647603268508,16.87327707101247,margin_predictor_market,market_combined,test
401761620,2025,6,Arkansas State,Texas State,0.18103230200057907,-12.688569350535387,margin_predictor_market,market_combined,test
401761621,2025,6,Troy,South Alabama,0.44883186867306646,-2.1883282224413008,margin_predictor_market,market_combined,test
401762475,2025,6,South Florida,Charlotte,0.9689939970062925,27.182808745553807,margin_predictor_market,market_combined,test
401762476,2025,6,UAB,Army,0.359513533768585,-5.184528652122674,margin_predictor_market,market_combined,test
401762477,2025,6,Rice,Florida Atlantic,0.7911724755753671,10.19153052595328,margin_predictor_market,market_combined,test
401762478,2025,6,Memphis,Tulsa,0.9513165207009434,23.401606317017258,margin_predictor_market,market_combined,test
401762479,2025,6,Temple,UTSA,0.25634137202893054,-9.110880070493154,margin_predictor_market,market_combined,test
401762829,2025,6,Akron,Central Michigan,0.2617637915282252,-8.883391707845764,margin_predictor_market,market_combined,test
401762830,2025,6,Ball State,Ohio,0.12408050939701665,-16.27171246033502,margin_predictor_market,market_combined,test
401762831,2025,6,Buffalo,Eastern Michigan,0.76686445082078,9.053577131033977,margin_predictor_market,market_combined,test
401762832,2025,6,Massachusetts,Western Michigan,0.15693402461407277,-14.07239091280138,margin_predictor_market,market_combined,test
401762873,2025,6,Northern Illinois,Miami (OH),0.36824071038718903,-4.880913909793163,margin_predictor_market,market_combined,test
401752731,2025,7,Auburn,Georgia,0.4431070491762115,-2.3749048055028266,margin_predictor_market,market_combined,test
401752732,2025,7,LSU,South Carolina,0.7491797575384915,8.276935818106876,margin_predictor_market,market_combined,test
401752733,2025,7,Ole Miss,Washington State,0.9689742406596527,27.177515342026386,margin_predictor_market,market_combined,test
401752734,2025,7,Missouri,Alabama,0.42324707094520914,-3.026319292008298,margin_predictor_market,market_combined,test
401752735,2025,7,Tennessee,Arkansas,0.6519874556339794,4.520815622416595,margin_predictor_market,market_combined,test
401752736,2025,7,Texas,Oklahoma,0.575307090543015,1.9098088073687356,margin_predictor_market,market_combined,test
401752737,2025,7,Texas A&M,Florida,0.7581272555118721,8.665041390033847,margin_predictor_market,market_combined,test
401752862,2025,7,Washington,Rutgers,0.8752144586875569,15.150765458080716,margin_predictor_market,market_combined,test
401752863,2025,7,Michigan State,UCLA,0.7498538710545725,8.305849434480626,margin_predictor_market,market_combined,test
401752864,2025,7,Minnesota,Purdue,0.7866204866951623,9.971426308093495,margin_predictor_market,market_combined,test
401752865,2025,7,Illinois,Ohio State,0.15794291432863722,-14.01114718700905,margin_predictor_market,market_combined,test
401752866,2025,7,Penn State,Northwestern,0.9402871501353719,21.663327367696073,margin_predictor_market,market_combined,test
401752867,2025,7,Maryland,Nebraska,0.2910311843648025,-7.70418647550907,margin_predictor_market,market_combined,test
401752868,2025,7,USC,Michigan,0.49913016495851814,-0.562436243300668,margin_predictor_market,market_combined,test
401752869,2025,7,Wisconsin,Iowa,0.36825808620531175,-4.8803124775794355,margin_predictor_market,market_combined,test
401752870,2025,7,Oregon,Indiana,0.6533892168180262,4.570609779646284,margin_predictor_market,market_combined,test
401754558,2025,7,Boston College,Clemson,0.11876540902802034,-16.672968000116533,margin_predictor_market,market_combined,test
401754559,2025,7,Florida State,Pittsburgh,0.7640256212232158,8.926252040466865,margin_predictor_market,market_combined,test
401754560,2025,7,Georgia Tech,Virginia Tech,0.85792158455419,13.94499835514188,margin_predictor_market,market_combined,test
401754561,2025,7,SMU,Stanford,0.9181646064591423,18.933771678968725,margin_predictor_market,market_combined,test
401754562,2025,7,Notre Dame,NC State,0.9328593097836508,20.655367885733863,margin_predictor_market,market_combined,test
401754563,2025,7,Oregon State,Wake Forest,0.3803611411759386,-4.46415047669581,margin_predictor_market,market_combined,test
401756916,2025,7,Arizona,BYU,0.35816781939030784,-5.231627987776495,margin_predictor_market,market_combined,test
401756917,2025,7,Cincinnati,UCF,0.77465226086379,9.40852597996698,margin_predictor_market,market_combined,test
401756918,2025,7,Colorado,Iowa State,0.429646802992736,-2.8156220171863597,margin_predictor_market,market_combined,test
401756919,2025,7,Kansas State,TCU,0.3632647645476946,-5.053642272053564,margin_predictor_market,market_combined,test
401756920,2025,7,Oklahoma State,Houston,0.16884872614582894,-13.36851552744964,margin_predictor_market,market_combined,test
401756921,2025,7,Texas Tech,Kansas,0.8104257417281308,11.164040111666543,margin_predictor_market,market_combined,test
401756922,2025,7,Utah,Arizona State,0.8125357477653644,11.27510649307501,margin_predictor_market,market_combined,test
401757277,2025,7,UTEP,Liberty,0.5085407911796671,-0.2592943001099903,margin_predictor_market,market_combined,test
401757278,2025,7,Middle Tennessee,Missouri State,0.47359869438221996,-1.385593500197095,margin_predictor_market,market_combined,test
401757279,2025,7,Sam Houston,Jacksonville State,0.3539556302333808,-5.379563105412915,margin_predictor_market,market_combined,test
401757280,2025,7,Kennesaw State,Louisiana Tech,0.3152793031934502,-6.779529138619356,margin_predictor_market,market_combined,test
401760386,2025,7,UNLV,Air Force,0.6561156951340404,4.667733462581801,margin_predictor_market,market_combined,test
401760387,2025,7,Boise State,New Mexico,0.8294311505237968,12.201376862405818,margin_predictor_market,market_combined,test
401760388,2025,7,Colorado State,Fresno State,0.3574271398249761,-5.2575847387850985,margin_predictor_market,market_combined,test
401760389,2025,7,Hawai'i,Utah State,0.5135091344105072,-0.0991853892511072,margin_predictor_market,market_combined,test
401760390,2025,7,Nevada,San Diego State,0.23203982002682566,-10.171848055161288,margin_predictor_market,market_combined,test
401760391,2025,7,Wyoming,San José State,0.4061652936622167,-3.5930757443192465,margin_predictor_market,market_combined,test
401761622,2025,7,Georgia Southern,Southern Miss,0.29533137182276153,-7.537085825213952,margin_predictor_market,market_combined,test
401761623,2025,7,Coastal Carolina,UL Monroe,0.3384584269285266,-5.930955534515551,margin_predictor_market,market_combined,test
401761624,2025,7,Georgia State,App State,0.310036800584543,-6.975970517761688,margin_predictor_market,market_combined,test
401761625,2025,7,James Madison,Louisiana,0.9144789623326173,18.546650876259633,margin_predictor_market,market_combined,test
401761626,2025,7,Marshall,Old Dominion,0.2556793395768721,-9.138868863881152,margin_predictor_market,market_combined,test
401761627,2025,7,Texas State,Troy,0.6977301539944949,6.201571401238947,margin_predictor_market,market_combined,test
401762480,2025,7,Tulane,East Carolina,0.5795333278210703,2.04928022536914,margin_predictor_market,market_combined,test
401762481,2025,7,North Texas,South Florida,0.61912304711303,3.3776939883168717,margin_predictor_market,market_combined,test
401762482,2025,7,Florida Atlantic,UAB,0.5362553868419945,0.6354159175144964,margin_predictor_market,market_combined,test
401762483,2025,7,Army,Charlotte,0.9046824426051808,17.58661845709292,margin_predictor_market,market_combined,test
401762484,2025,7,Temple,Navy,0.15082246805177826,-14.450415009102398,margin_predictor_market,market_combined,test
401762485,2025,7,UTSA,Rice,0.716807261221627,6.943743347959702,margin_predictor_market,market_combined,test
401762833,2025,7,Akron,Miami (OH),0.20352341680742644,-11.521343626038503,margin_predictor_market,market_combined,test
401762834,2025,7,Western Michigan,Ball State,0.7840924700245433,9.850664814722037,margin_predictor_market,market_combined,test
401762835,2025,7,Bowling Green,Toledo,0.15334061247822975,-14.293166100969922,margin_predictor_market,market_combined,test
401762836,2025,7,Eastern Michigan,Northern Illinois,0.41019820369304477,-3.4586419340528667,margin_predictor_market,market_combined,test
401762837,2025,7,Kent State,Massachusetts,0.5692617594685249,1.7109301875270289,margin_predictor_market,market_combined,test
401752738,2025,8,Alabama,Tennessee,0.8073653133071784,11.004615384573208,margin_predictor_market,market_combined,test
401752739,2025,8,Arkansas,Texas A&M,0.25349439872896484,-9.231581268468215,margin_predictor_market,market_combined,test
401752740,2025,8,Auburn,Missouri,0.4779932927473681,-1.2437106069887478,margin_predictor_market,market_combined,test
401752741,2025,8,Florida,Mississippi State,0.762868344240414,8.874650845923078,margin_predictor_market,market_combined,test
401752742,2025,8,Georgia,Ole Miss,0.7955402192473578,10.406070864431577,margin_predictor_market,market_combined,test
401752743,2025,8,Kentucky,Texas,0.1807098286527599,-12.706096112638095,margin_predictor_market,market_combined,test
401752744,2025,8,South Carolina,Oklahoma,0.30987903980962966,-6.981910017372728,margin_predictor_market,market_combined,test
401752745,2025,8,Vanderbilt,LSU,0.5816269321628056,2.1185132484409,margin_predictor_market,market_combined,test
401752871,2025,8,Notre Dame,USC,0.8073419222931778,11.003404358398448,margin_predictor_market,market_combined,test
401752872,2025,8,Minnesota,Nebraska,0.3371436571450797,-5.978284801859058,margin_predictor_market,market_combined,test
401752873,2025,8,Michigan,Washington,0.6166280267556066,3.292600061803032,margin_predictor_market,market_combined,test
401752874,2025,8,Northwestern,Purdue,0.6375595823003956,4.0135167832581455,margin_predictor_market,market_combined,test
401752875,2025,8,Iowa,Penn State,0.5362758182290973,0.6360774904562132,margin_predictor_market,market_combined,test
401752876,2025,8,Rutgers,Oregon,0.053057572644829236,-23.74051671794599,margin_predictor_market,market_combined,test
401752877,2025,8,Wisconsin,Ohio State,0.05863083379384596,-22.888677662548144,margin_predictor_market,market_combined,test
401752878,2025,8,Indiana,Michigan State,0.9717620418444846,27.958795266231583,margin_predictor_market,market_combined,test
401752879,2025,8,UCLA,Maryland,0.6278167885924986,3.6759130176498958,margin_predictor_market,market_combined,test
401752951,2025,8,Virginia,Washington State,0.8323815408096692,12.370474854336173,margin_predictor_market,market_combined,test
401754371,2025,8,California,North Carolina,0.6535687288922037,4.576993319813756,margin_predictor_market,market_combined,test
401754564,2025,8,Miami,Louisville,0.8556094563133345,13.79327947969301,margin_predictor_market,market_combined,test
401754565,2025,8,Clemson,SMU,0.7010252294562852,6.327772983778885,margin_predictor_market,market_combined,test
401754566,2025,8,Duke,Georgia Tech,0.5692700180283399,1.7112013996043967,margin_predictor_market,market_combined,test
401754567,2025,8,Stanford,Florida State,0.07815195820042571,-20.405703583454326,margin_predictor_market,market_combined,test
401754568,2025,8,Syracuse,Pittsburgh,0.18552377025952546,-12.446939400356944,margin_predictor_market,market_combined,test
401754569,2025,8,Boston College,UConn,0.40623840181563803,-3.5906350453768314,margin_predictor_market,market_combined,test
401756923,2025,8,Arizona State,Texas Tech,0.24644946548066027,-9.534174781665504,margin_predictor_market,market_combined,test
401756924,2025,8,BYU,Utah,0.35864952162554037,-5.214759705843756,margin_predictor_market,market_combined,test
401756925,2025,8,Houston,Arizona,0.45981693247222927,-1.8315081056096738,margin_predictor_market,market_combined,test
401756926,2025,8,Oklahoma State,Cincinnati,0.053679758541096405,-23.641345251865417,margin_predictor_market,market_combined,test
401756927,2025,8,TCU,Baylor,0.7140708424596431,6.835508702963458,margin_predictor_market,market_combined,test
401756928,2025,8,UCF,West Virginia,0.7067643841797805,6.549507633776025,margin_predictor_market,market_combined,test
401757281,2025,8,Western Kentucky,Florida International,0.7683299469296545,9.119728707660533,margin_predictor_market,market_combined,test
401757282,2025,8,Liberty,New Mexico State,0.7775875223267071,9.544556559445637,margin_predictor_market,market_combined,test
401757283,2025,8,Jacksonville State,Delaware,0.40258106844837777,-3.712906985975214,margin_predictor_market,market_combined,test
401757284,2025,8,Sam Houston,UTEP,0.4605563414811571,-1.8075398560089764,margin_predictor_market,market_combined,test
401760392,2025,8,Air Force,Wyoming,0.7201647346231305,7.077411309859858,margin_predictor_market,market_combined,test
401760393,2025,8,Boise State,UNLV,0.8610218795929968,14.151703875428728,margin_predictor_market,market_combined,test
401760394,2025,8,Colorado State,Hawai'i,0.632788808737975,3.847732170651633,margin_predictor_market,market_combined,test
401760395,2025,8,New Mexico,Nevada,0.886837275863653,16.04428636098747,margin_predictor_market,market_combined,test
401760396,2025,8,Utah State,San José State,0.662836045509247,4.908715584933574,margin_predictor_market,market_combined,test
401761628,2025,8,South Alabama,Arkansas State,0.7111861115082688,6.722078080605302,margin_predictor_market,market_combined,test
401761629,2025,8,App State,Coastal Carolina,0.83507950915974,12.52719894713894,margin_predictor_market,market_combined,test
401761630,2025,8,Georgia Southern,Georgia State,0.6284341544215971,3.697195827255788,margin_predictor_market,market_combined,test
401761631,2025,8,James Madison,Old Dominion,0.6713366430209582,5.216951063571363,margin_predictor_market,market_combined,test
401761632,2025,8,Marshall,Texas State,0.5075648026985994,-0.29073893972609266,margin_predictor_market,market_combined,test
401761633,2025,8,UL Monroe,Troy,0.37122687466403403,-4.777725374021555,margin_predictor_market,market_combined,test
401761668,2025,8,Louisiana,Southern Miss,0.3635026448371248,-5.045362003838612,margin_predictor_market,market_combined,test
401762486,2025,8,East Carolina,Tulsa,0.9161355276085996,18.718733576079337,margin_predictor_market,market_combined,test
401762487,2025,8,UAB,Memphis,0.051263239486789736,-24.032795314005043,margin_predictor_market,market_combined,test
401762488,2025,8,Tulane,Army,0.7573130818158692,8.629328877066312,margin_predictor_market,market_combined,test
401762489,2025,8,Charlotte,Temple,0.28314495471365336,-8.014476824926193,margin_predictor_market,market_combined,test
401762490,2025,8,South Florida,Florida Atlantic,0.9320505277317171,20.55196232195942,margin_predictor_market,market_combined,test
401762491,2025,8,North Texas,UTSA,0.5198311967235236,0.10467682467782735,margin_predictor_market,market_combined,test
401762838,2025,8,Ball State,Akron,0.4780818651744449,-1.2408521845960183,margin_predictor_market,market_combined,test
401762839,2025,8,Bowling Green,Central Michigan,0.5636347587842734,1.526424430031553,margin_predictor_market,market_combined,test
401762840,2025,8,Massachusetts,Buffalo,0.09746999583249068,-18.456458650667347,margin_predictor_market,market_combined,test
401762841,2025,8,Miami (OH),Eastern Michigan,0.8287895332911772,12.164911757510675,margin_predictor_market,market_combined,test
401762842,2025,8,Toledo,Kent State,0.9756282333765881,29.176428583047038,margin_predictor_market,market_combined,test
401762843,2025,8,Ohio,Northern Illinois,0.8023964842254087,10.749832092251458,margin_predictor_market,market_combined,test
401752746,2025,9,Arkansas,Auburn,0.5529382013818404,1.177128862177181,margin_predictor_market,market_combined,test
401752747,2025,9,Kentucky,Tennessee,0.3845348190007917,-4.3218503024807635,margin_predictor_market,market_combined,test
401752748,2025,9,LSU,Texas A&M,0.43132428261345274,-2.760525580680246,margin_predictor_market,market_combined,test
401752749,2025,9,Mississippi State,Texas,0.2656589240420622,-8.721851545215134,margin_predictor_market,market_combined,test
401752750,2025,9,Oklahoma,Ole Miss,0.8076283279684706,11.018240193474487,margin_predictor_market,market_combined,test
401752751,2025,9,South Carolina,Alabama,0.20482199782835173,-11.456988543243728,margin_predictor_market,market_combined,test
401752752,2025,9,Vanderbilt,Missouri,0.627648495799841,3.670113859037486,margin_predictor_market,market_combined,test
401752880,2025,9,Washington,Illinois,0.6272136942297547,3.6551360726832067,margin_predictor_market,market_combined,test
401752881,2025,9,Michigan State,Michigan,0.12757799677999715,-16.01565825071189,margin_predictor_market,market_combined,test
401752882,2025,9,Iowa,Minnesota,0.6819322258492491,5.606924731201886,margin_predictor_market,market_combined,test
401752883,2025,9,Nebraska,Northwestern,0.7358298708044032,7.71457689211214,margin_predictor_market,market_combined,test
401752884,2025,9,Purdue,Rutgers,0.6157337111457836,3.2621502041104797,margin_predictor_market,market_combined,test
401752885,2025,9,Indiana,UCLA,0.9812418051084427,31.33072168463097,margin_predictor_market,market_combined,test
401752886,2025,9,Oregon,Wisconsin,0.9809793108232064,31.21666551965327,margin_predictor_market,market_combined,test
401752942,2025,9,Wake Forest,SMU,0.38516024792322423,-4.300576962005996,margin_predictor_market,market_combined,test
401752952,2025,9,Washington State,Toledo,0.3989441047914704,-3.834857693398192,margin_predictor_market,market_combined,test
401754372,2025,9,Virginia Tech,California,0.7534980900808245,8.463063092632074,margin_predictor_market,market_combined,test
401754570,2025,9,Louisville,Boston College,0.9596676098731243,24.987339162649356,margin_predictor_market,market_combined,test
401754571,2025,9,Georgia Tech,Syracuse,0.9277696509233809,20.022919229218104,margin_predictor_market,market_combined,test
401754572,2025,9,Miami,Stanford,0.9784065556477859,30.17396272771922,margin_predictor_market,market_combined,test
401754573,2025,9,North Carolina,Virginia,0.2945557335137988,-7.567120696749543,margin_predictor_market,market_combined,test
401754574,2025,9,Pittsburgh,NC State,0.6511095540456314,4.489677956375411,margin_predictor_market,market_combined,test
401756929,2025,9,Arizona State,Houston,0.6653521982301299,4.999543723677975,margin_predictor_market,market_combined,test
401756930,2025,9,Cincinnati,Baylor,0.7084927653487142,6.61677885802234,margin_predictor_market,market_combined,test
401756931,2025,9,Iowa State,BYU,0.5106435646896753,-0.19153917823680233,margin_predictor_market,market_combined,test
401756932,2025,9,Kansas,Kansas State,0.6898919344722554,5.904450162753912,margin_predictor_market,market_combined,test
401756933,2025,9,Texas Tech,Oklahoma State,0.9900715776305643,36.52607449991097,margin_predictor_market,market_combined,test
401756934,2025,9,Utah,Colorado,0.8740363933693326,15.06425477544529,margin_predictor_market,market_combined,test
401756935,2025,9,West Virginia,TCU,0.13876453498969532,-15.234923767774093,margin_predictor_market,market_combined,test
401757172,2025,9,Rice,UConn,0.3236869321540827,-6.468117616824541,margin_predictor_market,market_combined,test
401757285,2025,9,Florida International,Kennesaw State,0.4303387058105237,-2.792890271127352,margin_predictor_market,market_combined,test
401757286,2025,9,Louisiana Tech,Western Kentucky,0.6912304446889388,5.9548900822163935,margin_predictor_market,market_combined,test
401757287,2025,9,Delaware,Middle Tennessee,0.7337918554829522,7.630358503967749,margin_predictor_market,market_combined,test
401757288,2025,9,New Mexico State,Missouri State,0.4060347080826659,-3.5974356595221884,margin_predictor_market,market_combined,test
401760397,2025,9,Nevada,Boise State,0.07470059367834683,-20.799501957301775,margin_predictor_market,market_combined,test
401760398,2025,9,Wyoming,Colorado State,0.5210560817979732,0.1441963149921146,margin_predictor_market,market_combined,test
401760399,2025,9,Fresno State,San Diego State,0.41501049827947506,-3.298752154252185,margin_predictor_market,market_combined,test
401760400,2025,9,New Mexico,Utah State,0.6809955625846345,5.57217820920914,margin_predictor_market,market_combined,test
401761634,2025,9,Georgia State,South Alabama,0.30591110950715567,-7.131851918802692,margin_predictor_market,market_combined,test
401761635,2025,9,Old Dominion,App State,0.820380084228054,11.696677254655471,margin_predictor_market,market_combined,test
401761636,2025,9,Arkansas State,Georgia Southern,0.6119402270605165,3.133281831937798,margin_predictor_market,market_combined,test
401761637,2025,9,Southern Miss,UL Monroe,0.8672119982662868,14.576279870587713,margin_predictor_market,market_combined,test
401761638,2025,9,Troy,Louisiana,0.6824635702457957,5.6266597785473405,margin_predictor_market,market_combined,test
401762492,2025,9,Charlotte,North Texas,0.04343462237647823,-25.433400179999325,margin_predictor_market,market_combined,test
401762493,2025,9,Navy,Florida Atlantic,0.922800663620531,19.443940237915825,margin_predictor_market,market_combined,test
401762494,2025,9,Memphis,South Florida,0.5465861054210565,0.9704788274980882,margin_predictor_market,market_combined,test
401762495,2025,9,Tulsa,Temple,0.38183842288846526,-4.413715301387022,margin_predictor_market,market_combined,test
401762844,2025,9,Buffalo,Akron,0.8086555230732271,11.071587832638233,margin_predictor_market,market_combined,test
401762845,2025,9,Northern Illinois,Ball State,0.72123203891839,7.120107664795228,margin_predictor_market,market_combined,test
401762846,2025,9,Kent State,Bowling Green,0.23226476889704048,-10.161686389402055,margin_predictor_market,market_combined,test
401762847,2025,9,Central Michigan,Massachusetts,0.9452274708738599,22.40092369712146,margin_predictor_market,market_combined,test
401762848,2025,9,Eastern Michigan,Ohio,0.15041585982902564,-14.476008105093372,margin_predictor_market,market_combined,test
401762874,2025,9,Miami (OH),Western Michigan,0.5852670975015354,2.2391225409988476,margin_predictor_market,market_combined,test
401752753,2025,10,Arkansas,Mississippi State,0.6966307553994572,6.159638436864871,margin_predictor_market,market_combined,test
401752754,2025,10,Auburn,Kentucky,0.8174346959927516,11.536742043256558,margin_predictor_market,market_combined,test
401752755,2025,10,Florida,Georgia,0.3628564945137083,-5.067858992470947,margin_predictor_market,market_combined,test
401752756,2025,10,Ole Miss,South Carolina,0.7681130217950269,9.109918472707395,margin_predictor_market,market_combined,test
401752757,2025,10,Tennessee,Oklahoma,0.39518693986067244,-3.961232239413268,margin_predictor_market,market_combined,test
401752758,2025,10,Texas,Vanderbilt,0.519431071953387,0.09176895479258107,margin_predictor_market,market_combined,test
401752887,2025,10,Maryland,Indiana,0.04472096367207571,-25.18754892811456,margin_predictor_market,market_combined,test
401752888,2025,10,Minnesota,Michigan State,0.6849358294992266,5.7187174134722,margin_predictor_market,market_combined,test
401752889,2025,10,Ohio State,Penn State,0.8690501427059808,14.705576473450451,margin_predictor_market,market_combined,test
401752890,2025,10,Michigan,Purdue,0.959317782671632,24.914860480127523,margin_predictor_market,market_combined,test
401752891,2025,10,Illinois,Rutgers,0.8905261709510992,16.344581365862783,margin_predictor_market,market_combined,test
401752892,2025,10,Nebraska,USC,0.4445293526232069,-2.328506744977259,margin_predictor_market,market_combined,test
401752943,2025,10,Oregon State,Washington State,0.3624386897251118,-5.082414862007241,margin_predictor_market,market_combined,test
401754575,2025,10,Syracuse,North Carolina,0.48061521268784163,-1.1591137455007545,margin_predictor_market,market_combined,test
401754576,2025,10,California,Virginia,0.36227965653534455,-5.08795730880173,margin_predictor_market,market_combined,test
401754577,2025,10,Clemson,Duke,0.6026690329261374,2.8202287381789337,margin_predictor_market,market_combined,test
401754578,2025,10,Florida State,Wake Forest,0.8553732692949209,13.777895248202935,margin_predictor_market,market_combined,test
401754579,2025,10,NC State,Georgia Tech,0.3584526726208224,-5.22165176891399,margin_predictor_market,market_combined,test
401754580,2025,10,Virginia Tech,Louisville,0.2811426034387579,-8.094085948579348,margin_predictor_market,market_combined,test
401754581,2025,10,SMU,Miami,0.18400617286518292,-12.528070105095127,margin_predictor_market,market_combined,test
401754582,2025,10,Stanford,Pittsburgh,0.1470484190949577,-14.69018563756296,margin_predictor_market,market_combined,test
401754583,2025,10,Boston College,Notre Dame,0.019330543002965942,-32.1528388945871,margin_predictor_market,market_combined,test
401756936,2025,10,Baylor,UCF,0.5030826340871215,-0.43512639522706786,margin_predictor_market,market_combined,test
401756937,2025,10,Colorado,Arizona,0.4201358219380328,-3.129052554044684,margin_predictor_market,market_combined,test
401756938,2025,10,Houston,West Virginia,0.8114536957739509,11.218030299826692,margin_predictor_market,market_combined,test
401756939,2025,10,Iowa State,Arizona State,0.7293173596061828,7.446882927283461,margin_predictor_market,market_combined,test
401756940,2025,10,Kansas,Oklahoma State,0.9568748432139514,24.424745093999505,margin_predictor_market,market_combined,test
401756941,2025,10,Kansas State,Texas Tech,0.23052239083623408,-10.24057564087891,margin_predictor_market,market_combined,test
401756942,2025,10,Utah,Cincinnati,0.816229491250826,11.471877242926542,margin_predictor_market,market_combined,test
401757173,2025,10,UConn,UAB,0.7602070981543323,8.756644164376874,margin_predictor_market,market_combined,test
401757289,2025,10,Kennesaw State,UTEP,0.8031349765437676,10.787390254083585,margin_predictor_market,market_combined,test
401757290,2025,10,Louisiana Tech,Sam Houston,0.8836894499119748,15.794718068571163,margin_predictor_market,market_combined,test
401757291,2025,10,Missouri State,Florida International,0.5524440070265965,1.161032158764204,margin_predictor_market,market_combined,test
401757292,2025,10,Middle Tennessee,Jacksonville State,0.4172641345967261,-3.2240614714797133,margin_predictor_market,market_combined,test
401757293,2025,10,Liberty,Delaware,0.5867556681659682,2.2885313640396165,margin_predictor_market,market_combined,test
401757294,2025,10,Western Kentucky,New Mexico State,0.7430107815613596,8.014698977813941,margin_predictor_market,market_combined,test
401760401,2025,10,Air Force,Army,0.5016630749292105,-0.4808512878197533,margin_predictor_market,market_combined,test
401760402,2025,10,Boise State,Fresno State,0.8599265823451399,14.078240519475344,margin_predictor_market,market_combined,test
401760403,2025,10,San José State,Hawai'i,0.5140639259872506,-0.08130202028556033,margin_predictor_market,market_combined,test
401760404,2025,10,UNLV,New Mexico,0.465256097913466,-1.655322339460946,margin_predictor_market,market_combined,test
401760405,2025,10,San Diego State,Wyoming,0.8608560906026274,14.14055304795291,margin_predictor_market,market_combined,test
401761639,2025,10,Texas State,James Madison,0.22216719168000404,-10.624819641692271,margin_predictor_market,market_combined,test
401761640,2025,10,Coastal Carolina,Marshall,0.21920026104377208,-10.763737374520257,margin_predictor_market,market_combined,test
401761641,2025,10,UL Monroe,Old Dominion,0.13596723496579838,-15.425020943440549,margin_predictor_market,market_combined,test
401761642,2025,10,South Alabama,Louisiana,0.5805233840295195,2.0820082619933187,margin_predictor_market,market_combined,test
401761643,2025,10,Troy,Arkansas State,0.7077406063539705,6.587474995201193,margin_predictor_market,market_combined,test
401762443,2025,10,UTSA,Tulane,0.4044706453998209,-3.6496903551072415,margin_predictor_market,market_combined,test
401762497,2025,10,Rice,Memphis,0.16070950898230585,-13.844817730942866,margin_predictor_market,market_combined,test
401762498,2025,10,Temple,East Carolina,0.28577082636020323,-7.910592076813288,margin_predictor_market,market_combined,test
401762499,2025,10,North Texas,Navy,0.6021989099123678,2.8044227386957994,margin_predictor_market,market_combined,test
401762849,2025,10,Bowling Green,Buffalo,0.6100517618128674,3.0693015204129424,margin_predictor_market,market_combined,test
401762850,2025,10,Western Michigan,Central Michigan,0.6148164541145122,3.230946891754883,margin_predictor_market,market_combined,test
401752759,2025,11,Alabama,LSU,0.7575826616823849,8.641144558778189,margin_predictor_market,market_combined,test
401752760,2025,11,Kentucky,Florida,0.3600736285470475,-5.16494844467562,margin_predictor_market,market_combined,test
401752762,2025,11,Mississippi State,Georgia,0.23651700950890556,-9.970873140229383,margin_predictor_market,market_combined,test
401752763,2025,11,Missouri,Texas A&M,0.3139056805737521,-6.830827072738215,margin_predictor_market,market_combined,test
401752764,2025,11,Vanderbilt,Auburn,0.6549900673738315,4.627591931590894,margin_predictor_market,market_combined,test
401752893,2025,11,Penn State,Indiana,0.15185042027075327,-14.385964788336969,margin_predictor_market,market_combined,test
401752894,2025,11,Rutgers,Maryland,0.5365425715327139,0.6447153855225407,margin_predictor_market,market_combined,test
401752895,2025,11,UCLA,Nebraska,0.49092510202760453,-0.8267524211649788,margin_predictor_market,market_combined,test
401752896,2025,11,USC,Northwestern,0.8443533547291316,13.08216935132376,margin_predictor_market,market_combined,test
401752897,2025,11,Purdue,Ohio State,0.022863741756836923,-30.77203919221955,margin_predictor_market,market_combined,test
401752898,2025,11,Iowa,Oregon,0.32104449276892283,-6.565524977789213,margin_predictor_market,market_combined,test
401752899,2025,11,Wisconsin,Washington,0.20208191298249403,-11.59314072872006,margin_predictor_market,market_combined,test
401752944,2025,11,Oregon State,Sam Houston,0.9152047381790094,18.62166824228509,margin_predictor_market,market_combined,test
401754584,2025,11,Boston College,SMU,0.2352776920790798,-10.02623844670311,margin_predictor_market,market_combined,test
401754585,2025,11,Louisville,California,0.9154185853878404,18.64388293574283,margin_predictor_market,market_combined,test
401754586,2025,11,Clemson,Florida State,0.5118765661744015,-0.15180417465305895,margin_predictor_market,market_combined,test
401754587,2025,11,Miami,Syracuse,0.9761225939126219,29.34552465068056,margin_predictor_market,market_combined,test
401754588,2025,11,North Carolina,Stanford,0.784912901751588,9.88974311847007,margin_predictor_market,market_combined,test
401754589,2025,11,Virginia,Wake Forest,0.6637695512053042,4.942374102049685,margin_predictor_market,market_combined,test
401754590,2025,11,UConn,Duke,0.2569061818840997,-9.087038987641659,margin_predictor_market,market_combined,test
401756943,2025,11,Arizona,Kansas,0.6347538152331719,3.915904631952884,margin_predictor_market,market_combined,test
401756944,2025,11,TCU,Iowa State,0.7147965289477074,6.8641511058091265,margin_predictor_market,market_combined,test
401756945,2025,11,Texas Tech,BYU,0.8142298279581819,11.36497734914284,margin_predictor_market,market_combined,test
401756946,2025,11,UCF,Houston,0.5894181600414798,2.3770371198384117,margin_predictor_market,market_combined,test
401756947,2025,11,West Virginia,Colorado,0.7117932910021401,6.745896690572383,margin_predictor_market,market_combined,test
401757166,2025,11,Notre Dame,Navy,0.9706523263659371,27.639202476371427,margin_predictor_market,market_combined,test
401757295,2025,11,Delaware,Louisiana Tech,0.29464867666123035,-7.563519254781788,margin_predictor_market,market_combined,test
401757296,2025,11,Middle Tennessee,Florida International,0.6111321851281935,3.1058919329367383,margin_predictor_market,market_combined,test
401757297,2025,11,UTEP,Jacksonville State,0.43135169663166034,-2.7596256068002805,margin_predictor_market,market_combined,test
401757298,2025,11,New Mexico State,Kennesaw State,0.2158563770209408,-10.92193601373932,margin_predictor_market,market_combined,test
401757299,2025,11,Liberty,Missouri State,0.7404609962595559,7.907516912446432,margin_predictor_market,market_combined,test
401760406,2025,11,San José State,Air Force,0.5877633076051743,2.3220068832245113,margin_predictor_market,market_combined,test
401760407,2025,11,Colorado State,UNLV,0.43532021633134677,-2.6294859129143293,margin_predictor_market,market_combined,test
401760408,2025,11,Hawai'i,San Diego State,0.2710427098354929,-8.501039745888717,margin_predictor_market,market_combined,test
401760409,2025,11,Utah State,Nevada,0.7711563700898894,9.248142669921197,margin_predictor_market,market_combined,test
401761644,2025,11,App State,Georgia Southern,0.7339425803706682,7.636572890316003,margin_predictor_market,market_combined,test
401761645,2025,11,Coastal Carolina,Georgia State,0.6548027738966653,4.620918799616609,margin_predictor_market,market_combined,test
401761646,2025,11,Marshall,James Madison,0.15113360204378226,-14.430869633006589,margin_predictor_market,market_combined,test
401761647,2025,11,Arkansas State,Southern Miss,0.28722052169472073,-7.853484740987623,margin_predictor_market,market_combined,test
401761648,2025,11,Louisiana,Texas State,0.4317776797015772,-2.745642793769702,margin_predictor_market,market_combined,test
401762500,2025,11,South Florida,UTSA,0.7828665823019303,9.79247404032217,margin_predictor_market,market_combined,test
401762501,2025,11,Memphis,Tulane,0.6846401937421823,5.707688639319601,margin_predictor_market,market_combined,test
401762502,2025,11,Rice,UAB,0.5776179008065065,1.9860222111682886,margin_predictor_market,market_combined,test
401762503,2025,11,Army,Temple,0.7491710396512999,8.276562235420577,margin_predictor_market,market_combined,test
401762504,2025,11,East Carolina,Charlotte,0.9794636791216419,30.586849671733845,margin_predictor_market,market_combined,test
401762505,2025,11,Florida Atlantic,Tulsa,0.5685253491197619,1.6867514526176193,margin_predictor_market,market_combined,test
401762851,2025,11,Akron,Massachusetts,0.8587596101016685,14.00049700579484,margin_predictor_market,market_combined,test
401762852,2025,11,Ohio,Miami (OH),0.5716208978066128,1.7884566482346056,margin_predictor_market,market_combined,test
401762853,2025,11,Ball State,Kent State,0.5381426956597025,0.6965443351886842,margin_predictor_market,market_combined,test
401762854,2025,11,Toledo,Northern Illinois,0.9007814990022824,17.228833160187,margin_predictor_market,market_combined,test
401762855,2025,11,Eastern Michigan,Bowling Green,0.5075081832156256,-0.2925630609887988,margin_predictor_market,market_combined,test
401752765,2025,12,Alabama,Oklahoma,0.563230498141724,1.5131902403767192,margin_predictor_market,market_combined,test
401752766,2025,12,Georgia,Texas,0.6124967643308697,3.1521586985854224,margin_predictor_market,market_combined,test
401752768,2025,12,LSU,Arkansas,0.6012080612985711,2.7711301488202915,margin_predictor_market,market_combined,test
401752769,2025,12,Ole Miss,Florida,0.7234703386387186,7.209975640599968,margin_predictor_market,market_combined,test
401752770,2025,12,Missouri,Mississippi State,0.7410927363193935,7.9340084124384695,margin_predictor_market,market_combined,test
401752771,2025,12,Tennessee,New Mexico State,0.9920579368352607,38.3397547230557,margin_predictor_market,market_combined,test
401752772,2025,12,Texas A&M,South Carolina,0.8985007149887333,17.0254078526462,margin_predictor_market,market_combined,test
401752900,2025,12,Ohio State,UCLA,0.9831278191983664,32.19946069556739,margin_predictor_market,market_combined,test
401752901,2025,12,Indiana,Wisconsin,0.9739572813328687,28.6286430188519,margin_predictor_market,market_combined,test
401752902,2025,12,Washington,Purdue,0.9076724760532628,17.869834653115877,margin_predictor_market,market_combined,test
401752903,2025,12,Michigan State,Penn State,0.26863306854998714,-8.599522802480749,margin_predictor_market,market_combined,test
401752904,2025,12,Oregon,Minnesota,0.9532414070337479,23.742733445209748,margin_predictor_market,market_combined,test
401752905,2025,12,Northwestern,Michigan,0.20643573628185577,-11.377435546016693,margin_predictor_market,market_combined,test
401752906,2025,12,Illinois,Maryland,0.9156291367820326,18.665805115677102,margin_predictor_market,market_combined,test
401752907,2025,12,USC,Iowa,0.66164504506696,4.865839204786794,margin_predictor_market,market_combined,test
401752945,2025,12,Tulsa,Oregon State,0.5519803819355602,1.1459342136199244,margin_predictor_market,market_combined,test
401752953,2025,12,Washington State,Louisiana Tech,0.7369682001275186,7.761798130355695,margin_predictor_market,market_combined,test
401754591,2025,12,Louisville,Clemson,0.5602448484243838,1.4155336204600015,margin_predictor_market,market_combined,test
401754592,2025,12,Boston College,Georgia Tech,0.07811054202811858,-20.410333841933916,margin_predictor_market,market_combined,test
401754593,2025,12,Duke,Virginia,0.7349193336963357,7.676898968337264,margin_predictor_market,market_combined,test
401754594,2025,12,Florida State,Virginia Tech,0.8505797018093463,13.470075053207971,margin_predictor_market,market_combined,test
401754595,2025,12,Miami,NC State,0.8622342453017215,14.233587550158543,margin_predictor_market,market_combined,test
401754596,2025,12,Wake Forest,North Carolina,0.5087084311958754,-0.2538930279536138,margin_predictor_market,market_combined,test
401754597,2025,12,Pittsburgh,Notre Dame,0.19867410707388364,-11.76440930974354,margin_predictor_market,market_combined,test
401756948,2025,12,Arizona State,West Virginia,0.7035125315006794,6.423565573698069,margin_predictor_market,market_combined,test
401756949,2025,12,Baylor,Utah,0.18246702443164683,-12.610884008836292,margin_predictor_market,market_combined,test
401756950,2025,12,BYU,TCU,0.6507471740662812,4.476835573855126,margin_predictor_market,market_combined,test
401756951,2025,12,Cincinnati,Arizona,0.6222364863396557,3.484181281646328,margin_predictor_market,market_combined,test
401756952,2025,12,Oklahoma State,Kansas State,0.1187144715738062,-16.676887814134993,margin_predictor_market,market_combined,test
401756953,2025,12,Texas Tech,UCF,0.9548563159212212,24.039389298067967,margin_predictor_market,market_combined,test
401757174,2025,12,UConn,Air Force,0.678032034381923,5.462597802976733,margin_predictor_market,market_combined,test
401757300,2025,12,Sam Houston,Delaware,0.19469848205520673,-11.96703164989105,margin_predictor_market,market_combined,test
401757301,2025,12,Florida International,Liberty,0.38417699833395974,-4.334027050000143,margin_predictor_market,market_combined,test
401757302,2025,12,Jacksonville State,Kennesaw State,0.44628961126069877,-2.271124941247027,margin_predictor_market,market_combined,test
401757303,2025,12,Western Kentucky,Middle Tennessee,0.8190573925079099,11.62460403369167,margin_predictor_market,market_combined,test
401757304,2025,12,Missouri State,UTEP,0.7057945497820027,6.511861868686953,margin_predictor_market,market_combined,test
401760410,2025,12,San Diego State,Boise State,0.5969528619496696,2.6284676450160536,margin_predictor_market,market_combined,test
401760411,2025,12,New Mexico,Colorado State,0.897348591954218,16.924186676110224,margin_predictor_market,market_combined,test
401760412,2025,12,Fresno State,Wyoming,0.751806842453238,8.389909513472317,margin_predictor_market,market_combined,test
401760413,2025,12,Nevada,San José State,0.29700331371000777,-7.472498901156133,margin_predictor_market,market_combined,test
401760414,2025,12,UNLV,Utah State,0.6271725126576065,3.6537178421062593,margin_predictor_market,market_combined,test
401761649,2025,12,Old Dominion,Troy,0.7008822659564047,6.322281033641076,margin_predictor_market,market_combined,test
401761650,2025,12,Georgia Southern,Coastal Carolina,0.553636740939045,1.1998872369063465,margin_predictor_market,market_combined,test
401761651,2025,12,Georgia State,Marshall,0.22626037720051023,-10.435325504049683,margin_predictor_market,market_combined,test
401761652,2025,12,James Madison,App State,0.938713240380132,21.44033955210776,margin_predictor_market,market_combined,test
401761653,2025,12,UL Monroe,South Alabama,0.38092017625265007,-4.445055884666713,margin_predictor_market,market_combined,test
401761654,2025,12,Southern Miss,Texas State,0.6426410410723533,4.191137439438666,margin_predictor_market,market_combined,test
401762506,2025,12,UAB,North Texas,0.15058186592850284,-14.465552334791417,margin_predictor_market,market_combined,test
401762507,2025,12,Charlotte,UTSA,0.08071556920133173,-20.123374378062834,margin_predictor_market,market_combined,test
401762508,2025,12,East Carolina,Memphis,0.5213733850673075,0.15443504837977073,margin_predictor_market,market_combined,test
401762509,2025,12,Tulane,Florida Atlantic,0.9358420821875073,21.04700068508596,margin_predictor_market,market_combined,test
401762510,2025,12,Navy,South Florida,0.33593855395396444,-6.021745988582895,margin_predictor_market,market_combined,test
401762856,2025,12,Akron,Kent State,0.6838215787466118,5.677179026940532,margin_predictor_market,market_combined,test
401762857,2025,12,Western Michigan,Ohio,0.5824628017241965,2.1461814947359956,margin_predictor_market,market_combined,test
401762858,2025,12,Central Michigan,Buffalo,0.5773973889986578,1.978744674554488,margin_predictor_market,market_combined,test
401762859,2025,12,Massachusetts,Northern Illinois,0.1856665894143911,-12.4393307332704,margin_predictor_market,market_combined,test
401762860,2025,12,Miami (OH),Toledo,0.26098134920095956,-8.91602765941209,margin_predictor_market,market_combined,test
401762861,2025,12,Ball State,Eastern Michigan,0.41084264744740945,-3.437197692449771,margin_predictor_market,market_combined,test
401752775,2025,13,Florida,Tennessee,0.5017541371737808,-0.477918149465697,margin_predictor_market,market_combined,test
401752776,2025,13,Georgia,Charlotte,0.9957420377844315,43.3893711785349,margin_predictor_market,market_combined,test
401752777,2025,13,LSU,Western Kentucky,0.9525381146831542,23.616575459720504,margin_predictor_market,market_combined,test
401752778,2025,13,Oklahoma,Missouri,0.7332267780288713,7.607080294380097,margin_predictor_market,market_combined,test
401752779,2025,13,South Carolina,Coastal Carolina,0.961399610268928,25.355302138391146,margin_predictor_market,market_combined,test
401752780,2025,13,Texas,Arkansas,0.7287535063253232,7.423898471477408,margin_predictor_market,market_combined,test
401752782,2025,13,Vanderbilt,Kentucky,0.6871437705751595,5.801263036528912,margin_predictor_market,market_combined,test
401752908,2025,13,Penn State,Nebraska,0.696042995865866,6.137255479487079,margin_predictor_market,market_combined,test
401752909,2025,13,Northwestern,Minnesota,0.5632821164549142,1.514879903934063,margin_predictor_market,market_combined,test
401752910,2025,13,UCLA,Washington,0.16542638157150957,-13.566494144620785,margin_predictor_market,market_combined,test
401752911,2025,13,Oregon,USC,0.8692402855763485,14.719039022296917,margin_predictor_market,market_combined,test
401752912,2025,13,Ohio State,Rutgers,0.9812858634358628,31.350018730292582,margin_predictor_market,market_combined,test
401752913,2025,13,Iowa,Michigan State,0.9019199478027115,17.331933304096268,margin_predictor_market,market_combined,test
401752914,2025,13,Maryland,Michigan,0.08963787621196842,-19.20056458743958,margin_predictor_market,market_combined,test
401752915,2025,13,Wisconsin,Illinois,0.2571848648342203,-9.075288190807319,margin_predictor_market,market_combined,test
401752954,2025,13,James Madison,Washington State,0.902951142303861,17.426245001224846,margin_predictor_market,market_combined,test
401754598,2025,13,NC State,Florida State,0.2971809576028567,-7.465648912263374,margin_predictor_market,market_combined,test
401754599,2025,13,Stanford,California,0.44053154829300983,-2.4590002295871902,margin_predictor_market,market_combined,test
401754600,2025,13,North Carolina,Duke,0.2992823479535181,-7.384797108308224,margin_predictor_market,market_combined,test
401754601,2025,13,Georgia Tech,Pittsburgh,0.6295681540743756,3.7363265897905764,margin_predictor_market,market_combined,test
401754602,2025,13,SMU,Louisville,0.5327892977634131,0.5232383723926195,margin_predictor_market,market_combined,test
401754603,2025,13,Virginia Tech,Miami,0.10543627362841361,-17.752447871194782,margin_predictor_market,market_combined,test
401754604,2025,13,Notre Dame,Syracuse,0.9887680560008291,35.52211076080084,margin_predictor_market,market_combined,test
401754606,2025,13,Wake Forest,Delaware,0.8794832234300549,15.470232429511263,margin_predictor_market,market_combined,test
401756954,2025,13,Arizona,Baylor,0.7943492315460136,10.347236709364063,margin_predictor_market,market_combined,test
401756955,2025,13,Cincinnati,BYU,0.3629864715522187,-5.063332204662144,margin_predictor_market,market_combined,test
401756956,2025,13,Colorado,Arizona State,0.3418213519512408,-5.810302143863138,margin_predictor_market,market_combined,test
401756957,2025,13,Houston,TCU,0.4236808339333161,-3.0120126159611575,margin_predictor_market,market_combined,test
401756958,2025,13,Iowa State,Kansas,0.5633579956298727,1.5173637991742186,margin_predictor_market,market_combined,test
401756959,2025,13,UCF,Oklahoma State,0.8491299187393644,13.378583946410922,margin_predictor_market,market_combined,test
401756960,2025,13,Utah,Kansas State,0.9221013511497087,19.365220497483097,margin_predictor_market,market_combined,test
401757175,2025,13,Florida Atlantic,UConn,0.25316005825033305,-9.245814580045595,margin_predictor_market,market_combined,test
401757305,2025,13,Florida International,Jacksonville State,0.5402260315412318,0.7640631140888017,margin_predictor_market,market_combined,test
401757306,2025,13,Kennesaw State,Missouri State,0.6786367459152634,5.4849144536034995,margin_predictor_market,market_combined,test
401757307,2025,13,Louisiana Tech,Liberty,0.4850352240335443,-1.016576593277915,margin_predictor_market,market_combined,test
401757308,2025,13,Middle Tennessee,Sam Houston,0.7610785823079965,8.795188609706477,margin_predictor_market,market_combined,test
401757309,2025,13,UTEP,New Mexico State,0.6262387724270185,3.6215782510470302,margin_predictor_market,market_combined,test
401760415,2025,13,Air Force,New Mexico,0.3603395545713906,-5.155656672081944,margin_predictor_market,market_combined,test
401760416,2025,13,Boise State,Colorado State,0.8958650666881962,16.795321112988635,margin_predictor_market,market_combined,test
401760417,2025,13,Fresno State,Utah State,0.656372988362081,4.676917678336884,margin_predictor_market,market_combined,test
401760418,2025,13,UNLV,Hawai'i,0.5654262413927473,1.5851053726617343,margin_predictor_market,market_combined,test
401760419,2025,13,Wyoming,Nevada,0.5943416891554274,2.5411672129740164,margin_predictor_market,market_combined,test
401760420,2025,13,San Diego State,San José State,0.8467673986183077,13.231029504302285,margin_predictor_market,market_combined,test
401761655,2025,13,Arkansas State,Louisiana,0.5686108010111679,1.6895566024658089,margin_predictor_market,market_combined,test
401761656,2025,13,App State,Marshall,0.35721038237987,-5.26518540613462,margin_predictor_market,market_combined,test
401761657,2025,13,Georgia Southern,Old Dominion,0.19369029193725726,-12.018912299595598,margin_predictor_market,market_combined,test
401761658,2025,13,South Alabama,Southern Miss,0.4038037263670895,-3.6719915034340134,margin_predictor_market,market_combined,test
401761659,2025,13,Texas State,UL Monroe,0.9285732852894211,20.119985118353554,margin_predictor_market,market_combined,test
401761660,2025,13,Troy,Georgia State,0.7985471087316648,10.555752427210521,margin_predictor_market,market_combined,test
401762511,2025,13,UAB,South Florida,0.08323511040612276,-19.853759137700628,margin_predictor_market,market_combined,test
401762512,2025,13,Army,Tulsa,0.7981164169257114,10.53421097556524,margin_predictor_market,market_combined,test
401762513,2025,13,UTSA,East Carolina,0.42188089524737593,-3.0714050781902054,margin_predictor_market,market_combined,test
401762514,2025,13,Rice,North Texas,0.16559871986756478,-13.556446593588186,margin_predictor_market,market_combined,test
401762515,2025,13,Temple,Tulane,0.24554125365314522,-9.573603779503038,margin_predictor_market,market_combined,test
401762862,2025,13,Bowling Green,Akron,0.660843255446672,4.837016079519099,margin_predictor_market,market_combined,test
401762863,2025,13,Ohio,Massachusetts,0.9878552484632611,34.88549175030586,margin_predictor_market,market_combined,test
401762864,2025,13,Northern Illinois,Western Michigan,0.3094535614553618,-6.99793706899368,margin_predictor_market,market_combined,test
401762865,2025,13,Buffalo,Miami (OH),0.48355987719182997,-1.0641442891554447,margin_predictor_market,market_combined,test
401762866,2025,13,Kent State,Central Michigan,0.29946392923419596,-7.377826019674574,margin_predictor_market,market_combined,test
401762867,2025,13,Toledo,Ball State,0.9802894597479959,30.924121572165976,margin_predictor_market,market_combined,test
401752783,2025,14,Arkansas,Missouri,0.40494450878534444,-3.6338519795943953,margin_predictor_market,market_combined,test
401752784,2025,14,Auburn,Alabama,0.3606626558183429,-5.144371156850861,margin_predictor_market,market_combined,test
401752785,2025,14,Florida,Florida State,0.4598428301193554,-1.8306685263584384,margin_predictor_market,market_combined,test
401752786,2025,14,Georgia Tech,Georgia,0.2094213750963749,-11.231455355481824,margin_predictor_market,market_combined,test
401752787,2025,14,Louisville,Kentucky,0.4894020919232485,-0.8758274269255324,margin_predictor_market,market_combined,test
401752788,2025,14,Mississippi State,Ole Miss,0.32000562003729544,-6.60393604156323,margin_predictor_market,market_combined,test
401752789,2025,14,Oklahoma,LSU,0.8631796085150601,14.297858898013278,margin_predictor_market,market_combined,test
401752790,2025,14,South Carolina,Clemson,0.5762760389898494,1.9417525176820707,margin_predictor_market,market_combined,test
401752791,2025,14,Tennessee,Vanderbilt,0.48054806316666493,-1.161279890792796,margin_predictor_market,market_combined,test
401752792,2025,14,Texas,Texas A&M,0.40929616790860185,-3.488674953197948,margin_predictor_market,market_combined,test
401752916,2025,14,Nebraska,Iowa,0.4009107903379465,-3.7688674444255326,margin_predictor_market,market_combined,test
401752917,2025,14,Washington,Oregon,0.2776261136175207,-8.234735094163533,margin_predictor_market,market_combined,test
401752918,2025,14,Minnesota,Wisconsin,0.5529442790142165,1.177326841561627,margin_predictor_market,market_combined,test
401752919,2025,14,USC,UCLA,0.9318123617961862,20.52172949949792,margin_predictor_market,market_combined,test
401752920,2025,14,Rutgers,Penn State,0.09834930413418377,-18.37629132262518,margin_predictor_market,market_combined,test
401752921,2025,14,Michigan,Ohio State,0.2901588953889803,-7.738259238094388,margin_predictor_market,market_combined,test
401752922,2025,14,Illinois,Northwestern,0.7477937329961152,8.21764930382828,margin_predictor_market,market_combined,test
401752923,2025,14,Michigan State,Maryland,0.6997795697335458,6.2799713134171835,margin_predictor_market,market_combined,test
401752924,2025,14,Purdue,Indiana,0.020957207232062056,-31.48886174788747,margin_predictor_market,market_combined,test
401752946,2025,14,Washington State,Oregon State,0.8613143028840452,14.1713992393111,margin_predictor_market,market_combined,test
401754608,2025,14,Syracuse,Boston College,0.42288505774688634,-3.038262452930606,margin_predictor_market,market_combined,test
401754609,2025,14,California,SMU,0.18618287056295885,-12.411863563615759,margin_predictor_market,market_combined,test
401754610,2025,14,Duke,Wake Forest,0.6809344280718368,5.569912248025734,margin_predictor_market,market_combined,test
401754611,2025,14,Pittsburgh,Miami,0.3183121838188609,-6.6666907068380485,margin_predictor_market,market_combined,test
401754612,2025,14,NC State,North Carolina,0.7107049781438504,6.703225158212376,margin_predictor_market,market_combined,test
401754613,2025,14,Virginia,Virginia Tech,0.6285661171415761,3.7017469270722194,margin_predictor_market,market_combined,test
401754614,2025,14,Stanford,Notre Dame,0.020476000991455086,-31.679870184751188,margin_predictor_market,market_combined,test
401756961,2025,14,Arizona State,Arizona,0.400003406539607,-3.7993003933656353,margin_predictor_market,market_combined,test
401756962,2025,14,Baylor,Houston,0.5157787272040202,-0.02601918814052695,margin_predictor_market,market_combined,test
401756963,2025,14,BYU,UCF,0.9051057229420517,17.626223691757794,margin_predictor_market,market_combined,test
401756964,2025,14,Kansas,Utah,0.2809641872822993,-8.101196083649896,margin_predictor_market,market_combined,test
401756965,2025,14,Kansas State,Colorado,0.8389946209576328,12.758329516817584,margin_predictor_market,market_combined,test
401756966,2025,14,Oklahoma State,Iowa State,0.17571686251551455,-12.980640160524585,margin_predictor_market,market_combined,test
401756967,2025,14,TCU,Cincinnati,0.62420369722544,3.5516421025538043,margin_predictor_market,market_combined,test
401756968,2025,14,West Virginia,Texas Tech,0.05566908009478303,-23.33137940770756,margin_predictor_market,market_combined,test
401757310,2025,14,Delaware,UTEP,0.6743701025076239,5.327921370305807,margin_predictor_market,market_combined,test
401757311,2025,14,Sam Houston,Florida International,0.26047611483712707,-8.937134799881514,margin_predictor_market,market_combined,test
401757312,2025,14,Jacksonville State,Western Kentucky,0.4482986922077587,-2.205685451155357,margin_predictor_market,market_combined,test
401757313,2025,14,Liberty,Kennesaw State,0.5045615975310914,-0.38748633959416035,margin_predictor_market,market_combined,test
401757314,2025,14,Missouri State,Louisiana Tech,0.5090715661586284,-0.24219279459292498,margin_predictor_market,market_combined,test
401757315,2025,14,New Mexico State,Middle Tennessee,0.5432297390592208,0.8614910506228952,margin_predictor_market,market_combined,test
401760421,2025,14,Colorado State,Air Force,0.36883857651673463,-4.8602266554221,margin_predictor_market,market_combined,test
401760422,2025,14,Utah State,Boise State,0.41347019198288376,-3.3498690851934616,margin_predictor_market,market_combined,test
401760423,2025,14,San José State,Fresno State,0.2993195976030999,-7.383366859208719,margin_predictor_market,market_combined,test
401760424,2025,14,Hawai'i,Wyoming,0.8018814013742989,10.723698657217602,margin_predictor_market,market_combined,test
401760425,2025,14,Nevada,UNLV,0.3383770601821523,-5.933881971058296,margin_predictor_market,market_combined,test
401760426,2025,14,New Mexico,San Diego State,0.534476736737531,0.5778376808798469,margin_predictor_market,market_combined,test
401761661,2025,14,App State,Arkansas State,0.5320758103382444,0.500159920913215,margin_predictor_market,market_combined,test
401761662,2025,14,Coastal Carolina,James Madison,0.029099152936601074,-28.778581728180722,margin_predictor_market,market_combined,test
401761663,2025,14,Marshall,Georgia Southern,0.8832873249215983,15.763260835468637,margin_predictor_market,market_combined,test
401761664,2025,14,Old Dominion,Georgia State,0.9671201301684447,26.69470439112802,margin_predictor_market,market_combined,test
401761665,2025,14,Louisiana,UL Monroe,0.7867446883462694,9.977386094131171,margin_predictor_market,market_combined,test
401761666,2025,14,Southern Miss,Troy,0.7265159865624631,7.332984055712792,margin_predictor_market,market_combined,test
401761667,2025,14,Texas State,South Alabama,0.7796308255535961,9.64000861231794,margin_predictor_market,market_combined,test
401762441,2025,14,UTSA,Army,0.7641899913971391,8.93359521679353,margin_predictor_market,market_combined,test
401762442,2025,14,North Texas,Temple,0.9243940415471072,19.625772687967046,margin_predictor_market,market_combined,test
401762516,2025,14,Memphis,Navy,0.6721219831997666,5.245629845512267,margin_predictor_market,market_combined,test
401762517,2025,14,Tulsa,UAB,0.7510056876035637,8.355372808441812,margin_predictor_market,market_combined,test
401762518,2025,14,Tulane,Charlotte,0.984406181508322,32.84439134388025,margin_predictor_market,market_combined,test
401762519,2025,14,Florida Atlantic,East Carolina,0.19263372801879694,-12.073502883604407,margin_predictor_market,market_combined,test
401762520,2025,14,South Florida,Rice,0.9539452573167949,23.870811219659554,margin_predictor_market,market_combined,test
401762868,2025,14,Massachusetts,Bowling Green,0.10334997525910478,-17.93214006232904,margin_predictor_market,market_combined,test
401762869,2025,14,Eastern Michigan,Western Michigan,0.20961453645084605,-11.222063829955239,margin_predictor_market,market_combined,test
401762870,2025,14,Buffalo,Ohio,0.3378140084785603,-5.954142124976306,margin_predictor_market,market_combined,test
401762871,2025,14,Northern Illinois,Kent State,0.6552580318923834,4.63714229702861,margin_predictor_market,market_combined,test
401762872,2025,14,Central Michigan,Toledo,0.17651242812005977,-12.936488860935055,margin_predictor_market,market_combined,test
401762875,2025,14,Miami (OH),Ball State,0.9041097589554891,17.533283640352984,margin_predictor_market,market_combined,test
401777324,2025,15,Tulane,North Texas,0.5344910606398728,0.5783012571017925,margin_predictor_market,market_combined,test
401777325,2025,15,Jacksonville State,Kennesaw State,0.5062494999379133,-0.3331127964783165,margin_predictor_market,market_combined,test
401777326,2025,15,Boise State,UNLV,0.69763598967972,6.197976434841777,margin_predictor_market,market_combined,test
401777327,2025,15,Texas Tech,BYU,0.8245220454007726,11.925091602767928,margin_predictor_market,market_combined,test
401777328,2025,15,Virginia,Duke,0.5206545297317192,0.13123982850104854,margin_predictor_market,market_combined,test
401777329,2025,15,Western Michigan,Miami (OH),0.6257250334914131,3.603909035321158,margin_predictor_market,market_combined,test
401777351,2025,15,Alabama,Georgia,0.5049409921754688,-0.3752649789413387,margin_predictor_market,market_combined,test
401777352,2025,15,James Madison,Troy,0.9618592183931526,25.455605539022574,margin_predictor_market,market_combined,test
401777353,2025,15,Ohio State,Indiana,0.5913506842619192,2.441386350600312,margin_predictor_market,market_combined,test
401762521,2025,16,Navy,Army,0.7544347735754133,8.503723903481648,margin_predictor_market,market_combined,test
