season,team,games,wins,pts,pts_allowed,yds_per_play,yds_per_pass_att,explosive,third_down_rate,rz_td_rate,sacks_allowed,ypc_allowed,opp_rz_trips,opp_rz_td_rate,sacks_made,turnover_margin,takeaways,win_pct,benchmarks_met
2014,Air Force,13,10,31.46153846153846,24.153846153846153,5.495002891586684,10.01722916216924,9.076923076923077,0.48001432328355403,0.6606227106227107,0.8461538461538461,3.6704265044573607,3.1538461538461537,0.47710622710622713,2.6153846153846154,0.15384615384615385,1.3076923076923077,0.7692307692307693,8
2014,Akron,12,5,22.583333333333332,23.083333333333332,5.138731013979307,5.772480574024166,6.916666666666667,0.3364969700205768,0.5301587301587302,1.9166666666666667,4.266101634083165,3.4166666666666665,0.49583333333333335,2.0833333333333335,-0.25,1.75,0.4166666666666667,2
2014,Alabama,14,12,36.92857142857143,18.428571428571427,6.70268565651472,8.905490520173563,10.714285714285714,0.5253385503385504,0.729563492063492,1.1428571428571428,2.9644640901753703,3.142857142857143,0.4166666666666667,2.2142857142857144,0.14285714285714285,1.3571428571428572,0.8571428571428571,11
2014,App State,12,7,35.666666666666664,27.333333333333332,6.453995171525729,8.097192504123816,11.0,0.5068156924774572,0.6763888888888889,1.0,4.097341954022989,3.8333333333333335,0.6060606060606061,2.1666666666666665,-0.16666666666666666,1.3333333333333333,0.5833333333333334,7
2014,Arizona,14,10,34.5,28.214285714285715,5.8259198107661865,7.416383743644359,8.785714285714286,0.383682657212069,0.6435897435897436,2.857142857142857,4.258918526809501,3.642857142857143,0.6476190476190476,2.357142857142857,0.5714285714285714,1.5714285714285714,0.7142857142857143,2
2014,Arizona State,12,10,37.75,25.083333333333332,6.041631434807544,7.813021416633949,9.75,0.3649864432952668,0.6180555555555556,2.8333333333333335,4.1864087592634505,3.25,0.5458333333333333,3.0,0.9166666666666666,1.6666666666666667,0.8333333333333334,5
2014,Arkansas,13,7,31.923076923076923,19.23076923076923,6.1702624025862765,7.253086118273999,8.76923076923077,0.46447708043326047,0.6384615384615385,1.0,3.340382716269277,2.4615384615384617,0.5717948717948718,1.7692307692307692,0.46153846153846156,1.5384615384615385,0.5384615384615384,6
2014,Arkansas State,13,7,36.69230769230769,30.46153846153846,6.243710091744541,7.739738428496168,10.23076923076923,0.3788417150973712,0.6818681318681319,2.230769230769231,4.646966688439713,3.230769230769231,0.6205128205128205,2.6923076923076925,0.6153846153846154,2.0,0.5384615384615384,7
2014,Army,11,4,26.272727272727273,34.36363636363637,5.665158758077944,7.703463203463204,9.090909090909092,0.4172024944752218,0.5731601731601731,1.1818181818181819,5.588447771470445,4.636363636363637,0.7251082251082251,0.8181818181818182,0.0,1.0909090909090908,0.36363636363636365,2
2014,Auburn,13,8,35.46153846153846,26.692307692307693,6.7613959244686725,9.18982041169592,11.923076923076923,0.5334346939610097,0.6910256410256411,1.0769230769230769,4.768078432762963,4.3076923076923075,0.4858974358974359,1.4615384615384615,1.0,2.0,0.6153846153846154,10
2014,BYU,13,8,37.07692307692308,27.53846153846154,5.921308165447029,7.759092018304587,9.76923076923077,0.4454554997541423,0.7504884004884005,2.6153846153846154,3.309676911540433,3.6923076923076925,0.5859126984126984,1.7692307692307692,0.23076923076923078,1.6923076923076923,0.6153846153846154,5
2014,Ball State,12,5,27.666666666666668,27.166666666666668,5.296033582541298,6.603303462874048,6.916666666666667,0.3789046601546602,0.4666666666666666,1.0,4.931722372379936,4.416666666666667,0.6222222222222222,1.3333333333333333,0.8333333333333334,1.6666666666666667,0.4166666666666667,2
2014,Baylor,13,11,48.23076923076923,25.53846153846154,6.8553469771764295,9.311838981822806,12.153846153846153,0.47507202384554137,0.6553724053724055,1.6153846153846154,3.339360401027523,2.923076923076923,0.6283730158730159,2.4615384615384617,0.6923076923076923,1.5384615384615385,0.8461538461538461,8
2014,Boise State,14,12,39.714285714285715,26.785714285714285,6.632595733722603,9.172320357826209,11.5,0.44651921957594226,0.7333333333333333,1.9285714285714286,3.743723491179885,2.857142857142857,0.5871794871794871,3.142857142857143,0.0,1.5714285714285714,0.8571428571428571,8
2014,Boston College,13,7,26.23076923076923,21.307692307692307,5.766042680507163,7.111937247479043,10.0,0.36167322496508014,0.6541666666666667,1.4615384615384615,2.941582022457354,3.076923076923077,0.6410256410256411,2.1538461538461537,-0.15384615384615385,0.7692307692307693,0.5384615384615384,4
2014,Bowling Green,14,8,30.0,33.5,5.5831748770352485,6.659226984190219,8.357142857142858,0.3832068309233088,0.5241496598639456,1.9285714285714286,4.613597252905992,4.642857142857143,0.6062925170068026,1.7857142857142858,0.7142857142857143,2.0,0.5714285714285714,2
2014,Buffalo,11,5,32.27272727272727,31.545454545454547,5.9806793521330865,7.81168559843561,9.090909090909092,0.4486442479089538,0.6709956709956709,1.2727272727272727,4.238916962391697,3.727272727272727,0.6917748917748917,2.272727272727273,-0.5454545454545454,0.8181818181818182,0.45454545454545453,5
2014,California,12,5,38.25,39.75,6.311154764575858,8.153399178245467,9.0,0.4584701525684498,0.7470238095238094,2.0833333333333335,4.174600062322878,4.916666666666667,0.6781746031746031,1.25,0.0,1.3333333333333333,0.4166666666666667,6
2014,Central Michigan,13,7,26.923076923076923,25.153846153846153,5.9530127624457485,8.375975941953655,8.76923076923077,0.4294128759626497,0.6410256410256411,1.7692307692307692,3.8544568675032056,3.5384615384615383,0.6036630036630036,1.3076923076923077,0.0,1.5384615384615385,0.5384615384615384,1
2014,Cincinnati,12,8,33.416666666666664,29.5,6.713390627478801,8.523368571856121,8.916666666666666,0.40578102453102455,0.6617063492063492,1.4166666666666667,5.166798002483279,4.083333333333333,0.42294372294372296,2.75,-0.16666666666666666,1.25,0.6666666666666666,6
2014,Clemson,13,10,30.846153846153847,16.692307692307693,5.435396219791285,7.644621149992503,7.923076923076923,0.4259240309847597,0.45769230769230773,2.0,3.093058912332433,2.076923076923077,0.6183333333333334,2.8461538461538463,0.3076923076923077,1.5384615384615385,0.7692307692307693,4
2014,Colorado,12,2,28.5,39.0,5.410531352038533,6.487922709150856,8.25,0.4000421648641463,0.6736111111111112,1.8333333333333333,5.465890388455548,4.583333333333333,0.6347222222222223,1.75,-0.75,0.6666666666666666,0.16666666666666666,1
2014,Colorado State,12,9,33.583333333333336,24.583333333333332,7.287088067150868,9.638323334844301,10.5,0.4911118973618973,0.7922077922077921,1.6666666666666667,4.991058025653942,3.6666666666666665,0.667063492063492,1.4166666666666667,0.08333333333333333,1.0,0.75,6
2014,Duke,13,9,32.38461538461539,21.76923076923077,5.535863242015117,6.030399689717125,7.6923076923076925,0.4183700891339615,0.5467032967032966,0.7692307692307693,4.402791989241987,3.6923076923076925,0.5613553113553114,2.1538461538461537,0.38461538461538464,1.3076923076923077,0.6923076923076923,2
2014,East Carolina,13,8,35.84615384615385,25.846153846153847,6.594318587248301,7.700920602292911,11.307692307692308,0.45365946667447027,0.6871794871794872,2.4615384615384617,3.308811848914005,2.923076923076923,0.6347222222222222,1.6923076923076923,-0.15384615384615385,1.4615384615384615,0.6153846153846154,7
2014,Eastern Michigan,11,1,13.727272727272727,42.09090909090909,4.472029306980719,5.844685984842844,6.090909090909091,0.3258485795250501,0.5416666666666666,2.909090909090909,5.579294137001647,4.818181818181818,0.564935064935065,0.7272727272727273,-1.2727272727272727,0.9090909090909091,0.09090909090909091,0
2014,Florida,12,7,30.25,21.083333333333332,5.2993824326201375,6.62233224380532,7.833333333333333,0.3585030165912519,0.7281746031746031,1.3333333333333333,3.3237609435435953,3.0833333333333335,0.39415584415584415,2.4166666666666665,0.4166666666666667,2.25,0.5833333333333334,6
2014,Florida Atlantic,9,3,24.0,35.111111111111114,5.325901049298526,6.848551727412296,7.0,0.3879306528429336,0.496875,1.4444444444444444,5.481927462543637,4.333333333333333,0.6990740740740741,2.111111111111111,-0.3333333333333333,0.7777777777777778,0.3333333333333333,1
2014,Florida International,10,3,21.7,25.3,4.372868902280379,6.355200979929616,6.4,0.32712346477052356,0.45370370370370366,2.8,4.490587695713454,2.9,0.585,2.5,0.6,1.9,0.3,4
2014,Florida State,14,13,33.714285714285715,25.571428571428573,6.553062078667779,8.286920219601571,9.571428571428571,0.4661334697048983,0.5812925170068027,1.5,4.21700283946577,3.642857142857143,0.5452380952380952,1.1428571428571428,-0.35714285714285715,1.6428571428571428,0.9285714285714286,7
2014,Fresno State,14,6,26.5,32.42857142857143,5.222517224964947,5.92352957749807,8.785714285714286,0.3768558699663636,0.6568027210884353,2.9285714285714284,4.721765004227197,3.7857142857142856,0.619047619047619,2.0,-0.7142857142857143,1.1428571428571428,0.42857142857142855,0
2014,Georgia,13,10,41.30769230769231,20.692307692307693,6.962067633133979,8.261355979538223,9.923076923076923,0.5067940157008983,0.6858974358974359,1.3076923076923077,4.100816717403905,2.923076923076923,0.6597222222222222,1.9230769230769231,1.0,1.9230769230769231,0.7692307692307693,10
2014,Georgia Southern,12,9,39.083333333333336,23.416666666666668,7.463364989260177,8.25742941842013,13.166666666666666,0.5202089577089577,0.6992063492063493,0.4166666666666667,3.9885331312921384,3.0,0.5402777777777777,2.0,0.5,1.4166666666666667,0.75,10
2014,Georgia State,11,1,21.90909090909091,44.18181818181818,5.385508579404136,7.178152348071905,7.545454545454546,0.4881878371183184,0.6416666666666666,2.3636363636363638,6.298230920079499,5.7272727272727275,0.7376623376623376,1.0,-2.0,0.36363636363636365,0.09090909090909091,1
2014,Georgia Tech,14,11,37.857142857142854,25.714285714285715,6.825982133287951,9.142321963750534,12.642857142857142,0.5808851862423291,0.7158163265306123,0.6428571428571429,5.095351621838617,3.642857142857143,0.530952380952381,1.4285714285714286,0.6428571428571429,1.6428571428571428,0.7857142857142857,9
2014,Hawai'i,11,4,21.636363636363637,27.818181818181817,4.866702469122425,6.54583014385444,7.818181818181818,0.32711669135817745,0.5303030303030303,3.090909090909091,4.152335927847781,3.909090909090909,0.7316017316017316,1.9090909090909092,-0.5454545454545454,1.1818181818181819,0.36363636363636365,0
2014,Houston,13,8,29.76923076923077,20.615384615384617,5.883672516419595,6.895698568106985,9.846153846153847,0.43197006613296207,0.5700854700854701,2.3076923076923075,3.822553085901184,3.230769230769231,0.6277777777777778,2.076923076923077,0.6923076923076923,2.076923076923077,0.6153846153846154,3
2014,Idaho,10,1,26.5,37.6,5.392946687221901,6.874231912997115,8.4,0.4114784390016588,0.5802380952380952,3.2,5.706818409768681,3.7,0.625,1.8,-1.4,1.0,0.1,0
2014,Illinois,13,6,25.923076923076923,34.0,5.60314026781452,7.009417892933114,7.846153846153846,0.3598171059709521,0.5337301587301587,2.5384615384615383,5.360769565847142,3.8461538461538463,0.717948717948718,1.6153846153846154,-0.46153846153846156,1.1538461538461537,0.46153846153846156,0
2014,Indiana,11,4,26.0,32.45454545454545,5.989135947244367,5.220314485170639,9.545454545454545,0.2834731445025563,0.4870370370370371,1.9090909090909092,5.083086508757405,4.181818181818182,0.5136363636363637,1.8181818181818181,0.2727272727272727,1.5454545454545454,0.36363636363636365,2
2014,Iowa,13,7,28.23076923076923,25.615384615384617,5.61622596868485,7.419737971260925,7.769230769230769,0.44878946402225756,0.688888888888889,1.7692307692307692,4.312670312260203,2.8461538461538463,0.526984126984127,2.0,-0.07692307692307693,1.1538461538461537,0.5384615384615384,4
2014,Iowa State,12,2,23.166666666666668,38.833333333333336,5.012138534175059,5.9435082996427875,7.416666666666667,0.4259131362846533,0.6226190476190476,2.1666666666666665,5.676160371686922,4.75,0.6783068783068783,1.25,-0.08333333333333333,1.0,0.16666666666666666,0
2014,Kansas,12,3,17.833333333333332,33.25,4.891775690996476,6.3426913317603395,6.333333333333333,0.365623428858723,0.4861111111111111,1.9166666666666667,5.191581704947951,3.9166666666666665,0.45694444444444443,1.5,0.0,1.25,0.25,1
2014,Kansas State,13,9,35.76923076923077,23.153846153846153,6.379279603100664,9.393008369524193,8.0,0.4578485240249946,0.6902930402930403,2.230769230769231,4.086921383986161,2.8461538461538463,0.6461538461538462,1.7692307692307692,0.7692307692307693,1.5384615384615385,0.6923076923076923,7
2014,Kent State,11,2,16.363636363636363,29.0,5.02727964532554,5.750578149914784,5.454545454545454,0.31218516332152696,0.4504761904761905,1.5454545454545454,4.955087475616606,4.090909090909091,0.6984126984126985,0.8181818181818182,-0.36363636363636365,1.2727272727272727,0.18181818181818182,1
2014,Kentucky,12,5,29.166666666666668,31.25,5.604429709427063,6.803233918987534,8.333333333333334,0.33650787529464,0.5138888888888888,2.75,4.524742275675985,3.25,0.7488095238095238,2.25,0.5833333333333334,1.5833333333333333,0.4166666666666667,1
2014,LSU,13,8,27.615384615384617,17.53846153846154,5.783687427212272,8.007568439926299,8.846153846153847,0.4086988614703547,0.46794871794871795,1.9230769230769231,4.119335970289571,2.3846153846153846,0.5,1.4615384615384615,0.07692307692307693,1.3846153846153846,0.6153846153846154,4
2014,Louisiana,13,9,29.46153846153846,26.0,5.977797165913496,7.232406764080908,9.23076923076923,0.4247845480311544,0.6346153846153846,1.8461538461538463,3.9916614345768404,3.3076923076923075,0.46153846153846156,2.3846153846153846,0.15384615384615385,1.1538461538461537,0.6923076923076923,2
2014,Louisiana Tech,13,9,38.15384615384615,24.307692307692307,6.1537924928629275,7.810922220481045,8.461538461538462,0.41938792730647934,0.7043956043956043,1.2307692307692308,3.3186406709179987,3.4615384615384617,0.49725274725274726,2.6153846153846154,1.2307692307692308,2.6153846153846154,0.6923076923076923,9
2014,Louisville,13,9,31.153846153846153,21.76923076923077,5.66304329736487,7.951141882304669,10.23076923076923,0.3926523709150525,0.6371794871794871,2.8461538461538463,3.3305017065187688,2.8461538461538463,0.35641025641025637,3.0,0.6923076923076923,2.230769230769231,0.6923076923076923,7
2014,Marshall,14,13,45.57142857142857,21.0,7.632473363461031,8.473875657200095,12.285714285714286,0.5157115132228255,0.6010989010989011,1.3571428571428572,3.9559146670265304,3.357142857142857,0.5654761904761905,2.142857142857143,-0.2857142857142857,1.1428571428571428,0.9285714285714286,6
2014,Maryland,12,6,27.75,31.416666666666668,5.182513195033157,6.720915935552203,7.083333333333333,0.3331196581196581,0.6803030303030303,2.75,4.421905736225718,4.666666666666667,0.5404761904761904,2.4166666666666665,-0.3333333333333333,1.25,0.5,2
2014,Massachusetts,12,3,27.333333333333332,33.0,5.785686074799584,7.5470038539848465,8.333333333333334,0.3463442943222355,0.5464285714285714,2.3333333333333335,4.758709788501307,3.8333333333333335,0.6114718614718615,1.25,-0.5833333333333334,1.25,0.25,0
2014,Memphis,13,10,36.23076923076923,19.46153846153846,5.504626184483241,7.681876110891273,8.615384615384615,0.3683378220440616,0.6516483516483517,1.2307692307692308,3.5888691572257843,2.3846153846153846,0.45138888888888884,2.076923076923077,0.6153846153846154,1.8461538461538463,0.7692307692307693,8
2014,Miami,13,6,29.23076923076923,24.307692307692307,6.995405848182045,8.356575556366577,10.846153846153847,0.35239247931555623,0.48846153846153845,1.3846153846153846,3.87524693711148,3.3846153846153846,0.6153846153846154,2.0,-0.6153846153846154,1.3076923076923077,0.46153846153846156,4
2014,Miami (OH),12,2,22.333333333333332,31.833333333333332,5.643541860194941,7.08022324284677,9.416666666666666,0.3517810405968301,0.6331349206349207,3.4166666666666665,4.897339001434498,4.5,0.6204365079365078,1.4166666666666667,0.3333333333333333,1.5833333333333333,0.16666666666666666,1
2014,Michigan,12,5,20.916666666666668,22.416666666666668,5.562334358498865,6.529844156941071,8.5,0.4009534081902503,0.6433333333333333,2.0833333333333335,3.0704834686179048,3.3333333333333335,0.5194444444444445,2.4166666666666665,-1.0833333333333333,0.75,0.4166666666666667,2
2014,Michigan State,13,11,43.0,21.53846153846154,6.628839794733499,8.94440355350285,9.692307692307692,0.5098367884001368,0.6967032967032967,0.8461538461538461,3.021509872808157,2.3076923076923075,0.6987179487179488,3.076923076923077,0.8461538461538461,1.9230769230769231,0.8461538461538461,12
2014,Middle Tennessee,11,5,31.272727272727273,31.272727272727273,5.974884486970831,8.019387032237454,8.272727272727273,0.4594324867052139,0.6125541125541125,1.9090909090909092,4.405022538752201,4.2727272727272725,0.6244588744588744,2.090909090909091,-0.36363636363636365,1.3636363636363635,0.45454545454545453,2
2014,Minnesota,13,8,28.384615384615383,24.153846153846153,5.528177089945654,7.0401431735014945,9.692307692307692,0.4133075258075258,0.7684981684981685,1.5384615384615385,5.0908812731128466,2.8461538461538463,0.6884615384615385,2.0,0.7692307692307693,2.0,0.6153846153846154,6
2014,Mississippi State,13,10,36.92307692307692,21.692307692307693,7.02001248773881,8.828136305940323,11.76923076923077,0.4716539870386024,0.6051282051282051,1.5384615384615385,4.049475237763469,3.3846153846153846,0.3820512820512821,2.6153846153846154,0.0,1.5384615384615385,0.7692307692307693,8
2014,Missouri,14,11,27.785714285714285,21.071428571428573,5.3597648028077804,6.217008412844797,8.642857142857142,0.4071648239715467,0.5897435897435896,1.6428571428571428,3.7064885082966925,2.5714285714285716,0.7202380952380952,3.0,0.2857142857142857,1.3571428571428572,0.7857142857142857,2
2014,NC State,13,8,30.153846153846153,27.0,6.1128267246156565,6.720003607683475,8.923076923076923,0.4573894054663285,0.6822344322344323,2.0,3.9539699911166815,3.3846153846153846,0.48717948717948717,2.230769230769231,0.5384615384615384,1.1538461538461537,0.6153846153846154,5
2014,Navy,12,7,33.083333333333336,28.75,6.870907545914232,8.159780578898227,12.333333333333334,0.4892350704850705,0.7678571428571428,1.5833333333333333,5.018480768199704,4.166666666666667,0.6367063492063492,0.3333333333333333,-0.4166666666666667,1.25,0.5833333333333334,7
2014,Nebraska,13,9,37.76923076923077,26.384615384615383,6.287711381384053,7.629745929721845,10.76923076923077,0.43732293347677964,0.6913919413919414,1.5384615384615385,4.615336164008605,3.3846153846153846,0.5787545787545787,2.1538461538461537,0.0,1.6923076923076923,0.6923076923076923,5
2014,Nevada,12,6,29.416666666666668,28.0,5.384178999312499,5.814118432208968,8.333333333333334,0.38818305877129405,0.6763888888888889,1.5833333333333333,4.845868431070749,3.3333333333333335,0.6560606060606061,2.0833333333333335,0.75,1.75,0.5,4
2014,New Mexico,12,4,27.666666666666668,35.916666666666664,6.840104930547031,7.545066738816739,10.083333333333334,0.35322039072039074,0.6944444444444445,1.0,6.1934892327740725,4.5,0.6329365079365079,2.0,0.25,1.3333333333333333,0.3333333333333333,4
2014,New Mexico State,11,1,23.636363636363637,39.81818181818182,5.562739054865324,6.272835657875086,7.818181818181818,0.41739174138554946,0.55,0.9090909090909091,6.390221866050789,5.0,0.7396103896103896,0.36363636363636365,-1.0,1.4545454545454546,0.09090909090909091,1
2014,North Carolina,13,6,33.23076923076923,39.0,5.638417874612639,7.235882675953724,9.846153846153847,0.4192646164663312,0.7357142857142857,2.0,5.283496579730013,4.153846153846154,0.7128205128205127,1.6153846153846154,0.15384615384615385,1.6153846153846154,0.46153846153846156,3
2014,North Texas,11,3,26.818181818181817,31.636363636363637,5.05838919933482,6.288247693369102,7.7272727272727275,0.3941571715178526,0.6416666666666667,2.090909090909091,4.406139017846943,3.1818181818181817,0.7566666666666666,2.090909090909091,-0.09090909090909091,1.4545454545454546,0.2727272727272727,1
2014,Northern Illinois,14,11,31.5,25.642857142857142,5.8304284283101016,7.166730625539733,9.928571428571429,0.4787213449973291,0.6843537414965987,0.8571428571428571,4.354877630107287,3.2857142857142856,0.7423076923076923,2.2142857142857144,0.6428571428571429,1.3571428571428572,0.7857142857142857,5
2014,Northwestern,12,5,23.0,25.166666666666668,4.523680906800758,5.773860591566366,6.25,0.4000943432928727,0.611111111111111,2.6666666666666665,4.258493998344626,3.9166666666666665,0.5920634920634921,1.3333333333333333,0.08333333333333333,1.75,0.4166666666666667,1
2014,Notre Dame,13,8,32.84615384615385,29.153846153846153,6.317960829185275,8.481795675972172,10.307692307692308,0.48717566998109985,0.6633699633699633,2.0,4.147856048348137,3.8461538461538463,0.6833333333333332,1.8461538461538463,-0.15384615384615385,1.6153846153846154,0.6153846153846154,5
2014,Ohio,12,6,20.5,24.833333333333332,5.367782448348245,6.900944702967465,7.916666666666667,0.39479784104784105,0.6201298701298701,1.9166666666666667,3.8575072056231474,2.9166666666666665,0.6791666666666667,2.0,0.0,1.4166666666666667,0.5,1
2014,Ohio State,15,14,44.8,22.0,7.156249496428239,9.329295588155569,12.733333333333333,0.5152258852258852,0.7199470899470899,1.8,4.101684957390085,2.8666666666666667,0.7217948717948718,2.8666666666666667,0.6,1.9333333333333333,0.9333333333333333,10
2014,Oklahoma,13,8,36.38461538461539,25.923076923076923,6.372601227954518,6.696085075265201,10.538461538461538,0.4007446669389989,0.7365689865689866,0.7692307692307693,3.4011265084386215,3.0,0.4331501831501831,2.3846153846153846,-0.5384615384615384,1.2307692307692308,0.6153846153846154,8
2014,Oklahoma State,13,7,27.615384615384617,31.23076923076923,5.431172991434119,7.88677359305944,8.692307692307692,0.3212013470110636,0.5705128205128205,2.923076923076923,4.14445063538067,3.4615384615384617,0.5935897435897436,2.1538461538461537,-0.6153846153846154,0.8461538461538461,0.5384615384615384,0
2014,Old Dominion,11,5,32.90909090909091,39.0,6.593474260047555,7.4637561663143055,9.727272727272727,0.41092688505790115,0.6651515151515152,2.272727272727273,4.965694545330304,4.818181818181818,0.7314285714285714,1.4545454545454546,-0.2727272727272727,1.0909090909090908,0.45454545454545453,3
2014,Ole Miss,13,9,28.307692307692307,16.0,6.1781283534015925,7.823599364070501,7.384615384615385,0.3997082166199813,0.5638888888888889,2.1538461538461537,3.3414516673289816,2.5384615384615383,0.3263888888888889,2.076923076923077,0.6153846153846154,2.1538461538461537,0.6923076923076923,7
2014,Oregon,15,13,45.4,23.6,7.4965767273303054,10.114320162827802,12.666666666666666,0.5065862786451022,0.6574603174603175,2.066666666666667,4.272770307178202,3.933333333333333,0.6178571428571429,2.3333333333333335,1.3333333333333333,1.7333333333333334,0.8666666666666667,6
2014,Oregon State,12,5,25.666666666666668,31.583333333333332,5.77766017795737,7.227121171359703,8.083333333333334,0.3175021272157495,0.50625,2.6666666666666665,4.936832630894142,3.3333333333333335,0.6625,2.3333333333333335,0.4166666666666667,1.3333333333333333,0.4166666666666667,0
2014,Penn State,13,7,20.615384615384617,18.615384615384617,4.649159158670782,6.062468860725076,5.461538461538462,0.3945962408632092,0.4423076923076923,3.3846153846153846,2.837348721882726,3.0,0.38055555555555554,2.3076923076923075,0.15384615384615385,1.6153846153846154,0.5384615384615384,4
2014,Pittsburgh,11,4,28.181818181818183,28.818181818181817,6.104861031949133,8.445189287836346,11.0,0.467948717948718,0.7696969696969697,1.6363636363636365,4.763041461976996,3.272727272727273,0.6822510822510822,1.0909090909090908,-0.09090909090909091,0.7272727272727273,0.36363636363636365,5
2014,Purdue,12,3,23.833333333333332,31.666666666666668,5.176544967765286,5.560610804847379,7.0,0.3696911136249372,0.4984848484848485,2.0,4.681004556653654,4.666666666666667,0.6180555555555556,1.5,-0.3333333333333333,1.3333333333333333,0.25,0
2014,Rice,13,8,28.76923076923077,28.46153846153846,5.678452359290005,8.816899918670526,8.23076923076923,0.43950568662107126,0.6478021978021977,2.0,4.27487733884473,3.230769230769231,0.5858974358974358,2.923076923076923,0.07692307692307693,0.9230769230769231,0.6153846153846154,2
2014,Rutgers,13,8,26.692307692307693,30.153846153846153,6.005833525438347,8.668056853540724,8.692307692307692,0.3510848126232741,0.5734126984126984,1.3846153846153846,5.471840514797927,4.0,0.5871794871794871,2.230769230769231,-0.23076923076923078,1.2307692307692308,0.6153846153846154,2
2014,SMU,12,1,11.083333333333334,41.333333333333336,4.139409594073095,4.7134067981125805,5.333333333333333,0.3084936792367133,0.4833333333333333,3.5833333333333335,5.499288068806834,5.416666666666667,0.6511904761904762,1.1666666666666667,-1.0,0.9166666666666666,0.08333333333333333,0
2014,San Diego State,13,7,25.0,19.846153846153847,5.860171670015684,6.372479637275489,8.076923076923077,0.42419051536698593,0.5296703296703297,1.6923076923076923,3.9116150458387464,2.8461538461538463,0.6397435897435897,1.7692307692307692,0.07692307692307693,1.6153846153846154,0.5384615384615384,2
2014,San José State,11,3,18.272727272727273,28.636363636363637,5.373714847630645,6.801150743196198,7.2727272727272725,0.46608271407736646,0.395,1.7272727272727273,5.457856485743397,4.181818181818182,0.6311688311688312,0.9090909090909091,-0.7272727272727273,0.9090909090909091,0.2727272727272727,1
2014,South Alabama,12,5,21.583333333333332,27.75,5.093521271773266,6.203463012258896,7.416666666666667,0.35546114174210147,0.5777777777777778,2.5833333333333335,4.5503505076927775,3.9166666666666665,0.6486111111111111,1.5833333333333333,-0.5,1.25,0.4166666666666667,0
2014,South Carolina,13,7,32.61538461538461,30.384615384615383,6.210567483358298,8.100951059296916,9.923076923076923,0.4263942310501015,0.6525641025641025,2.0,5.411009867759071,4.384615384615385,0.6404151404151405,1.0,-0.15384615384615385,1.2307692307692308,0.5384615384615384,4
2014,South Florida,12,4,17.166666666666668,27.0,5.0169448273353145,6.42949112664025,5.833333333333333,0.367629477004477,0.29545454545454547,1.8333333333333333,4.420622149307127,3.5833333333333335,0.6909090909090909,1.5,0.08333333333333333,1.4166666666666667,0.3333333333333333,0
2014,Southern Miss,12,3,19.0,35.416666666666664,5.308431063379359,7.249206003161294,6.666666666666667,0.40569280936928,0.41150793650793654,1.8333333333333333,5.142471485240115,3.6666666666666665,0.5458874458874459,1.0833333333333333,-0.5,1.0833333333333333,0.25,1
2014,Stanford,13,8,27.153846153846153,16.384615384615383,5.97438088992817,7.7931953855938225,8.23076923076923,0.41643068469991545,0.5571428571428572,1.5384615384615385,2.518364456742797,2.6153846153846154,0.5742424242424242,3.076923076923077,0.0,1.0769230769230769,0.6153846153846154,5
2014,Syracuse,12,3,17.083333333333332,24.333333333333332,4.819932100437669,5.527948488118444,7.25,0.34000579099263306,0.44242424242424244,1.5833333333333333,3.673475241476258,3.1666666666666665,0.4513888888888889,2.0,-0.16666666666666666,1.4166666666666667,0.25,4
2014,TCU,13,12,46.46153846153846,19.0,6.695572935491071,7.9575475034912655,12.384615384615385,0.41626012876012874,0.6428571428571429,1.7692307692307692,2.9668582530537555,2.3846153846153846,0.4236111111111111,2.8461538461538463,1.3076923076923077,2.6153846153846154,0.9230769230769231,10
2014,Temple,12,6,23.083333333333332,17.5,5.009782537622162,6.175962360435133,5.5,0.2475957321545557,0.37916666666666665,1.75,3.7854601545012088,3.0,0.3939393939393939,2.0833333333333335,0.08333333333333333,1.9166666666666667,0.5,4
2014,Tennessee,13,7,28.923076923076923,24.23076923076923,4.954129284479992,6.619197900828694,8.461538461538462,0.3848576329732557,0.5472527472527472,3.1538461538461537,4.420090672138304,2.6153846153846154,0.7152777777777778,2.6153846153846154,0.23076923076923078,1.5384615384615385,0.5384615384615384,2
2014,Texas,13,6,21.384615384615383,23.846153846153847,4.85406791305557,6.075119096589685,6.846153846153846,0.35059201171668425,0.6569444444444444,2.076923076923077,3.900319632552144,3.3846153846153846,0.5569444444444445,2.923076923076923,-0.38461538461538464,1.1538461538461537,0.46153846153846156,1
2014,Texas A&M,13,8,35.23076923076923,28.076923076923077,6.251675144308479,7.700888464160997,9.076923076923077,0.4093985200320042,0.5675213675213675,2.0,4.744914010846552,3.3076923076923075,0.4858974358974359,2.6923076923076925,-0.5384615384615384,0.7692307692307693,0.6153846153846154,5
2014,Texas State,12,7,33.833333333333336,27.666666666666668,6.128015453467687,7.122822829559446,10.083333333333334,0.40602367010068247,0.6597222222222222,1.9166666666666667,4.898645754290549,3.8333333333333335,0.6277056277056278,2.3333333333333335,0.6666666666666666,1.5,0.5833333333333334,4
2014,Texas Tech,12,4,30.5,41.25,6.73825988681534,7.6714081166511505,9.666666666666666,0.4432766035707212,0.5625,0.9166666666666666,5.306918089791773,4.666666666666667,0.7805555555555556,1.75,-1.0833333333333333,0.8333333333333334,0.3333333333333333,4
2014,Toledo,12,8,38.0,31.416666666666668,6.724589703930146,7.9235186058229425,11.666666666666666,0.4906134782973018,0.6886904761904762,1.25,3.9923910925923596,3.9166666666666665,0.706547619047619,1.9166666666666667,0.25,1.1666666666666667,0.6666666666666666,6
2014,Troy,12,3,21.833333333333332,36.166666666666664,5.294605411395799,6.417869092767017,8.833333333333334,0.4018252172663937,0.6749999999999999,2.0,5.436789376728872,4.333333333333333,0.6964285714285715,1.25,0.3333333333333333,1.25,0.25,1
2014,Tulane,12,3,16.0,28.416666666666668,5.0438950791054085,5.584153776788159,7.25,0.3280132177191001,0.4680555555555556,2.0833333333333335,4.5335272181187785,4.333333333333333,0.47281746031746036,1.5833333333333333,0.25,2.1666666666666665,0.25,2
2014,Tulsa,12,2,24.666666666666668,39.25,5.213976065788322,6.712648537946528,7.833333333333333,0.38948934837092736,0.6047619047619047,2.0,5.863982859862751,4.166666666666667,0.776984126984127,1.5833333333333333,-0.75,1.0833333333333333,0.16666666666666666,0
2014,UAB,11,5,33.36363636363637,30.09090909090909,5.565336891331124,8.106158004399692,9.818181818181818,0.4369447545918134,0.5507575757575758,2.3636363636363638,4.552155876328957,3.090909090909091,0.5454545454545454,2.5454545454545454,-0.2727272727272727,1.2727272727272727,0.45454545454545453,6
2014,UCF,13,9,28.076923076923077,19.153846153846153,5.275015684719283,7.936693986409967,7.538461538461538,0.4135448952756645,0.6123931623931624,2.0,2.765948273806391,3.0,0.5534798534798535,2.5384615384615383,0.15384615384615385,2.0,0.6923076923076923,5
2014,UCLA,12,9,31.083333333333332,28.166666666666668,5.945128835494997,7.469835499813602,9.583333333333334,0.43659485330344466,0.6958333333333333,3.1666666666666665,3.77010594939896,3.3333333333333335,0.5972222222222222,2.1666666666666665,-0.25,0.8333333333333334,0.75,2
2014,UConn,11,2,16.90909090909091,28.818181818181817,4.935726996111328,6.527601119574803,6.0,0.30117487978450547,0.4616666666666667,2.3636363636363638,4.095104852216495,3.4545454545454546,0.6867965367965367,1.1818181818181819,-0.9090909090909091,1.0,0.18181818181818182,0
2014,UL Monroe,12,4,20.083333333333332,26.25,4.621272840210529,6.082994760891073,5.0,0.3413219760259234,0.4090909090909091,3.6666666666666665,4.115090454882023,3.4166666666666665,0.5777777777777778,3.1666666666666665,-0.16666666666666666,1.1666666666666667,0.3333333333333333,1
2014,UNLV,13,2,21.923076923076923,38.46153846153846,5.30588242538178,6.569951488268857,8.23076923076923,0.35222623589794344,0.5728937728937729,2.923076923076923,5.831642242911342,4.461538461538462,0.7228937728937729,1.6923076923076923,-0.7692307692307693,0.9230769230769231,0.15384615384615385,0
2014,USC,13,9,35.84615384615385,25.153846153846153,6.137121404319924,8.366389176801935,8.692307692307692,0.46304081664079383,0.7769230769230769,2.4615384615384617,3.7545430827467436,3.8461538461538463,0.5862637362637362,2.4615384615384617,0.7692307692307693,1.4615384615384615,0.6923076923076923,6
2014,UTEP,13,7,26.615384615384617,28.076923076923077,5.384175229574668,6.7374607524273085,7.615384615384615,0.4361545505776275,0.5692307692307692,1.0,5.324376543858534,3.230769230769231,0.6708333333333334,1.7692307692307692,0.46153846153846156,1.3076923076923077,0.5384615384615384,1
2014,UTSA,12,4,17.083333333333332,25.916666666666668,4.598924526230142,5.869675089247334,6.5,0.2828053754524343,0.36833333333333335,2.3333333333333335,3.4725368528926417,3.3333333333333335,0.45416666666666666,1.6666666666666667,0.0,1.25,0.3333333333333333,2
2014,Utah,13,9,31.307692307692307,24.923076923076923,5.276800551872622,6.407196557845784,8.153846153846153,0.4249174028585794,0.6083333333333333,2.230769230769231,3.786265327304172,2.769230769230769,0.7337662337662337,4.153846153846154,0.3076923076923077,1.5384615384615385,0.6923076923076923,2
2014,Utah State,14,10,26.928571428571427,19.714285714285715,6.085489827914651,7.383214467598626,8.5,0.3338518182392574,0.5256410256410257,1.9285714285714286,3.3495915042319164,2.642857142857143,0.6452380952380953,3.5,0.7142857142857143,1.7857142857142858,0.7142857142857143,6
2014,Vanderbilt,12,3,17.166666666666668,33.25,4.563632201228605,5.960741141382331,6.25,0.30456719206719207,0.4848484848484848,1.9166666666666667,4.837562407379418,3.8333333333333335,0.7027777777777778,1.5,-1.25,0.8333333333333334,0.25,0
2014,Virginia,12,5,25.833333333333332,24.083333333333332,5.108291259989426,6.649030712055526,7.5,0.4312023420479303,0.47400793650793654,1.3333333333333333,3.6551601721831983,3.1666666666666665,0.5486111111111112,2.5833333333333335,-0.16666666666666666,1.75,0.4166666666666667,6
2014,Virginia Tech,13,7,24.076923076923077,20.153846153846153,4.876280819032797,6.187494755872948,7.0,0.38957420949561933,0.5051282051282051,2.6153846153846154,3.9271094020762636,3.076923076923077,0.391025641025641,3.5384615384615383,-0.6923076923076923,1.0769230769230769,0.5384615384615384,3
2014,Wake Forest,12,3,14.833333333333334,26.416666666666668,3.5957150316467072,5.478186299411127,4.166666666666667,0.29175320293741347,0.4057539682539682,4.0,4.32358522716022,3.5833333333333335,0.4527777777777778,2.25,0.0,1.25,0.25,1
2014,Washington,13,7,31.23076923076923,25.46153846153846,5.668231097099356,7.252709166605294,8.307692307692308,0.43047857120255306,0.5,1.9230769230769231,3.3572343921995675,4.153846153846154,0.458974358974359,3.3076923076923075,0.8461538461538461,1.9230769230769231,0.5384615384615384,5
2014,Washington State,12,3,31.833333333333332,38.583333333333336,6.308314680127617,7.547425121623622,7.833333333333333,0.4292525456999141,0.6373015873015873,2.9166666666666665,4.273290430287713,4.333333333333333,0.6253246753246753,2.4166666666666665,-1.3333333333333333,0.5,0.25,1
2014,West Virginia,13,7,33.46153846153846,27.615384615384617,5.999129615090894,7.740168812659432,9.384615384615385,0.43539447578892787,0.5284382284382284,2.0,4.396078656994489,3.076923076923077,0.5930555555555556,1.3846153846153846,-0.46153846153846156,1.0,0.5384615384615384,3
2014,Western Kentucky,13,8,44.38461538461539,39.92307692307692,7.17211622101677,8.827036239668542,11.076923076923077,0.5059758617450926,0.6836996336996337,1.3846153846153846,5.146866796368496,4.923076923076923,0.6322420634920635,1.8461538461538463,0.46153846153846156,1.6153846153846154,0.6153846153846154,7
2014,Western Michigan,12,8,35.0,25.333333333333332,6.807962795280328,10.017608302973844,9.25,0.49647982736218027,0.6652777777777777,1.6666666666666667,3.8523872864012354,3.4166666666666665,0.5402777777777777,2.25,0.08333333333333333,1.4166666666666667,0.6666666666666666,6
2014,Wisconsin,14,11,34.57142857142857,20.785714285714285,6.912824353781398,6.69651752299836,10.571428571428571,0.396997446997447,0.6490842490842491,0.7857142857142857,3.6444975598971525,2.2857142857142856,0.47878787878787876,2.5714285714285716,-0.7142857142857143,1.0,0.7857142857142857,8
2014,Wyoming,12,4,21.083333333333332,32.833333333333336,5.401162435835168,7.057975620641529,7.333333333333333,0.39341698635976124,0.5416666666666666,3.6666666666666665,5.306537976137943,4.166666666666667,0.5950396825396825,1.0833333333333333,0.08333333333333333,1.1666666666666667,0.3333333333333333,0
2015,Air Force,14,8,33.785714285714285,25.5,6.570028867500999,10.921294351073763,11.142857142857142,0.44282764970790184,0.7345238095238095,0.21428571428571427,4.155673153161468,2.642857142857143,0.5113636363636364,2.5,-0.35714285714285715,1.2142857142857142,0.5714285714285714,10
2015,Akron,13,8,23.923076923076923,21.46153846153846,5.164736570315184,6.824014848406689,8.153846153846153,0.37848155456514593,0.5449074074074074,0.8461538461538461,3.282908980488632,3.076923076923077,0.6647435897435897,2.0,0.6153846153846154,1.7692307692307692,0.6153846153846154,5
2015,Alabama,15,14,35.06666666666667,15.133333333333333,6.132197747849527,8.144068458018907,8.666666666666666,0.3791844266844267,0.5344444444444445,1.6666666666666667,2.5402038639010556,2.0,0.44358974358974357,3.4,0.6666666666666666,1.4666666666666666,0.9333333333333333,9
2015,App State,13,11,36.69230769230769,19.076923076923077,6.795976257954701,8.665841603511286,11.692307692307692,0.4290506250913491,0.7556776556776555,0.8461538461538461,3.312576285598363,3.076923076923077,0.31858974358974357,2.6923076923076925,0.23076923076923078,1.7692307692307692,0.8461538461538461,12
2015,Arizona,13,7,37.38461538461539,35.76923076923077,6.733804749795581,7.813405736286482,10.846153846153847,0.4074166241527518,0.6166666666666666,2.076923076923077,4.578269083213462,4.3076923076923075,0.7018315018315018,1.9230769230769231,-0.15384615384615385,1.2307692307692308,0.5384615384615384,3
2015,Arizona State,13,6,34.61538461538461,33.46153846153846,5.9193857505566525,7.402666595859802,9.76923076923077,0.40801757945423106,0.5220390720390721,2.6923076923076925,3.858181126768576,3.6923076923076925,0.6,3.3076923076923075,0.07692307692307693,1.3076923076923077,0.46153846153846156,3
2015,Arkansas,13,8,35.92307692307692,27.384615384615383,6.929573377811802,9.531391824189358,8.923076923076923,0.47767841133225747,0.7082417582417583,1.0,4.036956851758642,4.0,0.5884615384615385,1.4615384615384615,0.3076923076923077,1.0,0.6153846153846154,6
2015,Arkansas State,13,9,40.0,30.23076923076923,6.072321591795094,7.751743353292512,9.76923076923077,0.4206492423984684,0.5846153846153845,1.8461538461538463,4.654692166820104,3.1538461538461537,0.7847222222222222,2.3076923076923075,0.6153846153846154,2.230769230769231,0.6923076923076923,5
2015,Army,12,2,22.083333333333332,27.833333333333332,5.939733291428182,12.833484686609687,8.75,0.4625011970600206,0.6123809523809524,1.0,4.78490804274671,3.3333333333333335,0.7031746031746032,1.0833333333333333,-0.9166666666666666,0.75,0.16666666666666666,3
2015,Auburn,13,7,27.46153846153846,26.0,5.547369297697792,7.742648952983019,8.076923076923077,0.4181255478078221,0.5923076923076923,1.4615384615384615,4.691443594604716,3.8461538461538463,0.5102564102564102,1.4615384615384615,0.5384615384615384,1.4615384615384615,0.5384615384615384,3
2015,BYU,13,9,33.69230769230769,22.846153846153847,6.072069883034268,7.95472925252833,7.538461538461538,0.4155883702442407,0.7708333333333334,2.3076923076923075,3.727301336763616,3.3846153846153846,0.6319444444444444,2.923076923076923,0.3076923076923077,1.6153846153846154,0.6923076923076923,3
2015,Ball State,12,3,23.083333333333332,35.833333333333336,4.997636770600057,5.550457651917257,6.166666666666667,0.3678806863501136,0.5043650793650793,0.8333333333333334,5.024936383627291,4.75,0.6283730158730159,1.3333333333333333,-0.16666666666666666,1.0,0.25,1
2015,Baylor,13,10,48.07692307692308,28.307692307692307,7.348347548913074,9.526818010824801,14.846153846153847,0.4643520129945469,0.8073260073260073,1.1538461538461537,3.9111768161848195,3.1538461538461537,0.7305555555555556,2.076923076923077,0.23076923076923078,1.7692307692307692,0.7692307692307693,9
2015,Boise State,13,9,39.07692307692308,20.23076923076923,6.132187544134907,7.760870821568923,9.923076923076923,0.423473414359702,0.5990842490842491,2.1538461538461537,3.3683161625808133,2.5384615384615383,0.4454545454545455,2.1538461538461537,0.9230769230769231,2.230769230769231,0.6923076923076923,8
2015,Boston College,12,3,17.166666666666668,15.25,4.638381702736054,5.183308192728483,7.583333333333333,0.2793215796215022,0.6333333333333333,2.0,2.2926137760577583,2.3333333333333335,0.34848484848484845,2.6666666666666665,0.4166666666666667,1.6666666666666667,0.25,5
2015,Bowling Green,14,10,42.214285714285715,28.928571428571427,7.013419885662394,9.087151887788911,10.357142857142858,0.5181640437668936,0.7716836734693878,2.2857142857142856,4.042060860530162,3.857142857142857,0.5294261294261294,2.0,0.6428571428571429,1.5714285714285714,0.7142857142857143,8
2015,Buffalo,11,4,27.454545454545453,28.545454545454547,5.414809942747062,6.821366047244265,6.545454545454546,0.36001388961915276,0.5909090909090909,1.1818181818181819,4.555825061277042,3.4545454545454546,0.7757575757575758,1.4545454545454546,-0.09090909090909091,1.5454545454545454,0.36363636363636365,1
2015,California,13,8,37.92307692307692,30.692307692307693,7.138216615892125,9.18530271731345,10.846153846153847,0.46677393681442264,0.6799450549450549,1.9230769230769231,4.589958776737072,4.0,0.7013888888888888,2.3076923076923075,0.07692307692307693,1.6923076923076923,0.6153846153846154,6
2015,Central Michigan,12,6,25.75,22.666666666666668,5.618925893312781,7.72160533010329,7.416666666666667,0.4319029275105126,0.6958333333333333,1.9166666666666667,4.011687290581414,3.3333333333333335,0.506547619047619,0.9166666666666666,0.0,1.25,0.5,2
2015,Charlotte,12,2,17.5,36.25,4.423298590615052,5.509916145812244,6.75,0.3357039127453214,0.3818181818181818,3.1666666666666665,4.813336943407827,4.5,0.5398809523809524,1.3333333333333333,-1.1666666666666667,1.5833333333333333,0.16666666666666666,1
2015,Cincinnati,13,7,33.84615384615385,31.153846153846153,6.765380431817972,8.620581621244368,10.461538461538462,0.5003223814369325,0.7234432234432234,1.7692307692307692,5.07532731141697,4.153846153846154,0.6012820512820513,0.9230769230769231,-1.1538461538461537,1.0769230769230769,0.5384615384615384,6
2015,Clemson,15,14,38.46666666666667,21.666666666666668,6.564753591579156,8.24071218570526,11.333333333333334,0.48745812810054295,0.5553968253968253,1.0666666666666667,3.5041960138135573,2.7333333333333334,0.4788888888888889,3.1333333333333333,0.06666666666666667,1.4666666666666666,0.9333333333333333,10
2015,Colorado,12,4,25.0,27.416666666666668,5.241624755087842,7.099729968831949,7.333333333333333,0.3567234848484848,0.47222222222222215,3.0,5.340318576427298,3.4166666666666665,0.6303030303030304,1.8333333333333333,0.16666666666666666,1.25,0.3333333333333333,0
2015,Colorado State,13,7,29.615384615384617,27.23076923076923,6.146869198082822,7.795920365102585,9.846153846153847,0.47498743086978384,0.5888888888888889,1.2307692307692308,5.296198908370979,3.076923076923077,0.4705128205128205,1.6923076923076923,-0.6923076923076923,1.0769230769230769,0.5384615384615384,6
2015,Duke,13,8,31.53846153846154,25.384615384615383,5.463444610463079,6.435237377785584,7.384615384615385,0.4351420922360432,0.5499999999999999,1.3076923076923077,3.659632163729913,3.076923076923077,0.61,1.1538461538461537,-0.15384615384615385,1.3076923076923077,0.6153846153846154,3
2015,East Carolina,12,5,27.416666666666668,26.0,5.655796148334467,7.312525898703821,7.916666666666667,0.421103347690035,0.7083333333333334,2.0833333333333335,4.049456020505031,3.6666666666666665,0.6561507936507937,2.0,-0.16666666666666666,1.1666666666666667,0.4166666666666667,1
2015,Eastern Michigan,12,1,25.416666666666668,42.083333333333336,5.487332306632019,6.412329944400738,8.5,0.4031521353889775,0.7708333333333334,2.0,6.664903771046709,4.75,0.7228174603174603,1.4166666666666667,-0.8333333333333334,0.8333333333333334,0.08333333333333333,1
2015,Florida,14,10,23.214285714285715,18.285714285714285,5.232296991554791,7.225743973951181,6.857142857142857,0.35295150755677074,0.6041666666666666,3.0714285714285716,3.6421199540927325,3.0714285714285716,0.48946886446886445,2.7857142857142856,0.2857142857142857,1.4285714285714286,0.7142857142857143,5
2015,Florida Atlantic,12,3,22.5,28.75,5.3499272302945435,6.616793193752738,7.5,0.3503021670881578,0.43432539682539684,2.0,4.147671306929454,3.1666666666666665,0.6095238095238096,2.4166666666666665,-0.3333333333333333,1.5833333333333333,0.25,1
2015,Florida International,11,5,27.181818181818183,26.818181818181817,5.4501300467568194,7.136211508882791,7.0,0.4306637806637807,0.6983333333333334,1.9090909090909092,5.00634047102821,3.4545454545454546,0.6318181818181818,1.3636363636363635,0.18181818181818182,1.0909090909090908,0.45454545454545453,1
2015,Florida State,13,10,31.692307692307693,17.46153846153846,6.6454646958748365,7.894674100688524,10.076923076923077,0.3935641281795128,0.46016483516483514,1.8461538461538463,3.724238870422165,2.3846153846153846,0.5181818181818182,2.3846153846153846,0.0,0.9230769230769231,0.7692307692307693,5
2015,Fresno State,12,3,22.25,38.083333333333336,4.609527071939312,5.4208163741127455,6.75,0.35461299679565933,0.5878787878787879,2.0,4.906862896381459,3.5833333333333335,0.75,2.3333333333333335,-0.25,1.1666666666666667,0.25,0
2015,Georgia,13,10,26.307692307692307,16.923076923076923,6.093548717395252,7.6502035993734285,8.538461538461538,0.30222849442901834,0.3527777777777778,1.0769230769230769,3.8353870076307124,2.769230769230769,0.5294871794871795,1.6153846153846154,0.3076923076923077,1.2307692307692308,0.7692307692307693,4
2015,Georgia Southern,13,9,36.46153846153846,23.53846153846154,6.403595279825527,6.620302605626493,11.615384615384615,0.424201439586055,0.6317460317460317,0.46153846153846156,3.9622767428041294,2.5384615384615383,0.5843253968253969,1.6923076923076923,0.5384615384615384,2.0,0.6923076923076923,7
2015,Georgia State,13,6,26.923076923076923,28.307692307692307,6.2553280720236355,8.90947351754847,8.384615384615385,0.4296691493524073,0.6282051282051282,2.4615384615384617,4.536054709876984,3.230769230769231,0.5230769230769231,1.1538461538461537,-0.15384615384615385,1.5384615384615385,0.46153846153846156,3
2015,Georgia Tech,12,3,29.25,25.75,6.204833241719719,8.54987894163911,10.0,0.38705507455507454,0.6319444444444444,1.1666666666666667,4.760024314339418,3.3333333333333335,0.5222222222222223,1.1666666666666667,-0.5833333333333334,1.4166666666666667,0.25,5
2015,Hawai'i,12,2,16.75,36.916666666666664,5.06191815302138,6.2446103900399565,6.666666666666667,0.29538103508691743,0.6444444444444444,2.4166666666666665,4.649943601364391,4.833333333333333,0.6823412698412699,1.5,-1.8333333333333333,0.5833333333333334,0.16666666666666666,0
2015,Houston,14,13,40.42857142857143,20.714285714285715,6.227769323612134,8.369424266163396,11.0,0.4974665372221763,0.7006802721088435,1.9285714285714286,3.1703304409483803,2.357142857142857,0.7541666666666668,2.5,1.4285714285714286,2.4285714285714284,0.9285714285714286,11
2015,Idaho,11,3,29.636363636363637,43.09090909090909,5.500876684167188,7.170554638100007,8.818181818181818,0.3951704638201965,0.5173160173160173,2.6363636363636362,6.439600505820601,5.090909090909091,0.7158008658008658,1.1818181818181819,-0.5454545454545454,1.0909090909090908,0.2727272727272727,0
2015,Illinois,12,5,22.666666666666668,23.25,4.974336695070192,5.700805722776905,7.416666666666667,0.35306965566253495,0.496969696969697,1.6666666666666667,4.313389268478843,3.25,0.5346320346320346,1.3333333333333333,0.08333333333333333,1.3333333333333333,0.4166666666666667,1
2015,Indiana,13,6,36.53846153846154,37.61538461538461,6.405606732707629,8.491189852284602,11.153846153846153,0.3857612849694298,0.6494505494505495,0.7692307692307693,5.339691720353849,3.6153846153846154,0.5510989010989011,2.076923076923077,0.6923076923076923,1.5384615384615385,0.46153846153846156,6
2015,Iowa,14,12,30.928571428571427,20.357142857142858,5.891003219053734,7.9503799806824,8.5,0.41818500127323655,0.6312925170068028,1.9285714285714286,3.601288708038576,2.7857142857142856,0.5119047619047619,2.0,0.7142857142857143,1.7142857142857142,0.8571428571428571,4
2015,Iowa State,12,3,25.0,32.666666666666664,5.563339785861156,6.771403097780201,9.25,0.3954911491381743,0.5958874458874459,3.25,4.701858760785494,3.4166666666666665,0.6467532467532467,2.3333333333333335,-0.8333333333333334,0.9166666666666666,0.25,1
2015,Kansas,12,0,15.25,46.083333333333336,4.429159910826757,5.64333208647226,6.25,0.372214835101832,0.6083333333333333,2.9166666666666665,5.776266530356554,6.083333333333333,0.6159722222222223,2.0833333333333335,-0.5,1.25,0.0,0
2015,Kansas State,13,6,29.923076923076923,31.46153846153846,5.0430408110919425,6.722337575593314,7.769230769230769,0.394512011367215,0.6034798534798534,2.6153846153846154,4.549801952072042,3.923076923076923,0.5888888888888889,2.769230769230769,-0.6923076923076923,0.6923076923076923,0.46153846153846156,1
2015,Kent State,10,3,12.6,26.8,4.09674593197707,5.121968918061835,5.9,0.23394026853779176,0.34722222222222227,1.0,3.5563020611102454,3.5,0.6296296296296297,2.6,-0.2,1.4,0.3,3
2015,Kentucky,12,5,24.666666666666668,27.416666666666668,5.53849938264522,6.270424035763221,8.916666666666666,0.3789642138906845,0.5291666666666667,2.5,4.900030264218114,4.5,0.49583333333333335,1.3333333333333333,-0.4166666666666667,1.3333333333333333,0.4166666666666667,1
2015,LSU,12,9,32.833333333333336,24.25,6.840916975745991,7.933198731604505,11.25,0.395393611018611,0.6888888888888888,1.1666666666666667,3.9716124150534604,3.0,0.6777777777777777,2.75,0.3333333333333333,0.9166666666666666,0.75,7
2015,Louisiana,12,4,26.416666666666668,31.833333333333332,5.7710675228506725,7.324669368787016,7.5,0.3847570865953219,0.5986111111111111,1.6666666666666667,4.74011803960692,3.3333333333333335,0.5638888888888889,1.6666666666666667,-0.5833333333333334,0.75,0.3333333333333333,0
2015,Louisiana Tech,13,9,37.53846153846154,26.846153846153847,7.139036672787537,9.159005999937456,9.846153846153847,0.39733697674874147,0.611904761904762,1.3846153846153846,3.6562996631604254,3.6923076923076925,0.5815018315018314,1.6923076923076923,0.23076923076923078,1.6923076923076923,0.6923076923076923,6
2015,Louisville,13,8,28.692307692307693,24.076923076923077,6.285851482717089,7.8479900291641185,11.538461538461538,0.37834013648493287,0.621978021978022,3.076923076923077,3.42565192131437,2.5384615384615383,0.5525641025641026,2.6923076923076925,0.0,1.6923076923076923,0.6153846153846154,5
2015,Marshall,13,10,31.307692307692307,17.76923076923077,5.41669882598681,6.332125810300263,7.846153846153846,0.40165273323168055,0.5941391941391941,1.6153846153846154,4.216427004079831,3.1538461538461537,0.5578373015873016,2.076923076923077,0.46153846153846156,1.7692307692307692,0.7692307692307693,3
2015,Maryland,12,3,24.666666666666668,34.416666666666664,5.431693432004717,5.480866646837129,9.0,0.3069042799305957,0.5303030303030303,2.0,3.6479751822834316,4.5,0.7271825396825397,2.8333333333333335,-1.75,1.0833333333333333,0.25,3
2015,Massachusetts,12,3,22.166666666666668,31.416666666666668,5.447899221127432,6.120850102730372,8.166666666666666,0.36371127510833395,0.5430555555555555,2.1666666666666665,4.207839891461114,4.333333333333333,0.6175595238095238,1.1666666666666667,-0.16666666666666666,1.4166666666666667,0.25,0
2015,Memphis,13,9,40.15384615384615,27.307692307692307,6.120671992626151,8.806215830479049,10.307692307692308,0.48090659340659336,0.5992673992673992,1.2307692307692308,3.8488985421255126,3.3076923076923075,0.6835164835164835,1.8461538461538463,0.6923076923076923,1.6153846153846154,0.6923076923076923,7
2015,Miami,13,8,27.76923076923077,28.153846153846153,5.993322777206623,8.084175277356383,8.538461538461538,0.3546727844804768,0.5029304029304029,1.2307692307692308,5.379617179152283,3.8461538461538463,0.5159722222222222,1.9230769230769231,0.9230769230769231,1.8461538461538463,0.6153846153846154,5
2015,Miami (OH),12,3,17.916666666666668,32.0,5.219788791333146,6.971261195646748,7.166666666666667,0.31989633460221695,0.5277777777777778,2.25,4.333494491509446,4.333333333333333,0.5858134920634921,2.25,-1.0833333333333333,1.25,0.25,0
2015,Michigan,13,10,31.384615384615383,16.384615384615383,5.7868111302757415,7.516938191279307,7.6923076923076925,0.4787518853695324,0.6631868131868133,1.3846153846153846,3.6651662203602267,2.6153846153846154,0.4666666666666667,2.5384615384615383,-0.07692307692307693,0.8461538461538461,0.7692307692307693,7
2015,Michigan State,14,12,29.785714285714285,21.714285714285715,5.578484796223926,7.426981577939816,8.214285714285714,0.48868970665189154,0.6712585034013605,1.5,3.7430986508822643,2.857142857142857,0.6785714285714286,2.357142857142857,0.9285714285714286,1.9285714285714286,0.8571428571428571,6
2015,Middle Tennessee,13,7,34.0,26.615384615384617,6.12892119859994,8.521393544669822,9.384615384615385,0.44732543659669166,0.6384615384615385,1.2307692307692308,4.185009921972044,3.6153846153846154,0.5142857142857143,1.7692307692307692,-0.15384615384615385,1.8461538461538463,0.5384615384615384,8
2015,Minnesota,13,6,22.46153846153846,25.153846153846153,5.457928607227686,6.518537605556836,6.538461538461538,0.3952986959059833,0.5777777777777778,1.3076923076923077,4.227659773345532,3.230769230769231,0.7277777777777777,1.6923076923076923,-0.38461538461538464,1.1538461538461537,0.46153846153846156,1
2015,Mississippi State,13,9,34.38461538461539,23.23076923076923,6.589509386371107,8.953956202772865,8.846153846153847,0.42966894216894214,0.8025641025641026,2.3846153846153846,4.477280107599257,3.4615384615384617,0.4261904761904762,2.3076923076923075,0.0,1.0,0.6923076923076923,5
2015,Missouri,12,5,13.583333333333334,16.166666666666668,4.368619978092103,5.309394864457918,6.916666666666667,0.2877944058865111,0.3194444444444445,2.3333333333333335,3.325729914220626,3.0,0.5444444444444444,2.25,0.0,1.1666666666666667,0.4166666666666667,4
2015,NC State,13,7,33.23076923076923,25.846153846153847,5.679828267807396,6.733010543355153,9.538461538461538,0.4153590815921132,0.6772893772893772,2.769230769230769,4.498849982542781,2.3076923076923075,0.6166666666666666,2.1538461538461537,0.6153846153846154,1.3846153846153846,0.5384615384615384,5
2015,Navy,13,11,36.76923076923077,21.846153846153847,6.516458683281574,10.360317460317459,10.923076923076923,0.4965969236896839,0.8133699633699634,1.0,4.254919396956386,2.8461538461538463,0.5384615384615384,1.6923076923076923,1.1538461538461537,1.6923076923076923,0.8461538461538461,10
2015,Nebraska,13,6,32.84615384615385,27.846153846153847,6.1488715202572815,7.750753240445966,10.384615384615385,0.46609204646534963,0.7544871794871795,1.0,3.891562719587754,3.6923076923076925,0.6564102564102564,1.7692307692307692,-0.9230769230769231,0.9230769230769231,0.46153846153846156,6
2015,Nevada,13,7,26.23076923076923,26.846153846153847,5.6175473339494495,6.605250741253619,8.615384615384615,0.39948204133724496,0.617948717948718,1.4615384615384615,4.79977908828781,3.923076923076923,0.4897435897435897,1.7692307692307692,0.6153846153846154,1.4615384615384615,0.5384615384615384,3
2015,New Mexico,13,7,29.923076923076923,28.384615384615383,5.909963003715276,8.564571563478669,8.615384615384615,0.3703644589778193,0.5721611721611721,1.0,4.622363393214322,3.6153846153846154,0.4476190476190476,2.1538461538461537,0.15384615384615385,1.6153846153846154,0.5384615384615384,3
2015,New Mexico State,12,3,28.583333333333332,45.0,5.882451002633492,6.627556963281497,9.666666666666666,0.3493625188158436,0.5499999999999999,2.9166666666666665,5.7461729547228115,4.5,0.6517857142857143,1.25,-0.16666666666666666,1.4166666666666667,0.25,1
2015,North Carolina,14,11,40.714285714285715,24.5,7.488242891723957,8.973734710083138,11.785714285714286,0.4965498786927358,0.6279761904761905,1.2857142857142858,5.033474079445042,4.071428571428571,0.6738095238095239,1.6428571428571428,0.7142857142857143,1.7142857142857142,0.7857142857142857,7
2015,North Texas,12,1,15.166666666666666,41.25,4.756377520572472,4.849835615663572,8.083333333333334,0.34356670698582464,0.4621212121212121,1.9166666666666667,5.681203991620436,5.166666666666667,0.7456349206349207,1.75,-0.5833333333333334,1.25,0.08333333333333333,0
2015,Northern Illinois,14,8,31.142857142857142,27.642857142857142,5.418562019791578,6.992779770485424,8.857142857142858,0.3825676666147408,0.6416666666666666,2.0714285714285716,3.947118364997343,3.7142857142857144,0.38273809523809527,1.8571428571428572,0.5714285714285714,1.9285714285714286,0.5714285714285714,3
2015,Northwestern,13,10,19.53846153846154,18.615384615384617,4.537317199017647,5.372857052137832,7.0,0.4095392283353702,0.38472222222222224,1.9230769230769231,3.37816555433141,2.5384615384615383,0.6277056277056278,2.3076923076923075,-0.15384615384615385,1.3076923076923077,0.7692307692307693,3
2015,Notre Dame,13,10,34.23076923076923,24.076923076923077,7.111321329944374,8.800045659622556,10.23076923076923,0.4252414252414252,0.6525641025641025,1.8461538461538463,4.945050018049959,2.923076923076923,0.7698412698412698,1.6153846153846154,-0.46153846153846156,0.8461538461538461,0.7692307692307693,5
2015,Ohio,13,8,27.53846153846154,25.307692307692307,5.724166637680513,7.727399378220446,9.384615384615385,0.4086831971447356,0.5884615384615385,2.076923076923077,5.078940922760309,2.923076923076923,0.5625,1.5384615384615385,0.23076923076923078,1.3846153846153846,0.6153846153846154,2
2015,Ohio State,13,12,35.69230769230769,15.076923076923077,6.511297293728186,7.582392898074237,10.307692307692308,0.4147257656873042,0.6478021978021977,1.2307692307692308,3.4128477251640987,2.3846153846153846,0.6305555555555555,2.923076923076923,0.0,1.1538461538461537,0.9230769230769231,8
2015,Oklahoma,13,11,43.53846153846154,22.0,6.8470816339601495,9.155147730367108,11.384615384615385,0.4583307341225893,0.642948717948718,3.076923076923077,3.9126270034967376,3.230769230769231,0.49358974358974356,2.923076923076923,0.6923076923076923,1.8461538461538463,0.8461538461538461,9
2015,Oklahoma State,13,10,39.53846153846154,30.46153846153846,6.663155291180625,9.246111795810576,10.307692307692308,0.424397171455995,0.6531135531135531,2.3076923076923075,4.368174756696169,3.230769230769231,0.6424242424242425,2.8461538461538463,0.7692307692307693,1.6923076923076923,0.7692307692307693,6
2015,Old Dominion,12,5,24.25,35.75,5.425022873783628,6.034041444467436,8.333333333333334,0.3511100895292072,0.5537698412698413,2.3333333333333335,4.801302355565293,5.0,0.5771825396825397,2.1666666666666665,0.0,1.1666666666666667,0.4166666666666667,0
2015,Ole Miss,13,10,40.84615384615385,22.615384615384617,7.393533484914968,9.146395526508098,11.692307692307692,0.4120219524065678,0.5272893772893773,1.3846153846153846,3.442782737515731,3.8461538461538463,0.3972222222222222,1.9230769230769231,0.0,1.3076923076923077,0.7692307692307693,7
2015,Oregon,13,9,43.0,37.53846153846154,7.311658927768755,9.410934533715526,14.384615384615385,0.38065976883850183,0.6596459096459097,2.8461538461538463,4.608558178545999,5.076923076923077,0.7213064713064713,2.6923076923076925,0.5384615384615384,1.5384615384615385,0.6923076923076923,6
2015,Oregon State,12,2,19.0,37.0,5.192238109556221,5.600134216126064,7.75,0.3204794932736109,0.6454545454545454,1.5,5.10439505500906,5.25,0.7454545454545454,1.3333333333333333,-0.25,0.8333333333333334,0.16666666666666666,1
2015,Penn State,13,7,23.153846153846153,21.846153846153847,5.429866418961452,7.034279639365044,7.846153846153846,0.27617694020408956,0.5459706959706959,3.0,3.9972722578632065,2.6153846153846154,0.7791666666666667,3.1538461538461537,0.5384615384615384,1.3076923076923077,0.5384615384615384,3
2015,Pittsburgh,13,8,28.23076923076923,26.076923076923077,5.977685073375472,7.271078051873237,8.076923076923077,0.4432955242344383,0.6230769230769231,1.8461538461538463,4.485816101605082,2.769230769230769,0.5625,2.3076923076923075,0.0,1.0769230769230769,0.6153846153846154,2
2015,Purdue,12,2,25.083333333333332,36.5,4.902066471703422,5.632100376713953,5.916666666666667,0.3478761842732431,0.7708333333333334,2.25,5.39669102849718,4.916666666666667,0.6712301587301588,1.4166666666666667,-0.25,1.6666666666666667,0.16666666666666666,1
2015,Rice,11,5,26.545454545454547,36.90909090909091,5.454414275721391,7.122992989039202,9.636363636363637,0.48959234779668215,0.6095238095238096,3.1818181818181817,5.040888456565987,3.4545454545454546,0.6454545454545454,1.3636363636363635,-1.0,0.45454545454545453,0.45454545454545453,2
2015,Rutgers,12,4,27.083333333333332,34.916666666666664,5.716696378716061,7.585419118277645,8.0,0.3672073297073297,0.5476190476190476,1.9166666666666667,4.906463562292349,4.416666666666667,0.7125,1.1666666666666667,-0.16666666666666666,1.3333333333333333,0.3333333333333333,0
2015,SMU,12,2,27.75,45.666666666666664,5.347787014239572,6.947797445220306,9.0,0.3912157491201609,0.5976190476190476,3.4166666666666665,5.828884137067381,4.583333333333333,0.7527777777777778,1.1666666666666667,-0.5,1.0833333333333333,0.16666666666666666,1
2015,San Diego State,14,11,32.142857142857146,16.428571428571427,5.931394685249012,8.645442313405509,8.714285714285714,0.432828129104666,0.722123015873016,1.2857142857142858,3.309250161766539,2.4285714285714284,0.5321428571428571,2.4285714285714284,1.3571428571428572,2.0,0.7857142857142857,10
2015,San José State,13,6,27.923076923076923,27.23076923076923,5.79102427905605,7.359359796993292,7.846153846153846,0.49198601172583073,0.6961538461538462,2.6153846153846154,4.816483543193892,3.230769230769231,0.7243589743589743,1.3076923076923077,-0.38461538461538464,0.8461538461538461,0.46153846153846156,2
2015,South Alabama,12,5,25.0,37.25,5.242363493879267,6.880983673550222,7.583333333333333,0.34060736305318345,0.47361111111111115,2.6666666666666665,5.227489220663312,4.166666666666667,0.825595238095238,0.8333333333333334,-0.16666666666666666,1.4166666666666667,0.4166666666666667,0
2015,South Carolina,12,3,21.916666666666668,27.5,5.581718145082707,6.978528699580065,8.166666666666666,0.3575562169312169,0.5166666666666667,1.9166666666666667,5.140086458568721,3.8333333333333335,0.6666666666666666,1.5833333333333333,0.3333333333333333,1.5,0.25,0
2015,South Florida,13,8,33.61538461538461,22.923076923076923,6.348341102734732,8.234667857226386,11.923076923076923,0.3721229687858647,0.6730769230769231,1.4615384615384615,3.5419659209314505,2.769230769230769,0.4846153846153846,2.230769230769231,0.46153846153846156,1.3846153846153846,0.6153846153846154,9
2015,Southern Miss,14,9,39.92857142857143,25.571428571428573,7.114703640427826,9.019407532710952,11.214285714285714,0.4645985384707189,0.6877551020408162,1.7142857142857142,4.203808388672525,3.7857142857142856,0.4732142857142857,2.2857142857142856,0.21428571428571427,1.5,0.6428571428571429,7
2015,Stanford,14,12,37.785714285714285,22.571428571428573,6.657971128644232,9.546793669853084,8.857142857142858,0.5013873031730175,0.6790816326530612,1.4285714285714286,4.531695988683586,3.0,0.48205128205128206,2.2857142857142856,-0.07142857142857142,0.7142857142857143,0.8571428571428571,8
2015,Syracuse,12,4,27.25,31.0,5.379439471565285,6.725775672834497,7.583333333333333,0.31631552750941294,0.6124999999999999,1.5833333333333333,4.72268064052522,4.166666666666667,0.654978354978355,1.6666666666666667,0.3333333333333333,1.5833333333333333,0.3333333333333333,1
2015,TCU,13,11,42.07692307692308,27.23076923076923,6.971929815824008,8.944639760069437,11.23076923076923,0.45777775451507297,0.6833333333333333,1.2307692307692308,4.612780052970391,3.230769230769231,0.549084249084249,2.3846153846153846,-0.46153846153846156,0.9230769230769231,0.8461538461538461,8
2015,Temple,14,10,29.785714285714285,20.071428571428573,5.639683817210383,7.306035576262212,8.642857142857142,0.4279501071683734,0.6035714285714285,1.0,3.7710293515336804,2.7857142857142856,0.4035714285714286,2.142857142857143,0.42857142857142855,1.5,0.7142857142857143,3
2015,Tennessee,13,9,35.15384615384615,20.0,5.606763136019632,7.092026260664512,9.923076923076923,0.46509512919670104,0.6207264957264957,1.7692307692307692,4.190676164179485,3.1538461538461537,0.5347222222222222,2.076923076923077,0.5384615384615384,1.3076923076923077,0.6923076923076923,7
2015,Texas,12,5,26.416666666666668,30.333333333333332,5.656416283828595,6.960079414987558,9.083333333333334,0.36068315821605296,0.5136363636363637,2.6666666666666665,4.541322048169037,4.166666666666667,0.703968253968254,3.0833333333333335,0.9166666666666666,1.75,0.4166666666666667,4
2015,Texas A&M,13,8,27.76923076923077,22.0,5.7856551937129135,7.143525984712279,9.923076923076923,0.4239773926425511,0.5347222222222222,2.6153846153846154,5.317406891670876,3.4615384615384617,0.5347222222222222,2.076923076923077,-0.15384615384615385,1.2307692307692308,0.6153846153846154,2
2015,Texas State,11,3,26.545454545454547,39.27272727272727,5.5000173992181765,6.737603524604513,9.636363636363637,0.3794502968651576,0.5984848484848485,1.7272727272727273,5.447928154339927,4.2727272727272725,0.6545454545454545,1.3636363636363635,-0.9090909090909091,0.6363636363636364,0.2727272727272727,1
2015,Texas Tech,13,7,45.07692307692308,43.61538461538461,7.027817694128024,7.93819711728564,12.307692307692308,0.5300817606753544,0.7,2.0,6.278121115742736,4.846153846153846,0.7305860805860805,1.3846153846153846,0.23076923076923078,1.7692307692307692,0.5384615384615384,6
2015,Toledo,11,10,35.45454545454545,19.454545454545453,6.370621372979222,7.5378727592946015,9.272727272727273,0.4603521478521478,0.6962121212121212,0.2727272727272727,3.375139447689661,3.272727272727273,0.37,2.1818181818181817,0.5454545454545454,1.6363636363636365,0.9090909090909091,10
2015,Troy,12,4,27.916666666666668,28.25,5.721588659312946,7.17038687396505,6.0,0.34303356244145716,0.5034722222222222,1.4166666666666667,4.324531908351384,3.6666666666666665,0.6772727272727272,2.4166666666666665,-0.16666666666666666,1.1666666666666667,0.3333333333333333,1
2015,Tulane,12,3,19.666666666666668,36.25,5.012820361943837,6.1359632085294225,6.416666666666667,0.3516436224737309,0.5378787878787878,1.8333333333333333,3.9402752887295898,4.083333333333333,0.6902777777777778,1.9166666666666667,0.0,1.1666666666666667,0.25,0
2015,Tulsa,13,6,37.15384615384615,39.84615384615385,6.302657778964427,9.09462644799804,10.384615384615385,0.44611065385356885,0.6815934065934066,3.076923076923077,5.177715610469502,4.923076923076923,0.6527472527472528,1.5384615384615385,0.23076923076923078,1.3846153846153846,0.46153846153846156,6
2015,UCF,12,0,13.916666666666666,37.666666666666664,4.222798862775726,5.073289089339849,4.416666666666667,0.2907102157102157,0.5266666666666666,1.5,4.7311256167182,4.25,0.7565476190476191,1.1666666666666667,-1.75,0.5833333333333334,0.0,1
2015,UCLA,13,8,32.23076923076923,26.0,6.394834848267897,7.4435743818673155,9.153846153846153,0.45211003009586004,0.655128205128205,0.8461538461538461,4.454110983921057,3.769230769230769,0.49166666666666664,1.9230769230769231,0.07692307692307693,1.3846153846153846,0.6153846153846154,6
2015,UConn,13,6,17.153846153846153,19.46153846153846,5.000480114115855,7.475218875279284,6.461538461538462,0.32892115426052076,0.5025793650793651,2.6923076923076925,4.338031782800913,3.1538461538461537,0.4168650793650794,1.4615384615384615,0.46153846153846156,1.6153846153846154,0.46153846153846156,3
2015,UL Monroe,13,2,21.0,36.53846153846154,4.70062206310493,5.898290919131666,6.461538461538462,0.30780725816746296,0.5287878787878788,2.769230769230769,4.350801277675172,4.769230769230769,0.5581501831501832,2.0,-0.7692307692307693,0.7692307692307693,0.15384615384615385,0
2015,UNLV,12,3,28.583333333333332,33.666666666666664,5.691790484076943,6.77766160586695,9.5,0.36160495278142335,0.5409722222222222,2.4166666666666665,5.717779675597465,3.6666666666666665,0.7718614718614719,0.6666666666666666,0.4166666666666667,1.6666666666666667,0.25,1
2015,USC,14,8,33.92857142857143,25.714285714285715,6.307026925302902,8.188941696124887,9.142857142857142,0.37296939693556236,0.7571428571428571,2.642857142857143,4.005962015767301,3.642857142857143,0.6488095238095238,2.5,0.7142857142857143,1.4285714285714286,0.5714285714285714,7
2015,UTEP,11,4,20.363636363636363,34.0,5.034408897341175,6.2139728486168115,6.7272727272727275,0.39010290066439796,0.4621212121212121,0.9090909090909091,5.267176127047424,3.5454545454545454,0.49090909090909096,1.5454545454545454,-0.6363636363636364,0.9090909090909091,0.36363636363636365,2
2015,UTSA,12,3,22.583333333333332,33.75,5.225971508032534,6.921640107268573,7.5,0.41309658478776123,0.5013888888888889,3.6666666666666665,4.3907849304459665,4.666666666666667,0.5648809523809524,1.8333333333333333,0.08333333333333333,1.5833333333333333,0.25,0
2015,Utah,13,10,30.615384615384617,22.307692307692307,5.174474793727446,6.65414949929893,8.384615384615385,0.4024081951892145,0.632051282051282,1.7692307692307692,3.633037230545617,3.5384615384615383,0.5358974358974359,2.5384615384615383,0.7692307692307693,2.076923076923077,0.7692307692307693,5
2015,Utah State,13,6,29.0,26.692307692307693,5.649474320284128,7.012909668298529,8.076923076923077,0.3636158769255935,0.4141025641025641,1.4615384615384615,3.467348116994193,3.1538461538461537,0.7532051282051282,2.0,0.0,1.0769230769230769,0.46153846153846156,3
2015,Vanderbilt,12,4,15.166666666666666,21.0,4.547467207316717,5.0001191822883,6.833333333333333,0.3814416921228067,0.4375,2.0833333333333335,3.9352548220258665,4.083333333333333,0.3520833333333333,2.0,-0.4166666666666667,1.25,0.3333333333333333,1
2015,Virginia,12,4,25.75,32.166666666666664,5.688174036872915,7.141295482341572,7.25,0.4438062074091486,0.47424242424242424,1.4166666666666667,4.8023998455368275,3.75,0.5277777777777778,1.9166666666666667,-0.8333333333333334,0.9166666666666666,0.3333333333333333,3
2015,Virginia Tech,13,7,31.0,26.307692307692307,5.382244766417506,7.3939316970020785,7.769230769230769,0.3871177841766077,0.7012820512820513,2.3076923076923075,4.984084775563663,3.0,0.5638888888888889,1.6923076923076923,0.0,1.5384615384615385,0.5384615384615384,2
2015,Wake Forest,12,3,17.416666666666668,24.583333333333332,4.879567826723552,6.501102351497653,7.166666666666667,0.36338993930905694,0.5097222222222222,3.1666666666666665,4.616900300976449,2.5833333333333335,0.5681818181818182,1.4166666666666667,-1.25,0.5833333333333334,0.25,1
2015,Washington,13,7,30.615384615384617,18.76923076923077,6.062087805703516,8.094726932300462,8.307692307692308,0.37872200072426315,0.5641025641025641,2.6923076923076925,3.2161413011217794,2.923076923076923,0.4141025641025641,2.3846153846153846,0.46153846153846156,1.9230769230769231,0.5384615384615384,6
2015,Washington State,13,9,31.46153846153846,27.692307692307693,6.083110774606636,6.952087198357,8.923076923076923,0.41105699855699857,0.6435897435897436,2.8461538461538463,4.9696088928533095,4.153846153846154,0.5664835164835165,2.3076923076923075,0.07692307692307693,1.6153846153846154,0.6923076923076923,0
2015,West Virginia,13,8,34.0,24.615384615384617,6.081777859506904,7.873265795070093,11.692307692307692,0.41133842540725135,0.5111721611721612,2.3846153846153846,4.078396574464632,3.0,0.4730952380952381,2.0,1.0769230769230769,2.3846153846153846,0.6153846153846154,6
2015,Western Kentucky,13,11,42.84615384615385,27.384615384615383,7.322287607298849,9.58471264058366,10.076923076923077,0.47693889820586655,0.7247252747252747,1.0,4.57839904162917,3.3846153846153846,0.732051282051282,1.6153846153846154,0.8461538461538461,1.7692307692307692,0.8461538461538461,9
2015,Western Michigan,12,7,36.083333333333336,28.166666666666668,7.113048773562198,9.484432401167004,11.0,0.46404071146718207,0.5869047619047619,2.3333333333333335,5.1723679514582095,3.1666666666666665,0.6680555555555556,1.1666666666666667,0.0,1.1666666666666667,0.5833333333333334,6
2015,Wisconsin,13,10,26.76923076923077,13.692307692307692,5.418171646429366,7.295027357592664,7.461538461538462,0.4040782935013704,0.6692307692307692,1.6153846153846154,3.0380674256739986,1.6153846153846154,0.4487179487179487,2.1538461538461537,0.15384615384615385,1.3076923076923077,0.7692307692307693,4
2015,Wyoming,12,2,19.0,34.0,5.497430709857091,6.986235957940443,8.416666666666666,0.3317816442816443,0.6319444444444444,2.5833333333333335,5.488923773942418,3.8333333333333335,0.7791666666666667,0.6666666666666666,-0.75,0.75,0.16666666666666666,0
2016,Air Force,12,9,34.0,24.583333333333332,6.15823383380431,11.821698525645894,10.333333333333334,0.4639755669167434,0.6076388888888888,1.25,2.982568286287581,3.0833333333333335,0.6527777777777778,2.5,0.08333333333333333,1.3333333333333333,0.75,9
2016,Akron,12,5,27.416666666666668,33.583333333333336,6.115893745166631,7.733813539363677,8.833333333333334,0.36142057833234303,0.5716666666666667,1.9166666666666667,5.177093991877038,5.0,0.5474206349206349,1.1666666666666667,-0.6666666666666666,1.0833333333333333,0.4166666666666667,2
2016,Alabama,15,14,38.8,13.0,6.649099965728897,7.427910367995467,10.933333333333334,0.44574379868497516,0.5985714285714285,1.6,2.3438184979133254,1.6666666666666667,0.37307692307692303,3.1333333333333333,0.6,1.6666666666666667,0.9333333333333333,11
2016,App State,12,10,29.666666666666668,17.0,6.291500918206711,7.045629833173077,10.75,0.33134354680407313,0.5611111111111111,1.1666666666666667,4.080758936137247,2.8333333333333335,0.3575757575757576,2.4166666666666665,0.6666666666666666,1.5833333333333333,0.8333333333333334,7
2016,Arizona,10,3,25.7,39.3,6.461343782560361,7.320459763471685,9.6,0.3758935508935509,0.4766666666666667,2.0,4.937940259068933,4.7,0.7945238095238095,1.6,-0.5,1.1,0.3,2
2016,Arizona State,12,5,33.333333333333336,39.833333333333336,5.2005818964996005,7.435702731317651,8.083333333333334,0.3809441944794112,0.7069444444444444,3.1666666666666665,4.783837639815901,3.9166666666666665,0.6547619047619048,2.0833333333333335,-0.16666666666666666,1.1666666666666667,0.4166666666666667,2
2016,Arkansas,13,7,30.307692307692307,31.076923076923077,6.136619453745036,8.695350433929534,9.384615384615385,0.3981832960905359,0.6115079365079364,2.6153846153846154,5.292307356545598,3.5384615384615383,0.6459706959706959,1.7692307692307692,-0.15384615384615385,1.4615384615384615,0.5384615384615384,3
2016,Arkansas State,13,8,27.307692307692307,21.46153846153846,5.633641126097111,7.883938612959087,9.23076923076923,0.29334284996049703,0.539010989010989,1.9230769230769231,3.3379453015727156,3.0,0.46703296703296704,3.1538461538461537,0.15384615384615385,1.3846153846153846,0.6153846153846154,5
2016,Army,12,8,31.916666666666668,20.416666666666668,6.104855182598339,8.522720797720797,11.166666666666666,0.5239536199095023,0.7394841269841269,0.75,3.980220514499186,2.5,0.5863636363636364,1.5,0.08333333333333333,1.6666666666666667,0.6666666666666666,7
2016,Auburn,13,8,31.23076923076923,17.076923076923077,6.074289419229794,7.938958963094109,11.076923076923077,0.4278643044658763,0.5804029304029303,1.3846153846153846,3.8249317747709473,3.3076923076923075,0.39166666666666666,1.8461538461538463,0.38461538461538464,1.0769230769230769,0.6153846153846154,4
2016,BYU,12,8,30.5,19.833333333333332,5.536669113149714,6.3111077953251,8.666666666666666,0.4737676267088032,0.691468253968254,1.8333333333333333,3.355955787796747,2.6666666666666665,0.5805555555555556,1.8333333333333333,0.5,1.8333333333333333,0.6666666666666666,7
2016,Ball State,12,4,27.0,30.083333333333332,5.7271771281999735,6.398202957215491,9.583333333333334,0.445237496708085,0.5998015873015873,1.25,4.565652809606614,2.6666666666666665,0.6861471861471862,2.3333333333333335,-0.5833333333333334,1.1666666666666667,0.3333333333333333,4
2016,Baylor,13,7,34.61538461538461,29.0,6.258964629274745,7.840065399580312,10.692307692307692,0.4359121270885976,0.6312576312576312,1.8461538461538463,4.098998549077725,3.769230769230769,0.6474358974358974,2.5384615384615383,-0.15384615384615385,1.3846153846153846,0.5384615384615384,4
2016,Boise State,13,10,33.76923076923077,23.307692307692307,7.016565544637482,9.714068683898406,8.923076923076923,0.4726742274819198,0.7023809523809524,1.1538461538461537,4.219329652567924,2.8461538461538463,0.5769230769230769,2.230769230769231,-0.38461538461538464,0.6923076923076923,0.7692307692307693,7
2016,Boston College,13,7,20.384615384615383,25.0,4.42628619790473,6.323287643760675,6.615384615384615,0.30903599787262565,0.5681818181818182,2.076923076923077,3.271821106096629,2.6153846153846154,0.44358974358974357,3.076923076923077,0.38461538461538464,1.5384615384615385,0.5384615384615384,4
2016,Bowling Green,11,4,23.90909090909091,38.0,5.166189553352319,5.943142613848193,8.0,0.32166877240406655,0.496969696969697,1.8181818181818181,4.323995478604534,3.909090909090909,0.7166666666666667,1.8181818181818181,-1.4545454545454546,1.1818181818181819,0.36363636363636365,0
2016,Buffalo,12,2,16.5,32.333333333333336,5.102914670951352,5.939761599579686,7.333333333333333,0.33498148433032,0.446969696969697,1.75,5.218174689592041,4.083333333333333,0.5708333333333333,1.3333333333333333,-0.5833333333333334,0.8333333333333334,0.16666666666666666,0
2016,California,12,5,37.083333333333336,42.583333333333336,6.108848134453776,7.033463071469515,10.083333333333334,0.3771377100711466,0.6041125541125542,1.25,6.331253967659664,4.25,0.8333333333333334,1.3333333333333333,0.0,1.1666666666666667,0.4166666666666667,4
2016,Central Michigan,13,6,26.307692307692307,30.307692307692307,5.775987252449791,7.515802716756448,7.076923076923077,0.4121714863290238,0.6217948717948718,2.5384615384615383,4.650774389077443,3.5384615384615383,0.7013888888888888,1.2307692307692308,-0.38461538461538464,1.3076923076923077,0.46153846153846156,0
2016,Charlotte,11,4,25.90909090909091,33.0,5.074571077057822,6.093509074828723,7.818181818181818,0.32461949814890995,0.61,2.0,4.433248241783327,4.909090909090909,0.731060606060606,1.2727272727272727,0.9090909090909091,1.8181818181818181,0.36363636363636365,2
2016,Cincinnati,12,4,19.333333333333332,26.916666666666668,5.3134953014057915,6.741963053871271,6.666666666666667,0.37614227877385775,0.4861111111111111,2.0,4.088793825348671,4.25,0.3909722222222222,1.5833333333333333,0.3333333333333333,1.9166666666666667,0.3333333333333333,2
2016,Clemson,15,14,39.2,18.0,6.357037094941426,8.214399511429061,10.2,0.5066401572283925,0.7415079365079364,1.2666666666666666,3.731083109414923,2.3333333333333335,0.5753968253968255,3.1333333333333333,0.06666666666666667,1.6,0.9333333333333333,10
2016,Colorado,13,9,29.692307692307693,21.53846153846154,5.473423744683842,7.506433895070685,8.615384615384615,0.4254732572605876,0.6029304029304029,2.3846153846153846,4.025961771548494,3.076923076923077,0.5243589743589744,2.4615384615384617,0.3076923076923077,1.5384615384615385,0.6923076923076923,2
2016,Colorado State,12,7,34.416666666666664,28.833333333333332,6.71090963289295,9.089386250508472,10.333333333333334,0.40111063364739835,0.8513888888888889,1.0833333333333333,4.553459737789817,3.5,0.7090277777777777,2.1666666666666665,0.16666666666666666,1.0,0.5833333333333334,6
2016,Duke,11,3,24.272727272727273,30.181818181818183,5.482405871652461,6.926226421965503,8.909090909090908,0.4359415094709212,0.7666666666666667,2.272727272727273,4.529761709894145,2.909090909090909,0.6216666666666667,2.4545454545454546,-0.36363636363636365,1.2727272727272727,0.2727272727272727,2
2016,East Carolina,12,3,27.0,36.083333333333336,6.099304346979406,7.562181306342429,8.583333333333334,0.4078491816204664,0.5805555555555556,2.25,5.293347461137487,4.333333333333333,0.649074074074074,0.6666666666666666,-0.9166666666666666,0.5833333333333334,0.25,0
2016,Eastern Michigan,13,7,29.615384615384617,29.846153846153847,6.069627551111187,7.612372989350134,8.461538461538462,0.4506692025922795,0.645115995115995,0.7692307692307693,4.554357254368598,3.230769230769231,0.7205128205128205,1.3846153846153846,-0.38461538461538464,1.3076923076923077,0.5384615384615384,2
2016,Florida,13,9,23.923076923076923,16.76923076923077,5.247066525766909,6.97586758451905,6.769230769230769,0.3992792295423874,0.43498168498168494,2.076923076923077,3.718147584103264,3.0,0.478968253968254,2.230769230769231,0.15384615384615385,1.6153846153846154,0.6923076923076923,3
2016,Florida Atlantic,11,3,26.90909090909091,40.90909090909091,5.756603777287956,7.149606283097745,9.272727272727273,0.34267141683409624,0.7266666666666667,1.8181818181818181,5.557818904453573,4.545454545454546,0.7712121212121211,1.9090909090909092,-0.2727272727272727,1.1818181818181819,0.2727272727272727,2
2016,Florida International,12,4,24.0,34.833333333333336,5.509735163488201,6.720765980422089,7.5,0.36255099067599067,0.7017857142857142,2.25,5.402058908904148,3.6666666666666665,0.6930555555555555,1.4166666666666667,-0.75,1.0833333333333333,0.3333333333333333,1
2016,Florida State,13,10,35.07692307692308,25.0,6.621222422725814,8.270480556061447,11.692307692307692,0.44117910746870026,0.7912087912087912,2.5384615384615383,3.7841964928149405,3.4615384615384617,0.5106481481481482,3.6153846153846154,0.38461538461538464,1.3846153846153846,0.7692307692307693,8
2016,Fresno State,12,1,17.666666666666668,30.916666666666668,4.66489014852352,6.384310411775133,6.75,0.375453835380306,0.5106060606060606,2.5833333333333335,4.833158651467831,4.0,0.7333333333333333,1.25,-0.75,0.6666666666666666,0.08333333333333333,0
2016,Georgia,13,8,24.53846153846154,24.0,5.523790962183487,6.577515663214206,9.23076923076923,0.4260035967049542,0.5076923076923077,1.8461538461538463,4.237814312927297,3.3076923076923075,0.782051282051282,2.0,0.9230769230769231,1.9230769230769231,0.6153846153846154,3
2016,Georgia Southern,12,5,26.583333333333332,26.5,5.4337839504543055,7.9001143161309395,9.25,0.4573230010730011,0.5777777777777778,1.0833333333333333,4.4485303482121115,3.8333333333333335,0.5363636363636364,0.9166666666666666,0.25,1.4166666666666667,0.4166666666666667,4
2016,Georgia State,12,3,19.916666666666668,26.583333333333332,5.467995244740366,7.207533405314202,6.5,0.3926268380312498,0.6666666666666666,1.25,4.204527509107652,4.333333333333333,0.5395833333333333,1.4166666666666667,-0.4166666666666667,1.25,0.25,2
2016,Georgia Tech,13,9,28.23076923076923,24.46153846153846,6.750399769164679,11.034306216659159,9.615384615384615,0.4149288745442592,0.617948717948718,1.0,4.806325609135867,3.4615384615384617,0.6141025641025641,1.3076923076923077,0.0,1.0,0.6923076923076923,4
2016,Hawai'i,14,7,28.285714285714285,37.285714285714285,6.089487638540706,7.633328238774693,8.642857142857142,0.3457491388163657,0.5891156462585033,1.6428571428571428,5.452250244246508,4.428571428571429,0.5913265306122449,1.5,-0.5,1.0714285714285714,0.5,0
2016,Houston,13,9,35.84615384615385,23.46153846153846,5.376112600813518,7.441721042664851,8.692307692307692,0.4767040149393091,0.6795482295482296,2.8461538461538463,3.056594986550577,2.6923076923076925,0.48333333333333334,2.6923076923076925,-0.6153846153846154,0.9230769230769231,0.6923076923076923,7
2016,Idaho,11,8,30.181818181818183,31.818181818181817,5.540027257053608,7.349934232029963,7.090909090909091,0.38799705196764017,0.5803030303030302,1.7272727272727273,4.579265945860311,3.727272727272727,0.6642857142857143,1.5454545454545454,0.6363636363636364,1.7272727272727273,0.7272727272727273,1
2016,Illinois,12,3,19.666666666666668,31.916666666666668,5.517430788456175,6.032058016674708,7.0,0.27251256368903426,0.4583333333333333,1.4166666666666667,4.5627858272055795,4.583333333333333,0.5970238095238095,2.1666666666666665,-0.08333333333333333,1.1666666666666667,0.25,1
2016,Indiana,13,6,25.76923076923077,27.23076923076923,5.681659420721102,7.90405823296267,9.076923076923077,0.40077554223184136,0.47628205128205126,2.076923076923077,3.6936508268401957,3.1538461538461537,0.5230769230769231,2.4615384615384617,-0.38461538461538464,1.3846153846153846,0.46153846153846156,4
2016,Iowa,13,8,24.923076923076923,18.846153846153847,5.2583648982896465,6.289869418083369,7.3076923076923075,0.32579009728330993,0.6,2.1538461538461537,3.8346599437728606,2.769230769230769,0.5454365079365079,2.0,0.15384615384615385,1.0769230769230769,0.6153846153846154,3
2016,Iowa State,12,3,27.666666666666668,31.333333333333332,5.996976271599043,8.019406540588067,8.666666666666666,0.4482267130873942,0.5267857142857143,2.5833333333333335,5.082098590607125,4.166666666666667,0.639484126984127,1.5,-0.3333333333333333,0.9166666666666666,0.25,2
2016,Kansas,12,2,20.25,37.333333333333336,5.089405322959917,6.2216870429251285,6.916666666666667,0.33943776739829373,0.5083333333333333,2.0833333333333335,5.170209805266046,5.0,0.6281385281385282,2.0833333333333335,-1.1666666666666667,1.3333333333333333,0.16666666666666666,0
2016,Kansas State,13,9,32.23076923076923,22.307692307692307,5.952679868903929,7.07367449061964,9.692307692307692,0.45096580141829007,0.6529304029304028,2.0,3.921423311249614,2.6923076923076925,0.6181818181818182,1.9230769230769231,0.8461538461538461,1.5384615384615385,0.6923076923076923,5
2016,Kent State,11,3,19.181818181818183,27.727272727272727,5.87045842445931,6.329651090994104,7.0,0.41996342932171804,0.36363636363636365,2.5454545454545454,4.380471293976858,3.4545454545454546,0.5742424242424242,1.5454545454545454,0.5454545454545454,1.4545454545454546,0.2727272727272727,1
2016,Kentucky,13,7,30.0,31.307692307692307,6.373744647320086,7.5926823305399,9.923076923076923,0.4079113954500952,0.5576923076923077,1.8461538461538463,5.447825384619294,3.6153846153846154,0.5051282051282051,1.4615384615384615,-0.3076923076923077,1.3076923076923077,0.5384615384615384,3
2016,LSU,12,8,28.333333333333332,15.75,6.8970490474101664,7.945637676366843,9.333333333333334,0.44611847166994223,0.6967532467532468,1.5,3.3687284577579315,2.5,0.36363636363636365,2.8333333333333335,0.0,1.0,0.6666666666666666,10
2016,Louisiana,13,6,23.615384615384617,25.307692307692307,5.254589716887552,6.456670372662275,9.307692307692308,0.38143271483352453,0.5512820512820512,2.6923076923076925,3.593701470916981,3.769230769230769,0.5256410256410257,1.6153846153846154,0.15384615384615385,1.3076923076923077,0.46153846153846156,3
2016,Louisiana Tech,14,9,44.285714285714285,33.57142857142857,7.756379892647382,9.651238715434852,10.642857142857142,0.5025320231147299,0.706547619047619,1.7857142857142858,4.085402184060098,4.428571428571429,0.7514172335600906,2.9285714285714284,-0.07142857142857142,0.9285714285714286,0.6428571428571429,7
2016,Louisville,13,9,42.53846153846154,23.76923076923077,7.504891086012806,8.888070246213603,14.0,0.4422628653397884,0.6101953601953602,3.3076923076923075,3.235339315968372,2.6153846153846154,0.6909090909090909,2.230769230769231,0.07692307692307693,1.6923076923076923,0.6923076923076923,7
2016,Marshall,10,1,22.8,40.2,4.829419895219056,5.6822955406393545,7.1,0.33669087878066206,0.82,2.5,5.2734331832889625,4.8,0.7321428571428571,2.1,0.1,1.3,0.1,1
2016,Maryland,13,6,25.76923076923077,29.53846153846154,5.685731633496322,6.868700098980832,9.615384615384615,0.34560902997137816,0.4666666666666666,3.6153846153846154,4.64107871137176,4.230769230769231,0.6691391941391942,2.8461538461538463,-0.15384615384615385,0.9230769230769231,0.46153846153846156,2
2016,Massachusetts,12,2,23.333333333333332,35.5,5.391837309300812,7.193587734342447,7.75,0.31900880981763335,0.5694444444444444,3.4166666666666665,4.6625076348252765,4.416666666666667,0.6423941798941799,1.75,-0.75,0.8333333333333334,0.16666666666666666,0
2016,Memphis,13,8,38.84615384615385,28.846153846153847,6.395957969977467,8.396499113751771,10.384615384615385,0.41167365420163704,0.5935897435897436,2.4615384615384617,4.8576231168324036,3.6923076923076925,0.598015873015873,1.6923076923076923,0.5384615384615384,1.8461538461538463,0.6153846153846154,6
2016,Miami,13,9,34.30769230769231,18.53846153846154,6.567755793934271,8.594866203939269,8.923076923076923,0.35087908043373633,0.567032967032967,1.9230769230769231,3.7486753570916886,3.0,0.4902777777777778,2.6153846153846154,0.38461538461538464,1.0769230769230769,0.6923076923076923,7
2016,Miami (OH),13,6,22.846153846153847,23.76923076923077,5.909931849174706,8.595187560448618,8.23076923076923,0.3908258910521354,0.611111111111111,3.076923076923077,4.297378753366148,3.1538461538461537,0.6410256410256411,1.5384615384615385,0.46153846153846156,1.3846153846153846,0.46153846153846156,2
2016,Michigan,13,10,40.30769230769231,14.076923076923077,6.018430081734357,7.58059475985968,10.384615384615385,0.47294094794094793,0.5794871794871794,1.6153846153846154,3.270602041379703,2.076923076923077,0.5,3.230769230769231,0.46153846153846156,1.2307692307692308,0.7692307692307693,8
2016,Michigan State,12,3,24.083333333333332,27.75,5.742919915486701,7.427556006578544,7.833333333333333,0.3952138547726783,0.6166666666666667,2.0,4.032267698334499,3.3333333333333335,0.706060606060606,0.9166666666666666,-0.5833333333333334,0.8333333333333334,0.25,0
2016,Middle Tennessee,13,8,39.69230769230769,35.76923076923077,7.209944474039383,8.469271534922685,10.615384615384615,0.4642045201761801,0.8371794871794871,1.1538461538461537,4.663483942126982,5.076923076923077,0.7559523809523809,1.4615384615384615,-0.15384615384615385,1.1538461538461537,0.6153846153846154,7
2016,Minnesota,13,9,29.307692307692307,22.076923076923077,5.287206599956454,6.932212783556007,8.076923076923077,0.38568711328892324,0.6884615384615385,1.2307692307692308,3.304566256583096,2.8461538461538463,0.6794871794871795,2.769230769230769,-0.07692307692307693,0.9230769230769231,0.6923076923076923,5
2016,Mississippi State,13,6,30.384615384615383,31.76923076923077,6.177321713415697,6.679267088462895,9.23076923076923,0.39841430499325237,0.6304029304029304,1.3076923076923077,4.8055855221162735,4.384615384615385,0.6075091575091576,1.7692307692307692,0.6923076923076923,1.5384615384615385,0.46153846153846156,4
2016,Missouri,12,4,31.416666666666668,31.5,6.320314969185155,7.686251644517223,10.75,0.4401811151811152,0.6166666666666667,1.0,5.139270639376634,4.166666666666667,0.6515151515151515,2.1666666666666665,-0.16666666666666666,1.5833333333333333,0.3333333333333333,4
2016,NC State,13,7,27.0,22.76923076923077,5.759104572633987,7.6612872836909025,8.23076923076923,0.44262836208537565,0.4788461538461538,1.3076923076923077,3.4509018268633653,3.3846153846153846,0.44999999999999996,2.6923076923076925,0.15384615384615385,1.5384615384615385,0.5384615384615384,5
2016,Navy,14,9,37.92857142857143,31.0,6.949528860474493,13.889885219320703,10.928571428571429,0.5576270951270951,0.7633219954648526,1.6428571428571428,4.737908834628081,3.2857142857142856,0.6672619047619047,1.4285714285714286,0.0,1.0,0.6428571428571429,6
2016,Nebraska,13,9,26.53846153846154,23.923076923076923,5.293036140125026,7.143601954649228,8.307692307692308,0.4389295596309171,0.6910256410256411,1.1538461538461537,4.130599890120764,2.6153846153846154,0.611111111111111,1.9230769230769231,0.38461538461538464,1.3076923076923077,0.6923076923076923,3
2016,Nevada,11,5,24.636363636363637,27.818181818181817,5.493942012863694,7.008751762373013,7.7272727272727275,0.44436741956795434,0.5367965367965367,1.7272727272727273,6.067334696517096,3.5454545454545454,0.5742424242424242,0.8181818181818182,0.6363636363636364,1.4545454545454546,0.45454545454545453,2
2016,New Mexico,13,9,36.69230769230769,31.46153846153846,7.082320016747993,8.977540534464413,11.153846153846153,0.48498403306095617,0.7948717948717949,1.0,4.719018145019298,3.3076923076923075,0.7097222222222221,2.076923076923077,-0.38461538461538464,0.6923076923076923,0.6923076923076923,7
2016,New Mexico State,11,3,25.0,37.36363636363637,5.527489108913806,6.089815932786343,9.909090909090908,0.3249654799964397,0.4898268398268398,2.8181818181818183,5.560627487572276,4.363636363636363,0.6088744588744589,1.2727272727272727,0.09090909090909091,1.8181818181818181,0.2727272727272727,2
2016,North Carolina,13,8,32.30769230769231,24.923076923076923,6.797136446174803,8.56681316883746,10.076923076923077,0.45970665343575046,0.6895604395604396,1.4615384615384615,4.559067998191207,4.0,0.5846153846153845,1.8461538461538463,-0.3076923076923077,0.8461538461538461,0.6153846153846154,7
2016,North Texas,13,5,24.76923076923077,32.61538461538461,5.248379548792864,6.173915751015067,7.0,0.3554879697979245,0.746969696969697,3.0,4.985340841064495,3.923076923076923,0.6802197802197802,1.7692307692307692,0.23076923076923078,1.6153846153846154,0.38461538461538464,1
2016,Northern Illinois,12,5,30.5,30.333333333333332,6.138683255610956,7.355760849606614,10.0,0.43170233905528027,0.6152777777777777,0.5,6.352942179067262,3.75,0.5472222222222222,1.4166666666666667,-0.08333333333333333,1.1666666666666667,0.4166666666666667,4
2016,Northwestern,13,7,26.0,22.23076923076923,5.3770825237038995,6.812033241689004,7.769230769230769,0.3978188306361681,0.5285714285714286,2.923076923076923,3.7584979439013244,3.923076923076923,0.5256410256410257,1.9230769230769231,0.8461538461538461,1.6923076923076923,0.5384615384615384,2
2016,Notre Dame,12,4,30.916666666666668,27.833333333333332,6.049312941102683,7.654871491720715,8.75,0.41206432456432457,0.5819444444444445,2.3333333333333335,4.315856174240575,3.5,0.5561507936507937,1.0833333333333333,-0.25,0.9166666666666666,0.3333333333333333,0
2016,Ohio,14,8,26.285714285714285,22.642857142857142,5.6774056770595775,7.023339448146851,8.5,0.38738035669426646,0.45714285714285713,1.0714285714285714,3.0260456857966287,3.0714285714285716,0.5875,2.857142857142857,-0.07142857142857142,1.2857142857142858,0.5714285714285714,4
2016,Ohio State,13,11,39.38461538461539,15.461538461538462,5.871978588496365,6.641368526415269,10.384615384615385,0.46912681963586944,0.5945767195767195,2.1538461538461537,3.462109914349119,3.0,0.3194444444444444,2.0,1.1538461538461537,1.8461538461538463,0.8461538461538461,9
2016,Oklahoma,13,11,43.92307692307692,28.846153846153847,7.653768353964476,11.034937033709879,11.692307692307692,0.5112677418107283,0.6241758241758242,1.4615384615384615,4.675023642729213,3.3846153846153846,0.425,1.8461538461538463,0.15384615384615385,1.0769230769230769,0.8461538461538461,7
2016,Oklahoma State,13,10,38.61538461538461,26.53846153846154,6.962145548034626,9.312254987201818,11.0,0.4163380171864335,0.6597985347985348,2.230769230769231,4.813466620140434,3.6153846153846154,0.5521978021978021,2.3846153846153846,0.9230769230769231,1.6153846153846154,0.7692307692307693,5
2016,Old Dominion,12,9,33.666666666666664,28.083333333333332,6.47805154275524,8.18445256167072,9.0,0.341547926474397,0.5900793650793651,1.5833333333333333,4.465227430378359,4.083333333333333,0.8041666666666667,2.3333333333333335,0.8333333333333334,1.4166666666666667,0.75,6
2016,Ole Miss,12,5,32.583333333333336,34.0,6.3008642896516625,8.02016596833708,10.5,0.4071695257357022,0.5281746031746032,2.0,5.8696489062114665,3.9166666666666665,0.7767857142857143,1.6666666666666667,-0.4166666666666667,0.9166666666666666,0.4166666666666667,4
2016,Oregon,12,4,35.416666666666664,41.416666666666664,6.628296737397729,7.958316084450675,12.0,0.39618399710311475,0.7236111111111111,2.1666666666666665,5.630434169902652,5.166666666666667,0.85,2.0833333333333335,0.08333333333333333,1.0,0.3333333333333333,4
2016,Oregon State,12,4,26.166666666666668,30.5,5.587150426477262,5.974106382515337,8.0,0.39696219672999855,0.6875,2.0833333333333335,5.549495913439543,3.75,0.5863636363636364,1.6666666666666667,-0.08333333333333333,1.25,0.3333333333333333,1
2016,Penn State,14,11,37.57142857142857,25.428571428571427,6.701269937105981,9.54689423903088,10.928571428571429,0.3236178817005885,0.5800170068027211,1.6428571428571428,3.9895089325286297,3.2857142857142856,0.569047619047619,2.5714285714285716,0.21428571428571427,1.2142857142857142,0.7857142857142857,5
2016,Pittsburgh,13,8,40.92307692307692,35.23076923076923,7.005356068573447,9.29599351830473,10.384615384615385,0.4640982195280837,0.7794871794871795,0.7692307692307693,3.32611120056175,4.230769230769231,0.7558531746031746,3.076923076923077,0.07692307692307693,1.2307692307692308,0.6153846153846154,9
2016,Purdue,12,3,24.583333333333332,38.25,5.208141599632084,6.425969893614092,6.083333333333333,0.4516991518829754,0.6194444444444445,2.4166666666666665,5.320659133514257,4.75,0.6976190476190477,1.75,-1.3333333333333333,1.1666666666666667,0.25,1
2016,Rice,12,3,25.25,37.333333333333336,5.227494960292145,6.347340272422509,8.583333333333334,0.3718531511488168,0.7443722943722944,2.5,5.4121967648357865,3.8333333333333335,0.6291666666666667,1.6666666666666667,-0.5833333333333334,0.75,0.25,1
2016,Rutgers,12,2,15.666666666666666,37.5,4.039527653299291,4.595997865443198,6.25,0.3017164344370227,0.3796296296296296,2.5,5.447541701378111,4.583333333333333,0.5335648148148148,1.75,-0.3333333333333333,0.9166666666666666,0.16666666666666666,1
2016,SMU,12,5,27.666666666666668,36.25,5.670101006381809,7.229984371133127,8.333333333333334,0.44184910806427835,0.46249999999999997,2.0833333333333335,4.890168495472788,3.6666666666666665,0.7472222222222222,2.4166666666666665,0.3333333333333333,2.0,0.4166666666666667,2
2016,San Diego State,13,10,35.53846153846154,21.76923076923077,6.567668270255624,7.309768732034385,11.307692307692308,0.4246125669202592,0.6432234432234433,1.6923076923076923,3.0118899437033546,2.1538461538461537,0.553030303030303,2.5384615384615383,1.0769230769230769,2.076923076923077,0.7692307692307693,8
2016,San José State,12,4,24.416666666666668,34.666666666666664,5.500633281069228,7.381604446898565,9.166666666666666,0.4134470241087888,0.4666666666666666,3.9166666666666665,5.4783743998949594,3.9166666666666665,0.6017857142857143,1.75,0.16666666666666666,1.4166666666666667,0.3333333333333333,1
2016,South Alabama,13,6,25.384615384615383,27.0,5.756323293326651,7.828685683929708,8.615384615384615,0.3763003022618407,0.6871794871794872,2.230769230769231,5.121162622695541,3.4615384615384617,0.5461538461538461,1.9230769230769231,-0.23076923076923078,1.3076923076923077,0.46153846153846156,2
2016,South Carolina,13,6,20.76923076923077,26.46153846153846,5.185096869507462,6.882617362418116,7.615384615384615,0.3453996983408748,0.5892857142857143,2.923076923076923,4.824175831046114,3.8461538461538463,0.6220695970695971,1.3846153846153846,1.0769230769230769,2.0,0.46153846153846156,2
2016,South Florida,12,10,43.416666666666664,31.666666666666668,7.332870861499384,8.719768880544743,12.666666666666666,0.4546442051956758,0.8486111111111111,0.9166666666666666,4.801448915710829,4.5,0.6563492063492063,2.25,0.4166666666666667,1.5833333333333333,0.8333333333333334,7
2016,Southern Miss,13,7,32.84615384615385,29.53846153846154,6.0540942095031465,8.033949367864748,9.692307692307692,0.4311938878115349,0.7423076923076923,1.9230769230769231,4.949383402790053,3.0,0.6576923076923078,2.4615384615384617,-0.9230769230769231,0.9230769230769231,0.5384615384615384,5
2016,Stanford,13,10,26.307692307692307,20.384615384615383,5.865489326981116,6.906730639789702,7.461538461538462,0.42932281393819854,0.4583333333333333,2.3846153846153846,4.355620914755965,3.3076923076923075,0.5448717948717948,2.6923076923076925,0.23076923076923078,1.3076923076923077,0.7692307692307693,2
2016,Syracuse,12,4,25.666666666666668,38.583333333333336,5.360961803782156,7.1826996601072075,7.666666666666667,0.38765384172992867,0.6222222222222222,3.0,5.621591737832783,3.8333333333333335,0.6402777777777778,1.3333333333333333,-0.3333333333333333,1.0833333333333333,0.3333333333333333,0
2016,TCU,13,6,31.0,28.0,6.065770941983026,6.909777919494952,10.23076923076923,0.3929413293964377,0.529945054945055,2.076923076923077,4.314790427418582,4.153846153846154,0.5399267399267399,3.230769230769231,-0.38461538461538464,0.8461538461538461,0.46153846153846156,3
2016,Temple,14,10,32.357142857142854,18.428571428571427,6.037834285386987,8.254810483102721,9.928571428571429,0.40659400123685835,0.5869047619047619,1.8571428571428572,3.8074242238667275,2.142857142857143,0.6361111111111111,2.4285714285714284,0.07142857142857142,1.2857142857142858,0.7142857142857143,5
2016,Tennessee,13,9,36.38461538461539,28.846153846153847,6.544730235711784,8.18539003435965,10.307692307692308,0.41943228340287164,0.6884615384615385,1.7692307692307692,4.716962504923656,3.6923076923076925,0.5708333333333333,2.3846153846153846,-0.15384615384615385,1.4615384615384615,0.6923076923076923,5
2016,Texas,12,5,31.916666666666668,31.5,6.078541635770583,7.817938312499716,9.666666666666666,0.3713593717657185,0.5492063492063491,2.3333333333333335,4.110179764884544,3.9166666666666665,0.5575757575757575,3.0833333333333335,-0.25,1.3333333333333333,0.4166666666666667,2
2016,Texas A&M,13,8,34.84615384615385,24.53846153846154,6.524929726737044,7.2993443403780285,10.23076923076923,0.39339186454571073,0.6157509157509158,1.3076923076923077,4.495044519490685,4.153846153846154,0.3831501831501832,2.5384615384615383,0.07692307692307693,1.3076923076923077,0.6153846153846154,6
2016,Texas State,12,2,18.583333333333332,41.083333333333336,4.267543584532347,6.141987262941125,5.666666666666667,0.3031250118130923,0.5499999999999999,3.5833333333333335,5.297858376544494,4.583333333333333,0.7259920634920635,0.75,-0.9166666666666666,0.75,0.16666666666666666,0
2016,Texas Tech,12,5,43.666666666666664,43.5,6.672196745743844,8.544492945120458,10.75,0.5159543411381647,0.6874338624338625,2.3333333333333335,5.532131666928478,5.083333333333333,0.6305555555555555,1.0833333333333333,-0.25,1.0,0.4166666666666667,6
2016,Toledo,12,8,37.666666666666664,24.916666666666668,7.316293527054675,9.856312192369492,11.0,0.5029427476118652,0.6476190476190476,0.9166666666666666,4.613012769404112,3.3333333333333335,0.49007936507936506,1.5,-0.08333333333333333,0.6666666666666666,0.6666666666666666,7
2016,Troy,11,8,34.18181818181818,22.727272727272727,5.709990663244252,6.69983820917333,7.545454545454546,0.3591815196093271,0.6341269841269841,0.5454545454545454,3.4006228454380367,2.8181818181818183,0.7424242424242423,2.090909090909091,0.5454545454545454,1.9090909090909092,0.7272727272727273,6
2016,Tulane,12,4,24.083333333333332,27.666666666666668,4.864732893624758,4.7626560478677185,7.666666666666667,0.2757523636780603,0.6113095238095239,1.5,4.183336677925346,3.4166666666666665,0.6976190476190477,2.3333333333333335,0.75,1.75,0.3333333333333333,3
2016,Tulsa,13,10,42.46153846153846,29.846153846153847,6.2378551786007925,7.861023013088292,11.0,0.47081372723489895,0.6138278388278388,1.6923076923076923,4.260791334328568,3.769230769230769,0.5615384615384615,2.0,-0.15384615384615385,1.2307692307692308,0.7692307692307693,4
2016,UCF,12,6,28.583333333333332,22.666666666666668,4.896694381908778,6.330312007224516,7.833333333333333,0.30342968430404493,0.6757575757575758,2.5,3.4948242080723824,4.416666666666667,0.48831168831168825,2.8333333333333335,0.5833333333333334,1.75,0.5,6
2016,UCLA,12,4,24.916666666666668,27.5,5.594908895701939,7.369912378243963,6.916666666666667,0.3747463095470061,0.5777777777777778,1.8333333333333333,4.19006190931662,4.0,0.5763888888888888,2.0,0.0,1.6666666666666667,0.3333333333333333,0
2016,UConn,12,3,14.833333333333334,28.083333333333332,4.913642480537473,6.4293139303329525,6.416666666666667,0.3365962128829776,0.37878787878787884,3.0833333333333335,3.738854229173778,3.8333333333333335,0.5865079365079365,1.3333333333333333,-0.3333333333333333,0.9166666666666666,0.25,0
2016,UL Monroe,12,4,23.333333333333332,39.083333333333336,5.077148973658609,5.898489043283555,8.416666666666666,0.41287834578275756,0.5393939393939394,1.5,5.765378610037474,4.666666666666667,0.6033730158730158,1.3333333333333333,-1.25,0.75,0.3333333333333333,1
2016,UNLV,12,4,31.583333333333332,36.75,6.046778136145403,7.040621461077429,10.416666666666666,0.37650255446308073,0.5939393939393939,0.75,4.799759108941959,4.166666666666667,0.7196428571428571,1.5833333333333333,-0.08333333333333333,1.0,0.3333333333333333,2
2016,USC,13,10,34.38461538461539,24.23076923076923,6.473808547974467,7.692044418368225,10.384615384615385,0.48766575305036847,0.5769230769230769,0.9230769230769231,4.0195710721993265,2.923076923076923,0.6487179487179487,2.076923076923077,0.15384615384615385,1.5384615384615385,0.7692307692307693,6
2016,UTEP,11,3,24.0,33.63636363636363,5.599206796932364,5.8868506844189366,8.0,0.3965965852329489,0.655,1.8181818181818181,5.527398017203581,3.6363636363636362,0.7323809523809524,1.0909090909090908,-0.7272727272727273,0.5454545454545454,0.2727272727272727,0
2016,UTSA,12,6,27.5,25.916666666666668,5.647593268783871,7.724976516225454,7.5,0.4399101858467183,0.6631944444444444,3.1666666666666665,4.294640645383882,3.3333333333333335,0.6678571428571428,2.1666666666666665,-0.16666666666666666,0.8333333333333334,0.5,0
2016,Utah,13,9,29.846153846153847,23.923076923076923,5.912541478039931,6.965894236322951,9.538461538461538,0.3926871582414569,0.5525641025641026,1.9230769230769231,4.131450557420187,2.769230769230769,0.6621212121212121,3.0,0.46153846153846156,2.076923076923077,0.6923076923076923,4
2016,Utah State,12,3,23.916666666666668,29.333333333333332,5.885035553970518,6.557906713494103,9.416666666666666,0.3992236382039014,0.5972222222222222,2.0833333333333335,4.375454149369141,4.083333333333333,0.6263888888888889,1.75,-0.4166666666666667,0.6666666666666666,0.25,1
2016,Vanderbilt,13,6,23.0,24.0,5.262260877860813,6.409732620878141,7.769230769230769,0.35638794965718046,0.6146520146520147,2.3076923076923075,4.631153814180371,3.769230769230769,0.4538461538461539,1.1538461538461537,0.23076923076923078,1.2307692307692308,0.46153846153846156,1
2016,Virginia,12,2,22.5,33.75,4.9371294904038345,5.849817686697428,7.166666666666667,0.35040216598846624,0.6680555555555555,2.75,4.878082050230605,3.3333333333333335,0.6236111111111111,1.6666666666666667,-0.75,1.1666666666666667,0.16666666666666666,0
2016,Virginia Tech,14,10,35.0,22.785714285714285,5.874738313822363,8.142489718052873,9.714285714285714,0.421972908596637,0.6601190476190476,2.2142857142857144,3.8790947691619815,2.857142857142857,0.5307692307692308,2.142857142857143,0.21428571428571427,1.5714285714285714,0.7142857142857143,5
2016,Wake Forest,13,7,20.384615384615383,22.153846153846153,4.73765730313205,6.486598359571858,7.538461538461538,0.3442540428400157,0.5012820512820513,2.8461538461538463,3.9324431220011467,3.3846153846153846,0.5858974358974358,3.076923076923077,0.23076923076923078,1.6153846153846154,0.5384615384615384,1
2016,Washington,14,12,41.785714285714285,17.714285714285715,6.914664177716143,9.198469025673857,10.071428571428571,0.4537072404719464,0.7345238095238095,1.8571428571428572,3.7172595194043843,3.0,0.5916666666666667,2.7142857142857144,1.0,1.7857142857142858,0.8571428571428571,11
2016,Washington State,13,8,38.15384615384615,26.384615384615383,6.188631426227134,7.233090218838622,7.538461538461538,0.48090433421464623,0.6761904761904762,2.230769230769231,4.00806828469643,2.8461538461538463,0.6525641025641025,1.3076923076923077,0.38461538461538464,1.5384615384615385,0.6153846153846154,5
2016,West Virginia,13,10,31.153846153846153,24.0,6.49909124129543,8.281989075875595,11.846153846153847,0.4392446228984691,0.6448717948717948,1.9230769230769231,4.168013148290819,3.769230769230769,0.5272893772893773,1.6153846153846154,0.07692307692307693,1.4615384615384615,0.7692307692307693,4
2016,Western Kentucky,14,11,45.5,24.571428571428573,8.088917933695026,10.961623234476008,10.714285714285714,0.4967021074163931,0.6478458049886621,1.3571428571428572,3.3780179731587725,3.0714285714285716,0.5371794871794872,2.357142857142857,0.0,1.0,0.7857142857142857,9
2016,Western Michigan,14,13,41.57142857142857,19.785714285714285,6.837742860087859,9.876248934768446,9.714285714285714,0.5373800102791699,0.7379251700680272,0.9285714285714286,4.604293175532156,2.5,0.5397435897435897,1.9285714285714286,1.0,1.4285714285714286,0.9285714285714286,11
2016,Wisconsin,14,11,28.357142857142858,15.571428571428571,5.4379820499792695,8.083896746225937,8.357142857142858,0.4549826583191245,0.6819727891156463,1.6428571428571428,3.3754353032581212,2.4285714285714284,0.5384615384615384,2.2142857142857144,0.9285714285714286,1.7857142857142858,0.7857142857142857,9
2016,Wyoming,13,7,35.46153846153846,34.07692307692308,6.114681827299682,8.79005043821387,10.384615384615385,0.4192073637774995,0.7384615384615384,1.8461538461538463,5.435771106776408,3.769230769230769,0.7060439560439561,2.0,0.15384615384615385,1.8461538461538463,0.5384615384615384,6
2017,Air Force,12,5,31.416666666666668,32.416666666666664,5.598832610954633,9.109865488541958,11.833333333333334,0.5015927699751229,0.6777777777777777,1.75,5.886985974951151,3.5833333333333335,0.6090909090909091,0.6666666666666666,-0.6666666666666666,0.75,0.4166666666666667,4
2017,Akron,14,7,22.142857142857142,28.0,4.895322529840364,6.368164251337597,6.071428571428571,0.4000444408532644,0.5950396825396825,2.642857142857143,5.09034492386657,3.7857142857142856,0.569047619047619,1.3571428571428572,0.7857142857142857,1.8571428571428572,0.5,2
2017,Alabama,14,13,37.07142857142857,11.928571428571429,6.709082700666374,8.619509035564962,11.642857142857142,0.4180706548353607,0.6034013605442177,1.9285714285714286,2.7810717433215024,2.2857142857142856,0.3538461538461538,2.7857142857142856,1.0714285714285714,1.6428571428571428,0.9285714285714286,10
2017,App State,13,9,33.46153846153846,20.23076923076923,6.573670392068897,8.1638434661511,11.538461538461538,0.41218444173909763,0.6663003663003663,0.6923076923076923,3.956953958800595,3.0,0.5606060606060606,2.769230769230769,0.6923076923076923,1.7692307692307692,0.6923076923076923,9
2017,Arizona,13,7,41.30769230769231,34.38461538461539,7.52259427601535,8.998177757017787,11.846153846153847,0.4345634499659268,0.725,1.3846153846153846,4.421907064224806,4.846153846153846,0.6800366300366301,2.230769230769231,0.07692307692307693,1.6923076923076923,0.5384615384615384,6
2017,Arizona State,13,7,31.846153846153847,32.84615384615385,5.82020152437068,8.17361550545824,9.0,0.4514673423610075,0.7877289377289377,2.923076923076923,4.912332536050256,4.076923076923077,0.6126373626373627,2.6153846153846154,0.38461538461538464,1.1538461538461537,0.5384615384615384,5
2017,Arkansas,12,4,28.75,36.166666666666664,5.799490717281369,7.609223737072575,8.333333333333334,0.4167137930295825,0.6805555555555555,2.75,4.867841190026038,4.0,0.6763888888888889,1.4166666666666667,0.08333333333333333,1.0833333333333333,0.3333333333333333,1
2017,Arkansas State,12,7,37.833333333333336,25.75,6.3236805717721225,8.312941372744005,10.166666666666666,0.44793532490900906,0.5823412698412699,2.6666666666666665,3.6161425592598317,2.5,0.7045454545454546,2.5833333333333335,-0.16666666666666666,1.75,0.5833333333333334,9
2017,Army,13,10,30.692307692307693,22.0,6.177982943013301,8.478174603174603,10.538461538461538,0.5675035874130897,0.8043956043956044,0.07692307692307693,5.740834930203819,2.6153846153846154,0.4861111111111111,1.7692307692307692,0.38461538461538464,1.0769230769230769,0.7692307692307693,8
2017,Auburn,14,10,33.857142857142854,18.5,6.198906160790977,8.687521102415602,9.5,0.46586653892326163,0.5726190476190477,2.4285714285714284,3.8764392542506374,2.5,0.5535714285714286,2.2857142857142856,-0.21428571428571427,0.9285714285714286,0.7142857142857143,7
2017,BYU,13,4,17.076923076923077,24.692307692307693,5.071411972618614,6.02498496941306,6.153846153846154,0.3523891706584014,0.4818181818181818,1.6923076923076923,3.60814613582251,4.076923076923077,0.5514652014652015,1.2307692307692308,-1.0769230769230769,0.8461538461538461,0.3076923076923077,1
2017,Ball State,12,2,17.916666666666668,40.666666666666664,4.721530059925725,5.345151563344732,6.083333333333333,0.40108841250482113,0.5361111111111111,2.5,5.235095207086403,4.166666666666667,0.716991341991342,1.6666666666666667,-0.9166666666666666,0.6666666666666666,0.16666666666666666,0
2017,Baylor,12,1,24.333333333333332,35.916666666666664,5.79094208947095,7.579980053650769,8.666666666666666,0.3215551877316583,0.46623376623376617,2.75,4.939481011970965,3.75,0.5166666666666667,1.6666666666666667,-1.1666666666666667,0.6666666666666666,0.08333333333333333,1
2017,Boise State,14,11,32.5,22.857142857142858,5.869865170055124,8.169172825717657,8.785714285714286,0.45893419722201234,0.6142857142857142,1.9285714285714286,3.7986666318137345,2.9285714285714284,0.7817460317460317,2.2142857142857144,0.8571428571428571,1.5714285714285714,0.7857142857142857,5
2017,Boston College,13,7,25.692307692307693,22.846153846153847,5.222357373821148,6.088992472316969,7.923076923076923,0.38647395841965976,0.573076923076923,1.0769230769230769,4.757324756302617,3.1538461538461537,0.5076923076923077,1.6153846153846154,0.38461538461538464,1.7692307692307692,0.5384615384615384,4
2017,Bowling Green,12,2,25.333333333333332,38.0,5.68257140840145,7.072444833788431,9.083333333333334,0.37492322205944495,0.4976190476190476,2.25,5.777078361293834,4.416666666666667,0.7087301587301588,1.1666666666666667,0.0,1.6666666666666667,0.16666666666666666,1
2017,Buffalo,12,6,28.5,24.833333333333332,6.311831694936004,9.145507485340694,8.25,0.407401571739807,0.5384920634920635,1.3333333333333333,4.570457315706554,3.1666666666666665,0.5243055555555555,1.3333333333333333,0.0,1.0,0.5,5
2017,California,12,5,27.75,28.416666666666668,5.2633175829448255,6.607305134456637,7.166666666666667,0.4124710257063198,0.4876984126984127,2.75,4.062492021965706,3.75,0.5125000000000001,2.25,0.6666666666666666,1.9166666666666667,0.4166666666666667,3
2017,Central Michigan,13,8,28.46153846153846,27.53846153846154,5.763919328002614,7.506726534009617,7.769230769230769,0.31922103160790943,0.6102564102564103,1.6153846153846154,4.34194820719945,3.6153846153846154,0.541025641025641,2.5384615384615383,0.0,2.0,0.6153846153846154,3
2017,Charlotte,12,1,14.166666666666666,32.75,4.793799513757583,5.13801503172949,7.416666666666667,0.2636234014523488,0.6166666666666667,2.0833333333333335,4.866625816211413,3.75,0.6986111111111111,0.8333333333333334,-0.9166666666666666,0.6666666666666666,0.08333333333333333,0
2017,Cincinnati,12,4,20.916666666666668,31.833333333333332,5.535865171580134,6.079967204794471,7.25,0.38923401160243265,0.5680555555555555,1.25,4.492820282069542,3.8333333333333335,0.5361111111111111,0.9166666666666666,-0.25,0.75,0.3333333333333333,2
2017,Clemson,14,12,33.285714285714285,13.571428571428571,5.8011008297801245,6.994503858118276,7.928571428571429,0.4638430132818678,0.7130952380952381,2.0714285714285716,3.2441585034746248,2.0,0.425,3.0714285714285716,0.42857142857142855,1.2857142857142858,0.8571428571428571,8
2017,Coastal Carolina,12,3,23.666666666666668,34.0,5.7239241376838805,7.411734462132517,8.75,0.3689324564324565,0.53,2.3333333333333335,4.5180306069747065,4.333333333333333,0.7565476190476191,1.1666666666666667,-0.3333333333333333,0.8333333333333334,0.25,0
2017,Colorado,12,5,26.416666666666668,28.166666666666668,5.540453855279918,7.6551662962826414,8.75,0.4189484126984127,0.5708333333333333,3.0833333333333335,5.212799451511511,3.6666666666666665,0.5409090909090909,1.5,0.08333333333333333,1.0833333333333333,0.4166666666666667,1
2017,Colorado State,13,7,33.38461538461539,27.76923076923077,6.7087157313099945,8.580172003963277,9.846153846153847,0.5155969761232919,0.6750305250305251,1.0,5.089323944567196,2.3846153846153846,0.5277777777777778,2.0,0.23076923076923078,1.3846153846153846,0.5384615384615384,9
2017,Duke,13,7,26.53846153846154,20.23076923076923,4.984480986704767,5.901846632133864,7.6923076923076925,0.3888353040413055,0.4836996336996337,1.9230769230769231,3.7570780470091734,1.8461538461538463,0.606060606060606,2.0,0.0,1.3076923076923077,0.5384615384615384,1
2017,East Carolina,12,3,24.916666666666668,45.0,5.5254955162609045,7.290202796904281,7.916666666666667,0.40453678946326005,0.5680555555555555,1.25,6.052719904342513,4.583333333333333,0.7613095238095239,0.6666666666666666,-0.8333333333333334,0.9166666666666666,0.25,1
2017,Eastern Michigan,12,5,26.083333333333332,23.333333333333332,5.538448492937296,7.3966154788976475,7.75,0.35850101015542196,0.6253968253968254,1.3333333333333333,4.426211716091509,3.4166666666666665,0.6517316017316017,2.25,-0.5,1.1666666666666667,0.4166666666666667,1
2017,Florida,11,4,22.09090909090909,27.272727272727273,5.299334438769716,6.412547503581987,7.2727272727272725,0.3157243083713672,0.6351851851851852,3.090909090909091,4.130572357741496,3.3636363636363638,0.5678571428571428,2.0,0.2727272727272727,1.4545454545454546,0.36363636363636365,0
2017,Florida Atlantic,14,11,40.57142857142857,22.714285714285715,6.8257886733813935,8.3437258238469,13.428571428571429,0.38568525312222796,0.7457482993197279,1.0714285714285714,3.908107548190247,3.4285714285714284,0.5358974358974359,2.5,1.0,1.7857142857142858,0.7857142857142857,10
2017,Florida International,13,8,25.615384615384617,28.46153846153846,5.781813269322115,7.962329619119296,7.538461538461538,0.4242114974015427,0.6527777777777778,2.076923076923077,4.955590912880741,3.5384615384615383,0.6974358974358974,1.6153846153846154,-0.23076923076923078,1.0769230769230769,0.6153846153846154,0
2017,Florida State,13,7,27.846153846153847,21.23076923076923,5.656384292796647,7.411372156344812,8.153846153846153,0.3677890485582793,0.5302197802197802,2.230769230769231,3.6581752295860928,2.6923076923076925,0.6041666666666666,2.230769230769231,-0.15384615384615385,1.1538461538461537,0.5384615384615384,2
2017,Fresno State,14,10,27.142857142857142,17.928571428571427,5.822090417676118,7.857750409438632,8.285714285714286,0.3527043626308332,0.5714285714285714,0.5,3.4358966249804186,2.7142857142857144,0.5452380952380952,2.0714285714285716,0.21428571428571427,1.0,0.7142857142857143,5
2017,Georgia,15,13,35.4,16.4,6.8818336967047005,9.468377832219618,10.733333333333333,0.4628404052088263,0.7677777777777777,1.4,3.7554868711324954,2.6666666666666665,0.5634353741496598,2.2,0.2,1.0666666666666667,0.8666666666666667,9
2017,Georgia Southern,12,2,20.833333333333332,32.166666666666664,4.770952435780568,6.447851059615766,8.333333333333334,0.35365320273408507,0.4593253968253968,2.4166666666666665,5.20853227003838,3.1666666666666665,0.6347222222222223,1.5833333333333333,0.16666666666666666,1.5833333333333333,0.16666666666666666,1
2017,Georgia State,10,6,20.1,23.3,5.58679199289595,8.073668514874687,7.0,0.4345946210652093,0.5283333333333333,1.9,4.00792286971358,3.1,0.5700000000000001,2.3,-0.3,1.2,0.6,2
2017,Georgia Tech,11,5,28.09090909090909,26.545454545454547,5.657867080239568,8.308293474202564,9.363636363636363,0.46328350793591433,0.7363636363636363,1.7272727272727273,4.51882615342025,3.3636363636363638,0.6104761904761904,1.5454545454545454,-0.2727272727272727,0.9090909090909091,0.45454545454545453,4
2017,Hawai'i,12,3,22.75,33.916666666666664,5.768560730018322,6.585475452767258,7.333333333333333,0.37509169071669074,0.6442460317460318,2.25,5.590150921910042,4.166666666666667,0.6972222222222223,1.75,-0.16666666666666666,0.8333333333333334,0.25,0
2017,Houston,12,7,28.25,23.833333333333332,6.2877546868417165,7.988597497329271,9.083333333333334,0.4662120058017891,0.7192460317460317,1.1666666666666667,3.7886272126279863,4.0,0.47361111111111115,1.9166666666666667,0.16666666666666666,1.75,0.5833333333333334,7
2017,Idaho,12,4,20.916666666666668,25.75,5.117798239334978,7.126574527696818,7.5,0.3495694256723669,0.6329365079365079,3.75,4.278262977765999,4.0,0.41250000000000003,2.1666666666666665,0.08333333333333333,1.1666666666666667,0.3333333333333333,1
2017,Illinois,12,2,15.416666666666666,31.5,4.774464929295438,6.162323941314462,6.416666666666667,0.3271762551174316,0.6287878787878788,3.1666666666666665,4.5021364287344925,4.833333333333333,0.6941798941798942,1.4166666666666667,-0.25,1.4166666666666667,0.16666666666666666,0
2017,Indiana,12,5,26.833333333333332,25.333333333333332,5.0907943197963546,6.573409303353485,6.333333333333333,0.3770769056414836,0.5222222222222223,2.1666666666666665,3.7851723811235245,3.25,0.5800865800865801,2.6666666666666665,-0.5,0.9166666666666666,0.4166666666666667,1
2017,Iowa,13,8,28.23076923076923,19.923076923076923,5.108671306644046,6.937923378189033,6.538461538461538,0.3316530691530692,0.6119047619047618,1.7692307692307692,4.000254579377873,2.8461538461538463,0.4486111111111111,2.076923076923077,0.6153846153846154,1.6923076923076923,0.6153846153846154,4
2017,Iowa State,13,8,29.23076923076923,20.923076923076923,5.683091855079289,7.518049272181776,7.923076923076923,0.3969858949496959,0.6115384615384616,1.3076923076923077,3.794075053557875,2.923076923076923,0.6749999999999999,1.9230769230769231,0.6153846153846154,1.3846153846153846,0.6153846153846154,3
2017,Kansas,12,1,18.666666666666668,43.416666666666664,4.502049088455309,5.556511289171916,6.166666666666667,0.28457244008714594,0.5416666666666667,2.4166666666666665,4.350701843317622,4.833333333333333,0.7291666666666666,1.4166666666666667,-1.0833333333333333,0.5833333333333334,0.08333333333333333,0
2017,Kansas State,13,8,32.30769230769231,25.153846153846153,6.167656088404176,9.080836103531855,9.076923076923077,0.36215408523100834,0.6128205128205129,1.8461538461538463,3.869298352210067,3.6923076923076925,0.5347222222222222,1.6923076923076923,0.7692307692307693,1.5384615384615385,0.6153846153846154,6
2017,Kent State,12,2,12.75,35.083333333333336,4.298154544273311,5.2201060159634665,5.916666666666667,0.28115785358432416,0.375,3.5833333333333335,5.452189969686995,4.083333333333333,0.6990079365079365,1.9166666666666667,-0.6666666666666666,1.4166666666666667,0.16666666666666666,0
2017,Kentucky,13,7,25.53846153846154,28.23076923076923,5.621567641259795,7.366719972853575,8.076923076923077,0.3683525185222018,0.6363636363636364,2.3076923076923075,4.601443265286863,3.6923076923076925,0.6465201465201466,2.0,0.15384615384615385,1.2307692307692308,0.5384615384615384,0
2017,LSU,13,9,27.23076923076923,18.923076923076923,6.164579806166208,9.214499893122321,8.76923076923077,0.4050759069989839,0.6295482295482295,2.3076923076923075,3.584544153596309,2.6923076923076925,0.5,3.0,0.46153846153846156,1.0769230769230769,0.6923076923076923,7
2017,Louisiana,11,4,26.09090909090909,39.27272727272727,5.832423656922651,6.91830224468116,9.545454545454545,0.3575799423393006,0.7832142857142858,2.6363636363636362,5.109908385553981,5.181818181818182,0.6753246753246753,1.6363636363636365,-0.2727272727272727,1.0,0.36363636363636365,2
2017,Louisiana Tech,13,7,30.46153846153846,25.384615384615383,5.917770747361721,7.032744020893714,8.461538461538462,0.42016588337438543,0.517948717948718,1.8461538461538463,4.974213946269298,3.1538461538461537,0.46923076923076923,1.6153846153846154,1.3076923076923077,2.0,0.5384615384615384,4
2017,Louisville,13,8,38.07692307692308,27.384615384615383,7.555305056318266,8.493187022190005,13.153846153846153,0.45853527442893954,0.6734432234432235,2.230769230769231,3.9510567377145542,3.0,0.6958333333333333,1.8461538461538463,0.0,1.4615384615384615,0.6153846153846154,7
2017,Marshall,13,8,26.692307692307693,19.923076923076923,5.6747553207143735,7.208904745938776,7.769230769230769,0.4374532142066079,0.6064102564102564,0.8461538461538461,3.606338817252876,3.076923076923077,0.4525641025641025,2.3076923076923075,-0.7692307692307693,0.8461538461538461,0.6153846153846154,5
2017,Maryland,12,4,24.083333333333332,37.083333333333336,5.4103216837708885,6.463235224814173,7.583333333333333,0.30848824378236145,0.6424242424242425,2.4166666666666665,4.651343036688948,4.5,0.7400462962962964,1.3333333333333333,0.25,1.1666666666666667,0.3333333333333333,0
2017,Massachusetts,12,4,30.583333333333332,31.833333333333332,6.093586548319089,8.086434834112303,9.25,0.3562909373764637,0.6543290043290043,3.5,4.856031527713221,4.25,0.7097222222222221,1.75,0.5,1.5833333333333333,0.3333333333333333,3
2017,Memphis,13,10,45.53846153846154,32.46153846153846,7.641459485270103,9.570498373578841,12.23076923076923,0.43456159225389995,0.7265567765567765,1.4615384615384615,4.57512826942974,4.3076923076923075,0.6445054945054944,2.0,0.9230769230769231,2.076923076923077,0.7692307692307693,8
2017,Miami,13,10,29.076923076923077,21.0,6.224927927733351,7.386827844163632,9.461538461538462,0.29668485737490263,0.5305555555555556,2.076923076923077,3.533405131601098,3.076923076923077,0.5777777777777778,3.3846153846153846,0.5384615384615384,1.7692307692307692,0.7692307692307693,7
2017,Miami (OH),12,5,24.416666666666668,24.083333333333332,5.569624458305822,7.450322199323552,8.25,0.3708647561588738,0.7083333333333334,1.75,4.391520048148493,2.75,0.45303030303030306,1.5,0.08333333333333333,1.4166666666666667,0.4166666666666667,3
2017,Michigan,13,8,25.23076923076923,18.846153846153847,5.3332706425733445,6.442675827919829,8.23076923076923,0.3288173365096442,0.5769230769230769,2.5384615384615383,3.56762693863996,2.3076923076923075,0.6222222222222222,2.923076923076923,-0.23076923076923078,1.0769230769230769,0.6153846153846154,4
2017,Michigan State,13,10,24.53846153846154,20.0,5.28925545073765,6.384530160108371,7.384615384615385,0.4493805723265118,0.6054945054945056,1.4615384615384615,3.3816346647219566,2.3846153846153846,0.45555555555555555,1.6923076923076923,0.23076923076923078,1.6923076923076923,0.7692307692307693,6
2017,Middle Tennessee,13,7,25.53846153846154,24.692307692307693,5.8052246285078235,7.046035145776893,9.846153846153847,0.36715772914867933,0.6388888888888888,1.5384615384615385,3.6715458391924063,3.923076923076923,0.5064102564102564,2.230769230769231,-1.0,0.6923076923076923,0.5384615384615384,4
2017,Minnesota,12,5,22.083333333333332,22.833333333333332,5.04351046518351,7.197315163683698,7.333333333333333,0.3446988741106389,0.5227272727272727,1.6666666666666667,4.819096187293275,3.1666666666666665,0.6924242424242425,1.75,-0.08333333333333333,1.3333333333333333,0.4166666666666667,1
2017,Mississippi State,13,9,32.0,20.923076923076923,5.546942027136154,6.169445226102959,9.23076923076923,0.4716861507019878,0.6454212454212455,0.8461538461538461,3.9532191842980455,2.3076923076923075,0.6,2.6923076923076925,-0.23076923076923078,1.2307692307692308,0.6923076923076923,6
2017,Missouri,13,7,37.53846153846154,31.846153846153847,7.125939910625206,9.405134918318971,11.307692307692308,0.4597072108384325,0.6461538461538462,1.0,3.888907638633227,3.6153846153846154,0.676923076923077,2.4615384615384617,-0.38461538461538464,1.0769230769230769,0.5384615384615384,6
2017,NC State,13,9,32.23076923076923,25.23076923076923,6.087648519745821,7.5743099790538935,9.692307692307692,0.4445758794308397,0.586996336996337,1.0769230769230769,3.5951221001221,3.3076923076923075,0.6064102564102564,2.230769230769231,0.46153846153846156,1.3076923076923077,0.6923076923076923,5
2017,Navy,12,6,31.083333333333332,26.75,6.1179214720907416,7.845890768588137,10.833333333333334,0.4537251283574813,0.6923611111111111,0.8333333333333334,4.358322381994162,3.3333333333333335,0.6909090909090909,1.1666666666666667,-0.5,0.9166666666666666,0.5,5
2017,Nebraska,12,4,25.75,36.416666666666664,5.743212833229738,7.428212256231458,8.0,0.37901749952833547,0.4986111111111111,1.75,5.649858769128436,4.75,0.6428571428571429,1.0,-0.75,0.8333333333333334,0.3333333333333333,0
2017,Nevada,12,3,28.166666666666668,33.916666666666664,6.000007292233687,7.203577069648499,8.25,0.40105860234536705,0.6763888888888889,1.25,4.679870678402865,4.916666666666667,0.6092592592592593,1.75,-0.3333333333333333,1.1666666666666667,0.25,2
2017,New Mexico,12,3,20.666666666666668,31.833333333333332,5.815540019132089,6.25461733467425,9.0,0.31402445593622064,0.5166666666666667,1.1666666666666667,4.76499786644495,3.1666666666666665,0.7361111111111112,1.5833333333333333,-1.3333333333333333,0.8333333333333334,0.25,3
2017,New Mexico State,13,7,29.307692307692307,29.692307692307693,5.863586036677357,6.92985713249248,8.846153846153847,0.4505671992662943,0.6822344322344323,2.3076923076923075,4.268271171254489,3.230769230769231,0.6230769230769231,3.3076923076923075,-0.3076923076923077,1.7692307692307692,0.5384615384615384,4
2017,North Carolina,12,3,26.0,31.25,5.392045071423571,6.645388717250462,8.333333333333334,0.3128784274004862,0.6694805194805195,2.4166666666666665,4.813537065532009,4.0,0.5458333333333333,1.8333333333333333,-0.5833333333333334,1.0833333333333333,0.25,1
2017,North Texas,14,9,35.5,35.0,6.315980238674119,8.070869929726815,10.0,0.4270420056134342,0.7142857142857143,2.2857142857142856,4.64357626891487,3.857142857142857,0.6142857142857142,1.5,-0.9285714285714286,0.7142857142857143,0.6428571428571429,5
2017,Northern Illinois,13,8,28.923076923076923,22.0,5.309255545782056,6.473981697392292,7.538461538461538,0.3921604539251598,0.6282051282051282,1.7692307692307692,3.1875747437177346,3.4615384615384617,0.4205128205128205,3.0,0.07692307692307693,1.5384615384615385,0.6153846153846154,3
2017,Northwestern,13,10,29.23076923076923,20.076923076923077,5.355998817699136,6.7506271863265415,8.384615384615385,0.3492023300368606,0.6959706959706959,2.5384615384615383,3.198797108648585,3.0,0.5125000000000001,2.3846153846153846,0.23076923076923078,1.6923076923076923,0.7692307692307693,4
2017,Notre Dame,13,10,34.23076923076923,21.46153846153846,6.479706779971128,6.7259540654592636,10.76923076923077,0.4412072209762136,0.6987179487179488,2.1538461538461537,4.041996352676748,3.5384615384615383,0.5243589743589744,1.8461538461538463,0.46153846153846156,1.3076923076923077,0.7692307692307693,6
2017,Ohio,12,9,40.583333333333336,22.583333333333332,6.684397443354815,7.659002165487458,10.166666666666666,0.4210225368313603,0.8486111111111111,1.25,3.2488804309305404,2.8333333333333335,0.5422077922077922,2.25,-0.08333333333333333,1.1666666666666667,0.75,8
2017,Ohio State,14,12,41.142857142857146,19.0,6.962535278379193,8.40505333683083,10.5,0.4691907292913485,0.6228741496598639,1.5,3.129721274834057,2.7857142857142856,0.6403061224489796,3.0,0.0,1.2857142857142858,0.8571428571428571,10
2017,Oklahoma,14,12,45.142857142857146,27.071428571428573,8.441829605091858,12.107634005522483,12.785714285714286,0.4370173477316334,0.7295068027210885,1.7857142857142858,4.438715645468195,3.4285714285714284,0.6357142857142858,1.5,0.14285714285714285,1.0714285714285714,0.8571428571428571,5
2017,Oklahoma State,13,10,45.0,29.384615384615383,7.574866795078133,10.244642001675617,11.538461538461538,0.47148396475319554,0.6801282051282052,1.6153846153846154,3.5424732762636757,3.6153846153846154,0.582051282051282,2.1538461538461537,0.3076923076923077,1.6923076923076923,0.7692307692307693,7
2017,Old Dominion,12,5,20.666666666666668,31.666666666666668,5.004341253640637,5.895701219013001,6.333333333333333,0.3451874636085162,0.4636363636363636,1.5,4.404807806005221,4.0,0.6697619047619048,2.3333333333333335,-0.4166666666666667,1.0,0.4166666666666667,1
2017,Ole Miss,12,6,32.833333333333336,34.583333333333336,6.980671448317319,9.133463588181382,9.083333333333334,0.38688958780870547,0.42083333333333334,2.6666666666666665,5.445043205800765,4.666666666666667,0.6375000000000001,2.3333333333333335,-0.4166666666666667,0.8333333333333334,0.5,4
2017,Oregon,13,7,36.0,29.0,6.076507245042772,7.265708934939704,10.923076923076923,0.41945902890473025,0.7147435897435896,1.9230769230769231,3.4691149229791183,3.4615384615384617,0.5512820512820513,2.4615384615384617,0.07692307692307693,1.6153846153846154,0.5384615384615384,4
2017,Oregon State,12,1,20.666666666666668,43.0,5.368514259131207,6.626256859187894,6.583333333333333,0.40184958015840366,0.6708333333333334,1.4166666666666667,5.384796125831538,5.333333333333333,0.7386904761904761,1.0833333333333333,-1.1666666666666667,0.9166666666666666,0.08333333333333333,2
2017,Penn State,13,11,41.07692307692308,16.46153846153846,6.815421980821197,8.622200702668305,9.923076923076923,0.47948897507721033,0.6786324786324787,2.3076923076923075,3.415937717776318,2.4615384615384617,0.5196969696969697,3.3076923076923075,0.6153846153846154,1.3846153846153846,0.8461538461538461,12
2017,Pittsburgh,12,5,23.916666666666668,26.583333333333332,5.46261523357835,7.346773941160599,7.5,0.36905472659149124,0.8075757575757575,2.5,4.245201121946109,2.75,0.49242424242424243,1.75,0.0,1.1666666666666667,0.4166666666666667,3
2017,Purdue,12,6,23.666666666666668,20.5,5.355283519630919,6.361156647686414,8.25,0.31794353737078196,0.5777777777777778,2.5,3.4603161280758257,3.25,0.49749999999999994,2.25,0.16666666666666666,1.3333333333333333,0.5,2
2017,Rice,12,1,16.25,35.75,5.608292871100109,7.284630731922398,8.916666666666666,0.4013098013098013,0.45166666666666666,2.0833333333333335,4.961415555380317,4.083333333333333,0.7017857142857142,2.25,-1.8333333333333333,0.5,0.08333333333333333,0
2017,Rutgers,12,4,18.0,28.333333333333332,4.492067201177543,5.407964685420448,6.333333333333333,0.3255643049760697,0.53,1.3333333333333333,4.631205393238774,4.083333333333333,0.6792207792207793,1.0833333333333333,-0.16666666666666666,1.1666666666666667,0.3333333333333333,1
2017,SMU,13,7,37.84615384615385,36.69230769230769,6.621671143010877,8.139698472789236,11.076923076923077,0.43317372672576293,0.6525641025641027,1.6153846153846154,4.891375364694867,4.0,0.6608058608058608,2.1538461538461537,0.23076923076923078,1.5384615384615385,0.5384615384615384,4
2017,San Diego State,13,10,30.76923076923077,20.23076923076923,6.494535208997396,7.666367299200882,10.307692307692308,0.4658071692008343,0.6758241758241758,2.230769230769231,3.643542093596547,2.5384615384615383,0.525,1.6923076923076923,0.5384615384615384,1.3846153846153846,0.7692307692307693,8
2017,San José State,13,2,15.846153846153847,41.69230769230769,4.766400727277042,6.072151536729028,7.0,0.309747661840422,0.4727272727272727,2.4615384615384617,5.349896519759335,5.230769230769231,0.6720695970695971,1.0,-1.0,1.2307692307692308,0.15384615384615385,0
2017,South Alabama,12,4,19.833333333333332,26.5,5.205021846785921,7.5969201128343835,6.166666666666667,0.3002493625655391,0.4037698412698412,1.8333333333333333,4.1347601737194495,4.75,0.45119047619047614,1.75,-0.08333333333333333,1.4166666666666667,0.3333333333333333,1
2017,South Carolina,13,9,24.23076923076923,20.692307692307693,5.476555833989845,7.058198636577391,6.923076923076923,0.3787571402956018,0.5416666666666666,2.1538461538461537,4.110241071863653,3.5384615384615383,0.5653846153846154,1.8461538461538463,0.38461538461538464,1.4615384615384615,0.6923076923076923,0
2017,South Florida,12,10,38.25,23.5,6.287740196290788,7.910418340188077,13.75,0.44752756651859826,0.5205687830687831,1.5,3.531337933520519,2.6666666666666665,0.6454545454545454,2.9166666666666665,0.8333333333333334,1.8333333333333333,0.8333333333333334,10
2017,Southern Miss,13,8,29.153846153846153,24.46153846153846,6.116249817631445,7.265753248712112,9.846153846153847,0.3723489431634228,0.5230769230769231,1.0,3.7224642877294567,3.230769230769231,0.6725108225108225,1.6153846153846154,-0.07692307692307693,1.1538461538461537,0.6153846153846154,3
2017,Stanford,14,9,32.357142857142854,22.714285714285715,6.595166465989155,7.2722534081944845,8.5,0.4310599123099123,0.5933673469387755,1.1428571428571428,4.75808062746271,3.2857142857142856,0.6499999999999999,2.0,1.0714285714285714,1.7857142857142858,0.6428571428571429,5
2017,Syracuse,12,4,27.416666666666668,32.166666666666664,5.423856495064318,6.511926096196054,8.166666666666666,0.3927367878229367,0.4770833333333333,2.6666666666666665,5.159562314143323,2.5833333333333335,0.5972222222222222,1.3333333333333333,-1.1666666666666667,0.6666666666666666,0.3333333333333333,1
2017,TCU,14,11,33.57142857142857,19.0,6.29418067329176,7.881587607980029,9.0,0.47316497694648957,0.6380952380952382,1.0,3.0262365780858547,2.5,0.38611111111111107,2.7857142857142856,0.07142857142857142,1.1428571428571428,0.7857142857142857,10
2017,Temple,13,7,25.076923076923077,25.76923076923077,5.5730887128878654,7.464356969600729,7.3076923076923075,0.4046467979904512,0.5134920634920634,1.5384615384615385,4.286724857411722,4.0,0.548901098901099,2.923076923076923,-0.5384615384615384,1.0,0.5384615384615384,3
2017,Tennessee,12,4,19.833333333333332,29.083333333333332,4.7929409063606725,6.4036707282759915,6.083333333333333,0.3126274256788963,0.5,2.6666666666666665,5.3488919478995625,4.0,0.706060606060606,1.75,-0.16666666666666666,1.0,0.3333333333333333,0
2017,Texas,13,7,29.46153846153846,21.23076923076923,5.216907449332037,6.807067477359717,8.0,0.38417889300242236,0.6541666666666667,2.3076923076923075,3.0046296438685425,3.230769230769231,0.5282051282051282,2.3076923076923075,0.6153846153846154,1.6153846153846154,0.5384615384615384,3
2017,Texas A&M,13,7,32.69230769230769,30.692307692307693,5.624627537427619,7.183178513191089,8.153846153846153,0.38308971234370137,0.6388278388278388,2.1538461538461537,4.084385633004463,4.0,0.6837606837606838,3.3076923076923075,-0.07692307692307693,1.1538461538461537,0.5384615384615384,2
2017,Texas State,11,2,16.09090909090909,33.63636363636363,5.1150481718522025,6.755956881207086,7.909090909090909,0.335737999374363,0.5,3.0,3.9433532863939447,4.181818181818182,0.5803571428571429,1.4545454545454546,-1.1818181818181819,0.36363636363636365,0.18181818181818182,0
2017,Texas Tech,13,6,34.30769230769231,32.23076923076923,6.215531897555037,8.244232012299763,9.307692307692308,0.44811847509215935,0.5205128205128206,2.230769230769231,4.479660768866565,4.615384615384615,0.615018315018315,1.0,0.6923076923076923,2.076923076923077,0.46153846153846156,7
2017,Toledo,14,11,36.357142857142854,26.214285714285715,7.070078453418032,9.485787523787309,10.928571428571429,0.3910267312053026,0.5959096459096459,1.5714285714285714,4.657860008927547,3.2142857142857144,0.6806122448979591,1.5714285714285714,0.14285714285714285,1.2857142857142858,0.7857142857142857,5
2017,Troy,12,10,31.333333333333332,19.166666666666668,6.147478276684777,7.402434791822337,7.083333333333333,0.4399979377920555,0.6909722222222222,1.25,3.0710007563345676,3.1666666666666665,0.5045454545454545,3.0833333333333335,0.75,1.8333333333333333,0.8333333333333334,10
2017,Tulane,11,5,28.09090909090909,29.727272727272727,6.03786371270103,8.09703865923653,9.090909090909092,0.4198523698523699,0.6227272727272727,1.8181818181818181,5.678865885272872,3.1818181818181817,0.6803030303030303,0.8181818181818182,0.5454545454545454,1.4545454545454546,0.45454545454545453,4
2017,Tulsa,12,2,29.333333333333332,37.5,5.936417302304116,7.268680272964371,9.5,0.4030566612609956,0.7333333333333333,2.0833333333333335,6.075844436113602,4.25,0.5825396825396826,0.8333333333333334,0.16666666666666666,1.1666666666666667,0.16666666666666666,2
2017,UAB,13,8,27.76923076923077,25.615384615384617,5.49313198034918,6.921045658269272,8.307692307692308,0.44937113672229173,0.7055555555555556,1.7692307692307692,4.701101507535882,2.923076923076923,0.5625,1.2307692307692308,0.6153846153846154,1.3846153846153846,0.6153846153846154,4
2017,UCF,13,13,48.23076923076923,25.307692307692307,7.76279076788819,10.528301245666892,12.923076923076923,0.4793415985723678,0.7315018315018315,1.0,4.176967074842426,2.923076923076923,0.7013888888888888,2.076923076923077,1.1538461538461537,2.3076923076923075,1.0,10
2017,UCLA,13,6,32.46153846153846,36.61538461538461,6.51355215232942,8.387661897965767,9.307692307692308,0.4375647502850409,0.6777777777777777,2.0,5.882631337556358,5.3076923076923075,0.615018315018315,1.6923076923076923,-0.38461538461538464,0.9230769230769231,0.46153846153846156,5
2017,UConn,12,3,23.583333333333332,37.916666666666664,5.7511880779143665,8.129628950170325,8.416666666666666,0.4068859936372388,0.5125000000000001,2.5833333333333335,5.175729980967453,4.416666666666667,0.7374999999999999,1.75,-0.4166666666666667,0.9166666666666666,0.25,1
2017,UL Monroe,12,4,33.916666666666664,41.0,6.437546300740664,8.423328126297983,9.25,0.4426161045839838,0.7134920634920635,1.75,5.646883904754621,4.25,0.7961309523809524,1.6666666666666667,-0.16666666666666666,1.0833333333333333,0.3333333333333333,6
2017,UNLV,12,5,28.833333333333332,31.75,6.250737444736732,7.76912354816556,10.416666666666666,0.4023592667652265,0.5986111111111111,1.9166666666666667,5.149156977565133,5.0,0.648015873015873,0.9166666666666666,0.5,1.5833333333333333,0.4166666666666667,3
2017,USC,14,11,32.57142857142857,26.142857142857142,6.69214813434198,8.806094708034115,10.928571428571429,0.42741504527218815,0.5845238095238096,2.0,4.375937490650559,3.5714285714285716,0.5952380952380952,3.0714285714285716,-0.14285714285714285,1.2857142857142858,0.7857142857142857,5
2017,UTEP,12,0,11.75,36.75,4.156882760207162,4.960732253536725,4.916666666666667,0.276199494949495,0.6969696969696969,1.9166666666666667,5.383848674714339,4.25,0.8138888888888888,0.9166666666666666,-0.3333333333333333,1.1666666666666667,0.0,1
2017,UTSA,11,6,23.545454545454547,17.0,5.678214750965347,7.099586374951068,8.272727272727273,0.4162124558057572,0.3658008658008658,2.1818181818181817,3.9645595674788465,2.1818181818181817,0.6,2.0,0.8181818181818182,2.0,0.5454545454545454,4
2017,Utah,13,7,29.53846153846154,23.153846153846153,5.776787016512044,7.837203600137122,9.307692307692308,0.3606141496829756,0.5718864468864469,2.8461538461538463,4.029964584819795,3.3846153846153846,0.5,1.8461538461538463,-0.07692307692307693,1.6923076923076923,0.5384615384615384,2
2017,Utah State,13,6,30.153846153846153,26.923076923076923,5.71183887766132,6.886011457585341,7.769230769230769,0.3542664600356908,0.525,2.0,4.59693508824908,3.3076923076923075,0.4875,1.7692307692307692,0.23076923076923078,2.0,0.46153846153846156,2
2017,Vanderbilt,12,5,24.583333333333332,31.333333333333332,5.696675276491514,7.517023660346933,6.416666666666667,0.41953918222300574,0.8515151515151516,1.25,4.481517576952344,3.3333333333333335,0.677056277056277,2.1666666666666665,-0.3333333333333333,0.6666666666666666,0.4166666666666667,2
2017,Virginia,13,6,22.53846153846154,28.384615384615383,5.038540610729639,6.508178759601997,5.846153846153846,0.397199501102216,0.575,2.1538461538461537,4.608402826248748,3.3076923076923075,0.6262820512820512,2.076923076923077,0.15384615384615385,1.3076923076923077,0.46153846153846156,0
2017,Virginia Tech,13,9,28.153846153846153,14.76923076923077,5.404199693154616,7.699393967926847,9.076923076923077,0.4034801383158135,0.5102564102564102,1.6923076923076923,3.3781826592588193,2.230769230769231,0.39,2.3076923076923075,0.38461538461538464,1.3846153846153846,0.6923076923076923,5
2017,Wake Forest,13,8,35.30769230769231,28.307692307692307,6.337957472005911,8.600224928437003,10.461538461538462,0.40993174352307477,0.6294871794871795,1.4615384615384615,4.506523439680652,3.8461538461538463,0.5717948717948718,1.7692307692307692,0.6923076923076923,1.4615384615384615,0.6153846153846154,6
2017,Washington,13,10,36.23076923076923,16.076923076923077,6.5819165930959675,8.455020710558445,8.846153846153847,0.43670641099790897,0.6324175824175824,1.3846153846153846,2.6658718401808814,2.076923076923077,0.6124999999999999,2.8461538461538463,1.1538461538461537,1.7692307692307692,0.7692307692307693,10
2017,Washington State,13,9,30.307692307692307,25.76923076923077,5.673499603210302,6.695882431777687,7.153846153846154,0.43974040665217135,0.6498168498168498,3.230769230769231,4.458774716159017,3.076923076923077,0.5958333333333333,2.8461538461538463,-0.46153846153846156,1.6923076923076923,0.6923076923076923,2
2017,West Virginia,13,7,34.53846153846154,31.46153846153846,6.2945873774251835,8.176252201611172,9.461538461538462,0.3307153485291137,0.6556776556776557,1.3846153846153846,5.183438402756531,4.538461538461538,0.5846153846153845,1.8461538461538463,-0.3076923076923077,1.3076923076923077,0.5384615384615384,5
2017,Western Kentucky,13,6,25.46153846153846,26.846153846153847,5.5409607201752715,7.593220496817772,6.538461538461538,0.4440063204769087,0.6532051282051282,3.3076923076923075,4.48325973218706,3.230769230769231,0.658974358974359,0.9230769230769231,-0.23076923076923078,1.0769230769230769,0.46153846153846156,1
2017,Western Michigan,12,6,33.916666666666664,29.0,5.565383280441669,7.015013668031567,8.25,0.41060591168950306,0.5493055555555556,1.8333333333333333,4.419938253279268,3.1666666666666665,0.7847222222222222,1.5,0.5,1.6666666666666667,0.5,3
2017,Wisconsin,14,13,33.785714285714285,13.928571428571429,6.072131014529029,8.517389546121208,8.785714285714286,0.4924524879882023,0.6448979591836734,1.4285714285714286,3.3034389058179796,2.2857142857142856,0.34722222222222227,2.7857142857142856,0.14285714285714285,1.7857142857142858,0.9285714285714286,10
2017,Wyoming,13,8,23.46153846153846,17.53846153846154,4.843471060334263,6.840701021126122,5.846153846153846,0.34781959493497955,0.6180555555555556,1.9230769230769231,3.55878039975114,2.5384615384615383,0.5368055555555555,2.3076923076923075,1.3846153846153846,2.3846153846153846,0.6153846153846154,6
2018,Air Force,12,5,30.166666666666668,25.75,5.789142426611591,10.55314523940685,9.083333333333334,0.4299202474512072,0.8138888888888888,0.5833333333333334,3.808570718093049,2.3333333333333335,0.6287878787878788,1.4166666666666667,-0.16666666666666666,1.0,0.4166666666666667,5
2018,Akron,12,4,18.916666666666668,27.166666666666668,4.821218946312282,6.154375622336533,7.0,0.2814306064306064,0.5625,2.5833333333333335,4.472748332963207,4.166666666666667,0.6,1.6666666666666667,-0.5833333333333334,1.5,0.3333333333333333,0
2018,Alabama,15,14,45.6,18.066666666666666,8.020362328651995,11.840099600484658,12.733333333333333,0.5283879083879084,0.6908730158730159,1.0,3.4675771195528933,2.6666666666666665,0.5679487179487179,2.933333333333333,0.2,1.1333333333333333,0.9333333333333333,11
2018,App State,13,11,37.30769230769231,15.461538461538462,6.699455541778601,8.113249453350669,9.692307692307692,0.4280118448670485,0.7141025641025641,1.3846153846153846,3.4046082873354484,2.230769230769231,0.3888888888888889,2.0,0.46153846153846156,1.6153846153846154,0.8461538461538461,10
2018,Arizona,12,5,31.333333333333332,32.583333333333336,6.563924521635456,8.476835371842565,10.583333333333334,0.45819315918000125,0.5616883116883117,1.5833333333333333,4.401977206779445,3.75,0.6194444444444445,1.9166666666666667,-0.3333333333333333,0.9166666666666666,0.4166666666666667,5
2018,Arizona State,13,7,29.923076923076923,25.53846153846154,6.196399238216008,8.098832544289621,9.615384615384615,0.41727847316082606,0.5884615384615385,1.0769230769230769,4.542032388483891,3.3076923076923075,0.591025641025641,1.9230769230769231,0.6923076923076923,1.2307692307692308,0.5384615384615384,5
2018,Arkansas,12,2,21.666666666666668,34.75,5.169789987982259,6.500284709988475,8.25,0.31102260348583877,0.42777777777777776,2.5833333333333335,4.481009654377497,4.583333333333333,0.6069444444444444,2.0833333333333335,-1.0833333333333333,0.75,0.16666666666666666,0
2018,Arkansas State,13,8,30.307692307692307,25.615384615384617,6.371668053894089,8.113506514486504,10.846153846153847,0.41904075654968725,0.5910256410256409,1.8461538461538463,4.920281213990947,2.769230769230769,0.6384615384615385,2.3076923076923075,0.23076923076923078,1.3846153846153846,0.6153846153846154,4
2018,Army,13,11,32.76923076923077,17.692307692307693,5.629564757389759,10.759004884004884,9.307692307692308,0.5915540302358593,0.7307692307692307,0.23076923076923078,3.991750799347336,2.230769230769231,0.7833333333333333,1.9230769230769231,0.5384615384615384,0.9230769230769231,0.8461538461538461,9
2018,Auburn,13,8,30.923076923076923,19.153846153846153,5.762244822196836,8.280601623201461,9.23076923076923,0.3607649098539787,0.6256410256410256,1.6923076923076923,3.690019793307634,2.6153846153846154,0.3958333333333333,2.5384615384615383,0.8461538461538461,1.4615384615384615,0.6153846153846154,8
2018,BYU,13,7,27.23076923076923,21.384615384615383,5.692210847382588,7.737652401406423,7.384615384615385,0.37099365566560133,0.7216117216117216,2.076923076923077,3.632547900314977,3.230769230769231,0.7087912087912087,1.9230769230769231,-0.07692307692307693,1.0,0.5384615384615384,2
2018,Ball State,12,4,24.166666666666668,32.416666666666664,5.500303786664323,6.5270058286358905,8.666666666666666,0.4187051004905864,0.6569444444444444,2.0833333333333335,5.32317306634893,4.416666666666667,0.7677579365079366,1.5,-0.16666666666666666,1.4166666666666667,0.3333333333333333,0
2018,Baylor,13,7,29.53846153846154,31.692307692307693,6.1677377731595024,7.930629920702774,10.76923076923077,0.427307408529128,0.6386446886446886,2.8461538461538463,5.82247421744063,2.6923076923076925,0.5679487179487179,1.9230769230769231,-0.5384615384615384,0.6153846153846154,0.5384615384615384,3
2018,Boise State,13,10,35.38461538461539,22.076923076923077,6.3028050662737,8.508908465481984,8.923076923076923,0.5492413932816409,0.6642857142857143,2.076923076923077,3.837143876455527,2.8461538461538463,0.65,2.8461538461538463,0.6153846153846154,1.4615384615384615,0.7692307692307693,7
2018,Boston College,12,7,32.0,25.666666666666668,5.581602986175976,7.888046905450913,9.333333333333334,0.3448397198826261,0.6730952380952381,1.75,3.6972087700634315,3.6666666666666665,0.6458333333333334,2.6666666666666665,0.6666666666666666,1.8333333333333333,0.5833333333333334,7
2018,Bowling Green,12,3,24.333333333333332,40.0,5.490360904418114,7.108408792585339,7.083333333333333,0.38598367576695747,0.7152777777777778,2.3333333333333335,5.856101721810098,4.25,0.7819444444444444,1.25,-0.75,0.9166666666666666,0.25,1
2018,Buffalo,14,10,34.57142857142857,25.928571428571427,5.950353079290267,7.565276443329616,9.5,0.4109002109002109,0.6880952380952381,1.0,4.230714448836726,2.5714285714285716,0.7291666666666666,2.4285714285714284,0.14285714285714285,1.4285714285714286,0.7142857142857143,5
2018,California,13,7,21.53846153846154,20.384615384615383,4.987364222586188,5.749659456529228,7.076923076923077,0.36946057964157514,0.4602564102564103,2.4615384615384617,3.7444347597201717,2.5384615384615383,0.6527777777777778,2.3076923076923075,-0.15384615384615385,1.8461538461538463,0.5384615384615384,2
2018,Central Michigan,12,1,15.0,27.333333333333332,3.924043342177196,4.666769421532281,6.166666666666667,0.30404995331465917,0.6348484848484849,2.9166666666666665,4.867096210163774,3.75,0.6319444444444444,1.8333333333333333,-0.3333333333333333,1.5833333333333333,0.08333333333333333,0
2018,Charlotte,11,4,21.181818181818183,26.818181818181817,4.8677718012235465,7.302190978955685,7.363636363636363,0.4267099128941234,0.5383333333333333,3.0,3.4900693461339243,3.272727272727273,0.5727272727272728,1.4545454545454546,0.18181818181818182,1.1818181818181819,0.36363636363636365,1
2018,Cincinnati,13,11,34.92307692307692,17.23076923076923,6.217934707634116,7.4109915445773415,11.615384615384615,0.5162505623031939,0.6941391941391941,1.7692307692307692,3.496875643524502,2.4615384615384617,0.5866666666666667,2.230769230769231,0.23076923076923078,1.3076923076923077,0.8461538461538461,8
2018,Clemson,15,15,44.266666666666666,13.133333333333333,7.526549078585757,8.136171545068864,11.4,0.4725834350834351,0.7719047619047619,1.2,2.694944307958539,2.4,0.38095238095238093,3.4,0.4,1.4,1.0,12
2018,Coastal Carolina,12,5,26.666666666666668,33.166666666666664,6.002539463063541,8.661194558327503,9.916666666666666,0.42926055426055426,0.6575757575757576,3.0,6.7134564816163165,3.75,0.7069444444444444,1.3333333333333333,-0.4166666666666667,0.8333333333333334,0.4166666666666667,2
2018,Colorado,12,5,27.083333333333332,27.25,5.6052919772235485,7.525413526078117,7.583333333333333,0.3704220836371866,0.6972222222222223,2.5833333333333335,3.905138141870424,3.4166666666666665,0.45555555555555555,2.4166666666666665,-0.4166666666666667,0.9166666666666666,0.4166666666666667,2
2018,Colorado State,12,3,22.833333333333332,36.75,5.706668881223074,7.3072635245158715,7.666666666666667,0.4340251670843776,0.5361111111111111,2.3333333333333335,5.451527090446944,3.75,0.6226190476190476,1.25,-0.6666666666666666,0.9166666666666666,0.25,0
2018,Duke,13,8,29.384615384615383,27.384615384615383,5.582733585832883,7.035515523602901,7.615384615384615,0.4165571320399851,0.6749999999999999,2.230769230769231,4.853251187675013,3.0,0.7596153846153846,1.8461538461538463,-0.3076923076923077,0.9230769230769231,0.6153846153846154,2
2018,East Carolina,12,3,22.75,37.333333333333336,5.040438536692379,6.157699280654689,8.5,0.3674985560821474,0.4442857142857143,2.0,4.318237859310746,3.5,0.7861111111111111,2.75,-1.0,0.75,0.25,1
2018,Eastern Michigan,13,7,27.0,22.076923076923077,5.757950076807886,7.697808962511469,7.461538461538462,0.3292305475742008,0.6723443223443224,2.1538461538461537,4.899118492391208,3.3076923076923075,0.4611111111111111,1.7692307692307692,0.8461538461538461,1.6153846153846154,0.5384615384615384,3
2018,Florida,13,10,35.0,20.0,6.543721349832811,7.7834228667019465,9.384615384615385,0.4174207820968955,0.6256410256410256,1.2307692307692308,4.493128451876107,2.5384615384615383,0.49444444444444446,2.6923076923076925,0.7692307692307693,1.6153846153846154,0.7692307692307693,9
2018,Florida Atlantic,11,5,31.727272727272727,32.09090909090909,6.163289971549395,7.417996838439628,11.545454545454545,0.3343858978217267,0.678030303030303,1.0909090909090908,4.492501713445736,4.0,0.7727272727272727,1.7272727272727273,-0.5454545454545454,1.0909090909090908,0.45454545454545453,4
2018,Florida International,13,9,34.61538461538461,25.23076923076923,6.635483319774384,8.59895626296062,8.923076923076923,0.4576920942305558,0.5985347985347985,0.5384615384615384,4.944469132738288,4.0,0.5461538461538461,1.4615384615384615,0.6923076923076923,1.6153846153846154,0.6923076923076923,7
2018,Florida State,12,5,21.916666666666668,31.5,5.174814962989344,7.142430819147495,7.083333333333333,0.2819991075602531,0.6458333333333334,2.9166666666666665,3.538646589345347,4.75,0.5797619047619048,2.1666666666666665,-0.5833333333333334,1.1666666666666667,0.4166666666666667,1
2018,Fresno State,14,12,34.642857142857146,14.142857142857142,6.249541180364715,8.43131525025119,7.785714285714286,0.44342294610151756,0.7467687074829932,0.7857142857142857,3.757746086869596,1.8571428571428572,0.4444444444444444,1.5714285714285714,0.9285714285714286,1.7857142857142858,0.8571428571428571,11
2018,Georgia,14,11,37.857142857142854,19.214285714285715,7.26950721317074,9.097441780631573,11.214285714285714,0.5019917582417582,0.6355442176870748,1.1428571428571428,4.1801840233701135,2.5,0.6446969696969697,1.5714285714285714,0.35714285714285715,1.1428571428571428,0.7857142857142857,8
2018,Georgia Southern,13,10,30.46153846153846,21.53846153846154,5.959430804580212,10.565352159917378,9.461538461538462,0.3861074822613284,0.7531135531135532,1.3846153846153846,4.035853058851682,3.076923076923077,0.7153846153846154,1.7692307692307692,1.2307692307692308,1.5384615384615385,0.7692307692307693,6
2018,Georgia State,12,2,23.833333333333332,37.416666666666664,5.875355005881079,7.668623098893996,9.083333333333334,0.43027713027713027,0.7166666666666667,1.75,6.521792154426451,3.75,0.630357142857143,1.0833333333333333,-0.5,0.75,0.16666666666666666,2
2018,Georgia Tech,13,7,33.61538461538461,29.307692307692307,6.318665812733372,11.912619406737054,11.76923076923077,0.47865588408574833,0.6775641025641026,1.2307692307692308,4.939863727082983,3.4615384615384617,0.6998015873015873,1.0769230769230769,0.15384615384615385,1.3076923076923077,0.5384615384615384,7
2018,Hawai'i,14,8,30.785714285714285,35.07142857142857,6.370905893893584,8.044581970580166,8.285714285714286,0.33389907919983103,0.5971611721611721,3.2142857142857144,4.812203692171214,4.285714285714286,0.6671768707482993,2.0714285714285716,-0.6428571428571429,0.5714285714285714,0.5714285714285714,2
2018,Houston,13,8,43.92307692307692,37.15384615384615,6.812082975764402,8.276203827517238,13.0,0.4770134710358573,0.8158119658119658,2.0,4.590578236060478,4.769230769230769,0.7273809523809524,1.6923076923076923,0.38461538461538464,1.4615384615384615,0.6153846153846154,6
2018,Illinois,12,4,26.0,39.416666666666664,6.121164826363788,6.0561247327951655,10.083333333333334,0.34498910675381267,0.5878787878787879,2.0833333333333335,6.025384367840101,4.166666666666667,0.6692460317460318,1.5,0.08333333333333333,1.6666666666666667,0.3333333333333333,2
2018,Indiana,12,5,26.416666666666668,29.916666666666668,5.5678277838370045,6.471220883939427,8.0,0.40867684946632316,0.6378968253968255,2.0833333333333335,4.72984762294221,4.0,0.6409722222222222,1.5833333333333333,0.5,1.9166666666666667,0.4166666666666667,2
2018,Iowa,13,9,31.153846153846153,17.76923076923077,5.479553404166558,7.309530809092129,7.615384615384615,0.4317202564047051,0.6222222222222222,1.0769230769230769,3.311159010976373,2.3076923076923075,0.5227272727272727,2.6153846153846154,0.8461538461538461,1.8461538461538463,0.6923076923076923,8
2018,Iowa State,13,8,26.76923076923077,22.923076923076923,5.981424857789041,8.840419144773984,9.076923076923077,0.40271043059504597,0.6346153846153846,2.3846153846153846,3.446737760084557,3.5384615384615383,0.5710317460317461,2.3076923076923075,0.07692307692307693,1.0,0.6153846153846154,3
2018,Kansas,12,3,23.833333333333332,30.0,5.442123768127427,6.123659006749025,8.25,0.3907826063398819,0.5958333333333333,2.25,4.690185335157651,3.9166666666666665,0.6375541125541125,1.5833333333333333,1.3333333333333333,2.0,0.25,2
2018,Kansas State,12,5,22.5,25.416666666666668,5.4261449470359935,6.9277918760677375,8.916666666666666,0.39435425685425685,0.4702380952380953,2.5833333333333335,4.818486412236412,3.25,0.5888888888888889,1.3333333333333333,0.3333333333333333,1.25,0.4166666666666667,0
2018,Kent State,12,2,23.916666666666668,36.666666666666664,5.04487497745547,5.8908917146388085,9.416666666666666,0.3476665362501276,0.5499999999999999,3.5833333333333335,5.175008254259443,4.833333333333333,0.6652777777777777,1.5833333333333333,-0.25,1.3333333333333333,0.16666666666666666,1
2018,Kentucky,13,10,26.615384615384617,16.846153846153847,5.803498265949462,7.146645645178034,8.615384615384615,0.4161107871515111,0.5513888888888888,2.076923076923077,4.532003956965304,2.8461538461538463,0.48846153846153845,2.4615384615384617,-0.07692307692307693,1.2307692307692308,0.7692307692307693,3
2018,LSU,13,10,32.38461538461539,21.76923076923077,5.683488743341716,7.823435847711865,9.384615384615385,0.40778175576639497,0.5293956043956044,2.5384615384615383,3.818842613387988,3.076923076923077,0.5205128205128206,2.4615384615384617,1.0769230769230769,1.6923076923076923,0.7692307692307693,5
2018,Liberty,12,6,33.25,36.833333333333336,5.330444217106831,6.680826246013955,8.916666666666666,0.42370296560799997,0.7207142857142858,1.75,5.256863681132398,4.166666666666667,0.580952380952381,2.1666666666666665,-0.25,1.4166666666666667,0.5,2
2018,Louisiana,14,7,31.928571428571427,34.214285714285715,6.7029248581154395,8.248885531629046,10.285714285714286,0.465633275454704,0.7493197278911564,1.7857142857142858,5.097800782869231,4.214285714285714,0.7220238095238096,1.8571428571428572,-0.14285714285714285,1.0,0.5,5
2018,Louisiana Tech,13,8,24.692307692307693,23.0,5.551455773319147,6.863065191535425,7.538461538461538,0.3837924518919994,0.632051282051282,2.1538461538461537,4.04140312083481,2.6153846153846154,0.6512820512820513,3.3076923076923075,0.07692307692307693,1.3076923076923077,0.6153846153846154,2
2018,Louisville,12,2,19.75,44.083333333333336,5.4614598375117245,6.238330459113349,8.75,0.3522140262271842,0.5499999999999999,2.9166666666666665,6.1949168028870725,4.833333333333333,0.794345238095238,0.8333333333333334,-0.9166666666666666,0.8333333333333334,0.16666666666666666,0
2018,Marshall,13,9,28.23076923076923,21.846153846153847,5.764806567409678,6.882475977204866,9.384615384615385,0.4081938988613197,0.49853479853479854,1.5384615384615385,3.0024541451071647,3.6153846153846154,0.48333333333333334,3.230769230769231,0.07692307692307693,1.4615384615384615,0.6923076923076923,5
2018,Maryland,12,5,28.5,28.666666666666668,6.09588208433535,6.930999831370674,10.416666666666666,0.4089678567619744,0.5851851851851851,2.1666666666666665,4.457065827261616,3.3333333333333335,0.6902777777777778,1.3333333333333333,0.9166666666666666,1.75,0.4166666666666667,3
2018,Massachusetts,12,4,32.833333333333336,42.916666666666664,6.465418915746496,8.976652416514654,8.833333333333334,0.38908025525672585,0.6573412698412698,3.0833333333333335,6.06425508730788,4.916666666666667,0.7374999999999999,0.75,0.08333333333333333,1.4166666666666667,0.3333333333333333,3
2018,Memphis,14,8,42.92857142857143,31.928571428571427,7.323609419142966,8.377931267589876,11.785714285714286,0.47078445014369386,0.7666666666666667,1.6428571428571428,3.9522887205588546,3.7857142857142856,0.7553571428571428,2.4285714285714284,-0.07142857142857142,1.1428571428571428,0.5714285714285714,6
2018,Miami,13,7,28.76923076923077,19.46153846153846,5.757697463282008,6.3114751507846965,8.846153846153847,0.4172819011054305,0.6401709401709402,1.8461538461538463,3.581651372445234,2.8461538461538463,0.4730769230769231,2.923076923076923,-0.07692307692307693,1.6153846153846154,0.5384615384615384,5
2018,Miami (OH),12,6,28.083333333333332,25.5,5.523644977655434,6.998765240721725,8.333333333333334,0.3789068298259475,0.7000000000000001,1.5,4.135718165599786,3.4166666666666665,0.8045454545454546,2.1666666666666665,0.5833333333333334,1.1666666666666667,0.5,3
2018,Michigan,13,10,35.15384615384615,19.384615384615383,6.194745825234103,8.345399166829687,8.23076923076923,0.4924598968151005,0.5951388888888889,1.6923076923076923,3.8083782297853594,2.769230769230769,0.6958333333333333,2.6153846153846154,0.15384615384615385,1.0,0.7692307692307693,7
2018,Michigan State,13,7,18.692307692307693,17.153846153846153,4.861125173916651,5.899282659575675,5.769230769230769,0.32883358471593765,0.46794871794871795,1.8461538461538463,2.834719984870328,2.3076923076923075,0.3597222222222222,1.7692307692307692,0.07692307692307693,1.4615384615384615,0.5384615384615384,4
2018,Middle Tennessee,14,8,28.0,26.714285714285715,5.5513291161861025,7.334952148576726,8.571428571428571,0.37936172720836586,0.5564102564102564,2.857142857142857,4.578920935317441,3.2857142857142856,0.5666666666666667,2.357142857142857,0.5,1.6428571428571428,0.5714285714285714,1
2018,Minnesota,13,7,28.923076923076923,26.53846153846154,5.958372721930195,8.017699878596495,7.538461538461538,0.4154910260679491,0.655128205128205,1.9230769230769231,5.216487661824112,2.4615384615384617,0.5805555555555556,1.6923076923076923,-0.5384615384615384,1.2307692307692308,0.5384615384615384,2
2018,Mississippi State,13,8,28.53846153846154,13.153846153846153,6.116695165787113,6.988129382955019,9.923076923076923,0.4390604054065592,0.5974358974358974,1.8461538461538463,2.9588696553946656,2.4615384615384617,0.3076923076923077,3.0,0.46153846153846156,1.2307692307692308,0.6153846153846154,7
2018,Missouri,13,8,36.61538461538461,25.46153846153846,6.331560649688184,8.166124987614232,9.307692307692308,0.45847884518699,0.6735347985347986,0.6923076923076923,3.8492860816040855,3.3846153846153846,0.5384615384615384,1.9230769230769231,0.15384615384615385,1.0769230769230769,0.6153846153846154,8
2018,NC State,13,9,33.84615384615385,24.923076923076923,6.177884754182012,8.244052938590894,9.692307692307692,0.47654621020005633,0.6524725274725275,0.7692307692307693,4.281731269203792,3.5384615384615383,0.47400793650793654,2.6923076923076925,0.23076923076923078,1.2307692307692308,0.6923076923076923,8
2018,Navy,13,3,25.0,33.53846153846154,5.29980640548361,7.00446442697574,9.0,0.3733881126415063,0.7916666666666666,1.4615384615384615,5.344627367704384,3.923076923076923,0.7705128205128206,0.7692307692307693,0.38461538461538464,1.5384615384615385,0.23076923076923078,3
2018,Nebraska,12,4,30.0,31.25,6.343549633596523,7.1156353875100535,10.916666666666666,0.3782292938542939,0.5888888888888889,2.0833333333333335,4.847150028843774,4.333333333333333,0.5861111111111111,2.0833333333333335,-0.25,1.25,0.3333333333333333,2
2018,Nevada,13,8,31.076923076923077,26.923076923076923,6.105894394556042,7.575511526448233,8.923076923076923,0.3300011084811037,0.5305555555555556,1.2307692307692308,3.6146819958182124,3.3846153846153846,0.6317460317460317,2.5384615384615383,-0.3076923076923077,1.3846153846153846,0.6153846153846154,4
2018,New Mexico,12,3,26.583333333333332,36.166666666666664,4.85557317325346,7.1108969126413015,7.583333333333333,0.36590298998387233,0.6944444444444445,2.0,4.976780464916016,4.583333333333333,0.6718253968253968,2.0833333333333335,-0.5,1.6666666666666667,0.25,1
2018,New Mexico State,12,3,25.25,41.333333333333336,5.038247956272658,6.124911648253378,7.75,0.37689049418883513,0.5318181818181817,3.1666666666666665,5.252274025267701,4.416666666666667,0.6990079365079365,2.25,-0.3333333333333333,1.1666666666666667,0.25,0
2018,North Carolina,11,2,27.363636363636363,34.54545454545455,6.079459474530875,6.7653312865542725,9.818181818181818,0.36690887098641106,0.5913419913419914,0.8181818181818182,5.266229397492995,4.0,0.7090909090909091,2.6363636363636362,-0.6363636363636364,1.2727272727272727,0.18181818181818182,3
2018,North Texas,13,9,34.61538461538461,24.153846153846153,6.407450014143298,8.035057841733751,9.153846153846153,0.37444344242986777,0.7324175824175825,1.7692307692307692,3.4651956803321036,3.3846153846153846,0.5138888888888888,2.5384615384615383,0.46153846153846156,1.6153846153846154,0.6923076923076923,8
2018,Northern Illinois,14,8,20.142857142857142,22.642857142857142,4.664982595530057,5.4762458382126775,7.0,0.36185547865751416,0.655128205128205,2.7142857142857144,2.878198926677451,3.4285714285714284,0.5,3.2142857142857144,0.07142857142857142,1.1428571428571428,0.5714285714285714,3
2018,Northwestern,14,9,24.214285714285715,23.214285714285715,4.917645425985056,6.469127755349265,5.857142857142857,0.39299151509456687,0.5916666666666667,2.4285714285714284,4.116507732024571,3.142857142857143,0.43571428571428567,1.5,0.42857142857142855,1.6428571428571428,0.6428571428571429,2
2018,Notre Dame,13,12,31.384615384615383,18.23076923076923,6.095251385157166,8.034332084208158,10.538461538461538,0.4312360841772606,0.5893772893772893,1.6923076923076923,3.994701902071152,2.5384615384615383,0.6282051282051282,2.4615384615384617,0.23076923076923078,1.3846153846153846,0.9230769230769231,4
2018,Ohio,13,9,40.07692307692308,24.615384615384617,7.103052152912663,9.103916302246262,12.846153846153847,0.5057478845940384,0.7380341880341881,1.4615384615384615,4.199887698774374,2.8461538461538463,0.7256410256410256,1.8461538461538463,0.6153846153846154,1.7692307692307692,0.6923076923076923,10
2018,Ohio State,14,13,42.357142857142854,25.5,6.78388417271488,9.144594312870007,10.285714285714286,0.46939101981118786,0.6017857142857144,1.5714285714285714,4.929477390657637,2.9285714285714284,0.6333333333333333,2.7142857142857144,0.5714285714285714,1.5,0.9285714285714286,9
2018,Oklahoma,14,12,48.357142857142854,33.285714285714285,8.729417640752928,11.467098587612615,13.357142857142858,0.49032376353804924,0.6869047619047619,1.4285714285714286,4.169170961319427,3.857142857142857,0.8045918367346939,1.8571428571428572,-0.35714285714285715,0.5,0.8571428571428571,7
2018,Oklahoma State,13,7,38.38461538461539,32.46153846153846,6.384680111175821,8.39874406652409,12.0,0.4377667934854169,0.6846153846153846,2.5384615384615383,4.689685783263272,3.923076923076923,0.6384615384615385,2.4615384615384617,-0.5384615384615384,0.7692307692307693,0.5384615384615384,5
2018,Old Dominion,12,4,30.833333333333332,35.916666666666664,5.813869801979929,7.578665905047703,9.083333333333334,0.3775595931845932,0.6208333333333333,2.6666666666666665,5.285184737534362,3.4166666666666665,0.7722222222222221,1.6666666666666667,-0.6666666666666666,0.8333333333333334,0.3333333333333333,1
2018,Ole Miss,12,5,33.916666666666664,36.166666666666664,7.179470081581106,9.499237462863963,11.166666666666666,0.38319478723890493,0.45137085137085137,2.5833333333333335,5.2479678100614136,5.083333333333333,0.5698412698412698,1.75,-0.08333333333333333,1.0833333333333333,0.4166666666666667,4
2018,Oregon,13,9,34.84615384615385,25.384615384615383,5.9196643886483304,7.917678955355937,8.615384615384615,0.43697315128310604,0.7166666666666667,1.5384615384615385,4.144385075866797,3.6153846153846154,0.458974358974359,1.9230769230769231,0.38461538461538464,1.3846153846153846,0.6923076923076923,4
2018,Oregon State,12,2,26.083333333333332,45.666666666666664,5.690605293118666,7.003526312806965,9.583333333333334,0.35359918289484854,0.5898809523809524,3.75,6.913873629779189,4.25,0.7754960317460317,1.0833333333333333,-0.5833333333333334,0.5,0.16666666666666666,1
2018,Penn State,13,9,33.76923076923077,20.53846153846154,6.210150821319993,7.527450586647368,10.461538461538462,0.3810009309443699,0.7564102564102565,2.230769230769231,4.1834544887277625,2.769230769230769,0.5128205128205128,3.3846153846153846,-0.07692307692307693,1.3076923076923077,0.6923076923076923,7
2018,Pittsburgh,14,7,25.642857142857142,27.785714285714285,6.077568114122406,6.320264520455763,9.071428571428571,0.4020905629458261,0.5833333333333333,2.0714285714285716,4.832108167538219,3.5714285714285716,0.5679487179487179,2.2857142857142856,0.21428571428571427,1.2142857142857142,0.5,1
2018,Purdue,13,6,30.53846153846154,30.0,6.324770717604908,7.804520370240377,8.076923076923077,0.3768808114961961,0.6386446886446886,2.230769230769231,4.4918553103947705,4.076923076923077,0.6044871794871794,1.8461538461538463,-0.5384615384615384,0.8461538461538461,0.46153846153846156,1
2018,Rice,13,2,18.923076923076923,36.0,4.935337892021956,6.0724934491823825,6.461538461538462,0.2785081685534174,0.625,1.7692307692307692,4.873343426939156,4.0,0.784981684981685,1.1538461538461537,-0.3076923076923077,1.1538461538461537,0.15384615384615385,0
2018,Rutgers,12,1,13.5,31.416666666666668,4.301799870630906,4.324840801230953,5.083333333333333,0.3247250069618491,0.4583333333333333,1.1666666666666667,5.24123532419344,3.5,0.6606060606060606,1.25,-1.0833333333333333,1.0833333333333333,0.08333333333333333,1
2018,SMU,12,5,30.416666666666668,35.25,5.589901604435153,7.287630700664359,7.083333333333333,0.3412804612398266,0.6716450216450216,2.1666666666666665,4.383755542412618,3.9166666666666665,0.7128968253968254,2.1666666666666665,0.5,1.5,0.4166666666666667,2
2018,San Diego State,13,7,20.615384615384617,22.153846153846153,5.590000062162016,7.800872171306954,8.076923076923077,0.3545646661031276,0.5138888888888888,2.3076923076923075,2.945727217177518,2.8461538461538463,0.7243589743589743,1.9230769230769231,0.0,1.0,0.5384615384615384,2
2018,San José State,12,1,21.25,36.583333333333336,4.773521971232612,6.888056978180768,5.833333333333333,0.3318202691557955,0.5133333333333333,3.1666666666666665,4.774581325196734,4.5,0.6326388888888889,0.9166666666666666,0.3333333333333333,1.5833333333333333,0.08333333333333333,0
2018,South Alabama,11,2,22.272727272727273,41.63636363636363,5.068320773803102,7.525725717183067,7.454545454545454,0.31964346634695634,0.6257575757575758,1.8181818181818181,5.394357375197672,4.818181818181818,0.7428571428571428,1.2727272727272727,-0.45454545454545453,1.3636363636363635,0.18181818181818182,0
2018,South Carolina,13,7,30.076923076923077,27.23076923076923,6.320870345038485,8.259486397976216,8.153846153846153,0.4205026866970187,0.5263736263736264,1.6153846153846154,4.772656191031809,4.538461538461538,0.6497685185185186,1.8461538461538463,-0.6153846153846154,0.9230769230769231,0.5384615384615384,2
2018,South Florida,12,7,29.583333333333332,31.25,6.273459979620021,7.3705145439137,9.916666666666666,0.38128515003515,0.5013888888888889,2.75,5.0271947680486875,3.9166666666666665,0.6567460317460317,2.0833333333333335,-0.16666666666666666,1.1666666666666667,0.5833333333333334,2
2018,Southern Miss,11,6,26.181818181818183,19.818181818181817,5.225779454491737,7.099564739791168,8.363636363636363,0.3606819650937298,0.6283333333333333,2.8181818181818183,3.558408412427211,2.727272727272727,0.5136363636363637,2.0,0.0,1.8181818181818181,0.5454545454545454,5
2018,Stanford,13,9,28.384615384615383,22.923076923076923,6.219741257309935,8.307439580396302,8.076923076923077,0.383946219692826,0.7192307692307692,1.6923076923076923,4.0478933610914485,3.5384615384615383,0.46703296703296704,2.5384615384615383,0.23076923076923078,1.2307692307692308,0.6923076923076923,5
2018,Syracuse,13,10,40.23076923076923,27.0,5.708134023391407,7.52357349257653,9.846153846153847,0.39798727541940215,0.6043956043956044,2.8461538461538463,4.814335161381944,3.8461538461538463,0.47912087912087914,3.230769230769231,0.6153846153846154,1.9230769230769231,0.7692307692307693,6
2018,TCU,13,7,23.53846153846154,23.076923076923077,5.419254476429867,6.62811103426488,7.076923076923077,0.3603649555572632,0.4346153846153846,1.0769230769230769,3.901219734350536,2.8461538461538463,0.525,2.6923076923076925,-0.46153846153846156,1.1538461538461537,0.5384615384615384,4
2018,Temple,13,8,34.92307692307692,27.076923076923077,5.923285280265952,7.976763428852864,8.923076923076923,0.4006743633440466,0.6808608058608059,1.3846153846153846,4.4282398190250225,3.6923076923076925,0.6087301587301587,2.3846153846153846,0.0,1.6153846153846154,0.6153846153846154,3
2018,Tennessee,12,5,22.75,27.916666666666668,5.409828624485882,8.09571621361095,7.25,0.3626439897821477,0.6257575757575757,1.75,4.230138664428128,3.75,0.5534632034632034,1.9166666666666667,0.08333333333333333,1.0,0.4166666666666667,1
2018,Texas,14,10,31.071428571428573,25.857142857142858,5.6571184769926,7.664280377276563,8.714285714285714,0.46954711954711953,0.6547619047619048,1.6428571428571428,3.8655451588655825,3.5714285714285716,0.5809523809523809,1.9285714285714286,0.35714285714285715,1.0714285714285714,0.7142857142857143,1
2018,Texas A&M,13,9,36.0,25.307692307692307,6.468959423432524,7.6501986515541684,12.307692307692308,0.41797273239580934,0.5877289377289378,2.6153846153846154,3.3648956084281405,2.6153846153846154,0.7103174603174603,2.6153846153846154,-0.6923076923076923,0.5384615384615384,0.6923076923076923,6
2018,Texas State,12,3,19.75,27.583333333333332,5.284939820998128,6.991450396306981,8.333333333333334,0.33016613016613017,0.5575757575757575,2.0833333333333335,4.508231660023055,3.5,0.5964285714285714,1.1666666666666667,-0.4166666666666667,1.25,0.25,0
2018,Texas Tech,12,5,37.333333333333336,31.083333333333332,5.953240438028069,7.9287038502604,8.833333333333334,0.4742486808856778,0.6218253968253968,1.9166666666666667,4.5915405338699955,3.8333333333333335,0.5932900432900433,2.25,-0.3333333333333333,1.3333333333333333,0.4166666666666667,2
2018,Toledo,13,7,40.38461538461539,30.53846153846154,6.496294157174486,7.61932795860219,11.153846153846153,0.3539819340822685,0.6525793650793651,1.8461538461538463,4.883706612127804,3.076923076923077,0.7474358974358974,2.3076923076923075,0.3076923076923077,1.4615384615384615,0.5384615384615384,4
2018,Troy,13,10,30.692307692307693,22.0,6.265787640431984,7.80823426086584,8.692307692307692,0.3889751274366659,0.5570512820512821,2.0,3.470582951904275,3.3076923076923075,0.6602564102564101,2.6153846153846154,0.7692307692307693,2.076923076923077,0.7692307692307693,5
2018,Tulane,12,6,25.666666666666668,28.583333333333332,5.706030561310469,8.000098499588065,9.166666666666666,0.36504645380419376,0.6060606060606061,2.8333333333333335,3.9738435701165025,3.3333333333333335,0.5736111111111111,2.5833333333333335,0.16666666666666666,1.1666666666666667,0.5,3
2018,Tulsa,12,3,24.083333333333332,29.583333333333332,5.1304216954512665,6.718175598556034,8.833333333333334,0.43033403971703205,0.5513888888888889,3.0,5.0366126485778,4.333333333333333,0.5166666666666667,1.0833333333333333,0.16666666666666666,1.75,0.25,2
2018,UAB,14,11,29.857142857142858,17.0,6.025331408260157,8.803760525985853,10.428571428571429,0.45800987859258535,0.6207482993197279,1.5,3.6469342879658275,2.2857142857142856,0.5513888888888888,3.0714285714285716,-0.21428571428571427,1.0714285714285714,0.7857142857142857,8
2018,UCF,13,12,43.23076923076923,22.692307692307693,6.895708900021933,8.54382370336382,13.307692307692308,0.48768620770883214,0.8101648351648352,1.4615384615384615,4.7510157243103635,3.3846153846153846,0.39206349206349206,2.1538461538461537,1.0769230769230769,1.7692307692307692,0.9230769230769231,10
2018,UCLA,12,3,24.583333333333332,34.083333333333336,5.693170683734137,7.228921645579502,7.5,0.37086236203883266,0.6392857142857142,2.3333333333333335,4.777605500325051,4.666666666666667,0.6561507936507937,1.0,0.0,1.0,0.25,0
2018,UConn,12,1,22.166666666666668,50.416666666666664,5.545074767238511,5.98519956788635,9.833333333333334,0.4117363258230131,0.75,2.0833333333333335,7.779292906621337,5.416666666666667,0.7652777777777778,0.9166666666666666,-1.3333333333333333,0.75,0.08333333333333333,2
2018,UL Monroe,12,6,26.583333333333332,31.75,6.249333089087004,8.078705710489968,9.166666666666666,0.41511029712461606,0.557936507936508,1.75,4.294443722118207,3.3333333333333335,0.638888888888889,2.75,-1.0,0.6666666666666666,0.5,4
2018,UNLV,12,4,28.75,37.25,5.421647795920614,5.8712685516308705,9.0,0.3679082083493848,0.7414682539682539,2.3333333333333335,5.300977158121433,4.666666666666667,0.6005952380952381,1.5,0.0,1.25,0.3333333333333333,2
2018,USC,12,5,26.083333333333332,27.0,5.959188206737752,7.526582764437918,7.916666666666667,0.37990693946576304,0.548611111111111,2.0833333333333335,4.168810079959884,2.5833333333333335,0.638888888888889,2.3333333333333335,-0.8333333333333334,0.5,0.4166666666666667,1
2018,UTEP,12,1,17.666666666666668,32.75,5.0179910255430755,6.923198890725586,7.666666666666667,0.3594358256122962,0.47424242424242424,3.0833333333333335,4.717771403855828,4.083333333333333,0.6059523809523809,1.4166666666666667,-1.6666666666666667,0.5,0.08333333333333333,0
2018,UTSA,12,3,14.166666666666666,31.166666666666668,4.091636440541485,4.747725877348826,5.666666666666667,0.3225731852570088,0.5924242424242424,3.0833333333333335,4.100823612700418,3.8333333333333335,0.665079365079365,1.75,0.0,1.1666666666666667,0.25,0
2018,Utah,14,9,28.071428571428573,19.428571428571427,5.802450724673714,7.508511319223275,8.071428571428571,0.38790227629513346,0.6575091575091575,2.142857142857143,2.927549875149968,2.642857142857143,0.5297619047619048,2.5714285714285716,-0.21428571428571427,1.2142857142857142,0.6428571428571429,5
2018,Utah State,13,11,47.53846153846154,22.23076923076923,6.851461285075965,7.942530230206504,9.615384615384615,0.4670036160420776,0.6310439560439561,0.6153846153846154,3.434029786770474,3.1538461538461537,0.5156746031746032,2.3846153846153846,1.1538461538461537,2.076923076923077,0.8461538461538461,10
2018,Vanderbilt,13,6,28.46153846153846,26.615384615384617,6.417027803857453,7.84726272329839,8.923076923076923,0.39191449576064963,0.5923076923076923,1.4615384615384615,5.181086938911703,4.076923076923077,0.5862637362637363,1.6923076923076923,0.6153846153846154,1.4615384615384615,0.46153846153846156,3
2018,Virginia,13,8,28.46153846153846,20.076923076923077,5.893590244804512,7.6518715088270675,7.3076923076923075,0.4918174083332455,0.6375000000000001,2.230769230769231,4.2091912239605165,2.3846153846153846,0.49722222222222223,1.3076923076923077,0.5384615384615384,1.3846153846153846,0.6153846153846154,4
2018,Virginia Tech,13,6,29.846153846153847,31.0,6.092800341766933,8.11121253104278,9.23076923076923,0.3697199769746805,0.7064102564102565,2.1538461538461537,5.535470910591526,3.6153846153846154,0.7025641025641025,1.8461538461538463,0.07692307692307693,1.1538461538461537,0.46153846153846156,3
2018,Wake Forest,13,7,32.84615384615385,33.30769230769231,5.677248389209627,7.297052557148671,10.153846153846153,0.43549315057412225,0.5830586080586081,2.6153846153846154,4.891368356578662,3.0,0.8666666666666667,1.8461538461538463,-0.3076923076923077,1.0,0.5384615384615384,3
2018,Washington,14,10,26.357142857142858,16.357142857142858,6.060737618058245,8.64771534021534,8.142857142857142,0.45576345125217305,0.573469387755102,1.6428571428571428,3.5485006871025813,2.642857142857143,0.5628205128205128,1.6428571428571428,0.07142857142857142,1.1428571428571428,0.7142857142857143,5
2018,Washington State,13,11,37.53846153846154,23.307692307692307,6.243870288977009,7.100493757747115,6.769230769230769,0.44482124210630997,0.7756410256410257,1.0,4.266493062918894,3.0,0.6428571428571429,2.8461538461538463,0.3076923076923077,1.2307692307692308,0.8461538461538461,7
2018,West Virginia,12,8,40.25,27.166666666666668,7.057089712331017,9.455311998844904,10.75,0.43173400673400675,0.7131944444444445,2.25,3.937318909651331,3.6666666666666665,0.613095238095238,2.0,0.3333333333333333,1.5,0.6666666666666666,5
2018,Western Kentucky,12,3,21.083333333333332,27.833333333333332,5.157103899171455,6.319224148160224,7.083333333333333,0.39281045751633986,0.5974025974025974,2.4166666666666665,4.681538630483592,4.083333333333333,0.46428571428571425,2.0833333333333335,0.16666666666666666,1.3333333333333333,0.25,1
2018,Western Michigan,13,7,32.0,34.53846153846154,5.966365143673629,7.656462998722412,8.846153846153847,0.36173742672611453,0.6301282051282051,1.5384615384615385,4.6483109231907385,3.923076923076923,0.8182178932178932,2.0,-0.07692307692307693,1.0769230769230769,0.5384615384615384,2
2018,Wisconsin,13,8,29.692307692307693,22.615384615384617,6.441790933024523,7.091959451164867,10.0,0.4234886907963831,0.7044871794871794,1.7692307692307692,4.597340856396604,3.3076923076923075,0.5461538461538461,1.4615384615384615,0.15384615384615385,1.6923076923076923,0.6153846153846154,4
2018,Wyoming,12,6,20.666666666666668,22.0,5.294086823368083,5.7678008980398685,7.25,0.3678444115653868,0.4666666666666667,1.8333333333333333,3.278599663721946,3.0,0.5984848484848485,1.5,0.25,1.1666666666666667,0.5,2
2019,Air Force,13,11,34.07692307692308,19.846153846153847,6.423486679575415,16.030498988191297,9.615384615384615,0.5528599605522683,0.6711538461538461,0.23076923076923078,3.3482084297327415,3.3076923076923075,0.5416666666666666,1.7692307692307692,-0.5384615384615384,0.8461538461538461,0.8461538461538461,10
2019,Akron,12,0,10.5,36.25,4.125919746632895,5.5664162858752375,4.833333333333333,0.2618524449406802,0.2727272727272727,4.583333333333333,4.691796483580527,4.583333333333333,0.6825396825396824,0.75,-0.6666666666666666,0.9166666666666666,0.0,0
2019,Alabama,13,11,47.23076923076923,18.615384615384617,7.937138492984726,11.378037423262887,11.384615384615385,0.5262679628064244,0.7401098901098901,0.9230769230769231,3.83879015563199,2.5384615384615383,0.5736111111111111,2.3076923076923075,1.2307692307692308,1.9230769230769231,0.8461538461538461,11
2019,App State,14,13,38.785714285714285,20.0,6.207709168154168,7.797213368105863,9.928571428571429,0.4476201377987092,0.7916666666666667,1.2857142857142858,3.770030531853228,2.357142857142857,0.6064102564102564,2.5,0.8571428571428571,1.4285714285714286,0.9285714285714286,10
2019,Arizona,12,4,26.916666666666668,35.75,6.1484019365260005,7.619375437106224,9.25,0.432803450634333,0.5986111111111111,2.5833333333333335,4.981391966385208,4.25,0.6490079365079365,1.4166666666666667,0.0,1.1666666666666667,0.3333333333333333,2
2019,Arizona State,13,8,24.76923076923077,22.384615384615383,5.766023852091392,8.137598925674437,7.846153846153846,0.3932391703319305,0.4666666666666667,2.5384615384615383,3.62372925115352,3.0,0.7097222222222221,1.8461538461538463,0.8461538461538461,1.6923076923076923,0.6153846153846154,4
2019,Arkansas,12,2,21.416666666666668,36.833333333333336,5.357429541177303,5.545319908670944,7.25,0.3426967640202934,0.5902777777777778,1.5,6.07186828063013,3.8333333333333335,0.7428571428571428,1.5833333333333333,-0.4166666666666667,1.25,0.16666666666666666,1
2019,Arkansas State,13,8,33.69230769230769,34.15384615384615,6.427344513521375,8.877949693485535,9.461538461538462,0.39544911704949814,0.5102564102564102,2.923076923076923,5.167483862703455,4.769230769230769,0.5623626373626374,1.6923076923076923,0.23076923076923078,1.3076923076923077,0.6153846153846154,4
2019,Army,13,5,28.46153846153846,23.0,5.7110083685790975,8.437970362970363,8.615384615384615,0.4679218217679756,0.8300366300366301,0.9230769230769231,4.522008549969607,2.6923076923076925,0.665,1.5384615384615385,-0.23076923076923078,0.9230769230769231,0.38461538461538464,5
2019,Auburn,13,9,33.23076923076923,19.53846153846154,5.702999791445255,7.3172509778368795,8.846153846153847,0.4103987224968411,0.6875457875457875,1.3846153846153846,3.8422423313340124,2.923076923076923,0.47692307692307695,2.0,0.23076923076923078,1.3076923076923077,0.6923076923076923,6
2019,BYU,13,7,28.46153846153846,25.46153846153846,6.304762622806265,8.18517268108373,9.923076923076923,0.4374393517493065,0.47710622710622713,2.1538461538461537,4.043608625668426,3.4615384615384617,0.5282051282051282,1.2307692307692308,0.15384615384615385,1.4615384615384615,0.5384615384615384,4
2019,Ball State,12,5,34.833333333333336,31.416666666666668,6.372512181733306,7.940828998465414,10.333333333333334,0.41362572004019377,0.6531746031746032,2.0833333333333335,4.6257944881626685,4.166666666666667,0.6722222222222222,1.0833333333333333,0.75,1.8333333333333333,0.4166666666666667,5
2019,Baylor,14,11,33.642857142857146,19.785714285714285,6.271473110233466,8.497618065760452,8.928571428571429,0.41678594514728967,0.6607142857142857,2.642857142857143,3.7068962239880188,3.5,0.5324829931972789,3.142857142857143,0.5714285714285714,1.5,0.7857142857142857,7
2019,Boise State,14,12,34.714285714285715,21.857142857142858,6.269177623333002,8.114788928528752,10.0,0.4737332112332112,0.7279761904761904,1.7857142857142858,3.915296004235001,2.857142857142857,0.6142857142857142,2.857142857142857,-0.07142857142857142,1.1428571428571428,0.8571428571428571,8
2019,Boston College,13,6,29.0,32.15384615384615,5.8044599508273125,7.928893453209607,9.153846153846153,0.41329385698580745,0.6141025641025641,0.8461538461538461,4.653720104516169,4.0,0.4858974358974359,1.3076923076923077,0.38461538461538464,1.1538461538461537,0.46153846153846156,3
2019,Bowling Green,12,3,16.0,38.583333333333336,4.700520570149092,5.590576780064031,6.25,0.31953345931674104,0.6458333333333334,1.0,5.68938494476389,4.25,0.5845238095238096,1.9166666666666667,-0.5833333333333334,0.9166666666666666,0.25,1
2019,Buffalo,13,8,31.46153846153846,21.307692307692307,5.488065575433841,6.461466228784004,8.538461538461538,0.456083057214279,0.7018315018315018,0.6153846153846154,3.2388668390346065,3.076923076923077,0.44358974358974357,3.076923076923077,0.15384615384615385,1.0,0.6153846153846154,7
2019,California,13,8,21.23076923076923,21.923076923076923,5.095816597620546,6.958172684402421,8.0,0.3746753445014936,0.6666666666666666,3.3076923076923075,3.354885622236343,3.6923076923076925,0.573076923076923,2.769230769230769,-0.07692307692307693,0.8461538461538461,0.6153846153846154,2
2019,Central Michigan,14,8,30.428571428571427,28.285714285714285,6.093835039510552,7.694405370938301,8.714285714285714,0.41136097795761656,0.6817460317460318,1.4285714285714286,3.494685232127416,3.5714285714285716,0.6972789115646257,1.9285714285714286,-0.5714285714285714,1.1428571428571428,0.5714285714285714,3
2019,Charlotte,13,7,29.846153846153847,32.38461538461539,6.33774623511888,8.824674417434085,9.692307692307692,0.421580022541561,0.7538461538461539,1.6923076923076923,4.801173110985654,4.0,0.6210622710622711,2.6923076923076925,-0.46153846153846156,0.8461538461538461,0.5384615384615384,5
2019,Cincinnati,14,11,29.642857142857142,20.571428571428573,5.5469326679121975,6.920968729335665,9.285714285714286,0.44520550122883157,0.6439625850340136,2.2857142857142856,3.839362107961801,3.642857142857143,0.4086734693877551,2.142857142857143,0.35714285714285715,1.4285714285714286,0.7857142857142857,3
2019,Clemson,15,14,43.93333333333333,13.533333333333333,7.552641125883851,8.746292948128568,12.733333333333333,0.4379406269112151,0.8014285714285715,1.2,3.676208900633208,2.2,0.4717948717948718,3.0,0.8666666666666667,1.6666666666666667,0.9333333333333333,12
2019,Coastal Carolina,12,5,30.333333333333332,30.5,5.651262764419882,7.331067825511325,8.083333333333334,0.39552087704177485,0.5892857142857143,1.5,4.210369153291947,3.5,0.7631944444444444,1.5833333333333333,-0.08333333333333333,1.25,0.4166666666666667,1
2019,Colorado,12,5,23.5,31.833333333333332,5.562819709223642,7.142388696570602,8.5,0.39712887874652586,0.5027777777777778,1.75,4.59511214565356,3.5833333333333335,0.5944444444444444,1.6666666666666667,0.4166666666666667,1.3333333333333333,0.4166666666666667,0
2019,Colorado State,12,4,28.083333333333332,31.166666666666668,6.135274766713102,7.974131580748818,7.583333333333333,0.40277014652014653,0.6448412698412699,2.0833333333333335,4.747394662212714,3.5833333333333335,0.5888888888888889,2.3333333333333335,-1.0,0.9166666666666666,0.3333333333333333,1
2019,Duke,12,5,25.25,29.166666666666668,4.640053783056862,6.0642151914172215,5.833333333333333,0.33029384300122283,0.4883333333333333,2.1666666666666665,4.529397375555488,3.6666666666666665,0.5171296296296296,2.6666666666666665,-0.75,1.0833333333333333,0.4166666666666667,2
2019,East Carolina,12,4,26.75,33.666666666666664,5.748470653674584,7.774116555110717,10.416666666666666,0.4014984198807728,0.4253968253968254,1.25,5.189609687767849,3.75,0.7472222222222222,1.8333333333333333,-0.08333333333333333,1.1666666666666667,0.3333333333333333,2
2019,Eastern Michigan,13,6,29.153846153846153,30.615384615384617,6.102467155538277,8.134234211391316,8.076923076923077,0.40739356797049103,0.5705128205128205,1.6923076923076923,4.506978652160324,3.5384615384615383,0.7569597069597069,1.6153846153846154,0.38461538461538464,1.4615384615384615,0.46153846153846156,2
2019,Florida,13,11,33.23076923076923,15.461538461538462,6.642059392940515,8.589763355883266,9.0,0.41781313206652576,0.7025641025641025,1.8461538461538463,3.405383986247289,2.4615384615384617,0.28846153846153844,3.4615384615384617,0.5384615384615384,1.5384615384615385,0.8461538461538461,11
2019,Florida Atlantic,14,11,36.42857142857143,22.714285714285715,6.046426079812558,7.837730786912727,10.357142857142858,0.3969635231715064,0.6783163265306122,1.9285714285714286,3.935758502292544,2.642857142857143,0.530952380952381,2.2142857142857144,1.3571428571428572,2.142857142857143,0.7857142857142857,7
2019,Florida International,13,6,26.46153846153846,27.23076923076923,5.852952106595541,7.171258365003537,7.769230769230769,0.4043672083651841,0.5056776556776557,0.9230769230769231,5.139544988563333,3.769230769230769,0.6923611111111111,1.5384615384615385,0.3076923076923077,1.2307692307692308,0.46153846153846156,1
2019,Florida State,13,6,27.923076923076923,27.846153846153847,6.049790088200774,8.13724117872913,8.538461538461538,0.36180257023017204,0.6361111111111112,3.4615384615384617,3.511741540257895,4.6923076923076925,0.45485347985347985,2.3846153846153846,-0.23076923076923078,1.0769230769230769,0.46153846153846156,3
2019,Fresno State,12,4,30.0,30.083333333333332,6.284215109461438,7.622622430164383,8.333333333333334,0.39184287934287937,0.6222222222222222,1.8333333333333333,4.270100788754702,4.583333333333333,0.6865079365079364,1.3333333333333333,0.08333333333333333,1.5,0.3333333333333333,1
2019,Georgia,14,12,30.785714285714285,12.571428571428571,6.122294552693985,7.3170831680185655,9.285714285714286,0.404567691080849,0.6607142857142857,1.0714285714285714,2.8990556191918495,1.9285714285714286,0.4107142857142857,2.0714285714285716,0.07142857142857142,0.8571428571428571,0.8571428571428571,7
2019,Georgia Southern,13,7,28.153846153846153,28.153846153846153,5.631332375790636,5.9907969610368985,9.923076923076923,0.31115798480051876,0.6378787878787878,2.076923076923077,3.945982874312303,3.769230769230769,0.5984126984126984,1.7692307692307692,0.23076923076923078,1.0,0.5384615384615384,1
2019,Georgia State,12,7,31.0,36.166666666666664,5.928654989970501,6.673906270163893,10.583333333333334,0.4566717145084018,0.6829365079365078,1.4166666666666667,5.6555443823772,4.166666666666667,0.7458333333333332,1.5,0.25,1.1666666666666667,0.5833333333333334,4
2019,Georgia Tech,12,3,16.666666666666668,32.416666666666664,5.099543445221943,6.381345732727311,7.75,0.32260690698190697,0.5833333333333334,1.9166666666666667,4.954644754362799,5.083333333333333,0.5367063492063492,1.25,-0.5,1.0,0.25,1
2019,Hawai'i,15,10,33.86666666666667,31.866666666666667,6.743315856603769,8.01927405059982,9.4,0.4790854461442697,0.720952380952381,1.7333333333333334,5.499441193586316,3.533333333333333,0.5403174603174603,1.0666666666666667,-0.4666666666666667,1.2666666666666666,0.6666666666666666,7
2019,Houston,12,4,30.666666666666668,34.0,6.046554091541242,7.723889466206175,9.75,0.35264694455870926,0.4916666666666667,2.6666666666666665,4.803787896704979,3.5833333333333335,0.7972222222222222,1.6666666666666667,-0.25,1.0833333333333333,0.3333333333333333,1
2019,Illinois,13,6,26.692307692307693,26.153846153846153,5.068582709136577,6.597276111540713,7.461538461538462,0.3448155728133103,0.737012987012987,2.6923076923076925,4.180770693224745,4.076923076923077,0.5001831501831502,1.7692307692307692,0.7692307692307693,1.8461538461538463,0.46153846153846156,4
2019,Indiana,13,8,31.76923076923077,24.384615384615383,6.010138296013344,8.376699927417288,8.615384615384615,0.4760607793413224,0.6004273504273504,2.0,4.022832668370918,2.923076923076923,0.5983333333333334,1.9230769230769231,0.07692307692307693,0.9230769230769231,0.6153846153846154,3
2019,Iowa,13,10,25.76923076923077,14.0,5.512231726603141,7.302598400511797,7.846153846153846,0.39974236653505524,0.4641025641025641,1.7692307692307692,3.2957868935792827,2.230769230769231,0.44833333333333336,2.3846153846153846,0.38461538461538464,1.2307692307692308,0.7692307692307693,4
2019,Iowa State,13,7,32.15384615384615,25.923076923076923,6.700054699976728,8.756903678930064,9.307692307692308,0.3914222592390013,0.6262820512820512,1.3846153846153846,4.017717326101269,2.769230769230769,0.6416666666666667,2.0,0.0,0.7692307692307693,0.5384615384615384,6
2019,Kansas,12,3,23.5,36.083333333333336,5.760723723103095,7.061828952712458,8.25,0.38598142483591397,0.6058441558441559,1.75,5.044861573329815,4.833333333333333,0.6859126984126984,1.25,-0.75,0.5,0.25,0
2019,Kansas State,13,8,29.615384615384617,21.384615384615383,5.557408476370153,7.808302587557095,8.23076923076923,0.41654276467624884,0.6538461538461539,1.6923076923076923,5.137167879127192,2.8461538461538463,0.5474206349206349,1.6153846153846154,0.46153846153846156,1.0,0.6153846153846154,2
2019,Kent State,13,7,29.23076923076923,31.846153846153847,5.834302389947883,8.270834830386276,9.384615384615385,0.444811007837919,0.49464285714285716,3.076923076923077,5.021769567047135,4.538461538461538,0.6523809523809524,2.0,0.46153846153846156,1.0,0.5384615384615384,3
2019,Kentucky,13,8,27.153846153846153,19.307692307692307,6.500586304474733,5.4541277915146695,10.0,0.39582917082917085,0.6743589743589744,1.2307692307692308,4.8318137144584865,2.4615384615384617,0.5972222222222222,2.076923076923077,-0.38461538461538464,1.0,0.6153846153846154,6
2019,LSU,15,15,48.4,21.866666666666667,8.174312838810158,10.823105450622444,11.466666666666667,0.4791858992400788,0.798148148148148,2.3333333333333335,3.837614253979015,2.6666666666666665,0.644047619047619,2.466666666666667,0.6,1.2666666666666666,1.0,8
2019,Liberty,13,8,32.84615384615385,28.076923076923077,6.669443613056258,8.869403439608398,8.692307692307692,0.42511022160343426,0.6385836385836385,2.076923076923077,4.598649341517443,3.6923076923076925,0.6013888888888889,2.6153846153846154,0.3076923076923077,1.3076923076923077,0.6153846153846154,4
2019,Louisiana,14,11,37.92857142857143,19.714285714285715,7.049784610702882,8.06998409165522,11.928571428571429,0.4820607963465106,0.6838827838827839,0.9285714285714286,4.722753885341054,3.0,0.4846153846153846,2.2142857142857144,0.14285714285714285,1.0,0.7857142857142857,10
2019,Louisiana Tech,13,10,32.46153846153846,21.846153846153847,6.310025127013803,8.108257433912351,9.23076923076923,0.4223486731970895,0.6736263736263736,2.076923076923077,4.2462519849098435,3.6923076923076925,0.49444444444444446,1.6153846153846154,0.6153846153846154,1.9230769230769231,0.7692307692307693,8
2019,Louisville,13,8,33.07692307692308,33.38461538461539,6.761937907464775,10.023719740012309,10.846153846153847,0.445183901066254,0.6986111111111111,3.076923076923077,5.371714031575392,3.923076923076923,0.7692460317460318,1.8461538461538463,0.07692307692307693,1.2307692307692308,0.6153846153846154,6
2019,Marshall,13,8,25.76923076923077,25.0,5.741407061852838,7.0798116165289695,9.846153846153847,0.3914280164280164,0.5961538461538461,1.9230769230769231,4.3233944263049064,3.5384615384615383,0.5659722222222222,2.3846153846153846,-0.3076923076923077,1.0,0.6153846153846154,1
2019,Maryland,12,3,25.25,34.666666666666664,5.255571946881935,5.936977427695951,7.5,0.3185744810744811,0.4393939393939394,3.0833333333333335,4.002962919765818,5.416666666666667,0.5922077922077922,1.75,-0.5833333333333334,1.0,0.25,0
2019,Massachusetts,12,1,19.75,52.666666666666664,4.329576667267438,5.241302413050914,6.083333333333333,0.33809306448625337,0.6433333333333333,2.0833333333333335,6.6292300046549535,5.666666666666667,0.8001984126984127,0.8333333333333334,0.0,1.5,0.08333333333333333,0
2019,Memphis,14,12,40.42857142857143,26.428571428571427,7.411124360988841,9.911188234198402,10.928571428571429,0.47147653933368217,0.6392857142857142,1.7857142857142858,4.359818335761651,3.5,0.5858974358974358,2.5,0.0,1.1428571428571428,0.8571428571428571,6
2019,Miami,13,6,25.692307692307693,20.23076923076923,5.823505627560788,7.527728791353866,8.23076923076923,0.28029619952696877,0.5037698412698413,3.4615384615384617,3.336033722068453,2.6923076923076925,0.4230769230769231,3.4615384615384617,0.3076923076923077,1.2307692307692308,0.46153846153846156,4
2019,Miami (OH),14,8,24.142857142857142,28.142857142857142,5.120777995355071,7.550903352201909,6.571428571428571,0.33417442182369206,0.5284013605442177,2.2142857142857144,4.191289947172452,3.5714285714285716,0.5624149659863945,2.5,0.35714285714285715,1.2857142857142858,0.5714285714285714,1
2019,Michigan,13,9,31.692307692307693,20.692307692307693,5.996758736430568,8.178150213298448,9.307692307692308,0.39261550415396573,0.5965201465201465,1.7692307692307692,2.938337518509765,2.6153846153846154,0.6666666666666666,2.5384615384615383,-0.07692307692307693,0.9230769230769231,0.6923076923076923,5
2019,Michigan State,13,7,22.384615384615383,22.53846153846154,5.181238825280792,6.81808779428772,6.923076923076923,0.3672192249680937,0.4982600732600732,1.3846153846153846,3.2461906311754545,2.8461538461538463,0.5555555555555556,2.923076923076923,-0.5384615384615384,1.0769230769230769,0.5384615384615384,4
2019,Middle Tennessee,12,4,26.333333333333332,29.916666666666668,6.4297967157332785,7.590776670196217,9.166666666666666,0.36969378660555136,0.7121212121212122,1.5,4.896601853352148,4.166666666666667,0.5361111111111111,0.9166666666666666,0.0,1.0833333333333333,0.3333333333333333,5
2019,Minnesota,13,11,34.07692307692308,22.53846153846154,6.60605582373774,10.495998809044893,9.692307692307692,0.5036213786213787,0.7402930402930402,2.076923076923077,3.969133449894583,2.6923076923076925,0.6430555555555556,2.076923076923077,0.46153846153846156,1.3846153846153846,0.8461538461538461,7
2019,Mississippi State,13,6,27.615384615384617,28.846153846153847,6.240122540841508,7.419310616839585,11.307692307692308,0.39540374155758773,0.7692307692307693,2.3076923076923075,4.521321335903947,3.8461538461538463,0.617948717948718,1.7692307692307692,0.23076923076923078,1.4615384615384615,0.46153846153846156,3
2019,Missouri,12,6,25.333333333333332,19.416666666666668,5.3204514031829,7.0625036637530485,8.416666666666666,0.3654583842083842,0.45654761904761904,2.0,3.5227575767470483,2.4166666666666665,0.5606060606060606,1.5833333333333333,0.08333333333333333,1.0833333333333333,0.5,3
2019,NC State,12,4,22.083333333333332,30.083333333333332,5.323447868627851,6.063363332635386,8.333333333333334,0.3525395628336805,0.4900793650793651,1.4166666666666667,3.8299107217942474,3.9166666666666665,0.6053030303030303,2.75,-0.75,0.6666666666666666,0.3333333333333333,2
2019,Navy,13,11,37.15384615384615,22.307692307692307,7.011697826469729,12.342192636423407,12.923076923076923,0.47903109961933493,0.7986111111111112,1.2307692307692308,3.3392970129537525,2.8461538461538463,0.5666666666666667,2.1538461538461537,0.46153846153846156,1.3076923076923077,0.8461538461538461,9
2019,Nebraska,12,5,28.0,27.75,5.936252505803393,8.08176942568754,11.083333333333334,0.4211873470097154,0.5873015873015873,2.1666666666666665,4.765384139573884,3.5833333333333335,0.6424242424242425,2.0,0.25,1.5,0.4166666666666667,2
2019,Nevada,13,7,21.307692307692307,31.923076923076923,5.145317555909159,6.614465113734425,7.461538461538462,0.36915522260544886,0.4153846153846154,2.3846153846153846,4.333052129921466,3.4615384615384617,0.6934065934065934,1.5384615384615385,-0.6923076923076923,1.0769230769230769,0.5384615384615384,0
2019,New Mexico,12,2,22.25,37.166666666666664,5.673981562652348,6.3847519914288,8.75,0.3591230936819172,0.5680555555555555,1.4166666666666667,4.457661772313829,4.416666666666667,0.741170634920635,1.75,-1.25,0.8333333333333334,0.16666666666666666,1
2019,New Mexico State,12,2,21.666666666666668,41.0,5.297978565936228,5.726444507750412,6.916666666666667,0.33173458485958485,0.5479166666666667,2.6666666666666665,6.097410729251358,4.5,0.7041666666666666,1.25,-1.1666666666666667,0.9166666666666666,0.16666666666666666,0
2019,North Carolina,13,7,33.07692307692308,23.692307692307693,6.66474957693095,8.956140648170743,11.076923076923077,0.4110266311445164,0.5408424908424908,2.6923076923076925,4.092057727828726,3.3846153846153846,0.6,2.3076923076923075,0.7692307692307693,1.4615384615384615,0.5384615384615384,5
2019,North Texas,12,4,30.583333333333332,32.5,6.0244381673369025,7.563511963723559,8.166666666666666,0.3668068043068043,0.6027777777777777,2.0,4.9347273766681665,3.6666666666666665,0.6680555555555556,2.4166666666666665,-0.5833333333333334,0.8333333333333334,0.3333333333333333,0
2019,Northern Illinois,12,5,22.833333333333332,28.166666666666668,5.510984530303719,7.303757469883898,7.583333333333333,0.3242233460983461,0.6388888888888888,1.5833333333333333,5.105726996346191,3.8333333333333335,0.5641414141414142,1.0,-0.6666666666666666,0.8333333333333334,0.4166666666666667,1
2019,Northwestern,12,3,16.333333333333332,23.583333333333332,4.537980682345313,5.020071192248611,6.583333333333333,0.34934966957993274,0.5075757575757576,1.5833333333333333,3.9030492626316806,3.3333333333333335,0.6083333333333333,1.5,-0.5833333333333334,0.9166666666666666,0.25,1
2019,Notre Dame,13,11,36.76923076923077,17.923076923076923,6.422095944451597,8.373289575857317,10.615384615384615,0.39375012407877374,0.8179487179487179,1.0769230769230769,4.120682891540755,2.3076923076923075,0.5424242424242425,2.4615384615384617,0.8461538461538461,1.4615384615384615,0.8461538461538461,10
2019,Ohio,13,7,34.30769230769231,26.53846153846154,6.791706232443029,8.743586204021614,10.615384615384615,0.5007726499242336,0.7106227106227105,1.6153846153846154,4.695784364102817,3.230769230769231,0.571062271062271,1.7692307692307692,0.15384615384615385,0.9230769230769231,0.5384615384615384,6
2019,Ohio State,14,13,46.857142857142854,13.714285714285714,7.14575289486925,9.214193024551731,12.214285714285714,0.5510104041616647,0.7925170068027211,2.2857142857142856,3.2857966408317774,2.0,0.47435897435897434,3.5,0.6428571428571429,1.3571428571428572,0.9285714285714286,12
2019,Oklahoma,14,12,42.142857142857146,27.285714285714285,8.111110617384998,11.06748132113547,13.214285714285714,0.4925792694700258,0.7110544217687075,1.6428571428571428,4.08482945689242,3.0,0.6282051282051282,2.5,-0.2857142857142857,0.7857142857142857,0.8571428571428571,8
2019,Oklahoma State,13,8,32.46153846153846,26.76923076923077,6.738108353716943,8.375933646534314,10.23076923076923,0.3939666103127642,0.5902777777777778,1.7692307692307692,4.152350746677983,3.4615384615384617,0.6397435897435897,2.1538461538461537,0.0,1.3846153846153846,0.6153846153846154,4
2019,Old Dominion,12,1,16.25,29.833333333333332,4.252654752331774,5.909735620843833,6.416666666666667,0.3178039037559161,0.3878787878787879,4.25,4.018695550253924,4.166666666666667,0.6748015873015873,1.1666666666666667,0.08333333333333333,1.3333333333333333,0.08333333333333333,0
2019,Ole Miss,12,4,26.583333333333332,26.5,6.118002271619788,7.161977129027567,10.583333333333334,0.35821290637467107,0.5833333333333334,1.5,3.8305166831848614,3.0833333333333335,0.5208333333333334,2.6666666666666665,0.16666666666666666,1.0833333333333333,0.3333333333333333,6
2019,Oregon,14,12,35.357142857142854,16.5,6.418195818122723,8.219476949381578,9.0,0.4210983694176971,0.65,1.7142857142857142,3.3087373968322127,2.7142857142857144,0.2837301587301587,2.9285714285714284,1.2142857142857142,1.8571428571428572,0.8571428571428571,11
2019,Oregon State,12,5,31.166666666666668,32.5,5.9082827904543125,7.493380990702419,8.166666666666666,0.42326031059583685,0.8378787878787879,2.1666666666666665,4.084152810993546,4.0,0.601984126984127,2.6666666666666665,0.5,1.0,0.4166666666666667,3
2019,Penn State,13,11,35.76923076923077,16.0,6.16937510433721,7.703248248722387,8.538461538461538,0.41327863544462734,0.7364468864468865,2.1538461538461537,2.430323348249053,2.5384615384615383,0.5064102564102564,3.230769230769231,0.6153846153846154,1.3846153846153846,0.8461538461538461,9
2019,Pittsburgh,13,8,21.153846153846153,22.46153846153846,5.248866747349217,6.477286351696767,7.153846153846154,0.4034044786813303,0.43846153846153846,2.076923076923077,3.0347304954843377,3.3846153846153846,0.5076923076923077,3.769230769230769,-0.6153846153846154,0.8461538461538461,0.6153846153846154,3
2019,Purdue,12,4,25.833333333333332,30.583333333333332,5.479146861859434,7.075710592952856,7.75,0.4186342592592593,0.7027777777777778,2.0833333333333335,4.8966495193772035,3.6666666666666665,0.6240740740740741,1.8333333333333333,-0.6666666666666666,1.0833333333333333,0.3333333333333333,1
2019,Rice,12,3,17.916666666666668,25.916666666666668,4.971623091808897,6.329224732776136,5.25,0.39554473304473303,0.5972222222222222,2.5833333333333335,4.106274708055231,2.75,0.7694444444444445,1.1666666666666667,-0.3333333333333333,0.8333333333333334,0.25,1
2019,Rutgers,12,2,13.25,36.666666666666664,4.271569932357094,5.420912995052572,5.583333333333333,0.32207086894586895,0.3,2.0833333333333335,5.199290067083528,4.166666666666667,0.7236111111111111,1.5,-1.0833333333333333,0.5833333333333334,0.16666666666666666,0
2019,SMU,13,10,41.84615384615385,33.38461538461539,6.405610493281041,8.473477570745409,9.76923076923077,0.4360290519197402,0.6485347985347985,1.1538461538461537,3.9289941819804475,3.5384615384615383,0.5485347985347985,3.8461538461538463,-0.23076923076923078,1.0,0.7692307692307693,7
2019,San Diego State,13,10,21.23076923076923,12.692307692307692,4.812329126470801,6.732455676628187,7.615384615384615,0.3770549183028345,0.38461538461538464,1.6153846153846154,2.952673385316471,2.4615384615384617,0.47500000000000003,2.230769230769231,1.1538461538461537,1.7692307692307692,0.7692307692307693,6
2019,San José State,12,5,30.083333333333332,31.916666666666668,6.50103602314563,8.121306280953204,7.916666666666667,0.42452175017964494,0.6488095238095238,0.8333333333333334,5.09305916576,3.9166666666666665,0.6444444444444445,1.1666666666666667,1.0833333333333333,1.9166666666666667,0.4166666666666667,5
2019,South Alabama,12,2,18.416666666666668,30.666666666666668,5.184565930244794,6.963810187705312,8.333333333333334,0.2977431677799325,0.44666666666666666,2.25,4.579947094009594,4.333333333333333,0.5843253968253969,1.4166666666666667,-0.5833333333333334,1.0833333333333333,0.16666666666666666,0
2019,South Carolina,12,4,22.416666666666668,26.083333333333332,5.2239990961299245,5.803896797095571,6.916666666666667,0.33990631509013863,0.41666666666666663,1.9166666666666667,4.253691680842775,3.0,0.5666666666666667,2.0,0.25,1.25,0.3333333333333333,1
2019,South Florida,12,4,20.833333333333332,28.916666666666668,5.3049864478299975,6.214799744207639,8.0,0.40285266454964597,0.5645833333333333,3.5,4.60639495707393,3.4166666666666665,0.5757575757575757,2.3333333333333335,0.3333333333333333,1.6666666666666667,0.3333333333333333,0
2019,Southern Miss,13,7,26.615384615384617,26.23076923076923,6.185895090327343,8.69279036376153,8.307692307692308,0.3864394529552901,0.4987179487179487,1.6153846153846154,3.4203522573197422,2.8461538461538463,0.4858974358974359,3.0,-0.6153846153846154,1.0769230769230769,0.5384615384615384,6
2019,Stanford,12,4,21.666666666666668,29.833333333333332,5.601496881041577,7.011517821316713,7.5,0.38887987012987013,0.4777777777777778,2.3333333333333335,4.643238419989089,4.0,0.6534722222222222,2.0,0.0,0.8333333333333334,0.3333333333333333,0
2019,Syracuse,12,5,28.25,30.666666666666668,5.292615238786123,7.120461802245671,8.166666666666666,0.3787656792948555,0.5222222222222223,4.166666666666667,4.854638072873279,3.3333333333333335,0.5575757575757575,2.4166666666666665,0.5833333333333334,1.5833333333333333,0.4166666666666667,1
2019,TCU,12,5,30.333333333333332,26.416666666666668,5.433398033684064,6.0604235397246145,9.083333333333334,0.4410584105437047,0.5833333333333334,2.5,3.934074271454446,3.4166666666666665,0.5906926406926407,1.75,0.3333333333333333,1.5,0.4166666666666667,2
2019,Temple,13,8,26.307692307692307,25.923076923076923,5.564703735027124,7.148941612879955,7.6923076923076925,0.37857591754650577,0.6115384615384616,1.6153846153846154,3.909262382319302,3.6153846153846154,0.6352564102564102,2.8461538461538463,-0.15384615384615385,1.1538461538461537,0.6153846153846154,1
2019,Tennessee,13,8,24.153846153846153,21.692307692307693,5.990640292830981,8.010960733514246,7.538461538461538,0.4331969312738544,0.5,1.5384615384615385,3.7896501942394334,3.3846153846153846,0.6205128205128205,2.5384615384615383,-0.07692307692307693,1.3076923076923077,0.6153846153846154,3
2019,Texas,13,8,35.23076923076923,27.46153846153846,6.490704556789172,8.335124335892992,10.923076923076923,0.4866043961066585,0.8205128205128205,2.769230769230769,4.085203761929946,3.769230769230769,0.6741758241758242,2.0,0.38461538461538464,1.3076923076923077,0.6153846153846154,6
2019,Texas A&M,13,8,29.53846153846154,22.53846153846154,5.958677037330422,6.936749792650414,8.153846153846153,0.42107550569089025,0.541025641025641,2.3846153846153846,4.029586123683446,2.769230769230769,0.5819444444444445,2.076923076923077,-0.38461538461538464,1.0769230769230769,0.6153846153846154,1
2019,Texas State,11,2,16.727272727272727,32.45454545454545,5.103321997243186,6.687658750672364,5.909090909090909,0.33566196133041054,0.5,2.6363636363636362,4.839638402539702,4.363636363636363,0.6183333333333334,0.8181818181818182,-0.9090909090909091,1.0909090909090908,0.18181818181818182,0
2019,Texas Tech,12,4,30.5,30.333333333333332,6.138629385963561,7.45602036534934,8.75,0.3793426276882159,0.5722222222222223,1.3333333333333333,4.3313404813935374,3.8333333333333335,0.5251984126984127,2.0,0.16666666666666666,1.25,0.3333333333333333,3
2019,Toledo,12,6,27.25,32.166666666666664,6.322415458308753,7.539113058147064,10.333333333333334,0.38216692757133935,0.6652777777777777,1.9166666666666667,5.442115229928382,3.75,0.6158008658008658,1.25,-0.5,0.9166666666666666,0.5,2
2019,Troy,12,5,33.833333333333336,34.75,6.379251441912126,7.6619862688390405,9.416666666666666,0.4629018577741488,0.6170634920634921,2.0,4.375844778812509,3.6666666666666665,0.5307359307359307,2.5,0.0,1.25,0.4166666666666667,6
2019,Tulane,13,7,33.07692307692308,26.307692307692307,6.296213211699859,8.436061633990533,11.153846153846153,0.4102414428206283,0.7115384615384616,2.1538461538461537,4.2101879119592285,3.6153846153846154,0.5989010989010989,1.5384615384615385,0.07692307692307693,1.1538461538461537,0.5384615384615384,5
2019,Tulsa,12,4,26.416666666666668,31.333333333333332,5.445960218184737,7.904966615494328,8.333333333333334,0.43163780663780665,0.5774891774891775,3.0,4.409083567844651,3.25,0.5555555555555556,1.1666666666666667,-0.16666666666666666,1.0,0.3333333333333333,0
2019,UAB,14,9,23.142857142857142,21.571428571428573,5.362346924558002,7.776954548771239,8.142857142857142,0.3212858570001427,0.43197278911564624,1.7857142857142858,3.845290493266593,3.2142857142857144,0.6511904761904762,2.642857142857143,-0.7142857142857143,1.0714285714285714,0.6428571428571429,1
2019,UCF,13,10,43.38461538461539,23.0,7.148684293598513,9.447583044748587,12.153846153846153,0.40060663318581874,0.6166666666666667,1.6923076923076923,3.7049021678253307,3.076923076923077,0.6013888888888889,2.4615384615384617,0.7692307692307693,1.5384615384615385,0.7692307692307693,6
2019,UCLA,12,4,26.666666666666668,34.75,5.41701562576311,7.233744616220672,8.416666666666666,0.41335600566444225,0.6548611111111111,2.8333333333333335,4.407282215004661,3.6666666666666665,0.7152777777777778,2.25,-0.5833333333333334,0.9166666666666666,0.3333333333333333,0
2019,UConn,12,2,18.916666666666668,40.5,5.213075223691434,6.706239926506406,7.5,0.31250890313390317,0.6158008658008658,2.6666666666666665,5.829317374969548,4.416666666666667,0.8519841269841271,1.5,-0.5833333333333334,0.9166666666666666,0.16666666666666666,0
2019,UL Monroe,12,5,31.583333333333332,38.666666666666664,6.396538901404511,7.307200697507715,10.5,0.39362255391667156,0.673611111111111,1.25,5.976841939618795,3.9166666666666665,0.6909722222222222,1.5833333333333333,0.08333333333333333,1.4166666666666667,0.4166666666666667,4
2019,UNLV,12,4,24.166666666666668,33.0,5.657845179754148,6.786955401171087,8.083333333333334,0.2984328354394144,0.6319444444444444,2.1666666666666665,5.257273528774406,4.333333333333333,0.6132275132275132,1.0833333333333333,-0.4166666666666667,1.0833333333333333,0.3333333333333333,0
2019,USC,13,8,32.46153846153846,29.384615384615383,6.692315192207794,8.680799061147997,8.076923076923077,0.46731943270404813,0.6615384615384615,2.0,4.57800788447352,3.6923076923076925,0.6166666666666666,2.6153846153846154,-0.46153846153846156,1.0769230769230769,0.6153846153846154,5
2019,UTEP,12,1,19.583333333333332,35.916666666666664,5.19792446532257,7.053891866886676,7.666666666666667,0.35524128649128645,0.5875,2.8333333333333335,5.594076683304901,4.25,0.7777777777777778,0.9166666666666666,-0.08333333333333333,0.75,0.08333333333333333,0
2019,UTSA,12,4,20.333333333333332,33.916666666666664,5.20263323798109,6.036860554993073,7.666666666666667,0.37605573498568856,0.6375000000000001,2.3333333333333335,5.239914517014426,4.0,0.6087301587301587,2.0,-0.5,1.1666666666666667,0.3333333333333333,0
2019,Utah,14,11,32.285714285714285,15.0,6.7961725873298295,10.272589403140964,10.214285714285714,0.4706885376528233,0.7115384615384616,1.9285714285714286,3.3223946203669708,2.2142857142857144,0.541025641025641,2.142857142857143,0.6428571428571429,1.3571428571428572,0.7857142857142857,11
2019,Utah State,13,7,29.23076923076923,30.692307692307693,5.625073728121327,6.93394723978027,7.923076923076923,0.41863553113553115,0.41944444444444445,1.6923076923076923,4.308778173310433,4.3076923076923075,0.7866300366300366,1.4615384615384615,-0.07692307692307693,1.6923076923076923,0.5384615384615384,0
2019,Vanderbilt,12,3,16.5,31.75,5.016870708834286,5.619412452061767,6.583333333333333,0.2935490843579079,0.5151515151515151,2.25,5.237245863970002,3.8333333333333335,0.6152777777777777,1.6666666666666667,-0.08333333333333333,0.9166666666666666,0.25,0
2019,Virginia,14,9,32.07142857142857,27.142857142857142,5.80581650952259,7.207504833049258,7.071428571428571,0.45424687572243966,0.6007369614512471,2.7857142857142856,3.949749365482913,3.0714285714285716,0.6217948717948718,3.142857142857143,-0.14285714285714285,1.0714285714285714,0.6428571428571429,4
2019,Virginia Tech,13,8,30.846153846153847,24.692307692307693,5.8208888946083555,8.68399318965649,8.692307692307692,0.40212618578003195,0.636080586080586,2.230769230769231,4.173700322849952,3.076923076923077,0.5847222222222223,2.6923076923076925,0.0,1.3846153846153846,0.6153846153846154,3
2019,Wake Forest,13,8,31.846153846153847,29.076923076923077,5.7325457864329215,7.987185084010838,9.0,0.4651814267201471,0.5674908424908425,1.5384615384615385,4.391057891533207,3.923076923076923,0.5922619047619048,2.1538461538461537,0.46153846153846156,1.7692307692307692,0.6153846153846154,4
2019,Washington,13,8,32.0,19.384615384615383,5.877958562319062,7.919669366767267,7.615384615384615,0.3575601999810144,0.6017857142857143,1.6923076923076923,3.784294914058979,3.4615384615384617,0.4986111111111111,2.076923076923077,0.3076923076923077,1.3846153846153846,0.6153846153846154,3
2019,Washington State,13,6,37.76923076923077,31.384615384615383,6.692698474112853,7.338042597561607,7.923076923076923,0.3804686766225228,0.6124542124542125,1.3846153846153846,4.686267353361505,3.6153846153846154,0.7096153846153845,1.7692307692307692,-0.3076923076923077,1.3846153846153846,0.46153846153846156,3
2019,West Virginia,12,5,20.583333333333332,28.833333333333332,4.927011340653769,6.503418193200634,6.416666666666667,0.3508552653773242,0.4651515151515152,1.5833333333333333,3.994146563835003,3.75,0.638888888888889,2.75,-0.75,0.8333333333333334,0.4166666666666667,2
2019,Western Kentucky,13,9,25.384615384615383,20.076923076923077,5.841046894105238,7.243644820504967,7.230769230769231,0.4129721711169675,0.5217948717948718,1.3076923076923077,3.8261625682531597,2.5384615384615383,0.5192307692307693,2.0,-0.23076923076923078,1.0769230769230769,0.6923076923076923,3
2019,Western Michigan,13,7,33.07692307692308,25.923076923076923,6.389814289350198,7.763534734149104,9.0,0.45534262184059754,0.6051282051282051,1.3076923076923077,4.932124113268755,4.153846153846154,0.5753663003663003,2.4615384615384617,0.7692307692307693,1.5384615384615385,0.5384615384615384,6
2019,Wisconsin,14,10,34.07142857142857,16.928571428571427,6.404468938962246,8.069218705148604,8.785714285714286,0.49230076646043036,0.7172161172161172,1.2142857142857142,3.4141502585410395,2.5,0.46428571428571425,3.4285714285714284,-0.07142857142857142,1.0714285714285714,0.7142857142857143,11
2019,Wyoming,13,8,25.384615384615383,17.76923076923077,5.562782603715539,6.959417391024942,7.846153846153846,0.43211695293143254,0.5459706959706959,1.6153846153846154,2.963415810501924,3.3846153846153846,0.42655677655677654,2.230769230769231,0.5384615384615384,1.3846153846153846,0.6153846153846154,4
2020,Alabama,12,12,48.166666666666664,17.166666666666668,7.9667457978968725,11.184486655319988,11.5,0.6132922632922633,0.7574404761904762,1.4166666666666667,3.6113126580553456,2.9166666666666665,0.32341269841269843,2.4166666666666665,0.75,1.4166666666666667,1.0,12
2020,App State,12,9,33.833333333333336,20.0,6.518289040097597,7.548208168102826,9.75,0.5105558793058793,0.6263888888888889,1.5833333333333333,4.336760253021406,2.9166666666666665,0.5416666666666666,1.9166666666666667,0.25,1.4166666666666667,0.75,8
2020,Arkansas,10,3,25.7,34.9,6.104190289978988,9.05987078679811,8.2,0.34148459383753504,0.595,3.3,4.754857323437463,4.5,0.6507142857142857,1.3,0.5,1.6,0.3,3
2020,Arkansas State,11,4,32.90909090909091,37.18181818181818,6.477627388095116,8.90283561989389,9.454545454545455,0.4124327469915705,0.6900000000000001,2.3636363636363638,3.999645236362349,4.090909090909091,0.6409090909090909,1.8181818181818181,-0.2727272727272727,1.0,0.36363636363636365,5
2020,Army,11,8,28.272727272727273,15.545454545454545,5.045471004128837,12.527306027306027,8.181818181818182,0.43963932680510215,0.8,0.8181818181818182,3.7427596211253076,2.4545454545454546,0.43333333333333335,1.5454545454545454,0.36363636363636365,1.4545454545454546,0.7272727272727273,6
2020,Auburn,11,6,25.09090909090909,24.727272727272727,5.629415170566419,6.925487825085628,8.818181818181818,0.4526323006199167,0.543939393939394,1.9090909090909092,4.045260711311644,3.4545454545454546,0.6666666666666666,2.3636363636363638,0.18181818181818182,0.9090909090909091,0.5454545454545454,1
2020,BYU,12,11,43.5,15.333333333333334,7.977739647913272,10.881827692290843,11.583333333333334,0.48096486846486847,0.7432539682539683,1.0833333333333333,3.253702531695438,2.0833333333333335,0.6416666666666667,2.0833333333333335,0.5833333333333334,1.1666666666666667,0.9166666666666666,11
2020,Baylor,9,2,23.333333333333332,29.22222222222222,4.510862397621657,6.086701030973477,6.555555555555555,0.3440338256514727,0.6145833333333333,3.0,4.616805441736637,4.111111111111111,0.6444444444444444,2.0,0.6666666666666666,1.5555555555555556,0.2222222222222222,1
2020,Boston College,11,6,27.818181818181817,28.363636363636363,5.956801901714898,8.256210280831198,7.363636363636363,0.4392718345856539,0.5313852813852814,1.8181818181818181,4.802363441449677,3.8181818181818183,0.5939393939393939,2.090909090909091,0.5454545454545454,1.6363636363636365,0.5454545454545454,2
2020,Cincinnati,9,8,38.666666666666664,16.0,6.7921261415719005,7.838497320850262,9.11111111111111,0.48364108658226307,0.6888888888888889,1.7777777777777777,3.0181489332594467,3.111111111111111,0.3925925925925926,2.6666666666666665,0.3333333333333333,1.6666666666666667,0.8888888888888888,10
2020,Clemson,11,9,44.36363636363637,21.09090909090909,6.812177595202623,8.617074042858299,10.454545454545455,0.46421903260138553,0.7498917748917748,1.2727272727272727,3.5017638016057124,2.727272727272727,0.6351851851851852,3.272727272727273,0.8181818181818182,2.0,0.8181818181818182,12
2020,Coastal Carolina,12,11,37.166666666666664,20.25,6.811006518969375,9.724901984790689,10.666666666666666,0.5565229908979908,0.7847222222222222,1.0833333333333333,4.573953014046,2.75,0.6166666666666666,2.5,0.9166666666666666,1.8333333333333333,0.9166666666666666,11
2020,Duke,11,2,24.818181818181817,38.09090909090909,5.422257138376396,6.40981227505633,7.090909090909091,0.4027056277056277,0.579047619047619,3.1818181818181817,5.027433494187047,3.909090909090909,0.6757575757575758,2.6363636363636362,-1.4545454545454546,1.2727272727272727,0.18181818181818182,1
2020,East Carolina,9,3,30.22222222222222,35.44444444444444,5.743598206826445,7.3557350598025995,9.0,0.36011850350085645,0.5174603174603175,2.3333333333333335,5.268113809441723,4.555555555555555,0.607936507936508,1.4444444444444444,0.0,1.6666666666666667,0.3333333333333333,1
2020,Florida,11,8,39.27272727272727,28.90909090909091,7.2854312020965555,9.318640446675726,10.363636363636363,0.49724164724164727,0.6461038961038961,1.3636363636363635,4.49579412144654,3.272727272727273,0.6433333333333333,2.909090909090909,-0.18181818181818182,1.1818181818181819,0.7272727272727273,7
2020,Florida Atlantic,9,5,18.88888888888889,17.444444444444443,5.072818088928266,5.740937938636148,7.777777777777778,0.3738862187004602,0.5277777777777778,2.2222222222222223,3.9702256166751773,2.4444444444444446,0.29166666666666663,2.5555555555555554,-0.1111111111111111,1.0,0.5555555555555556,4
2020,Florida State,9,3,25.77777777777778,36.0,5.754509403490885,6.6703692606041916,9.88888888888889,0.35603836976386,0.61875,3.0,5.190956992176504,4.444444444444445,0.7037037037037037,1.0,-0.3333333333333333,1.2222222222222223,0.3333333333333333,1
2020,Georgia,10,8,32.3,20.0,6.278572016148605,8.100190201674755,9.0,0.47444122398069766,0.6129629629629629,1.9,2.820511186885116,2.4,0.44814814814814813,2.9,-0.3,1.0,0.8,10
2020,Georgia Southern,13,8,27.23076923076923,20.76923076923077,6.091224160203775,7.650736191912662,8.461538461538462,0.4080815551969398,0.5833333333333333,1.1538461538461537,3.8057056621162784,3.076923076923077,0.4847222222222222,1.7692307692307692,0.6923076923076923,1.7692307692307692,0.6153846153846154,5
2020,Georgia State,10,6,33.3,31.7,5.742891588387944,7.344276397621985,9.4,0.4594210459303339,0.6453703703703704,1.1,3.8008669918241447,4.0,0.69,3.1,-0.2,1.6,0.6,5
2020,Georgia Tech,10,3,23.9,36.8,5.9638281724814215,7.283710172145274,10.2,0.41998015873015876,0.5814814814814815,2.2,4.521546407836637,4.8,0.5803571428571429,2.0,-0.4,1.5,0.3,1
2020,Hawai'i,9,5,26.22222222222222,27.555555555555557,5.459218188509043,6.591621828906965,7.555555555555555,0.42331255489150227,0.6301587301587301,3.0,5.0005473818593575,3.4444444444444446,0.5907407407407407,1.7777777777777777,0.5555555555555556,1.5555555555555556,0.5555555555555556,1
2020,Houston,8,3,30.0,32.0,5.633169934535288,7.200724440433593,9.125,0.42292621755179804,0.71875,2.125,4.685132042753994,3.875,0.7041666666666666,3.0,-1.25,0.375,0.375,3
2020,Indiana,8,6,28.875,20.25,5.095908150664406,6.724197205780852,6.0,0.40414966977466976,0.7821428571428571,1.25,3.799921112384348,3.0,0.4666666666666667,3.125,1.25,2.375,0.75,7
2020,Iowa,8,6,31.75,16.0,5.5039884003699795,6.4651985078549075,7.25,0.34031728075845724,0.6604166666666667,1.25,3.1287948505690437,2.75,0.6583333333333333,2.5,0.75,1.75,0.75,7
2020,Iowa State,11,9,34.0,20.90909090909091,6.5328302349614376,8.143322231168604,9.090909090909092,0.47676388603422093,0.7075757575757575,0.9090909090909091,3.2027146689713533,2.8181818181818183,0.44090909090909086,2.5454545454545454,0.6363636363636364,1.3636363636363635,0.8181818181818182,12
2020,Kansas,9,0,15.777777777777779,46.0,3.7979216677835472,4.9615163070158,5.777777777777778,0.2657930662961623,0.6875,4.444444444444445,5.946905972181592,4.777777777777778,0.6411375661375662,0.7777777777777778,-0.4444444444444444,0.8888888888888888,0.0,1
2020,Kansas State,10,4,26.6,32.2,5.806688061758748,7.412117074011812,7.9,0.33772893772893775,0.5666666666666667,1.2,4.904738741730021,4.6,0.65,2.6,-0.5,1.0,0.4,2
2020,Kentucky,11,5,21.818181818181817,25.90909090909091,5.272282452138568,5.426042632095264,7.0,0.37245598711261535,0.4683333333333334,1.5454545454545454,4.076297777408589,4.0,0.603030303030303,1.2727272727272727,0.9090909090909091,1.9090909090909092,0.45454545454545453,3
2020,LSU,9,4,29.666666666666668,33.44444444444444,5.632180726018958,7.701430415948806,6.555555555555555,0.36265831691528283,0.50625,2.5555555555555554,4.620380712466718,4.222222222222222,0.5277777777777778,2.4444444444444446,0.3333333333333333,1.2222222222222223,0.4444444444444444,1
2020,Liberty,11,10,38.18181818181818,20.545454545454547,6.8528793657328855,8.479116597743728,12.181818181818182,0.48479832704431636,0.6037878787878788,1.9090909090909092,4.491878641376728,2.6363636363636362,0.6939393939393939,2.272727272727273,0.45454545454545453,1.3636363636363635,0.9090909090909091,6
2020,Louisiana,11,10,33.63636363636363,22.0,6.3197017603905685,7.222809748381337,9.636363636363637,0.4395271395271395,0.6121212121212122,0.7272727272727273,4.258164783263181,3.272727272727273,0.6590909090909091,1.6363636363636365,0.9090909090909091,1.9090909090909092,0.9090909090909091,6
2020,Louisiana Tech,10,5,26.7,34.7,4.52190327406934,5.979835866233571,5.6,0.39076814052820247,0.5830952380952381,2.8,4.989677165274857,4.2,0.6599999999999999,1.5,-0.5,1.0,0.5,0
2020,Louisville,11,4,29.545454545454547,26.636363636363637,6.708573136057618,8.316607768990936,11.181818181818182,0.44844170980534614,0.6636363636363636,2.3636363636363638,4.852662097165008,3.727272727272727,0.6,1.5454545454545454,-1.0,0.8181818181818182,0.36363636363636365,4
2020,Marshall,9,7,30.22222222222222,12.0,5.901879308429944,7.693349574911441,9.222222222222221,0.49441068191068194,0.5608465608465608,1.2222222222222223,2.7426758288658544,2.2222222222222223,0.6458333333333334,2.6666666666666665,0.2222222222222222,1.2222222222222223,0.7777777777777778,7
2020,Memphis,11,8,31.0,27.90909090909091,6.048107387083206,7.8826472120554,9.909090909090908,0.4532973218731733,0.6670995670995671,1.9090909090909092,3.978414510533915,3.909090909090909,0.6086580086580086,2.272727272727273,0.5454545454545454,1.8181818181818181,0.7272727272727273,4
2020,Miami,11,8,34.0,27.0,6.185568684576487,8.233065749319415,10.0,0.4228020345667405,0.6616883116883117,2.727272727272727,4.380490069669033,4.090909090909091,0.585,2.4545454545454546,0.09090909090909091,0.9090909090909091,0.7272727272727273,4
2020,Middle Tennessee,9,3,22.88888888888889,35.44444444444444,5.128333753731855,6.527159707642996,8.0,0.42851885768552433,0.7203703703703703,2.4444444444444446,5.299635615594869,3.6666666666666665,0.8841269841269841,1.7777777777777777,-0.5555555555555556,1.0,0.3333333333333333,1
2020,Mississippi State,10,3,18.4,27.7,4.744053500523502,5.598471456376838,5.0,0.3498184658478776,0.5462962962962963,3.2,3.707308272955063,3.5,0.5900000000000001,2.4,-0.5,1.3,0.3,0
2020,Missouri,9,5,26.11111111111111,30.22222222222222,5.56452569509067,7.3874236660476145,7.555555555555555,0.4489337822671156,0.6018518518518519,1.3333333333333333,4.563795636099558,3.4444444444444446,0.869047619047619,1.8888888888888888,-0.1111111111111111,0.5555555555555556,0.5555555555555556,2
2020,NC State,12,8,30.25,29.166666666666668,5.733830075952105,7.8792719114479475,9.5,0.4463255494505494,0.6930555555555555,2.4166666666666665,4.051956019768039,4.333333333333333,0.4917748917748918,2.5,-0.4166666666666667,1.0,0.6666666666666666,5
2020,Navy,10,3,16.6,30.3,4.648020442317489,8.422615717615717,6.3,0.3236828612563907,0.4444444444444444,2.1,5.358665491752553,4.1,0.5071428571428571,0.5,-0.3,0.8,0.3,2
2020,Nevada,9,7,30.77777777777778,23.333333333333332,6.642210338009704,8.317534115918019,8.333333333333334,0.43402014652014653,0.4833333333333333,1.8888888888888888,4.141487642522214,3.4444444444444446,0.5796296296296296,2.5555555555555554,0.0,0.8888888888888888,0.7777777777777778,3
2020,North Carolina,12,8,41.666666666666664,29.416666666666668,7.783389770789462,10.13290849963441,13.666666666666666,0.49650835275835276,0.7150793650793651,2.6666666666666665,4.212613580274719,3.75,0.6194444444444445,2.9166666666666665,0.08333333333333333,0.8333333333333334,0.6666666666666666,7
2020,North Texas,10,4,34.4,42.8,6.741251386039229,8.43611232581981,10.8,0.47840955613014435,0.6616666666666667,1.7,6.085486028127585,5.3,0.7773809523809524,2.1,-0.3,0.8,0.4,5
2020,Northwestern,8,7,26.5,15.125,5.032448051291071,6.595982527377876,7.0,0.3978739741510639,0.6708333333333334,1.0,3.4394817630543137,2.25,0.31428571428571433,1.375,0.625,1.875,0.875,8
2020,Notre Dame,11,10,35.54545454545455,18.363636363636363,6.403248497416689,7.8958037187821875,10.909090909090908,0.49626623376623374,0.572943722943723,1.7272727272727273,3.647702607559327,2.5454545454545454,0.6361904761904762,2.3636363636363638,0.18181818181818182,1.0909090909090908,0.9090909090909091,7
2020,Oklahoma,10,8,44.6,21.8,7.1976984521878915,9.98916880929076,11.3,0.4407051282051282,0.6817063492063492,2.0,3.392199527488277,3.5,0.5908333333333333,3.2,0.3,1.5,0.8,8
2020,Oklahoma State,11,8,30.181818181818183,23.454545454545453,5.6985680381572426,7.719868961623084,9.909090909090908,0.4175637958532695,0.4683333333333334,2.272727272727273,4.41989100300363,2.3636363636363638,0.6296296296296295,2.272727272727273,0.09090909090909091,1.3636363636363635,0.7272727272727273,2
2020,Ole Miss,9,5,38.22222222222222,36.666666666666664,6.955441024104702,10.198145283406928,11.444444444444445,0.5208792206341226,0.6365079365079365,1.8888888888888888,5.409005228625335,4.555555555555555,0.8101851851851852,1.5555555555555556,-0.1111111111111111,1.0,0.5555555555555556,5
2020,Penn State,8,3,26.5,28.5,5.512827954271866,7.301769351338317,8.875,0.4426549145299145,0.5416666666666666,2.75,3.707366177729081,3.25,0.6690476190476191,2.125,-0.75,0.75,0.375,1
2020,Pittsburgh,11,6,29.0,24.545454545454547,5.375814381210575,6.881713803369437,7.545454545454546,0.38981628185118194,0.575,1.5454545454545454,2.7543744097297744,2.909090909090909,0.46580086580086577,4.0,0.09090909090909091,1.4545454545454546,0.5454545454545454,5
2020,Rutgers,8,3,27.375,32.625,4.704385917854626,5.849807700380195,6.75,0.3573733660130719,0.6375,2.125,4.3944232431505545,4.0,0.6297619047619047,1.875,0.375,1.625,0.375,0
2020,SMU,10,7,38.6,30.9,6.783708276261946,8.701999822789297,10.9,0.4980311449816094,0.62,2.0,4.438860334721718,4.0,0.7490476190476191,2.5,0.2,1.1,0.7,6
2020,San Diego State,8,4,24.625,17.75,4.95937796992756,5.620911828613441,7.5,0.35900615928189455,0.41734693877551016,2.0,3.4394567496290893,3.0,0.46904761904761905,2.25,0.375,1.375,0.5,4
2020,South Alabama,11,4,19.90909090909091,27.272727272727273,5.2048985594033725,8.35926695247182,8.090909090909092,0.40261317629738685,0.4683333333333334,3.6363636363636362,4.640517555975088,4.7272727272727275,0.6303030303030304,1.0909090909090908,0.09090909090909091,0.9090909090909091,0.36363636363636365,1
2020,South Carolina,10,2,23.5,36.0,5.627383343518057,6.695609835505654,7.9,0.3727541576070988,0.7092592592592593,2.6,4.935085798557189,4.5,0.6523809523809524,1.2,-0.5,0.9,0.2,1
2020,South Florida,9,1,23.11111111111111,39.888888888888886,5.282850751397955,6.160659798036818,8.222222222222221,0.33154372860255216,0.6555555555555556,3.111111111111111,4.9959584807371,4.555555555555555,0.6682539682539682,0.6666666666666666,0.0,1.3333333333333333,0.1111111111111111,0
2020,Southern Miss,10,3,25.3,32.3,5.938483447161967,7.711422903279495,8.4,0.456200662083015,0.6433333333333333,2.3,4.589639054297576,3.3,0.69,1.3,-0.6,0.7,0.3,1
2020,Syracuse,11,1,17.818181818181817,32.72727272727273,4.565539191973939,5.694385659386461,5.181818181818182,0.261833010158369,0.4333333333333333,3.1818181818181817,4.8326363531527,4.2727272727272725,0.5515151515151515,1.9090909090909092,0.18181818181818182,1.7272727272727273,0.09090909090909091,0
2020,TCU,10,6,30.8,24.2,6.258506273415405,7.245866785663947,8.9,0.3712906293053352,0.53,2.4,4.059159169822785,2.7,0.5083333333333333,2.5,0.0,1.0,0.6,4
2020,Tennessee,9,3,22.444444444444443,29.666666666666668,5.352113262206642,6.895571887582757,8.11111111111111,0.31946386946386945,0.5833333333333334,2.6666666666666665,3.539853584837925,4.0,0.621957671957672,1.8888888888888888,-0.2222222222222222,0.7777777777777778,0.3333333333333333,1
2020,Texas,10,7,42.7,28.5,6.67746656095228,8.24320487845725,10.1,0.3727118877854172,0.6313095238095239,2.2,3.8426841198737094,4.7,0.4969047619047619,1.4,0.7,1.6,0.7,6
2020,Texas A&M,9,8,32.44444444444444,22.666666666666668,6.667224734498321,7.806002931422689,10.777777777777779,0.5526495472573905,0.6203703703703703,0.6666666666666666,3.4432219218222397,2.888888888888889,0.5738095238095238,2.888888888888889,0.5555555555555556,1.1111111111111112,0.8888888888888888,9
2020,Texas State,12,2,27.666666666666668,38.166666666666664,5.979750125885861,7.393475385754765,8.75,0.3517822455322455,0.7388888888888889,2.0833333333333335,5.1071672678926,5.083333333333333,0.7090277777777777,0.9166666666666666,-0.3333333333333333,1.0,0.16666666666666666,1
2020,Texas Tech,10,4,29.1,36.7,5.985464782506243,6.820164940358415,7.6,0.37112554112554114,0.6185185185185185,1.5,4.397978579204648,4.9,0.6284920634920634,1.7,-0.9,1.0,0.4,1
2020,Troy,11,5,27.363636363636363,25.727272727272727,5.599011381082696,6.948898636456509,7.2727272727272725,0.4809167999183479,0.5642857142857143,1.9090909090909092,4.247510349742659,3.5454545454545454,0.6097619047619047,1.9090909090909092,-0.45454545454545453,0.9090909090909091,0.45454545454545453,1
2020,Tulane,12,6,34.666666666666664,28.083333333333332,5.800903651741435,6.7566789498221205,10.333333333333334,0.3578407703407704,0.736111111111111,2.9166666666666665,3.1889536562419565,3.4166666666666665,0.6027777777777777,2.8333333333333335,0.0,1.0,0.5,5
2020,Tulsa,8,6,27.5,20.875,5.678652722318729,7.579636819258074,8.875,0.40421365914786966,0.4875,2.25,3.850919690428619,3.375,0.4583333333333333,2.625,-0.5,1.0,0.75,2
2020,UAB,8,5,29.25,22.5,5.8413451340490115,7.240560834301464,7.875,0.4266826923076923,0.7604166666666667,0.375,4.171040610739153,2.75,0.5166666666666667,2.5,-0.625,1.0,0.625,5
2020,UCF,10,6,42.2,33.2,6.624614774028709,8.835847677963116,11.6,0.49866271069831447,0.6928571428571428,2.0,4.407637977651451,4.4,0.6916666666666667,2.6,1.1,1.8,0.6,9
2020,UL Monroe,10,0,16.3,42.0,4.807325883376583,5.907426847179,5.0,0.28124209124209126,0.575,2.3,5.309593315667889,4.1,0.8074999999999999,1.1,-0.8,0.8,0.0,0
2020,UTEP,8,3,23.0,31.0,5.1786839824858175,7.193882783882784,6.25,0.4447687728937729,0.5645833333333333,1.0,3.986900012675154,3.75,0.6205357142857143,1.375,-0.625,1.0,0.375,2
2020,UTSA,12,7,28.25,25.666666666666668,5.915187736393244,6.621704121127467,9.583333333333334,0.44947497749355336,0.5659722222222222,1.6666666666666667,4.495229593745292,3.6666666666666665,0.6333333333333333,1.9166666666666667,0.3333333333333333,1.4166666666666667,0.5833333333333334,2
2020,Vanderbilt,9,0,14.777777777777779,37.333333333333336,4.740545537152407,6.20669061608097,5.222222222222222,0.3989003008610852,0.5833333333333333,1.8888888888888888,5.340569467614235,3.7777777777777777,0.6507936507936507,1.5555555555555556,-1.0,0.5555555555555556,0.0,0
2020,Virginia,10,5,30.7,29.6,5.820088864258421,7.540021814523145,8.8,0.38933035918330033,0.6333333333333334,2.0,3.769734945228657,3.8,0.5483333333333333,2.9,-0.2,1.4,0.5,2
2020,Virginia Tech,11,5,31.09090909090909,32.09090909090909,6.975522652287961,9.451420673430485,11.454545454545455,0.3647415715597534,0.6151515151515151,1.9090909090909092,5.005396287797297,4.0,0.7257575757575757,3.090909090909091,0.36363636363636365,1.3636363636363635,0.45454545454545453,4
2020,Wake Forest,9,4,36.0,32.77777777777778,5.969314977809159,8.45471643701652,9.88888888888889,0.4361552028218695,0.6827160493827161,2.6666666666666665,4.480038093626876,4.555555555555555,0.674074074074074,1.5555555555555556,1.0,1.6666666666666667,0.4444444444444444,5
2020,West Virginia,10,6,26.5,20.5,5.520818655934935,7.152782303837133,8.1,0.4356862745098039,0.5525,2.0,3.4060631550482525,1.8,0.5,2.2,0.4,1.2,0.6,3
2020,Western Kentucky,12,5,19.0,25.333333333333332,4.625655934175017,5.283315493482318,5.166666666666667,0.312469719822661,0.6916666666666668,2.0,4.369706546098555,3.25,0.6958333333333333,1.8333333333333333,-0.16666666666666666,0.8333333333333334,0.4166666666666667,1
2021,Air Force,13,10,31.0,19.76923076923077,5.947609106002848,12.876984126984127,9.923076923076923,0.4622722363106978,0.6666666666666666,0.7692307692307693,4.443074882139236,2.6153846153846154,0.5916666666666667,2.4615384615384617,0.23076923076923078,0.6923076923076923,0.7692307692307693,6
2021,Akron,12,2,19.833333333333332,39.5,5.679612590929806,7.5107942154937035,7.833333333333333,0.3991679616679617,0.5361111111111111,4.916666666666667,6.268477957590861,4.25,0.734920634920635,1.3333333333333333,-0.25,0.6666666666666666,0.16666666666666666,0
2021,Alabama,15,13,39.86666666666667,20.133333333333333,6.670306331582592,9.175591772242086,11.066666666666666,0.5383755912703282,0.6785714285714286,2.7333333333333334,2.5800957354284177,2.6666666666666665,0.5307692307692308,3.8,0.6,1.2,0.8666666666666667,11
2021,App State,14,10,34.5,22.142857142857142,6.448022167395691,8.70282402840235,9.142857142857142,0.37536719233147803,0.5683150183150183,1.2142857142857142,3.6362510584925607,3.142857142857143,0.38956043956043956,2.5714285714285716,-0.07142857142857142,1.1428571428571428,0.7142857142857143,9
2021,Arizona,12,1,17.166666666666668,31.416666666666668,5.224448034649401,6.101362773608657,6.583333333333333,0.34967071792729687,0.3625,2.9166666666666665,4.774269602181818,3.1666666666666665,0.7194444444444444,1.75,-1.1666666666666667,0.4166666666666667,0.08333333333333333,1
2021,Arizona State,13,8,28.384615384615383,20.846153846153847,6.447642391438056,8.279685956680774,9.76923076923077,0.4789089116012193,0.6820512820512821,2.076923076923077,4.059675811399068,3.1538461538461537,0.6435897435897436,1.9230769230769231,0.38461538461538464,1.3846153846153846,0.6153846153846154,6
2021,Arkansas,13,9,30.923076923076923,22.923076923076923,6.501213065686741,8.786819064984469,11.923076923076923,0.36259822611037185,0.4858974358974359,2.3076923076923075,4.184079605338545,2.5384615384615383,0.4583333333333333,1.7692307692307692,0.5384615384615384,1.0769230769230769,0.6923076923076923,6
2021,Arkansas State,12,2,25.25,38.583333333333336,5.519403293073698,7.088418091162414,8.0,0.34453018315247413,0.4791666666666667,3.4166666666666665,6.4790935176807265,3.3333333333333335,0.7472222222222222,1.6666666666666667,-0.5,1.0833333333333333,0.16666666666666666,0
2021,Army,13,9,32.84615384615385,22.307692307692307,5.918628655334468,14.407468066121911,9.23076923076923,0.477481850728457,0.6692307692307692,0.46153846153846156,4.018830029564699,2.4615384615384617,0.6987179487179488,2.0,0.6153846153846154,1.0769230769230769,0.6923076923076923,7
2021,Auburn,13,6,28.307692307692307,21.76923076923077,6.084616661494307,7.117603401955761,8.846153846153847,0.42642741245682425,0.5653846153846154,1.6923076923076923,3.603274451729255,3.6923076923076925,0.5653846153846154,2.6153846153846154,0.38461538461538464,0.8461538461538461,0.46153846153846156,2
2021,BYU,13,10,33.07692307692308,24.76923076923077,7.034441631766851,8.84692700421434,10.0,0.45283380587024313,0.8486263736263736,1.2307692307692308,4.683639533845653,3.6923076923076925,0.6434065934065933,1.5384615384615385,0.7692307692307693,1.3846153846153846,0.7692307692307693,8
2021,Ball State,13,6,24.076923076923077,28.384615384615383,5.252625642304143,6.257908679478243,6.846153846153846,0.3990621495146382,0.5641025641025641,1.8461538461538463,4.6229131854059275,3.5384615384615383,0.541025641025641,1.6923076923076923,0.6153846153846154,1.2307692307692308,0.46153846153846156,2
2021,Baylor,14,12,31.642857142857142,18.285714285714285,6.472359102488895,7.778581681287699,10.642857142857142,0.4401782428098217,0.7700680272108844,1.2142857142857142,3.76792883756812,3.0,0.5547619047619048,3.0714285714285716,0.8571428571428571,1.6428571428571428,0.8571428571428571,9
2021,Boise State,12,7,29.166666666666668,19.0,5.650011420743837,7.842190122925683,7.416666666666667,0.4402307591645827,0.5833333333333334,2.0,4.26339797650699,3.1666666666666665,0.5015151515151515,2.1666666666666665,0.4166666666666667,1.25,0.5833333333333334,4
2021,Boston College,12,6,24.666666666666668,22.166666666666668,5.8155541303397,7.9791090809861664,7.583333333333333,0.3922926542411837,0.5583333333333333,1.9166666666666667,4.845902193718497,3.0,0.44242424242424244,1.6666666666666667,-0.08333333333333333,0.9166666666666666,0.5,2
2021,Bowling Green,12,4,21.416666666666668,30.666666666666668,5.07710073970694,6.2646700779073745,5.916666666666667,0.34926278034830666,0.5106060606060606,3.25,4.612367882047388,4.0,0.726984126984127,2.1666666666666665,0.25,1.0833333333333333,0.3333333333333333,0
2021,Buffalo,12,4,29.25,29.916666666666668,5.584494522325627,7.17639113326426,8.416666666666666,0.4589951145775449,0.5658068783068783,1.5,5.288845582887011,3.9166666666666665,0.6083333333333333,3.0,-1.0,0.4166666666666667,0.3333333333333333,3
2021,California,12,5,23.75,22.25,6.123632661751583,7.19373987857238,8.75,0.4218470226597162,0.5361111111111111,2.3333333333333335,4.2605538840102275,3.25,0.5305555555555556,1.75,0.6666666666666666,1.4166666666666667,0.4166666666666667,3
2021,Central Michigan,13,9,32.30769230769231,25.76923076923077,6.275457115142681,7.817428313790202,10.384615384615385,0.3942107728872435,0.7783882783882784,1.8461538461538463,3.8934944926703166,3.1538461538461537,0.65,2.6153846153846154,-0.23076923076923078,0.7692307692307693,0.6923076923076923,6
2021,Charlotte,12,5,27.166666666666668,34.0,6.07007850142298,7.592336184513649,8.666666666666666,0.4180701447245565,0.5180555555555556,1.8333333333333333,5.646316784113302,3.5833333333333335,0.6638888888888889,1.25,-0.4166666666666667,0.8333333333333334,0.4166666666666667,0
2021,Cincinnati,14,13,36.857142857142854,16.857142857142858,6.842171943372513,8.668439684839903,8.571428571428571,0.39375981161695445,0.6384353741496599,1.6428571428571428,3.6121527866637706,3.0,0.5261904761904762,2.7142857142857144,0.7142857142857143,1.6428571428571428,0.9285714285714286,9
2021,Clemson,13,10,26.307692307692307,14.846153846153847,5.333190984113206,6.240525603005197,7.230769230769231,0.39277581392966004,0.5974358974358974,1.4615384615384615,3.0087447785179644,2.3076923076923075,0.27692307692307694,2.923076923076923,-0.15384615384615385,1.1538461538461537,0.7692307692307693,6
2021,Coastal Carolina,13,11,40.92307692307692,21.615384615384617,7.963125353255175,10.784275027690496,11.384615384615385,0.5485750297967493,0.8153846153846154,1.5384615384615385,3.8560332301050093,3.076923076923077,0.6076923076923076,2.076923076923077,0.23076923076923078,0.7692307692307693,0.8461538461538461,8
2021,Colorado,12,4,18.75,26.666666666666668,4.548282110630352,5.936243159093871,5.833333333333333,0.35012210012210015,0.5151515151515151,2.5,4.991738318863743,3.3333333333333335,0.5083333333333333,1.0,0.6666666666666666,0.9166666666666666,0.3333333333333333,2
2021,Colorado State,12,3,23.666666666666668,28.25,5.674742184372138,7.6555046432638605,8.666666666666666,0.40164362110409696,0.4238095238095238,2.0833333333333335,4.389127513649051,3.6666666666666665,0.5590909090909091,3.0,-0.25,0.8333333333333334,0.25,1
2021,Duke,12,3,22.833333333333332,39.75,5.690717511053502,7.202663478012646,8.0,0.44552100018431284,0.39761904761904765,1.8333333333333333,5.803993408518646,4.583333333333333,0.6865079365079364,1.1666666666666667,-0.3333333333333333,0.8333333333333334,0.25,1
2021,East Carolina,12,7,29.666666666666668,26.25,5.939435309859622,7.778250055792639,8.916666666666666,0.3414276695526695,0.49583333333333335,2.9166666666666665,4.897303056104369,3.25,0.6196969696969696,2.0,0.25,1.5,0.5833333333333334,0
2021,Eastern Michigan,13,7,30.153846153846153,30.0,5.565947584180408,7.698180183178442,6.230769230769231,0.43309903394745025,0.5825091575091575,2.8461538461538463,5.164782483009686,2.923076923076923,0.7115384615384616,1.6923076923076923,-0.07692307692307693,0.7692307692307693,0.5384615384615384,1
2021,Florida,13,6,30.692307692307693,26.76923076923077,6.745050505459004,8.084126136666459,10.23076923076923,0.4143000608319732,0.6833333333333333,1.0,4.839934599714011,3.3076923076923075,0.573076923076923,2.1538461538461537,-0.7692307692307693,0.8461538461538461,0.46153846153846156,5
2021,Florida Atlantic,12,5,25.416666666666668,25.75,6.066234862892061,8.700539954862329,9.083333333333334,0.43209271951532013,0.564069264069264,2.75,4.321549377016502,3.75,0.45634920634920634,1.1666666666666667,0.3333333333333333,1.3333333333333333,0.4166666666666667,3
2021,Florida International,12,1,20.333333333333332,39.666666666666664,6.4080438438830685,8.215219516107354,6.166666666666667,0.3239443426943427,0.46527777777777773,2.6666666666666665,5.4666142086887,4.166666666666667,0.7097222222222221,0.9166666666666666,-0.5,0.4166666666666667,0.08333333333333333,2
2021,Florida State,12,5,27.583333333333332,26.5,6.2649809291928,8.23044897300412,10.166666666666666,0.412733793983794,0.7916666666666666,2.8333333333333335,3.9163035545659546,2.75,0.6611111111111111,2.5,0.0,1.25,0.4166666666666667,6
2021,Fresno State,13,10,33.38461538461539,20.53846153846154,6.527588570228119,8.41451077515293,8.076923076923077,0.43680141502539693,0.7333333333333333,1.9230769230769231,3.8129192496341138,3.3846153846153846,0.5615079365079365,2.1538461538461537,-0.07692307692307693,1.2307692307692308,0.7692307692307693,4
2021,Georgia,15,14,38.6,10.2,7.030801433776202,9.535425884968602,9.666666666666666,0.43866929366929364,0.6176984126984127,1.0666666666666667,2.5311153924778806,2.1333333333333333,0.22083333333333333,3.1333333333333333,0.13333333333333333,1.1333333333333333,0.9333333333333333,10
2021,Georgia Southern,12,3,20.25,31.416666666666668,5.388645137506359,6.296185338916317,7.666666666666667,0.35741049456219737,0.4444444444444444,1.9166666666666667,4.612210182366432,3.3333333333333335,0.7621212121212121,2.5,-0.5833333333333334,0.5833333333333334,0.25,1
2021,Georgia State,13,8,28.153846153846153,27.076923076923077,5.93166017365783,7.040630063082248,9.0,0.44016362596679337,0.7512820512820512,1.2307692307692308,3.9416047661950304,3.076923076923077,0.5141025641025642,2.3846153846153846,0.38461538461538464,1.0769230769230769,0.6153846153846154,6
2021,Georgia Tech,12,3,24.0,33.5,5.842575875916617,6.88970095920131,8.416666666666666,0.3498917748917749,0.4161904761904761,2.5833333333333335,4.936029018165869,4.083333333333333,0.6649350649350649,1.5833333333333333,-0.16666666666666666,0.75,0.25,0
2021,Hawai'i,13,6,28.76923076923077,31.384615384615383,6.147724679114615,7.512287509483778,9.23076923076923,0.3922666009204471,0.4948717948717949,2.769230769230769,4.229933936160226,3.769230769230769,0.5717948717948718,1.6923076923076923,0.0,1.6153846153846154,0.46153846153846156,2
2021,Houston,14,12,35.857142857142854,20.428571428571427,6.0973045575383935,8.501920978449663,8.928571428571429,0.41902892275791437,0.7416666666666666,2.5714285714285716,3.7044336688084525,2.2142857142857144,0.4807692307692308,2.9285714285714284,0.35714285714285715,1.3571428571428572,0.8571428571428571,6
2021,Illinois,12,5,20.166666666666668,21.916666666666668,5.06394033479804,6.093297125313819,6.916666666666667,0.3870785915580807,0.45166666666666666,1.8333333333333333,4.230109979021563,3.5833333333333335,0.4708333333333334,2.3333333333333335,0.3333333333333333,0.9166666666666666,0.4166666666666667,1
2021,Indiana,12,2,17.25,33.25,4.445197837980179,5.511604369500627,5.5,0.3880847953216375,0.5777777777777778,2.3333333333333335,4.3902136117442785,4.75,0.6779761904761905,1.0833333333333333,-0.6666666666666666,0.6666666666666666,0.16666666666666666,0
2021,Iowa,14,10,23.428571428571427,19.214285714285715,4.865712009055306,6.311456524200021,6.071428571428571,0.3466410782200256,0.45221088435374146,2.2142857142857144,3.537301738773267,3.0714285714285716,0.5404761904761904,1.9285714285714286,0.8571428571428571,1.9285714285714286,0.7142857142857143,6
2021,Iowa State,13,7,31.307692307692307,20.53846153846154,6.730029429780586,7.995390378910159,8.538461538461538,0.3872810725037446,0.6217948717948717,1.5384615384615385,3.9241221290041386,2.4615384615384617,0.5638888888888889,2.230769230769231,0.0,0.9230769230769231,0.5384615384615384,3
2021,Kansas,12,2,20.75,42.166666666666664,5.331876866266366,6.809574578917251,6.083333333333333,0.3730439699189699,0.65,1.0833333333333333,6.595460987382981,4.75,0.8030303030303031,0.8333333333333334,-0.25,0.75,0.16666666666666666,1
2021,Kansas State,13,8,27.53846153846154,21.0,6.680865280602325,8.451588663553435,8.307692307692308,0.4641004294850448,0.6474358974358974,1.5384615384615385,3.983173367441102,3.1538461538461537,0.6794871794871794,2.230769230769231,0.46153846153846156,1.0769230769230769,0.6153846153846154,5
2021,Kent State,14,7,33.0,36.285714285714285,6.7763213225542085,8.25766199659686,12.642857142857142,0.43691796648729425,0.508673469387755,2.7142857142857144,5.040656243159505,4.5,0.6224489795918368,1.5,0.5714285714285714,1.1428571428571428,0.5,5
2021,Kentucky,13,10,32.30769230769231,21.692307692307693,6.532119768248159,8.021293295627661,9.615384615384615,0.5084626072242171,0.7692307692307693,1.7692307692307692,4.395340056719825,2.6923076923076925,0.6730769230769231,1.7692307692307692,-0.7692307692307693,0.7692307692307693,0.7692307692307693,7
2021,LSU,13,6,26.53846153846154,26.615384615384617,5.89646999328761,8.129340658346335,7.3076923076923075,0.3951777232320219,0.6458333333333334,2.4615384615384617,3.9446261207243416,3.0,0.6958333333333333,2.923076923076923,-0.15384615384615385,0.8461538461538461,0.46153846153846156,3
2021,Liberty,13,8,33.61538461538461,21.53846153846154,6.677437689168082,8.984157741754142,11.076923076923077,0.4263864509309853,0.6628205128205129,4.153846153846154,4.074555807827528,3.076923076923077,0.6055555555555555,2.769230769230769,-0.7692307692307693,0.6153846153846154,0.6153846153846154,6
2021,Louisiana,14,13,31.071428571428573,18.5,6.181485952799128,7.536194873526806,9.571428571428571,0.3768643121584298,0.6576530612244899,1.7142857142857142,4.410754249992359,2.5,0.5512820512820512,2.5,0.5,1.0,0.9285714285714286,6
2021,Louisiana Tech,12,3,28.0,34.0,5.964502270935188,7.684410989002593,7.75,0.4185886460460764,0.49722222222222223,1.9166666666666667,4.914480065577161,4.166666666666667,0.7166666666666667,1.6666666666666667,-0.4166666666666667,0.8333333333333334,0.25,0
2021,Louisville,13,6,31.615384615384617,27.307692307692307,6.831490178169035,8.476440580342658,10.307692307692308,0.4302014225091148,0.6217948717948718,1.3076923076923077,4.759372348941818,3.6923076923076925,0.6595238095238095,2.3846153846153846,0.46153846153846156,0.9230769230769231,0.46153846153846156,4
2021,Marshall,13,7,33.0,23.76923076923077,6.1957054759677845,7.53184418067913,8.307692307692308,0.4401761699838623,0.6987179487179488,1.2307692307692308,4.5625888824553575,3.230769230769231,0.6362637362637363,2.8461538461538463,-0.46153846153846156,1.0,0.5384615384615384,6
2021,Maryland,13,7,29.307692307692307,30.692307692307693,6.446265246875679,8.324451675027488,9.384615384615385,0.3805553420938036,0.5769230769230769,1.7692307692307692,3.9994173119329566,4.230769230769231,0.5158730158730159,2.3846153846153846,-0.6153846153846154,0.46153846153846156,0.5384615384615384,4
2021,Massachusetts,12,1,16.333333333333332,43.083333333333336,4.988260651461112,5.652758132304808,6.666666666666667,0.32887159817306877,0.5545454545454546,1.9166666666666667,5.843776565353472,4.916666666666667,0.7246031746031746,0.8333333333333334,-0.5,0.5,0.08333333333333333,0
2021,Memphis,12,6,30.083333333333332,29.25,6.403391324406304,8.970049559095633,8.166666666666666,0.4088939110997935,0.6075757575757575,2.3333333333333335,4.5288465165796,3.8333333333333335,0.6041666666666666,2.25,-0.08333333333333333,1.0,0.5,2
2021,Miami,12,7,34.083333333333336,28.416666666666668,6.392794231765747,8.805759593726975,9.166666666666666,0.4357356627577216,0.6071428571428571,2.5,4.4421275731782535,3.25,0.506060606060606,2.5,-0.3333333333333333,0.75,0.5833333333333334,6
2021,Miami (OH),13,7,28.923076923076923,23.076923076923077,6.521954165144882,8.672660455937196,9.0,0.4082343938113169,0.5441391941391941,1.3846153846153846,4.24650667030455,2.4615384615384617,0.6027777777777777,2.923076923076923,0.3076923076923077,1.0769230769230769,0.5384615384615384,6
2021,Michigan,14,12,35.785714285714285,17.357142857142858,6.593275338503759,8.554436062522896,9.428571428571429,0.4816723100723543,0.5957482993197278,0.7857142857142857,3.9420335609356485,2.357142857142857,0.5226190476190476,2.0714285714285716,0.07142857142857142,0.9285714285714286,0.8571428571428571,9
2021,Michigan State,13,11,31.846153846153847,25.307692307692307,6.563279057804909,8.523303578696359,9.461538461538462,0.4185226098687637,0.617948717948718,1.4615384615384615,3.6259962744483545,3.923076923076923,0.473992673992674,3.076923076923077,-0.23076923076923078,1.0,0.8461538461538461,7
2021,Middle Tennessee,13,7,29.846153846153847,25.692307692307693,5.411144624670177,6.692581092293805,7.153846153846154,0.3277893361038157,0.6846153846153846,1.9230769230769231,4.510283577507101,3.1538461538461537,0.6512820512820513,1.7692307692307692,0.15384615384615385,1.7692307692307692,0.5384615384615384,3
2021,Minnesota,13,9,25.46153846153846,17.307692307692307,5.590827000162516,8.18345246519195,8.384615384615385,0.4402858275327911,0.6461538461538462,1.4615384615384615,3.72562446226197,2.0,0.6472222222222223,1.7692307692307692,-0.07692307692307693,0.8461538461538461,0.6923076923076923,5
2021,Mississippi State,13,7,29.076923076923077,25.923076923076923,6.177847496580434,7.267583682453788,6.230769230769231,0.45050937624467036,0.5833333333333333,2.4615384615384617,3.863731483486014,2.769230769230769,0.5708333333333333,1.7692307692307692,0.0,1.0,0.5384615384615384,3
2021,Missouri,13,6,29.076923076923077,33.84615384615385,6.060696119432687,6.700526829804162,8.0,0.44985900322587624,0.691025641025641,1.3076923076923077,5.659181126619188,4.0,0.8311355311355312,2.076923076923077,-0.07692307692307693,0.8461538461538461,0.46153846153846156,3
2021,NC State,12,9,33.083333333333336,19.666666666666668,6.390789174441058,8.19928614028361,8.5,0.4101707606119371,0.7138888888888889,1.9166666666666667,4.136626328761234,2.5,0.6,2.4166666666666665,0.6666666666666666,1.3333333333333333,0.75,7
2021,Navy,12,4,20.083333333333332,28.25,4.500615532157545,8.058512382225617,6.916666666666667,0.40205327080327075,0.4439393939393939,2.5,4.369185975583334,3.6666666666666665,0.5638888888888889,1.25,0.3333333333333333,0.75,0.3333333333333333,1
2021,Nebraska,12,3,27.916666666666668,22.666666666666668,6.747561461054704,9.65284771679933,8.833333333333334,0.420213996529786,0.65,2.1666666666666665,4.430876821468439,2.75,0.4848484848484848,1.3333333333333333,0.16666666666666666,1.0833333333333333,0.25,4
2021,Nevada,13,8,35.69230769230769,26.53846153846154,6.4488106256755096,7.9818541793893,7.923076923076923,0.43248435827621345,0.6782051282051282,3.0,5.195325523526038,3.1538461538461537,0.6410256410256411,2.923076923076923,0.6923076923076923,1.4615384615384615,0.6153846153846154,6
2021,New Mexico,12,3,12.166666666666666,28.416666666666668,4.2114572380406505,4.842523274850697,5.0,0.25123334590246355,0.37037037037037035,2.5833333333333335,3.9546953200534793,3.25,0.5724206349206349,1.6666666666666667,0.0,0.9166666666666666,0.25,0
2021,New Mexico State,12,2,22.583333333333332,40.416666666666664,5.270421253228668,6.400954620035985,6.75,0.3933638615140163,0.503030303030303,2.9166666666666665,6.020400494298465,4.25,0.6152777777777778,1.3333333333333333,0.16666666666666666,1.25,0.16666666666666666,0
2021,North Carolina,13,6,35.23076923076923,32.07692307692308,6.905327274273383,9.004904975435373,12.0,0.4308963095727802,0.530952380952381,3.6153846153846154,4.771718937261773,3.923076923076923,0.6246031746031746,2.076923076923077,0.0,1.0,0.46153846153846156,4
2021,North Texas,13,6,27.46153846153846,27.46153846153846,5.654014851079877,7.01390669439456,9.76923076923077,0.4223982716629775,0.5412087912087912,1.1538461538461537,4.868634433029452,3.0,0.4948717948717949,2.769230769230769,-0.3076923076923077,0.7692307692307693,0.46153846153846156,5
2021,Northern Illinois,14,9,32.214285714285715,33.714285714285715,6.3836408653708405,6.835630196659608,9.5,0.3599966268558705,0.5666666666666667,0.7142857142857143,6.25616903661061,3.5,0.6535714285714286,1.2142857142857142,-0.42857142857142855,0.35714285714285715,0.6428571428571429,4
2021,Northwestern,12,3,16.583333333333332,29.0,5.034016135221114,5.582713221558463,7.0,0.3647334691452339,0.47321428571428575,1.75,5.4327160794406835,4.083333333333333,0.6216450216450217,1.4166666666666667,-0.6666666666666666,0.75,0.25,0
2021,Notre Dame,13,11,35.23076923076923,19.692307692307693,6.38994730683109,8.491645509858655,8.846153846153847,0.4581977035031333,0.6785714285714286,2.6153846153846154,3.974804212498619,3.4615384615384617,0.3705128205128205,2.8461538461538463,0.6153846153846154,1.6153846153846154,0.8461538461538461,9
2021,Ohio,12,3,22.583333333333332,30.333333333333332,6.248315273878009,6.879186731657662,8.75,0.3576395826395826,0.4606060606060606,1.9166666666666667,4.978532780182509,5.083333333333333,0.5178571428571429,1.4166666666666667,-0.25,0.75,0.25,2
2021,Ohio State,13,11,45.69230769230769,22.76923076923077,8.122056131282438,10.305156009032077,11.307692307692308,0.546473264239399,0.6133699633699634,1.2307692307692308,3.888365223225419,3.230769230769231,0.73003663003663,2.5384615384615383,0.5384615384615384,1.3076923076923077,0.8461538461538461,8
2021,Oklahoma,13,11,39.07692307692308,25.76923076923077,6.952007361925922,8.689736399692446,8.846153846153847,0.44628295680927255,0.7184981684981685,2.8461538461538463,3.8666844088804386,3.3076923076923075,0.6597222222222222,2.1538461538461537,0.8461538461538461,1.6153846153846154,0.8461538461538461,6
2021,Oklahoma State,14,12,31.071428571428573,18.071428571428573,5.6306959144676245,7.313934706415989,9.714285714285714,0.44388584319754154,0.6124999999999999,1.2142857142857142,2.910916831726523,2.2857142857142856,0.5347222222222222,3.7142857142857144,-0.2857142857142857,0.8571428571428571,0.8571428571428571,8
2021,Old Dominion,13,6,27.615384615384617,27.76923076923077,5.712965212929896,6.928354186172251,8.153846153846153,0.4253968316751122,0.6147130647130647,2.1538461538461537,3.9903038128336834,3.769230769230769,0.5125000000000001,1.6923076923076923,-0.46153846153846156,0.8461538461538461,0.46153846153846156,1
2021,Ole Miss,13,10,33.69230769230769,24.692307692307693,6.515875376340617,8.67651247185396,11.76923076923077,0.3679100476671327,0.5934981684981685,2.230769230769231,4.745897658547385,4.0,0.5582417582417583,2.923076923076923,0.38461538461538464,1.0769230769230769,0.7692307692307693,5
2021,Oregon,14,10,31.428571428571427,27.0,6.330699030322168,7.407974168688455,9.5,0.5344551340349659,0.680952380952381,1.6428571428571428,4.125100853257731,4.142857142857143,0.7369047619047618,1.5714285714285714,0.7142857142857143,1.5714285714285714,0.7142857142857143,5
2021,Oregon State,13,7,31.23076923076923,25.76923076923077,6.687877976620926,8.078238318203246,10.384615384615385,0.492696990038619,0.7025641025641025,1.0,4.425059905501538,3.923076923076923,0.5811355311355311,1.3846153846153846,0.38461538461538464,1.4615384615384615,0.5384615384615384,6
2021,Penn State,13,7,25.0,17.307692307692307,5.580801994971694,7.356337154520991,7.3076923076923075,0.40121071210020964,0.43589743589743585,2.4615384615384617,3.8449210571408603,3.769230769230769,0.33076923076923076,1.9230769230769231,0.23076923076923078,1.2307692307692308,0.5384615384615384,2
2021,Pittsburgh,14,11,41.42857142857143,23.642857142857142,6.627024898409266,8.723527709726605,10.285714285714286,0.4414460189670274,0.688265306122449,2.2857142857142856,3.056184654876706,3.142857142857143,0.656043956043956,3.4285714285714284,0.7142857142857143,1.5,0.7857142857142857,10
2021,Purdue,13,9,29.076923076923077,22.384615384615383,6.1195727747875,8.045177143203647,6.230769230769231,0.45975723556695214,0.5316849816849817,2.1538461538461537,4.61969176965029,3.230769230769231,0.5423076923076923,1.8461538461538463,-0.07692307692307693,1.2307692307692308,0.6923076923076923,4
2021,Rice,12,4,21.5,36.166666666666664,5.404401076812135,7.399532226003025,6.5,0.36804110921757976,0.6106060606060606,2.25,5.208175984502471,4.833333333333333,0.5843253968253969,2.0833333333333335,0.08333333333333333,1.25,0.3333333333333333,0
2021,Rutgers,13,5,19.692307692307693,25.615384615384617,4.772463466907525,5.72438247464159,6.0,0.3303796128456762,0.4423076923076923,1.5384615384615385,4.817527896700423,3.0,0.5111111111111111,1.2307692307692308,-0.15384615384615385,0.6153846153846154,0.38461538461538464,3
2021,SMU,12,8,38.416666666666664,28.416666666666668,6.538884274936016,8.060079612303506,10.75,0.44475155047910464,0.6743055555555556,1.3333333333333333,4.429825534303222,4.166666666666667,0.5634199134199135,1.75,-0.16666666666666666,0.9166666666666666,0.6666666666666666,7
2021,San Diego State,14,12,27.357142857142858,19.785714285714285,5.311896795618623,6.29633341917679,7.071428571428571,0.32659840159840164,0.5952380952380952,1.5714285714285714,3.2221202050305946,2.642857142857143,0.5583333333333333,2.7857142857142856,0.7142857142857143,1.4285714285714286,0.8571428571428571,6
2021,San José State,12,5,20.0,26.5,5.775707067589725,7.071432833245126,8.333333333333334,0.376813975498186,0.525,1.75,3.7880001366018554,3.6666666666666665,0.44841269841269843,2.3333333333333335,-0.25,0.8333333333333334,0.4166666666666667,1
2021,South Alabama,12,5,24.916666666666668,26.416666666666668,5.682583500453801,7.843167411972147,7.0,0.35899089336589335,0.5125,2.0833333333333335,3.916454234656911,3.6666666666666665,0.6037698412698412,2.3333333333333335,0.16666666666666666,1.5,0.4166666666666667,0
2021,South Carolina,13,7,22.615384615384617,24.0,5.602713113039656,7.7416738134950265,7.3076923076923075,0.35866672292011653,0.4987179487179487,2.0,4.814403036660244,2.6153846153846154,0.5,1.8461538461538463,0.23076923076923078,1.3846153846153846,0.5384615384615384,2
2021,South Florida,12,2,23.166666666666668,34.666666666666664,5.4055730979842425,6.672882580509554,8.333333333333334,0.34265768953268955,0.6031746031746031,1.6666666666666667,5.804953584372721,4.333333333333333,0.611111111111111,0.75,-0.16666666666666666,1.1666666666666667,0.16666666666666666,0
2021,Southern Miss,12,3,17.666666666666668,27.916666666666668,5.10107290469266,6.9318204761685935,6.916666666666667,0.33021875319669436,0.5133333333333333,3.0,5.171139202855552,3.0,0.4651515151515152,1.4166666666666667,-0.5,1.25,0.25,2
2021,Stanford,12,3,20.416666666666668,32.416666666666664,5.865204825526534,7.038453230344522,6.083333333333333,0.36365671365671365,0.7486111111111112,2.3333333333333335,6.269252629853896,4.333333333333333,0.65,1.0833333333333333,-0.5833333333333334,0.6666666666666666,0.25,1
2021,Syracuse,12,5,24.916666666666668,26.333333333333332,6.096180320107174,6.499963877254667,9.666666666666666,0.33978941809824165,0.47835497835497837,2.25,4.0963175304904835,3.8333333333333335,0.5027777777777778,3.0,-0.25,0.3333333333333333,0.4166666666666667,3
2021,TCU,12,5,28.666666666666668,34.916666666666664,6.8795424612354354,9.251717264217264,9.333333333333334,0.47273464552876315,0.5908730158730159,2.1666666666666665,6.0504777826377705,4.333333333333333,0.6665674603174603,1.1666666666666667,0.16666666666666666,0.9166666666666666,0.4166666666666667,4
2021,Temple,12,3,16.333333333333332,37.5,5.004353722702257,5.84759605363772,5.666666666666667,0.2766841206179442,0.41969696969696973,2.0,5.202942374552145,5.0,0.7448412698412699,1.0,0.16666666666666666,0.9166666666666666,0.25,0
2021,Tennessee,13,7,39.30769230769231,29.076923076923077,6.82028448358055,9.320199290888622,11.461538461538462,0.45339694242409173,0.6503663003663003,3.0,4.011980703189954,3.769230769230769,0.6956349206349207,2.230769230769231,0.7692307692307693,1.1538461538461537,0.5384615384615384,6
2021,Texas,12,5,35.25,31.083333333333332,6.481603625512136,7.867581470895622,8.0,0.46446828634328635,0.7956349206349206,1.9166666666666667,5.286125525866888,4.166666666666667,0.5833333333333334,1.5,0.16666666666666666,0.9166666666666666,0.4166666666666667,4
2021,Texas A&M,12,8,29.333333333333332,15.916666666666666,5.9758281721300195,6.980265106323812,9.416666666666666,0.4061194653299916,0.509090909090909,1.5,3.694932994138774,2.5833333333333335,0.40166666666666667,3.0833333333333335,-0.25,1.0,0.6666666666666666,7
2021,Texas State,12,4,23.083333333333332,33.0,5.152664193222693,5.935243601644205,7.75,0.3377385550179668,0.7253246753246754,1.8333333333333333,5.077175974973193,4.083333333333333,0.5803571428571429,1.25,-1.0833333333333333,0.3333333333333333,0.3333333333333333,1
2021,Texas Tech,13,7,30.307692307692307,30.153846153846153,6.775060884919456,8.594841275286733,8.153846153846153,0.45191048267971345,0.7319444444444444,1.5384615384615385,3.9512294036392337,3.8461538461538463,0.7,1.5384615384615385,-0.38461538461538464,0.8461538461538461,0.5384615384615384,5
2021,Toledo,13,7,33.38461538461539,21.76923076923077,7.18943014643788,13.538140505818642,9.76923076923077,0.3189757954463837,0.5884615384615385,2.1538461538461537,3.950358263805733,3.3076923076923075,0.483974358974359,2.923076923076923,0.46153846153846156,0.7692307692307693,0.5384615384615384,6
2021,Troy,12,5,22.833333333333332,26.083333333333332,5.624049420658845,6.96731381127195,7.083333333333333,0.4087391774891775,0.5757575757575757,2.3333333333333335,4.041072317203575,2.75,0.527056277056277,3.0,0.5833333333333334,1.5,0.4166666666666667,4
2021,Tulane,12,2,27.583333333333332,34.0,6.056565939084433,7.5702294808314265,8.916666666666666,0.35705695448342506,0.6055555555555555,2.3333333333333335,3.8878653567022727,4.166666666666667,0.6784722222222221,2.3333333333333335,-0.3333333333333333,1.1666666666666667,0.16666666666666666,0
2021,Tulsa,13,7,26.384615384615383,26.615384615384617,6.097508692275218,8.097105823958008,8.692307692307692,0.4004413047459011,0.4346153846153846,1.7692307692307692,3.9418217737795396,3.076923076923077,0.5897435897435898,1.9230769230769231,-0.7692307692307693,0.8461538461538461,0.5384615384615384,2
2021,UAB,13,9,29.53846153846154,23.23076923076923,6.480802680755229,9.601173901501543,9.538461538461538,0.40421688668295,0.5944444444444444,2.6923076923076925,3.7317475125693687,3.0,0.7378787878787879,1.9230769230769231,0.07692307692307693,1.1538461538461537,0.6923076923076923,4
2021,UCF,13,9,31.923076923076923,24.53846153846154,6.174719395583481,6.789405554015283,9.846153846153847,0.3803739812223975,0.739010989010989,1.6153846153846154,4.599797101660906,3.769230769230769,0.5576007326007326,2.5384615384615383,0.07692307692307693,1.0,0.6923076923076923,4
2021,UCLA,12,8,36.5,26.75,6.580073454894734,8.522703118300594,10.75,0.4540748238116659,0.7374999999999999,1.4166666666666667,4.52111280617592,3.5,0.6333333333333333,2.0833333333333335,0.25,1.25,0.6666666666666666,7
2021,UConn,12,1,15.583333333333334,38.5,4.364567931950874,4.896387555245712,5.75,0.24362753939959822,0.4318181818181818,2.75,4.777796243719965,4.416666666666667,0.7388888888888889,0.9166666666666666,-0.5833333333333334,1.0,0.08333333333333333,0
2021,UL Monroe,12,4,20.916666666666668,33.5,4.748026453528543,6.427569649485025,7.0,0.3525326009846134,0.5416666666666666,3.0,4.505157623611967,3.9166666666666665,0.6603174603174603,1.75,0.25,1.0833333333333333,0.3333333333333333,0
2021,UNLV,12,2,20.75,32.833333333333336,5.434740058152439,7.121752080963856,6.0,0.35287563313879106,0.5194444444444445,2.9166666666666665,4.5231262168457675,4.75,0.5099206349206349,1.6666666666666667,-0.3333333333333333,0.8333333333333334,0.16666666666666666,1
2021,USC,12,4,28.666666666666668,31.75,6.066766131904032,7.1883827282845365,8.416666666666666,0.46870140093824303,0.5805555555555556,1.3333333333333333,4.585177780191686,4.0,0.729563492063492,2.0,-0.3333333333333333,1.1666666666666667,0.3333333333333333,2
2021,UTEP,13,7,25.076923076923077,25.23076923076923,6.329195699976636,8.746946900986533,7.615384615384615,0.32395019510404127,0.45641025641025645,0.9230769230769231,4.014270705919116,3.8461538461538463,0.6025641025641025,1.4615384615384615,-0.38461538461538464,0.6923076923076923,0.5384615384615384,3
2021,UTSA,14,12,36.857142857142854,24.642857142857142,6.354789691825049,7.863745455443011,8.642857142857142,0.4272794613490102,0.6181972789115646,1.2857142857142858,3.575031870770949,3.2142857142857144,0.5611111111111111,2.2142857142857144,0.5714285714285714,1.1428571428571428,0.8571428571428571,5
2021,Utah,14,10,36.142857142857146,22.571428571428573,6.701857996583222,7.797531805582851,10.428571428571429,0.48664807414807415,0.739030612244898,0.9285714285714286,4.37199555491238,3.0714285714285716,0.5285714285714286,2.7857142857142856,0.2857142857142857,1.0,0.7142857142857143,9
2021,Utah State,14,11,32.57142857142857,24.428571428571427,6.327771636900914,8.753477362794213,9.571428571428571,0.43756269990513685,0.5688775510204082,2.142857142857143,4.7339937318094405,3.4285714285714284,0.525,2.2142857142857144,-0.21428571428571427,1.0714285714285714,0.7857142857142857,5
2021,Vanderbilt,12,2,15.75,35.833333333333336,4.635877798630932,5.641394956667057,5.75,0.31675256932609874,0.44090909090909086,2.1666666666666665,5.820284988212123,5.083333333333333,0.5858134920634921,0.5833333333333334,0.0,1.25,0.16666666666666666,0
2021,Virginia,12,6,34.583333333333336,31.833333333333332,7.2004818217802855,8.51270397490982,10.916666666666666,0.4503088414853121,0.6039682539682539,2.75,5.82068064884697,4.083333333333333,0.42410714285714285,1.5,-0.5,0.8333333333333334,0.5,6
2021,Virginia Tech,13,6,23.692307692307693,25.307692307692307,5.931298392398181,7.666837539224686,9.538461538461538,0.40696419362173114,0.5769230769230769,2.1538461538461537,4.97154724140691,3.0,0.5974358974358974,1.6923076923076923,0.23076923076923078,0.9230769230769231,0.46153846153846156,2
2021,Wake Forest,14,11,41.0,28.857142857142858,6.413846153642781,8.640403853623068,8.571428571428571,0.5362870148059223,0.6988095238095238,2.357142857142857,5.030571126649953,3.5,0.6241496598639455,2.4285714285714284,0.2857142857142857,1.6428571428571428,0.7857142857142857,5
2021,Washington,12,4,21.5,22.666666666666668,5.292982007953215,6.627051035699168,5.416666666666667,0.4303135589900296,0.65,1.8333333333333333,4.8842483137191115,3.5833333333333335,0.48194444444444445,1.4166666666666667,-0.8333333333333334,0.8333333333333334,0.3333333333333333,1
2021,Washington State,13,7,27.846153846153847,24.23076923076923,6.074097175456781,7.499302162091116,7.769230769230769,0.4006522323830016,0.6025641025641025,2.230769230769231,4.5842824840077565,3.769230769230769,0.6166666666666667,1.6153846153846154,0.5384615384615384,1.5384615384615385,0.5384615384615384,1
2021,West Virginia,13,6,25.23076923076923,23.846153846153847,5.581687398839266,7.302146801794976,7.846153846153846,0.3873248546325469,0.6316239316239316,2.8461538461538463,4.365391782734582,3.8461538461538463,0.4551282051282052,2.1538461538461537,-0.3076923076923077,0.7692307692307693,0.46153846153846156,1
2021,Western Kentucky,14,9,44.214285714285715,29.357142857142858,7.351483412348648,8.756087584846123,10.642857142857142,0.5151615301991243,0.7144557823129251,1.2142857142857142,4.307759506341075,3.7857142857142856,0.5904761904761904,2.2857142857142856,0.7857142857142857,1.8571428571428572,0.6428571428571429,9
2021,Western Michigan,13,8,32.46153846153846,28.23076923076923,6.653693189623071,9.421534062562612,10.923076923076923,0.4905144440777925,0.6137362637362638,2.0,4.941144439821429,3.076923076923077,0.46289682539682536,3.076923076923077,-0.3076923076923077,0.38461538461538464,0.6153846153846154,8
2021,Wisconsin,13,9,25.384615384615383,16.153846153846153,5.827338883047641,7.367434542454717,7.076923076923077,0.3691635287789134,0.5884615384615384,1.1538461538461537,2.2762171498497414,2.076923076923077,0.49722222222222223,2.8461538461538463,0.15384615384615385,1.4615384615384615,0.6923076923076923,6
2021,Wyoming,13,7,25.384615384615383,23.692307692307693,5.961325885000548,7.326822557752093,7.153846153846154,0.43037475345167653,0.6263888888888889,1.5384615384615385,5.274431465082046,3.230769230769231,0.6416666666666667,1.7692307692307692,-0.15384615384615385,0.9230769230769231,0.5384615384615384,1
2022,Air Force,13,10,27.846153846153847,13.384615384615385,6.169296754404816,10.583511787357942,8.076923076923077,0.4972961867192636,0.6923076923076923,0.6923076923076923,3.877785588474728,2.0,0.47222222222222215,1.6153846153846154,0.38461538461538464,1.1538461538461537,0.7692307692307693,8
2022,Akron,12,2,21.75,33.5,5.23450477444579,6.868148214490012,6.583333333333333,0.343758080155139,0.5707792207792207,3.6666666666666665,4.446677047117958,4.0,0.6583333333333333,1.3333333333333333,-0.9166666666666666,0.5833333333333334,0.16666666666666666,0
2022,Alabama,13,11,41.07692307692308,18.153846153846153,6.965495889877583,8.629457493402523,10.76923076923077,0.4725720169724695,0.6766483516483516,1.6153846153846154,3.5991121084515094,3.3076923076923075,0.41805555555555557,2.923076923076923,0.0,0.9230769230769231,0.8461538461538461,10
2022,App State,12,6,34.916666666666664,26.75,6.835539101311864,8.478280875599998,10.5,0.36269474699781606,0.7076388888888889,1.4166666666666667,4.056941651484334,2.9166666666666665,0.6123809523809524,2.4166666666666665,0.6666666666666666,1.3333333333333333,0.5,8
2022,Arizona,12,5,30.833333333333332,36.5,6.974978514372261,8.411466590359154,11.25,0.4334439797675092,0.6736111111111112,1.9166666666666667,5.657436293557357,4.666666666666667,0.7986111111111112,1.1666666666666667,-0.5,1.0,0.4166666666666667,4
2022,Arizona State,12,3,26.083333333333332,31.416666666666668,5.903493200226112,7.45509867264462,8.0,0.4040612165612166,0.6809523809523809,2.25,5.350251128979576,4.5,0.6551948051948052,1.4166666666666667,0.08333333333333333,1.0833333333333333,0.25,1
2022,Arkansas,13,7,32.53846153846154,30.615384615384617,6.468918089415681,8.612728033279128,11.461538461538462,0.46938067588520077,0.6483516483516484,2.230769230769231,4.544421375335735,4.0,0.6448717948717948,3.0,-0.23076923076923078,1.1538461538461537,0.5384615384615384,6
2022,Arkansas State,12,3,25.0,31.416666666666668,4.9971855250631005,6.977940004018634,6.333333333333333,0.28361187423687423,0.5092592592592592,2.8333333333333335,4.2827604423110115,2.8333333333333335,0.7708333333333334,1.75,0.3333333333333333,0.8333333333333334,0.25,1
2022,Army,12,6,28.583333333333332,22.5,6.011914337123417,6.8499669312169305,8.0,0.4388459171547407,0.7545454545454546,0.9166666666666666,5.209167154398567,3.3333333333333335,0.5347222222222222,1.4166666666666667,0.6666666666666666,1.5,0.5,4
2022,Auburn,12,5,24.75,29.5,5.977861585955267,6.60112809633943,10.333333333333334,0.39166978926073354,0.5763888888888888,2.1666666666666665,4.192953475558112,3.75,0.6886904761904762,2.0833333333333335,-0.9166666666666666,0.6666666666666666,0.4166666666666667,1
2022,BYU,13,8,31.307692307692307,29.46153846153846,6.681780881458577,7.886110439055584,9.461538461538462,0.4565780373472681,0.6743589743589743,0.8461538461538461,4.7562213897610235,4.461538461538462,0.6586080586080586,1.0769230769230769,0.0,0.7692307692307693,0.6153846153846154,5
2022,Ball State,12,5,23.25,26.916666666666668,5.38644244333664,5.577658447885988,7.25,0.3629935628097393,0.5541666666666666,0.9166666666666666,4.391691248991019,3.6666666666666665,0.6505952380952381,1.8333333333333333,-0.25,1.0833333333333333,0.4166666666666667,1
2022,Baylor,13,6,32.15384615384615,26.846153846153847,6.014069122580996,7.826700030972402,8.076923076923077,0.4168674274443505,0.672893772893773,1.5384615384615385,3.837281053339265,3.8461538461538463,0.6626373626373626,1.6923076923076923,-0.3076923076923077,1.2307692307692308,0.46153846153846156,3
2022,Boise State,14,10,29.5,19.5,6.113915455614662,7.37870873563812,8.857142857142858,0.4269322997264174,0.6134353741496599,0.6428571428571429,3.7326843302905837,2.5714285714285716,0.4152777777777778,1.7857142857142858,0.35714285714285715,1.4285714285714286,0.7142857142857143,5
2022,Boston College,12,3,17.75,30.333333333333332,4.782515152278424,6.944800392459951,5.75,0.33423292393880627,0.5708333333333333,3.5833333333333335,4.770966290095382,3.8333333333333335,0.6275793650793651,1.8333333333333333,-0.5833333333333334,0.8333333333333334,0.25,0
2022,Bowling Green,13,6,23.46153846153846,32.53846153846154,5.423473458396964,7.095157799335782,7.076923076923077,0.36583353172719685,0.5930555555555556,2.5384615384615383,4.532408487292208,3.923076923076923,0.658974358974359,2.230769230769231,-0.6153846153846154,1.0,0.46153846153846156,0
2022,Buffalo,13,7,28.53846153846154,26.692307692307693,5.26631200447116,6.961771772184686,6.0,0.42212620111226923,0.7100732600732601,2.076923076923077,5.142267472572663,3.4615384615384617,0.6423076923076922,1.3846153846153846,0.46153846153846156,1.7692307692307692,0.5384615384615384,2
2022,California,12,4,23.916666666666668,27.833333333333332,5.7151442320511,7.068347323904576,7.083333333333333,0.36599204852881323,0.6805555555555555,2.5833333333333335,4.469389173717751,3.9166666666666665,0.7271825396825397,1.25,0.4166666666666667,1.25,0.3333333333333333,1
2022,Central Michigan,12,4,24.75,28.166666666666668,5.586071967882963,6.349946675347053,7.583333333333333,0.358695635504846,0.712121212121212,2.3333333333333335,4.299648901223244,3.5,0.6061507936507936,2.1666666666666665,-0.8333333333333334,0.5833333333333334,0.3333333333333333,1
2022,Charlotte,12,3,24.416666666666668,39.416666666666664,5.853271736102092,7.786477029408254,8.583333333333334,0.3877532372598162,0.7333333333333334,2.6666666666666665,5.657051778490487,4.5,0.6287698412698413,1.3333333333333333,-0.5833333333333334,1.0833333333333333,0.25,1
2022,Cincinnati,13,9,29.23076923076923,20.615384615384617,5.889692414496902,7.416299570863543,6.923076923076923,0.3768363047209201,0.5089743589743589,2.6923076923076925,3.961521439881218,3.076923076923077,0.5769230769230769,2.3076923076923075,0.6153846153846154,1.4615384615384615,0.6923076923076923,2
2022,Clemson,14,11,33.214285714285715,20.857142857142858,5.803774028777579,6.8487615998770925,9.571428571428571,0.46043056776139485,0.7188775510204082,1.9285714285714286,3.211117306135883,3.142857142857143,0.5857142857142856,2.857142857142857,0.21428571428571427,1.3571428571428572,0.7857142857142857,7
2022,Coastal Carolina,13,9,29.076923076923077,31.846153846153847,6.33705158263465,9.215777959716828,9.692307692307692,0.4596175357547113,0.6958333333333333,2.3846153846153846,4.50606564976766,4.153846153846154,0.5967032967032967,2.3076923076923075,0.15384615384615385,1.5384615384615385,0.6923076923076923,5
2022,Colorado,12,1,15.416666666666666,44.5,4.7840769007807245,5.676755942208302,5.916666666666667,0.297839252251017,0.5227272727272727,1.6666666666666667,6.095867997858288,5.583333333333333,0.7923611111111111,0.9166666666666666,-0.5,0.5833333333333334,0.08333333333333333,0
2022,Colorado State,12,3,13.166666666666666,26.916666666666668,4.8781294205952035,7.197740849035351,6.916666666666667,0.2393120768120768,0.27,4.916666666666667,4.407476252270202,3.4166666666666665,0.8246753246753247,1.6666666666666667,-0.16666666666666666,1.0,0.25,0
2022,Duke,13,9,32.84615384615385,22.076923076923077,6.385796496090218,7.4115727966415506,8.846153846153847,0.418145397839968,0.663919413919414,1.0769230769230769,3.8412753021358443,2.923076923076923,0.7090909090909091,2.230769230769231,1.0,1.6153846153846154,0.6923076923076923,5
2022,East Carolina,13,8,32.53846153846154,27.153846153846153,6.698013725729046,8.006241113373449,10.076923076923077,0.45910902822667526,0.6029304029304029,1.3076923076923077,3.3701291419033357,3.3076923076923075,0.5576923076923077,2.0,0.6923076923076923,1.2307692307692308,0.6153846153846154,8
2022,Eastern Michigan,13,9,29.76923076923077,28.46153846153846,5.634095896219176,7.606023618779331,7.769230769230769,0.46549137137372426,0.7984126984126984,2.1538461538461537,4.891190211528841,3.769230769230769,0.6844322344322344,1.8461538461538463,0.23076923076923078,1.2307692307692308,0.6923076923076923,2
2022,Florida,13,6,29.53846153846154,28.846153846153847,6.857234277032474,7.887303211563639,9.76923076923077,0.4210331335331335,0.6221611721611722,1.3076923076923077,4.778430290607724,4.153846153846154,0.591025641025641,1.4615384615384615,0.07692307692307693,1.2307692307692308,0.46153846153846156,3
2022,Florida Atlantic,12,5,29.75,26.583333333333332,5.960552122150852,7.146178600674902,9.333333333333334,0.4477534924226101,0.7062499999999999,1.0833333333333333,4.5729835560681,3.75,0.677056277056277,1.3333333333333333,0.5833333333333334,1.5,0.4166666666666667,5
2022,Florida International,12,4,18.666666666666668,37.25,4.84642168692277,5.670497567857065,5.666666666666667,0.3409116955792148,0.46309523809523806,1.3333333333333333,4.735038237609582,4.833333333333333,0.69375,1.5,-0.8333333333333334,1.0,0.3333333333333333,1
2022,Florida State,13,10,36.07692307692308,20.615384615384617,7.015480971463207,9.084811066475522,12.076923076923077,0.5180290862983171,0.7075091575091575,1.5384615384615385,4.089716466880925,3.076923076923077,0.5625,2.8461538461538463,0.23076923076923078,1.2307692307692308,0.7692307692307693,9
2022,Fresno State,14,10,30.571428571428573,19.428571428571427,5.957010237651011,7.770821593899517,7.428571428571429,0.4392345749488606,0.5982142857142857,2.642857142857143,4.3640489882955835,3.142857142857143,0.4801020408163265,1.9285714285714286,0.0,0.9285714285714286,0.7142857142857143,3
2022,Georgia,15,15,41.06666666666667,14.266666666666667,7.225555972812064,8.980557702634721,10.733333333333333,0.518001628001628,0.7070634920634921,0.6,2.8685210694791654,2.2666666666666666,0.42380952380952375,2.2666666666666666,0.4,1.4,1.0,11
2022,Georgia Southern,13,6,32.69230769230769,31.615384615384617,6.268507383814414,6.986211116608333,8.23076923076923,0.4821739534974829,0.554945054945055,0.5384615384615384,5.623974702644885,4.538461538461538,0.4754960317460317,1.3846153846153846,-0.5384615384615384,1.0769230769230769,0.46153846153846156,5
2022,Georgia State,12,4,30.0,31.166666666666668,5.856030463641161,8.540805678097557,9.583333333333334,0.414498696635845,0.7569444444444445,2.5833333333333335,3.9343585354455066,3.25,0.8041666666666667,2.1666666666666665,0.5,1.9166666666666667,0.3333333333333333,5
2022,Georgia Tech,12,5,17.166666666666668,28.416666666666668,4.9354297968663685,6.123781135433094,8.416666666666666,0.31488603988603986,0.4847222222222222,3.4166666666666665,4.826615995538105,3.6666666666666665,0.567965367965368,2.3333333333333335,1.0833333333333333,2.0833333333333335,0.4166666666666667,2
2022,Hawai'i,13,3,19.76923076923077,34.69230769230769,5.218435387697184,5.574395274037955,6.538461538461538,0.3715851148930454,0.4222222222222222,1.3846153846153846,5.77700602564856,4.461538461538462,0.5641025641025641,1.2307692307692308,-0.46153846153846156,0.8461538461538461,0.23076923076923078,1
2022,Houston,13,8,36.07692307692308,32.15384615384615,6.681730842785198,8.146372015886188,8.76923076923077,0.4571577429609104,0.7051282051282051,1.7692307692307692,4.411790915807817,3.923076923076923,0.5692460317460317,1.9230769230769231,-0.46153846153846156,0.8461538461538461,0.6153846153846154,5
2022,Illinois,13,8,24.23076923076923,12.76923076923077,5.401236167927441,7.092518580061149,7.6923076923076925,0.4025592368918161,0.5593406593406594,2.0,3.636180981085654,2.3076923076923075,0.2861111111111111,2.076923076923077,1.4615384615384615,2.230769230769231,0.6153846153846154,6
2022,Indiana,12,4,23.25,33.916666666666664,4.843834460698016,5.262626476530438,6.333333333333333,0.33545121523643195,0.5621031746031746,2.9166666666666665,4.440555146183637,4.5,0.6376984126984127,1.3333333333333333,-0.4166666666666667,0.9166666666666666,0.3333333333333333,0
2022,Iowa,13,8,17.692307692307693,13.307692307692308,4.407224072056669,6.112072451978661,4.846153846153846,0.27794715604313125,0.5212121212121212,2.923076923076923,3.0204887804220144,2.6153846153846154,0.36547619047619045,2.230769230769231,0.6923076923076923,1.6153846153846154,0.6153846153846154,5
2022,Iowa State,12,4,20.166666666666668,20.25,5.11559435304746,6.55070976756832,6.25,0.4139698479481761,0.5053571428571428,2.25,3.2751953180939246,2.5833333333333335,0.7361111111111112,1.6666666666666667,-0.6666666666666666,1.0833333333333333,0.3333333333333333,2
2022,James Madison,11,8,37.0,20.90909090909091,6.151944244713899,8.648137329167593,11.090909090909092,0.4054403929403929,0.6636363636363636,1.8181818181818181,2.224106701003277,2.0,0.537037037037037,3.5454545454545454,0.0,1.5454545454545454,0.7272727272727273,8
2022,Kansas,13,6,35.61538461538461,35.46153846153846,7.145588955419675,8.812905088272752,9.923076923076923,0.524900062230379,0.7401098901098901,0.8461538461538461,4.802900914541914,4.769230769230769,0.654945054945055,1.7692307692307692,0.0,1.2307692307692308,0.46153846153846156,7
2022,Kansas State,14,10,32.285714285714285,21.857142857142858,6.267335711971286,7.457262030448206,8.5,0.39406063707534295,0.5236394557823129,1.5,4.296902520085782,2.857142857142857,0.6115384615384616,2.2142857142857144,1.1428571428571428,1.8571428571428572,0.7142857142857143,6
2022,Kent State,12,5,28.416666666666668,29.0,5.935476913777539,7.491078468525632,10.75,0.4355620006355301,0.46428571428571425,1.4166666666666667,4.163490603925452,3.75,0.5636363636363636,2.0,0.0,0.8333333333333334,0.4166666666666667,2
2022,Kentucky,13,7,20.384615384615383,19.23076923076923,5.353934140182078,7.803433448956549,6.923076923076923,0.3735992514273057,0.6041666666666666,3.3846153846153846,4.00636359066096,2.4615384615384617,0.5769230769230769,1.3846153846153846,-0.3076923076923077,1.2307692307692308,0.5384615384615384,2
2022,LSU,14,10,34.5,22.5,6.480161786880451,7.73092165559953,9.285714285714286,0.4973770277341706,0.7237244897959183,3.142857142857143,4.107250559984375,3.142857142857143,0.5435897435897435,2.0,0.14285714285714285,1.1428571428571428,0.7142857142857143,7
2022,Liberty,13,8,27.53846153846154,24.615384615384617,5.764187503041341,7.238549670439591,8.923076923076923,0.3662830253417298,0.6564102564102564,3.3076923076923075,3.751699754134315,3.4615384615384617,0.6397435897435897,3.230769230769231,-0.07692307692307693,1.8461538461538463,0.6153846153846154,2
2022,Louisiana,13,6,26.153846153846153,22.846153846153847,5.316843380863208,6.280291540004229,7.846153846153846,0.3763702047073088,0.5503663003663003,1.6153846153846154,4.108300632633118,2.923076923076923,0.5641025641025641,2.076923076923077,0.23076923076923078,1.6923076923076923,0.46153846153846156,1
2022,Louisiana Tech,12,3,29.0,37.916666666666664,5.917537863715917,7.751513650189174,7.916666666666667,0.38272397537103414,0.43333333333333335,2.5,6.203241821186875,4.166666666666667,0.6027777777777777,1.0833333333333333,-0.5,1.4166666666666667,0.25,0
2022,Louisville,13,8,26.923076923076923,19.153846153846153,6.097724678527811,7.2472243166941945,8.923076923076923,0.3805623863316171,0.4653846153846154,1.6923076923076923,3.7618176990729006,3.1538461538461537,0.4794871794871795,3.4615384615384617,0.3076923076923077,1.9230769230769231,0.6153846153846154,5
2022,Marshall,13,9,24.46153846153846,16.0,5.450084143279172,6.543005952813645,8.846153846153847,0.3711707096322481,0.5884615384615385,2.3846153846153846,3.0918754304964597,2.1538461538461537,0.5,2.6923076923076925,0.7692307692307693,1.9230769230769231,0.6923076923076923,7
2022,Maryland,13,8,28.153846153846153,23.153846153846153,5.763063977585692,7.349915739590559,6.846153846153846,0.43670282708744246,0.7722222222222223,3.230769230769231,3.8796484951376256,3.6923076923076925,0.5041666666666667,1.8461538461538463,0.23076923076923078,1.1538461538461537,0.6153846153846154,2
2022,Massachusetts,12,1,12.5,31.083333333333332,4.248556572945506,4.739932250291056,5.416666666666667,0.3076945317754141,0.38636363636363635,1.75,5.268177716637963,3.5833333333333335,0.65,1.5833333333333333,-0.5833333333333334,0.9166666666666666,0.08333333333333333,0
2022,Memphis,13,7,35.30769230769231,26.0,5.956491169413345,8.146373832315478,8.076923076923077,0.47432540468977713,0.6604395604395604,2.4615384615384617,3.6656551732304172,3.1538461538461537,0.7012987012987013,1.6153846153846154,0.6153846153846154,1.6923076923076923,0.5384615384615384,6
2022,Miami,12,5,23.583333333333332,26.75,5.484299399615281,6.885889325964567,7.25,0.4304091333503098,0.5069444444444444,2.75,3.9278775021880286,3.9166666666666665,0.47480158730158734,3.0,0.25,1.6666666666666667,0.4166666666666667,2
2022,Miami (OH),13,6,20.23076923076923,22.615384615384617,5.031219995775181,6.594302002809528,5.769230769230769,0.31043212298273026,0.5871794871794871,2.0,3.9543121714180574,3.230769230769231,0.6025641025641025,1.5384615384615385,0.6923076923076923,1.3076923076923077,0.46153846153846156,1
2022,Michigan,14,13,40.42857142857143,16.071428571428573,6.802745064818287,8.391806474726643,9.714285714285714,0.4578920563440687,0.7002551020408163,1.0714285714285714,3.2605722313675662,2.4285714285714284,0.39305555555555555,2.642857142857143,0.5,1.2142857142857142,0.9285714285714286,13
2022,Michigan State,12,5,24.416666666666668,27.416666666666668,5.404867803516495,7.052958108240394,7.666666666666667,0.3681704121042357,0.6134920634920634,1.4166666666666667,4.33721547384338,3.75,0.6367965367965368,2.25,-0.25,0.9166666666666666,0.4166666666666667,1
2022,Middle Tennessee,13,8,28.846153846153847,27.692307692307693,5.260175569075537,7.2366453865258045,6.230769230769231,0.37145766335752045,0.5423611111111111,2.6923076923076925,3.3991973309455754,3.6153846153846154,0.5305555555555556,2.5384615384615383,1.0,2.230769230769231,0.6153846153846154,5
2022,Minnesota,13,9,28.23076923076923,13.846153846153847,5.934041225524822,8.07943884923523,9.23076923076923,0.5118658669265956,0.6954212454212455,1.1538461538461537,3.8419705676577256,2.0,0.47000000000000003,1.3846153846153846,0.3076923076923077,1.3076923076923077,0.6923076923076923,8
2022,Mississippi State,13,9,31.615384615384617,23.076923076923077,5.532798344341044,6.383717749539782,6.153846153846154,0.3987661910738834,0.7371794871794872,1.9230769230769231,3.962496331766363,3.230769230769231,0.6527777777777778,2.3076923076923075,0.38461538461538464,1.4615384615384615,0.6923076923076923,1
2022,Missouri,13,6,24.846153846153847,25.153846153846153,5.489779525084318,7.3882533093077,7.923076923076923,0.417070866737454,0.680952380952381,2.0,3.8381677327064088,2.769230769230769,0.6777777777777777,2.6153846153846154,-0.15384615384615385,1.2307692307692308,0.46153846153846156,3
2022,NC State,13,8,24.307692307692307,19.153846153846153,5.158205035644443,6.452649315595702,7.076923076923077,0.3843496115167942,0.4141025641025641,1.9230769230769231,3.7361238776249754,2.769230769230769,0.6843253968253968,2.0,0.3076923076923077,1.4615384615384615,0.6153846153846154,2
2022,Navy,12,4,21.916666666666668,24.333333333333332,4.977324786068624,7.565093471343471,7.583333333333333,0.39457601222307104,0.5227272727272727,1.0,3.595344033404657,2.6666666666666665,0.4606060606060606,2.1666666666666665,0.25,1.1666666666666667,0.3333333333333333,4
2022,Nebraska,12,4,22.583333333333332,27.583333333333332,5.733100345283926,7.83002699652803,7.166666666666667,0.43569131032366326,0.6083333333333333,2.25,4.7010765334288385,3.0833333333333335,0.7583333333333333,1.5833333333333333,-0.4166666666666667,1.0,0.3333333333333333,1
2022,Nevada,12,2,18.833333333333332,30.916666666666668,4.794841984855341,5.8052180837183505,6.916666666666667,0.38541592244185124,0.5303030303030303,2.5833333333333335,4.514787146943742,3.6666666666666665,0.48787878787878786,1.9166666666666667,0.08333333333333333,1.3333333333333333,0.16666666666666666,1
2022,New Mexico,12,2,13.083333333333334,26.0,3.935314562773868,5.10552104899931,5.666666666666667,0.22734818286288874,0.3619047619047619,3.5833333333333335,4.061342899111859,2.25,0.5924242424242424,2.0,0.16666666666666666,1.3333333333333333,0.16666666666666666,1
2022,New Mexico State,13,7,25.46153846153846,23.923076923076923,5.63051842897751,6.863446305640283,7.384615384615385,0.40067541181794575,0.7222222222222222,0.9230769230769231,4.111612948758324,3.076923076923077,0.5402777777777777,1.9230769230769231,-0.46153846153846156,1.0769230769230769,0.5384615384615384,4
2022,North Carolina,14,9,34.42857142857143,30.785714285714285,6.472558226700686,8.488597439949137,9.714285714285714,0.4811382070310642,0.6704931972789117,2.857142857142857,4.408963195629718,3.4285714285714284,0.8226190476190476,1.2142857142857142,-0.07142857142857142,0.9285714285714286,0.6428571428571429,6
2022,North Texas,14,7,33.785714285714285,31.714285714285715,6.651224816381829,8.549538470560638,10.071428571428571,0.4249837255476353,0.6821428571428572,0.7142857142857143,4.969049323478619,4.0,0.569047619047619,1.7857142857142858,-0.7857142857142857,0.7857142857142857,0.5,6
2022,Northern Illinois,12,3,27.25,32.75,6.037742350512295,7.006941776418317,6.75,0.3908784094445859,0.6222222222222222,0.6666666666666666,4.174313095500071,3.75,0.7404761904761905,2.1666666666666665,0.08333333333333333,1.25,0.25,1
2022,Northwestern,12,1,13.75,28.333333333333332,4.611954933008455,5.8038676174357855,5.833333333333333,0.3815586170365582,0.5361111111111111,1.5,4.792809635166738,3.6666666666666665,0.7347222222222222,1.5833333333333333,-1.3333333333333333,1.0833333333333333,0.08333333333333333,1
2022,Notre Dame,13,9,31.76923076923077,23.0,5.963766263928675,7.986144544274741,9.461538461538462,0.4797373807822724,0.7496336996336996,1.6153846153846154,4.10481618402728,2.5384615384615383,0.7948717948717949,2.8461538461538463,-0.15384615384615385,1.0769230769230769,0.6923076923076923,5
2022,Ohio,14,10,31.785714285714285,28.285714285714285,6.149590090501093,8.560241453831987,9.142857142857142,0.4332548403976975,0.7017006802721089,1.8571428571428572,4.53286666184188,3.5,0.6760204081632653,2.2857142857142856,0.7857142857142857,1.5,0.7142857142857143,5
2022,Ohio State,13,11,44.23076923076923,21.0,7.469059010915419,9.546477139836869,10.538461538461538,0.4663371884525731,0.7470695970695971,0.8461538461538461,3.5904048948935428,2.230769230769231,0.7212121212121212,2.4615384615384617,0.6153846153846154,1.1538461538461537,0.8461538461538461,10
2022,Oklahoma,13,6,32.84615384615385,30.0,6.207126095399274,7.939977977043849,10.307692307692308,0.38465479342176173,0.7512820512820512,2.230769230769231,4.705068258943107,4.384615384615385,0.6478021978021977,1.9230769230769231,0.38461538461538464,1.5384615384615385,0.46153846153846156,4
2022,Oklahoma State,13,7,30.615384615384617,28.923076923076923,5.449086194794473,7.0510261094102935,8.076923076923077,0.36627569197228643,0.6297619047619047,2.0,4.81711466184801,3.3846153846153846,0.5833333333333333,1.9230769230769231,-0.6153846153846154,1.2307692307692308,0.5384615384615384,0
2022,Old Dominion,12,3,19.5,26.583333333333332,5.663412201087765,7.13346471954157,7.0,0.30383852258852256,0.5878787878787879,2.8333333333333335,4.5228077356878105,3.75,0.5341269841269841,2.5833333333333335,0.25,1.3333333333333333,0.25,2
2022,Ole Miss,13,8,33.46153846153846,25.53846153846154,6.562931047670096,8.015331382933528,12.615384615384615,0.4687560742424996,0.6634615384615384,1.0769230769230769,4.264512192693686,3.923076923076923,0.591025641025641,2.6923076923076925,-0.46153846153846156,1.0769230769230769,0.6153846153846154,7
2022,Oregon,13,10,38.76923076923077,27.384615384615383,6.9994349194118275,8.711715790122014,11.615384615384615,0.47840877071646304,0.6491758241758242,0.38461538461538464,4.22967379267177,3.923076923076923,0.541025641025641,1.2307692307692308,0.5384615384615384,1.5384615384615385,0.7692307692307693,8
2022,Oregon State,13,10,32.23076923076923,20.0,6.091240782913155,7.493634307878248,8.692307692307692,0.4450459796613643,0.676923076923077,1.0769230769230769,3.9268779414501016,3.076923076923077,0.4987179487179487,1.5384615384615385,-0.07692307692307693,1.3846153846153846,0.7692307692307693,7
2022,Penn State,13,11,35.76923076923077,18.23076923076923,6.297858610427257,7.99906468580293,9.307692307692308,0.3823737160275622,0.7505494505494504,1.5384615384615385,3.4107684485622225,3.0,0.5277777777777778,2.8461538461538463,0.9230769230769231,1.8461538461538463,0.8461538461538461,12
2022,Pittsburgh,13,9,31.307692307692307,24.307692307692307,5.994616501085999,7.8932840924226,8.384615384615385,0.422878102289867,0.6782051282051282,1.3076923076923077,3.440408660102275,3.4615384615384617,0.582051282051282,3.4615384615384617,0.23076923076923078,1.6153846153846154,0.6923076923076923,4
2022,Purdue,14,8,26.571428571428573,27.357142857142858,5.432709592507471,6.761454919158558,6.785714285714286,0.3820795625942685,0.6607142857142857,2.0714285714285716,4.266490107126693,3.2857142857142856,0.6874149659863945,1.8571428571428572,0.07142857142857142,1.6428571428571428,0.5714285714285714,0
2022,Rice,13,5,25.23076923076923,34.15384615384615,5.731360358309974,7.371022925216858,7.0,0.42716258100873483,0.4897435897435897,2.230769230769231,5.916979353827121,3.8461538461538463,0.7254578754578754,1.6153846153846154,-1.0,1.2307692307692308,0.38461538461538464,0
2022,Rutgers,12,4,17.416666666666668,29.25,4.523854231431937,5.55086820360328,5.083333333333333,0.30911882915559385,0.48,1.5833333333333333,4.166852791100174,3.25,0.7728174603174603,1.4166666666666667,-0.3333333333333333,1.0833333333333333,0.3333333333333333,1
2022,SMU,13,7,37.23076923076923,33.84615384615385,6.389083066541425,8.27073441195626,9.461538461538462,0.4707119466228778,0.7102564102564103,1.4615384615384615,5.726604433710587,3.769230769230769,0.667948717948718,1.9230769230769231,0.07692307692307693,1.3076923076923077,0.5384615384615384,7
2022,San Diego State,13,7,21.46153846153846,20.53846153846154,5.355900759853666,6.558978829845429,6.769230769230769,0.32011322011322013,0.44358974358974357,1.6923076923076923,3.356982715365674,3.230769230769231,0.56875,2.5384615384615383,-0.07692307692307693,1.5384615384615385,0.5384615384615384,2
2022,San José State,12,7,27.416666666666668,22.0,5.762626412509796,7.594816453378706,8.083333333333334,0.4010281385281385,0.6128968253968253,3.3333333333333335,3.4941308152169506,3.3333333333333335,0.5763888888888888,3.25,0.8333333333333334,1.4166666666666667,0.5833333333333334,3
2022,South Alabama,13,10,31.23076923076923,21.307692307692307,6.03834493809236,8.117981457142628,7.769230769230769,0.4346584751413282,0.5789377289377289,1.7692307692307692,3.706488244711764,3.0,0.5,1.9230769230769231,0.23076923076923078,1.3076923076923077,0.7692307692307693,3
2022,South Carolina,13,8,32.15384615384615,28.846153846153847,6.18573165685582,8.066926062945766,8.076923076923077,0.39890344698037006,0.6837912087912088,1.7692307692307692,5.174265330615957,4.076923076923077,0.7230769230769231,1.3846153846153846,-0.5384615384615384,1.4615384615384615,0.6153846153846154,4
2022,South Florida,12,1,28.0,41.166666666666664,6.494360101164667,7.416672648833213,9.166666666666666,0.3929098679098679,0.6666666666666666,1.0833333333333333,6.33395320586805,5.083333333333333,0.6553240740740741,1.1666666666666667,0.08333333333333333,1.4166666666666667,0.08333333333333333,3
2022,Southern Miss,13,7,25.307692307692307,23.53846153846154,5.710118905863851,8.16755972772167,8.153846153846153,0.3394757015232128,0.43076923076923074,2.3846153846153846,3.477796018223024,2.8461538461538463,0.5641025641025641,3.0,0.0,1.6923076923076923,0.5384615384615384,4
2022,Stanford,12,3,21.333333333333332,32.166666666666664,5.464424552230547,7.027475083292209,6.25,0.380286271462742,0.7152777777777777,3.0833333333333335,6.171625929408749,3.75,0.5777777777777778,1.6666666666666667,-0.9166666666666666,0.5833333333333334,0.25,1
2022,Syracuse,13,7,27.692307692307693,23.076923076923077,5.933237846272141,8.023520068939725,8.076923076923077,0.373040848040848,0.5844322344322344,3.076923076923077,3.8378257805142058,3.3846153846153846,0.5742424242424242,2.3846153846153846,0.07692307692307693,1.0769230769230769,0.5384615384615384,1
2022,TCU,15,13,38.8,29.0,6.7918951862384525,8.654582138471811,10.2,0.39712982007099656,0.6911111111111111,1.9333333333333333,4.416295695265616,3.6,0.6488888888888888,1.9333333333333333,0.5333333333333333,1.4,0.8666666666666667,6
2022,Temple,12,3,21.916666666666668,29.25,5.55331445932467,6.813205844925445,5.333333333333333,0.3559153469079939,0.5151515151515151,0.5833333333333334,5.001421664344623,3.9166666666666665,0.5499999999999999,3.1666666666666665,-0.9166666666666666,0.75,0.25,3
2022,Tennessee,13,11,46.07692307692308,22.76923076923077,7.419704198894148,10.294880869244198,9.846153846153847,0.40784471938318095,0.8300366300366301,2.076923076923077,3.3642073198680764,3.923076923076923,0.45769230769230773,2.3846153846153846,0.8461538461538461,1.4615384615384615,0.8461538461538461,8
2022,Texas,13,8,34.46153846153846,21.615384615384617,6.513074853415835,8.004421516002955,9.23076923076923,0.40724843281404366,0.567032967032967,1.3846153846153846,3.7606221183603035,3.1538461538461537,0.44780219780219777,2.0,0.23076923076923078,1.0769230769230769,0.6153846153846154,7
2022,Texas A&M,12,5,22.75,21.166666666666668,5.729249856355735,6.844106372780402,7.916666666666667,0.35126641468553227,0.6893939393939393,2.0,5.009565657992094,3.5,0.4517857142857143,1.4166666666666667,0.0,0.9166666666666666,0.4166666666666667,2
2022,Texas State,12,4,21.083333333333332,26.333333333333332,5.006972801569029,6.119871119867793,5.083333333333333,0.3710631688572865,0.6736111111111112,1.8333333333333333,3.6022874997495165,3.3333333333333335,0.4974025974025974,1.9166666666666667,0.5,1.6666666666666667,0.3333333333333333,4
2022,Texas Tech,13,8,34.23076923076923,29.153846153846153,5.5884902214686285,6.863633719011334,9.0,0.3776119692141364,0.7298534798534798,3.0,4.3677885358235065,4.230769230769231,0.43589743589743585,2.3076923076923075,-0.07692307692307693,1.3846153846153846,0.6153846153846154,4
2022,Toledo,14,9,31.285714285714285,25.071428571428573,5.712074927711336,7.504329577038992,8.857142857142858,0.4182788509220398,0.7243589743589743,1.6428571428571428,4.161567315742728,2.7857142857142856,0.7272893772893773,2.142857142857143,-0.5714285714285714,1.0714285714285714,0.6428571428571429,2
2022,Troy,14,12,25.571428571428573,17.142857142857142,5.678239710530539,8.543494020840253,7.214285714285714,0.3325101485815772,0.5583333333333333,3.142857142857143,3.4731010028083813,2.7857142857142856,0.4952380952380952,2.5714285714285716,0.07142857142857142,1.3571428571428572,0.8571428571428571,6
2022,Tulane,14,12,36.0,22.214285714285715,6.855376917800769,8.703297938383944,9.928571428571429,0.3892986040570074,0.7095238095238096,1.9285714285714286,3.992761353780054,2.7857142857142856,0.5222222222222223,1.7142857142857142,0.42857142857142855,1.2857142857142858,0.8571428571428571,7
2022,Tulsa,12,5,30.583333333333332,33.083333333333336,6.040173752152321,7.824062138755365,8.583333333333334,0.4093517321458498,0.6474747474747475,3.1666666666666665,4.697715151895221,3.9166666666666665,0.5361111111111111,1.25,-0.16666666666666666,1.25,0.4166666666666667,1
2022,UAB,13,7,30.076923076923077,23.153846153846153,7.014741747305918,8.446387107256673,9.615384615384615,0.4431351579541625,0.6192307692307693,1.3076923076923077,4.710340298804192,3.230769230769231,0.7722222222222221,1.8461538461538463,0.23076923076923078,1.2307692307692308,0.5384615384615384,5
2022,UCF,14,9,32.857142857142854,23.642857142857142,6.193337990472112,7.40025178057834,9.928571428571429,0.4879601306579077,0.6071428571428571,2.4285714285714284,4.915437042689347,3.9285714285714284,0.4539115646258503,1.1428571428571428,-0.21428571428571427,1.0,0.6428571428571429,5
2022,UCLA,13,9,39.23076923076923,29.0,7.323881559217299,8.623994827005886,11.846153846153847,0.5131588183058772,0.7031135531135532,1.3846153846153846,3.8722793306721206,4.0,0.6061355311355311,2.1538461538461537,-0.15384615384615385,1.2307692307692308,0.6923076923076923,7
2022,UConn,13,6,19.384615384615383,26.23076923076923,5.245194269190476,5.480383103738367,7.846153846153846,0.37642553524906464,0.5757575757575757,1.3076923076923077,4.763852086877617,3.769230769230769,0.5814102564102565,1.7692307692307692,0.38461538461538464,1.7692307692307692,0.46153846153846156,2
2022,UL Monroe,12,4,22.333333333333332,34.416666666666664,5.414038203422394,7.358332920073501,6.083333333333333,0.43645885704709236,0.6041666666666666,2.75,4.939843604306356,4.0,0.7222943722943723,1.5,-0.16666666666666666,0.9166666666666666,0.3333333333333333,0
2022,UNLV,12,5,26.333333333333332,28.5,5.825412957482076,7.357169094373866,7.416666666666667,0.3885277508439273,0.5428571428571428,2.5,4.342520525599382,4.583333333333333,0.5150793650793651,1.8333333333333333,0.8333333333333334,1.8333333333333333,0.4166666666666667,3
2022,USC,14,11,41.357142857142854,29.214285714285715,7.268759805182205,9.230997445785297,11.785714285714286,0.553495337528951,0.7616496598639456,2.0714285714285716,5.0908482373000155,3.7857142857142856,0.7588435374149659,2.7857142857142856,1.5714285714285714,1.8571428571428572,0.7857142857142857,9
2022,UTEP,12,5,24.416666666666668,27.0,5.57069004658842,7.534287137698488,7.0,0.371560016780605,0.5319444444444444,1.6666666666666667,4.222747937161668,3.6666666666666665,0.5291666666666667,2.0,-0.3333333333333333,1.3333333333333333,0.4166666666666667,1
2022,UTSA,14,11,36.785714285714285,25.928571428571427,6.561774349598157,8.479483811843343,9.071428571428571,0.4606927736129417,0.6178571428571429,1.6428571428571428,4.489782135971053,3.0,0.5476190476190476,1.4285714285714286,0.07142857142857142,1.1428571428571428,0.7857142857142857,7
2022,Utah,14,10,38.642857142857146,21.428571428571427,6.625973944655941,7.945747285766105,9.357142857142858,0.47354420850661455,0.7636054421768707,1.0,3.7286179442893217,3.0714285714285716,0.7384615384615384,2.857142857142857,0.07142857142857142,1.2142857142857142,0.7142857142857143,8
2022,Utah State,13,6,22.23076923076923,31.153846153846153,4.858528517555886,6.18087350969527,6.384615384615385,0.34912511081837116,0.48055555555555557,2.3076923076923075,4.848905279976001,3.6923076923076925,0.6638278388278388,2.0,-0.8461538461538461,1.0,0.46153846153846156,0
2022,Vanderbilt,12,5,24.583333333333332,36.0,5.389089227828893,6.507394412404931,6.5,0.3924183387418681,0.5757575757575757,1.0833333333333333,5.806768161097533,3.5,0.6636904761904762,1.1666666666666667,0.08333333333333333,1.0833333333333333,0.4166666666666667,1
2022,Virginia,10,3,17.0,24.0,5.19009414357714,6.531246141199702,7.1,0.3332301032301032,0.5142857142857142,3.1,4.045417078853325,3.1,0.4966666666666667,2.8,-0.9,0.8,0.3,3
2022,Virginia Tech,11,3,19.272727272727273,24.727272727272727,4.841887543371187,6.318568804932441,6.545454545454546,0.31565659533573975,0.6599999999999999,2.5454545454545454,3.960947739730548,3.272727272727273,0.6272727272727273,1.9090909090909092,-0.7272727272727273,0.6363636363636364,0.2727272727272727,0
2022,Wake Forest,13,8,36.07692307692308,28.307692307692307,6.04787121030771,8.805988880100653,8.384615384615385,0.45831447963800903,0.7025641025641025,2.923076923076923,4.013306572123652,3.8461538461538463,0.5576388888888889,2.5384615384615383,-0.46153846153846156,0.9230769230769231,0.6153846153846154,5
2022,Washington,13,11,39.69230769230769,25.846153846153847,7.16375746679743,8.684944108472733,9.0,0.6103955057009356,0.6586080586080586,0.5384615384615384,3.7366411857101434,3.1538461538461537,0.5615079365079365,2.5384615384615383,-0.15384615384615385,0.5384615384615384,0.8461538461538461,8
2022,Washington State,13,7,26.076923076923077,22.923076923076923,5.644905286238351,6.524364089283736,7.076923076923077,0.3825226254256976,0.7333333333333333,3.0,4.228465495871682,3.3846153846153846,0.6047619047619047,2.5384615384615383,0.3076923076923077,1.3846153846153846,0.5384615384615384,2
2022,West Virginia,12,5,30.583333333333332,32.916666666666664,5.615838791410677,6.38303954931017,8.25,0.4174196174196174,0.5881944444444445,1.5833333333333333,4.237767474237716,3.5833333333333335,0.5236111111111111,2.0833333333333335,-0.6666666666666666,0.6666666666666666,0.4166666666666667,2
2022,Western Kentucky,14,9,36.42857142857143,23.428571428571427,7.098337218005325,8.219703199384735,10.0,0.437306554323361,0.5750000000000001,0.9285714285714286,4.241528102265884,3.2857142857142856,0.6214285714285714,2.0,0.9285714285714286,2.0714285714285716,0.6428571428571429,7
2022,Western Michigan,12,5,19.0,24.083333333333332,4.842806207493678,6.20744483344923,6.166666666666667,0.3199288048552755,0.4236111111111111,3.1666666666666665,4.244621416107978,3.5,0.566017316017316,1.5,-0.3333333333333333,1.25,0.4166666666666667,0
2022,Wisconsin,13,7,26.307692307692307,20.23076923076923,5.813555875933602,7.400575549387766,6.769230769230769,0.4165598290598291,0.6263888888888889,1.9230769230769231,3.045859169494117,3.076923076923077,0.5749084249084249,2.230769230769231,0.5384615384615384,1.5384615384615385,0.5384615384615384,3
2022,Wyoming,13,7,21.23076923076923,23.923076923076923,5.296380212193787,5.480510796306552,7.0,0.33991275818198896,0.5512820512820512,1.3846153846153846,4.314189758187457,3.6153846153846154,0.643040293040293,2.8461538461538463,-0.15384615384615385,1.0769230769230769,0.5384615384615384,2
2023,Air Force,13,9,27.846153846153847,18.153846153846153,6.081793443433018,13.980280830280831,8.307692307692308,0.48898964283579666,0.6205128205128205,0.7692307692307693,3.5502898357624657,2.230769230769231,0.7045454545454546,2.076923076923077,-0.15384615384615385,0.9230769230769231,0.6923076923076923,6
2023,Akron,12,2,16.25,28.0,4.3331698614534835,5.554163726127623,4.416666666666667,0.3453345265845266,0.5694444444444444,3.1666666666666665,4.510230537977234,3.0833333333333335,0.7791666666666667,1.6666666666666667,-0.3333333333333333,0.8333333333333334,0.16666666666666666,1
2023,Alabama,14,12,34.0,19.0,6.449515319394786,9.74242604789965,10.5,0.4666583416583417,0.6571428571428571,3.357142857142857,4.013678173086538,2.9285714285714284,0.5717948717948718,2.4285714285714284,0.6428571428571429,1.1428571428571428,0.8571428571428571,8
2023,App State,14,9,33.214285714285715,27.0,6.59882813309797,8.229102338716887,9.0,0.44200551647477787,0.6670068027210885,1.0714285714285714,5.310211601203258,3.642857142857143,0.5571428571428572,2.0714285714285716,0.21428571428571427,1.6428571428571428,0.6428571428571429,6
2023,Arizona,13,10,34.61538461538461,21.076923076923077,6.959955453332456,8.699170739652565,9.384615384615385,0.4748772532143573,0.7087912087912087,2.0,3.924926761175497,3.769230769230769,0.556959706959707,2.3846153846153846,0.07692307692307693,1.2307692307692308,0.7692307692307693,6
2023,Arizona State,12,3,17.75,31.833333333333332,5.133521447786653,6.1432395370303245,6.916666666666667,0.3421500068558892,0.5347222222222222,2.0833333333333335,4.585283419299377,4.333333333333333,0.5734126984126984,1.9166666666666667,-0.6666666666666666,0.5833333333333334,0.25,0
2023,Arkansas,12,4,26.583333333333332,27.916666666666668,5.275280717142143,7.042976689963694,6.916666666666667,0.3897192880648763,0.6444444444444445,3.5,4.407010289181568,3.8333333333333335,0.5331349206349206,2.5,0.3333333333333333,1.4166666666666667,0.3333333333333333,2
2023,Arkansas State,13,6,27.076923076923077,30.384615384615383,5.990886143006302,8.18133870430525,8.0,0.3787190373728835,0.4791666666666667,2.076923076923077,4.912832819221375,4.230769230769231,0.585042735042735,1.6153846153846154,0.15384615384615385,1.0769230769230769,0.46153846153846156,1
2023,Army,12,6,20.5,21.083333333333332,5.350360851621006,7.573445767195768,7.0,0.3986429964371141,0.4621212121212121,0.9166666666666666,5.623212302109855,2.8333333333333335,0.41944444444444445,1.3333333333333333,-0.16666666666666666,1.1666666666666667,0.5,3
2023,Auburn,13,6,26.153846153846153,22.615384615384617,5.534767600699288,6.611615977801716,8.461538461538462,0.3499748617395676,0.6731601731601732,2.5384615384615383,4.490387413302096,3.0,0.6243589743589744,2.230769230769231,0.23076923076923078,1.3076923076923077,0.46153846153846156,2
2023,BYU,12,5,23.083333333333332,29.833333333333332,5.341720462489897,6.325966409486107,7.25,0.3178765678765679,0.6819444444444445,1.5,4.8537324164694455,3.5,0.5055555555555555,0.9166666666666666,0.08333333333333333,1.25,0.4166666666666667,3
2023,Ball State,12,4,18.25,24.416666666666668,5.010421131472975,5.3599142176327375,7.166666666666667,0.3907407407407408,0.48333333333333334,2.0833333333333335,4.192697090952701,3.1666666666666665,0.5527777777777777,1.75,-0.4166666666666667,0.75,0.3333333333333333,1
2023,Baylor,12,3,23.083333333333332,33.333333333333336,5.539366617042901,7.460985851154617,7.25,0.3800315833404069,0.5541666666666666,2.5833333333333335,5.51028614509108,3.5,0.6472222222222223,1.4166666666666667,0.25,1.0833333333333333,0.25,0
2023,Boise State,14,8,32.142857142857146,25.571428571428573,6.748261309534288,8.973802659226566,9.642857142857142,0.4873372425893434,0.6869047619047619,1.1428571428571428,4.118662380499718,3.2857142857142856,0.7392857142857142,2.5,-0.2857142857142857,1.2142857142857142,0.5714285714285714,8
2023,Boston College,13,7,24.846153846153847,28.307692307692307,5.576228237189907,6.624552609476477,9.461538461538462,0.41586135412046343,0.7102564102564102,1.3076923076923077,5.1835778419315695,3.3076923076923075,0.7934065934065935,0.6923076923076923,-0.38461538461538464,0.9230769230769231,0.5384615384615384,3
2023,Bowling Green,13,7,26.153846153846153,24.0,5.605889072156577,6.91242702824412,7.923076923076923,0.3602838338132456,0.5615384615384615,2.0,4.445168945218209,2.923076923076923,0.7432234432234431,2.0,0.46153846153846156,1.8461538461538463,0.5384615384615384,2
2023,Buffalo,12,3,20.916666666666668,27.416666666666668,4.652498481186927,5.345386629141184,6.083333333333333,0.3540426266916205,0.7347222222222222,1.1666666666666667,5.156479999103744,3.25,0.6138888888888888,1.4166666666666667,0.16666666666666666,1.25,0.25,2
2023,California,13,6,30.23076923076923,32.76923076923077,5.680716298583514,6.586422226409687,8.923076923076923,0.40169669445687545,0.6344322344322345,1.6153846153846154,4.005008189182899,4.615384615384615,0.6805860805860806,1.5384615384615385,-0.5384615384615384,1.3076923076923077,0.46153846153846156,0
2023,Central Michigan,12,5,23.166666666666668,31.083333333333332,5.520934289658225,6.925790334276646,7.75,0.35713006356388705,0.775,2.0,5.224024105274105,3.25,0.7430555555555555,1.4166666666666667,-0.75,0.5833333333333334,0.4166666666666667,1
2023,Charlotte,12,3,17.5,28.583333333333332,4.900477433253966,6.326790592305298,6.833333333333333,0.26319913030439346,0.5162698412698413,2.4166666666666665,4.6158129248439055,3.9166666666666665,0.4803030303030303,1.4166666666666667,-0.5,1.0833333333333333,0.25,1
2023,Cincinnati,12,3,24.083333333333332,30.0,5.939960994361333,7.053145635450451,9.5,0.43311711436711436,0.5043650793650793,2.0,5.552292150107319,3.6666666666666665,0.7000000000000001,1.25,-0.08333333333333333,1.0,0.25,1
2023,Clemson,13,9,29.846153846153847,21.076923076923077,5.607698625886342,6.269515049664064,8.23076923076923,0.4193112443112443,0.5391941391941392,1.6923076923076923,3.7918327507834766,2.076923076923077,0.7717948717948718,2.3846153846153846,0.23076923076923078,1.7692307692307692,0.6923076923076923,2
2023,Coastal Carolina,13,8,27.692307692307693,23.846153846153847,6.410800584019253,8.589140163824569,8.23076923076923,0.4763205120671184,0.4371794871794872,1.2307692307692308,4.892530370573059,3.5384615384615383,0.5384615384615384,1.3846153846153846,0.6923076923076923,1.5384615384615385,0.6153846153846154,6
2023,Colorado,12,4,28.166666666666668,34.833333333333336,5.402711933223682,7.491455888020524,6.916666666666667,0.40639252495870143,0.8166666666666668,4.25,4.72968526496823,4.333333333333333,0.6972222222222223,2.25,0.8333333333333334,1.5833333333333333,0.3333333333333333,2
2023,Colorado State,12,5,26.083333333333332,29.583333333333332,5.836899488530714,7.521183954348932,5.666666666666667,0.3933154468080939,0.5472222222222222,1.0,4.2749716742897474,3.8333333333333335,0.591468253968254,2.5833333333333335,-1.0,0.9166666666666666,0.4166666666666667,2
2023,Duke,13,8,26.923076923076923,19.0,5.740154465465773,6.847186265452787,7.153846153846154,0.397306501944511,0.6263888888888889,1.1538461538461537,4.076086283661781,3.0,0.48296703296703297,2.076923076923077,0.3076923076923077,1.1538461538461537,0.6153846153846154,4
2023,East Carolina,12,2,17.333333333333332,22.416666666666668,4.561221994387796,5.4392755964657225,5.5,0.3205750873223783,0.47034632034632035,2.1666666666666665,3.8060893269309837,3.0833333333333335,0.5233333333333333,1.5,-0.5,1.0,0.16666666666666666,2
2023,Eastern Michigan,13,6,19.53846153846154,26.692307692307693,4.4895014039876795,5.3594224696611965,5.0,0.35472687192144203,0.5152777777777778,2.1538461538461537,5.270045228559496,4.0,0.4826007326007326,1.3846153846153846,-0.07692307692307693,1.0769230769230769,0.46153846153846156,1
2023,Florida,12,5,28.416666666666668,27.583333333333332,6.286797533311457,8.143325657153694,9.0,0.4014084703422938,0.6777777777777777,2.5833333333333335,4.89201477322167,3.25,0.6097222222222222,1.75,-0.3333333333333333,0.4166666666666667,0.4166666666666667,4
2023,Florida Atlantic,12,4,23.75,25.5,5.609569054984835,6.754378125742224,6.833333333333333,0.35988464830376593,0.5597222222222222,2.4166666666666665,4.22248627599272,3.5,0.7011904761904763,2.0833333333333335,-0.25,1.1666666666666667,0.3333333333333333,0
2023,Florida International,12,4,20.083333333333332,31.833333333333332,5.240886078266895,6.840017236505055,5.75,0.28691069959452314,0.6791666666666667,3.4166666666666665,4.766208181386302,3.75,0.5083333333333333,1.1666666666666667,-0.5,1.0833333333333333,0.3333333333333333,2
2023,Florida State,14,13,34.57142857142857,19.285714285714285,6.405773682367569,8.04131950693321,8.928571428571429,0.37673176496705907,0.5702380952380952,1.7857142857142858,4.4816763514692095,3.2142857142857144,0.4928571428571429,2.9285714285714284,0.5714285714285714,1.0,0.9285714285714286,7
2023,Fresno State,13,9,30.46153846153846,23.46153846153846,5.769889357925644,7.127454037905546,6.6923076923076925,0.4609468836844402,0.6846153846153846,2.230769230769231,4.310135223911649,2.769230769230769,0.6625,2.076923076923077,0.46153846153846156,1.3846153846153846,0.6923076923076923,3
2023,Georgia,14,13,40.142857142857146,15.642857142857142,7.333469055262576,9.414775690965106,10.928571428571429,0.5705554366268653,0.6952380952380953,0.8571428571428571,3.8039955291848733,2.5,0.5964285714285714,2.0,0.21428571428571427,1.0,0.9285714285714286,9
2023,Georgia Southern,13,6,30.153846153846153,30.46153846153846,5.9085878853247875,6.95922084596323,8.076923076923077,0.4714289795172148,0.5551282051282052,2.4615384615384617,4.887316737939219,4.384615384615385,0.647985347985348,1.7692307692307692,-0.8461538461538461,1.3846153846153846,0.46153846153846156,1
2023,Georgia State,13,7,27.23076923076923,30.076923076923077,6.0221522088300565,7.465753507248328,8.692307692307692,0.4762515262515263,0.6222222222222222,1.2307692307692308,4.464002381239766,3.5384615384615383,0.63003663003663,2.230769230769231,0.15384615384615385,1.1538461538461537,0.5384615384615384,2
2023,Georgia Tech,13,7,31.076923076923077,29.46153846153846,6.600340047030638,7.796939878189878,9.538461538461538,0.43530507953584874,0.6294871794871795,1.1538461538461537,5.701275497022795,4.230769230769231,0.6871794871794872,1.3846153846153846,0.0,1.5384615384615385,0.5384615384615384,3
2023,Hawai'i,13,5,21.384615384615383,32.23076923076923,5.398563026169086,6.6904795484423865,6.3076923076923075,0.3675115545590658,0.5958333333333333,2.8461538461538463,4.717830517629588,3.3846153846153846,0.49743589743589745,1.5384615384615385,-0.38461538461538464,0.9230769230769231,0.38461538461538464,1
2023,Houston,12,4,23.666666666666668,31.5,5.626368386897859,7.121724550953624,8.083333333333334,0.3432336182336182,0.6,2.3333333333333335,4.397101684373926,3.8333333333333335,0.7430555555555555,2.0833333333333335,-0.3333333333333333,1.0,0.3333333333333333,0
2023,Illinois,12,5,24.5,29.416666666666668,6.1058241026730125,7.98854653438135,7.666666666666667,0.4039771571021571,0.7222222222222222,3.0833333333333335,4.339659170908173,4.333333333333333,0.6708333333333334,1.75,-0.3333333333333333,1.0833333333333333,0.4166666666666667,2
2023,Indiana,12,3,22.166666666666668,29.916666666666668,5.505080456000948,7.3256008580310015,7.333333333333333,0.3862740405019817,0.5545454545454546,1.6666666666666667,4.777458699199565,3.6666666666666665,0.5978174603174603,1.4166666666666667,-0.25,0.75,0.25,0
2023,Iowa,14,10,15.428571428571429,14.785714285714286,3.9964587713990007,4.785664240415551,4.428571428571429,0.29005119530329615,0.3888888888888889,2.2857142857142856,3.308526030619102,2.2142857142857144,0.39999999999999997,2.0,-0.07142857142857142,1.0,0.7142857142857143,4
2023,Iowa State,13,7,26.23076923076923,22.76923076923077,6.623930235361682,8.89154360902401,6.230769230769231,0.3961862672269912,0.6460317460317461,0.9230769230769231,4.0617583287551176,3.0,0.5772893772893772,1.5384615384615385,0.6153846153846154,1.3076923076923077,0.5384615384615384,5
2023,Jacksonville State,13,9,30.153846153846153,21.153846153846153,5.525766061909909,6.257203211374663,9.846153846153847,0.38300557404808416,0.6576923076923078,1.0,2.819652387716819,2.5384615384615383,0.5555555555555555,2.769230769230769,0.23076923076923078,1.6153846153846154,0.6923076923076923,5
2023,James Madison,13,11,34.07692307692308,19.46153846153846,6.392643183056952,8.69517075545468,8.153846153846153,0.3772168002937234,0.5967032967032967,1.5384615384615385,2.559673292963058,2.4615384615384617,0.556060606060606,2.8461538461538463,0.3076923076923077,1.3846153846153846,0.8461538461538461,8
2023,Kansas,13,9,34.76923076923077,26.53846153846154,7.3912084980424755,9.769673628707483,10.615384615384615,0.47268319915378737,0.6442460317460318,1.0,4.5648996841058835,3.6923076923076925,0.7717948717948718,1.8461538461538463,0.23076923076923078,1.2307692307692308,0.6923076923076923,6
2023,Kansas State,13,9,37.07692307692308,21.0,6.0785239967944795,7.432112072767749,10.461538461538462,0.4789260447729856,0.795054945054945,1.2307692307692308,4.877206963264656,2.4615384615384617,0.3783333333333333,1.9230769230769231,0.6923076923076923,1.6153846153846154,0.6923076923076923,8
2023,Kent State,12,1,14.666666666666666,34.583333333333336,4.536389937323377,6.843493091836016,5.416666666666667,0.298668161903456,0.375,3.1666666666666665,4.944689951713278,4.0,0.7589285714285715,0.8333333333333334,-0.16666666666666666,0.6666666666666666,0.08333333333333333,0
2023,Kentucky,13,7,29.076923076923077,25.846153846153847,6.093398376051412,6.919784027029684,7.384615384615385,0.39345376845376845,0.7730769230769231,1.6153846153846154,3.3523028447349477,3.4615384615384617,0.6282051282051282,2.5384615384615383,-0.15384615384615385,1.1538461538461537,0.5384615384615384,3
2023,LSU,13,10,45.53846153846154,28.0,8.572437066642461,10.69040135876974,12.538461538461538,0.5593253968253968,0.7243589743589743,1.6153846153846154,4.856999326181426,3.5384615384615383,0.7291666666666666,2.1538461538461537,0.38461538461538464,0.9230769230769231,0.7692307692307693,6
2023,Liberty,14,13,38.285714285714285,24.285714285714285,7.161727959273899,8.946990209855525,12.5,0.515641699570271,0.7454931972789115,0.5,4.444146343813633,3.2857142857142856,0.60578231292517,1.5714285714285714,0.35714285714285715,1.5714285714285714,0.9285714285714286,7
2023,Louisiana,13,6,32.15384615384615,28.615384615384617,6.5060948232371665,8.17630984931084,8.461538461538462,0.4428556486248794,0.5474358974358974,1.6153846153846154,4.293684322549572,4.384615384615385,0.6521978021978021,2.1538461538461537,0.0,1.3846153846153846,0.46153846153846156,4
2023,Louisiana Tech,12,3,25.916666666666668,33.416666666666664,5.787170000349678,7.293100409797667,7.083333333333333,0.30761566864508044,0.6069444444444444,1.75,5.563406892691309,3.4166666666666665,0.8125,1.25,-0.4166666666666667,0.8333333333333334,0.25,0
2023,Louisville,14,10,30.714285714285715,21.285714285714285,6.431641320052059,8.615696848965483,8.357142857142858,0.39274477273426855,0.5916666666666667,2.0714285714285716,3.5013695396727234,2.4285714285714284,0.5750000000000001,2.2857142857142856,0.21428571428571427,1.2857142857142858,0.7142857142857143,4
2023,Marshall,13,6,22.76923076923077,28.692307692307693,5.771091131469967,7.327794851260325,6.769230769230769,0.31128226348814586,0.45416666666666666,2.4615384615384617,4.694357910821325,3.6923076923076925,0.47435897435897434,2.3846153846153846,-0.8461538461538461,1.0769230769230769,0.46153846153846156,1
2023,Maryland,13,8,29.692307692307693,22.46153846153846,6.050027126922537,7.833936710950336,7.3076923076923075,0.4437863081587778,0.7551282051282051,1.8461538461538463,3.596560892749908,3.8461538461538463,0.5782051282051281,2.5384615384615383,0.15384615384615385,1.5384615384615385,0.6153846153846154,4
2023,Massachusetts,12,3,23.166666666666668,37.833333333333336,6.15282668586449,7.311256421496967,8.416666666666666,0.36920949420949417,0.5242424242424243,1.6666666666666667,5.831380937051866,3.75,0.5982142857142857,1.1666666666666667,-0.3333333333333333,0.9166666666666666,0.25,1
2023,Memphis,13,10,39.38461538461539,28.76923076923077,6.580704750871262,8.471667914641163,9.23076923076923,0.4574862553101419,0.8415750915750915,1.4615384615384615,4.447382809081043,3.923076923076923,0.5057539682539682,1.7692307692307692,0.38461538461538464,1.4615384615384615,0.7692307692307693,8
2023,Miami,13,7,31.46153846153846,22.76923076923077,6.456134607281476,7.820319046354327,8.76923076923077,0.43262417572372325,0.6254578754578755,1.0769230769230769,3.354771282375647,3.5384615384615383,0.5708791208791208,2.3846153846153846,-0.46153846153846156,1.1538461538461537,0.5384615384615384,3
2023,Miami (OH),14,11,25.642857142857142,15.928571428571429,5.832915176842816,7.7736593222338515,6.785714285714286,0.34855224140938423,0.45714285714285713,1.5,3.832602706818799,2.9285714285714284,0.49659863945578225,2.2857142857142856,-0.07142857142857142,0.9285714285714286,0.7857142857142857,4
2023,Michigan,15,15,35.86666666666667,10.4,6.284032437785644,8.852823923631975,7.533333333333333,0.4197979797979798,0.7304761904761905,1.3333333333333333,3.282916525535095,1.4666666666666666,0.38888888888888884,2.2666666666666666,1.1333333333333333,1.4666666666666666,1.0,10
2023,Michigan State,12,4,15.916666666666666,28.333333333333332,4.692689341945079,6.360490688510153,5.166666666666667,0.3153286528286528,0.6666666666666666,1.75,4.185842439829509,4.083333333333333,0.6337301587301587,2.3333333333333335,-0.8333333333333334,0.8333333333333334,0.3333333333333333,0
2023,Middle Tennessee,12,4,24.25,28.083333333333332,5.874264243713722,7.503994323673116,7.75,0.4018732492997199,0.5333333333333333,2.5,3.9889323438892403,3.75,0.6444444444444445,1.75,-0.16666666666666666,1.25,0.3333333333333333,0
2023,Minnesota,13,6,20.923076923076923,26.692307692307693,4.821501645343265,6.07779692744809,6.769230769230769,0.3585682479913249,0.5954545454545455,1.5384615384615385,4.400959361592846,3.1538461538461537,0.6564102564102564,2.0,0.07692307692307693,1.0769230769230769,0.46153846153846156,2
2023,Mississippi State,12,5,21.833333333333332,26.583333333333332,5.2120890172912295,6.0494014728275625,6.666666666666667,0.2989000582750583,0.5194444444444445,2.0,4.070345507561386,2.8333333333333335,0.6749999999999999,2.1666666666666665,-0.08333333333333333,0.9166666666666666,0.4166666666666667,1
2023,Missouri,13,11,32.53846153846154,20.846153846153847,6.532387464691238,8.944309406062029,9.76923076923077,0.41196669092596694,0.5908424908424909,1.9230769230769231,3.8486176595719814,3.0,0.5236111111111111,2.8461538461538463,0.5384615384615384,1.1538461538461537,0.8461538461538461,8
2023,NC State,13,9,26.23076923076923,20.76923076923077,5.508339600529414,6.779924645774306,7.384615384615385,0.4044524975699065,0.6051282051282051,1.7692307692307692,4.215446823967667,2.6153846153846154,0.6807692307692308,2.0,0.5384615384615384,1.5384615384615385,0.6923076923076923,2
2023,Navy,12,5,17.666666666666668,22.416666666666668,4.930384183730278,6.641427050297286,6.333333333333333,0.30604709832651006,0.4924242424242424,2.0,3.6287599148648932,2.5,0.49000000000000005,2.3333333333333335,0.5,1.4166666666666667,0.4166666666666667,4
2023,Nebraska,12,5,18.0,18.25,5.590641370686257,6.702951824004455,7.666666666666667,0.3854016354016354,0.4696969696969697,2.25,3.2348740253175734,2.8333333333333335,0.4375,2.6666666666666665,-1.25,0.9166666666666666,0.4166666666666667,5
2023,Nevada,12,2,17.333333333333332,33.416666666666664,4.6251428070069975,6.03692561080889,7.0,0.33520646020646017,0.5287878787878788,3.25,5.8236997605612935,3.3333333333333335,0.6529761904761905,1.25,0.0,1.25,0.16666666666666666,0
2023,New Mexico,12,4,27.25,35.083333333333336,6.447963319987427,8.137139813873025,9.833333333333334,0.4277408264250369,0.7083333333333334,1.3333333333333333,5.221757127314426,3.9166666666666665,0.6444444444444445,1.0,-0.8333333333333334,0.4166666666666667,0.3333333333333333,5
2023,New Mexico State,15,10,27.466666666666665,22.8,6.810936435792822,8.371308850302366,9.6,0.4208263958263958,0.5888888888888889,1.5333333333333334,4.407392612722758,3.933333333333333,0.5017857142857143,1.7333333333333334,-0.2,0.6666666666666666,0.6666666666666666,5
2023,North Carolina,13,8,34.53846153846154,27.307692307692307,6.688109144941515,8.479913545684688,9.461538461538462,0.48308844247758276,0.6227106227106227,2.6153846153846154,4.5933484571719365,3.8461538461538463,0.5714285714285714,1.7692307692307692,0.46153846153846156,1.5384615384615385,0.6153846153846154,5
2023,North Texas,12,5,34.5,37.083333333333336,6.52690300988489,7.701228897436454,10.25,0.41004076941576945,0.7041666666666666,2.9166666666666665,5.9221109192382455,3.9166666666666665,0.7720238095238096,1.3333333333333333,-0.16666666666666666,1.0833333333333333,0.4166666666666667,4
2023,Northern Illinois,13,7,24.923076923076923,21.0,6.225619881220617,6.901610631584348,7.6923076923076925,0.4111938966011364,0.4987179487179487,1.0,4.269072831092071,3.230769230769231,0.5807692307692307,1.5384615384615385,-0.07692307692307693,1.0,0.5384615384615384,2
2023,Northwestern,13,8,22.076923076923077,22.53846153846154,4.7954023006880275,7.12359719086011,5.846153846153846,0.4085788582960529,0.6153846153846154,3.8461538461538463,4.264290863573161,3.3846153846153846,0.6641025641025641,2.1538461538461537,0.6923076923076923,1.3076923076923077,0.6153846153846154,1
2023,Notre Dame,13,10,39.15384615384615,15.923076923076923,7.063201847464745,9.306599631268561,9.846153846153847,0.4762107550569089,0.7560439560439561,1.1538461538461537,3.4943344197437147,2.5384615384615383,0.41666666666666663,2.230769230769231,0.6153846153846154,1.6153846153846154,0.7692307692307693,12
2023,Ohio,13,10,24.307692307692307,15.846153846153847,5.377153672995533,7.147300942089732,6.6923076923076925,0.4627792142498025,0.576007326007326,1.1538461538461537,3.325268312042231,2.230769230769231,0.5307692307692308,2.6153846153846154,0.6923076923076923,1.5384615384615385,0.7692307692307693,8
2023,Ohio State,13,11,30.53846153846154,11.23076923076923,6.6552095692585596,8.819914877931668,7.923076923076923,0.44527106880048056,0.6569444444444444,1.1538461538461537,3.7104491730435942,2.076923076923077,0.5833333333333333,1.7692307692307692,0.07692307692307693,0.6153846153846154,0.8461538461538461,6
2023,Oklahoma,13,10,41.69230769230769,23.46153846153846,7.023551915418988,9.720184426763375,10.461538461538462,0.5356074481074481,0.6381562881562881,1.2307692307692308,4.012907068708999,3.1538461538461537,0.4930555555555556,1.5384615384615385,0.6923076923076923,1.7692307692307692,0.7692307692307693,10
2023,Oklahoma State,14,10,29.571428571428573,28.571428571428573,6.061742819717244,6.808035783776556,8.071428571428571,0.41019808272959535,0.6428571428571429,0.8571428571428571,4.892423104247253,2.642857142857143,0.6243589743589744,1.5714285714285714,0.0,1.3571428571428572,0.7142857142857143,2
2023,Old Dominion,13,6,23.846153846153847,27.153846153846153,5.753413680790843,7.277120374979907,8.615384615384615,0.4127475161709503,0.5615384615384615,4.461538461538462,3.930756062048847,4.153846153846154,0.6123931623931624,1.1538461538461537,0.5384615384615384,1.4615384615384615,0.46153846153846156,1
2023,Ole Miss,13,11,35.07692307692308,22.53846153846154,6.674114280809627,9.391527822813002,12.0,0.3808155519693981,0.6499999999999999,1.7692307692307692,4.37009615902877,3.1538461538461537,0.6763888888888889,2.5384615384615383,0.8461538461538461,1.3076923076923077,0.8461538461538461,7
2023,Oregon,14,12,44.214285714285715,16.5,7.991799183010108,9.661659812995595,10.142857142857142,0.49770408163265306,0.7676870748299319,0.35714285714285715,3.7180804208693226,2.9285714285714284,0.5654761904761905,2.4285714285714284,0.7142857142857143,1.1428571428571428,0.8571428571428571,10
2023,Oregon State,13,8,31.846153846153847,22.923076923076923,6.5875850922280685,8.42763391227995,9.615384615384615,0.3956451667990129,0.8047619047619047,1.4615384615384615,3.18646731049724,3.3846153846153846,0.6254578754578755,2.769230769230769,0.3076923076923077,1.2307692307692308,0.6153846153846154,7
2023,Penn State,13,10,36.23076923076923,13.461538461538462,5.829803735976785,6.777716849535714,7.230769230769231,0.41480144415664777,0.7756410256410257,1.0,2.1229275320775267,1.9230769230769231,0.5166666666666667,3.6153846153846154,0.8461538461538461,1.2307692307692308,0.7692307692307693,9
2023,Pittsburgh,12,3,20.166666666666668,27.333333333333332,5.38816463773728,7.282696250753557,6.5,0.3166125541125541,0.7133333333333334,1.8333333333333333,3.700629052195144,3.5,0.5982683982683983,2.1666666666666665,-0.3333333333333333,1.3333333333333333,0.25,1
2023,Purdue,12,4,23.916666666666668,30.416666666666668,5.465443452743471,6.598633429286603,8.083333333333334,0.3649714052287582,0.5319444444444444,1.8333333333333333,4.150148627081625,3.5833333333333335,0.6402777777777778,2.5,0.08333333333333333,1.25,0.3333333333333333,1
2023,Rice,13,6,29.53846153846154,28.076923076923077,6.100664028163871,7.992739627188104,7.384615384615385,0.4055906700137469,0.8208333333333333,1.9230769230769231,4.528283570186596,3.5384615384615383,0.5824175824175823,1.7692307692307692,-0.5384615384615384,0.8461538461538461,0.46153846153846156,2
2023,Rutgers,13,7,23.23076923076923,21.23076923076923,4.97454681909955,6.0316987622138685,6.230769230769231,0.36576286960902343,0.5777777777777778,1.0769230769230769,3.9869370881251456,3.0,0.6807692307692308,1.6923076923076923,0.5384615384615384,1.2307692307692308,0.5384615384615384,3
2023,SMU,14,11,38.714285714285715,17.785714285714285,6.4515478304601706,8.953132365809838,9.428571428571429,0.44276758488943363,0.7164835164835165,1.0714285714285714,3.40119795936405,2.5,0.6,3.142857142857143,0.35714285714285715,1.1428571428571428,0.7857142857142857,11
2023,Sam Houston,12,3,20.0,26.166666666666668,4.713947883970965,5.997912111204671,4.75,0.3545875907718013,0.6909090909090909,1.1666666666666667,4.4921331535900615,3.0,0.7444444444444445,1.4166666666666667,0.25,1.5,0.25,3
2023,San Diego State,12,4,20.5,26.75,5.306754989284859,6.56118521560932,6.25,0.3945078539022038,0.48787878787878786,1.5,5.416770254710124,2.9166666666666665,0.6984848484848485,1.1666666666666667,0.25,1.4166666666666667,0.3333333333333333,2
2023,San José State,13,7,31.846153846153847,25.615384615384617,6.7179236341831094,8.13295629858057,9.23076923076923,0.46573145306176983,0.5857142857142856,1.5384615384615385,4.584890245688707,2.769230769230769,0.7430555555555555,1.5384615384615385,0.38461538461538464,1.0769230769230769,0.5384615384615384,6
2023,South Alabama,13,7,33.07692307692308,21.0,6.650040720996662,8.331992792875457,9.846153846153847,0.4549180583117235,0.6813186813186813,1.4615384615384615,3.614044739797659,2.3846153846153846,0.45416666666666666,1.6923076923076923,0.15384615384615385,1.3846153846153846,0.5384615384615384,10
2023,South Carolina,12,5,26.0,26.333333333333332,5.915706338104752,8.533181584744085,6.916666666666667,0.36905270655270656,0.6930555555555555,3.5,4.208221942542363,3.5833333333333335,0.5375,1.4166666666666667,0.4166666666666667,1.4166666666666667,0.4166666666666667,3
2023,South Florida,13,7,31.923076923076923,32.23076923076923,5.795572736038528,7.847622840887606,9.307692307692308,0.3767589909230776,0.6851190476190476,3.1538461538461537,4.145890922319994,3.3846153846153846,0.7450396825396824,1.6153846153846154,0.07692307692307693,1.5384615384615385,0.5384615384615384,2
2023,Southern Miss,12,3,23.166666666666668,35.75,5.11003677708623,6.368563113306615,8.666666666666666,0.38976883002618296,0.44517195767195766,2.4166666666666665,5.231869500724753,3.75,0.6964285714285715,2.0,0.08333333333333333,1.1666666666666667,0.25,0
2023,Stanford,12,3,20.583333333333332,37.666666666666664,5.085546234499135,6.544491236073143,7.0,0.35184916813206285,0.4680555555555555,3.1666666666666665,4.427357693099766,4.333333333333333,0.7819444444444444,1.9166666666666667,-0.16666666666666666,0.75,0.25,0
2023,Syracuse,13,6,23.53846153846154,25.384615384615383,5.290869136824416,6.71268667822071,7.769230769230769,0.38918011614486964,0.5545634920634921,2.1538461538461537,3.7743504531544447,3.6153846153846154,0.5003968253968254,2.1538461538461537,-0.07692307692307693,1.3846153846153846,0.46153846153846156,1
2023,TCU,12,5,31.333333333333332,27.833333333333332,6.451918485893784,7.658454699969803,8.833333333333334,0.48168674219370816,0.5708333333333333,1.3333333333333333,3.942175468168934,3.75,0.6041666666666666,1.9166666666666667,-0.6666666666666666,0.75,0.4166666666666667,3
2023,Temple,12,3,21.083333333333332,35.666666666666664,5.357932615843327,6.518343585359602,6.0,0.388972383825325,0.6124999999999999,1.4166666666666667,4.8222251674108305,4.333333333333333,0.665079365079365,1.8333333333333333,-1.3333333333333333,0.4166666666666667,0.25,1
2023,Tennessee,13,9,31.76923076923077,20.307692307692307,6.474280098190154,7.544050510594638,9.384615384615385,0.43268764920348635,0.47564102564102567,1.6923076923076923,3.5811528235798757,3.0,0.47564102564102567,2.8461538461538463,0.46153846153846156,1.0769230769230769,0.6923076923076923,6
2023,Texas,14,12,35.785714285714285,18.928571428571427,6.664632077067536,8.351815505318845,9.214285714285714,0.39243603618603623,0.4720238095238095,1.8571428571428572,2.7109440143143217,2.857142857142857,0.532051282051282,2.0714285714285716,0.21428571428571427,1.3571428571428572,0.8571428571428571,8
2023,Texas A&M,13,7,33.30769230769231,22.076923076923077,6.068203022629816,8.2777523553655,8.461538461538462,0.4343120931356225,0.575091575091575,2.0,3.6988738353552657,2.3846153846153846,0.39999999999999997,2.923076923076923,-0.3076923076923077,0.8461538461538461,0.5384615384615384,6
2023,Texas State,13,8,36.69230769230769,32.84615384615385,6.507326951316249,8.364413162950028,10.076923076923077,0.4726964023909725,0.6366300366300367,1.9230769230769231,4.589196081737465,4.230769230769231,0.6895604395604397,2.230769230769231,0.23076923076923078,1.6923076923076923,0.6153846153846154,5
2023,Texas Tech,13,7,27.384615384615383,26.0,5.415091306290043,6.3098678757031665,7.0,0.4088925568623116,0.6820512820512821,1.7692307692307692,4.395488437610008,3.8461538461538463,0.5634615384615385,2.0,-0.3076923076923077,1.2307692307692308,0.5384615384615384,1
2023,Toledo,14,11,32.285714285714285,20.285714285714285,6.652103894736619,8.089107905918164,9.0,0.44645949288806436,0.7450680272108843,0.7142857142857143,4.15911768527288,3.2142857142857144,0.4797619047619048,2.5714285714285716,0.07142857142857142,1.2142857142857142,0.7857142857142857,9
2023,Troy,14,11,29.642857142857142,17.142857142857142,6.230904105553919,8.057368904310716,8.5,0.4148267815284622,0.6443877551020408,1.7142857142857142,3.2876351000523516,2.9285714285714284,0.4583333333333333,3.0,0.2857142857142857,1.2142857142857142,0.7857142857142857,7
2023,Tulane,14,11,26.357142857142858,20.5,6.064636751379359,8.765511883904416,8.571428571428571,0.3900504257647115,0.4988095238095238,1.8571428571428572,3.726522090144845,3.142857142857143,0.5557823129251701,2.2857142857142856,0.5714285714285714,1.7142857142857142,0.7857142857142857,3
2023,Tulsa,12,4,23.416666666666668,33.833333333333336,5.603220523499446,7.831489016696925,7.916666666666667,0.4794828401446049,0.575,2.0,5.094647828415646,3.9166666666666665,0.6460317460317461,1.5833333333333333,-0.5,1.1666666666666667,0.3333333333333333,1
2023,UAB,12,4,29.916666666666668,36.916666666666664,6.831644032588599,8.559622062696775,9.916666666666666,0.4261126665731929,0.525,2.5,5.360391678038372,4.833333333333333,0.6770833333333334,2.25,0.0,1.4166666666666667,0.3333333333333333,3
2023,UCF,13,6,31.307692307692307,25.76923076923077,7.102130049283586,9.572721690865283,11.615384615384615,0.5213393444162675,0.6415750915750915,1.7692307692307692,4.830286840930374,4.076923076923077,0.548992673992674,1.9230769230769231,0.15384615384615385,1.2307692307692308,0.46153846153846156,5
2023,UCLA,13,8,26.46153846153846,18.384615384615383,6.186484844714945,7.5753150831157825,9.846153846153847,0.4624462509256508,0.5399267399267399,3.076923076923077,2.760303066858948,3.0,0.4423076923076923,2.923076923076923,0.07692307692307693,1.5384615384615385,0.6153846153846154,8
2023,UConn,12,3,19.083333333333332,29.833333333333332,5.110568677504968,6.077088400588237,6.583333333333333,0.36425291076026367,0.6468253968253969,0.75,4.467665146181425,3.6666666666666665,0.5430555555555555,0.9166666666666666,-0.5,0.8333333333333334,0.25,2
2023,UL Monroe,12,2,17.333333333333332,34.916666666666664,5.232825248182899,5.825152893459182,7.0,0.3262713894292842,0.3611111111111111,2.6666666666666665,4.440331071018498,4.5,0.5982142857142857,1.8333333333333333,0.0,1.3333333333333333,0.16666666666666666,0
2023,UNLV,14,9,34.42857142857143,28.571428571428573,6.336635102053676,8.327590599271957,8.571428571428571,0.5048183148857629,0.7141156462585033,1.4285714285714286,4.398512417761187,3.5714285714285716,0.588095238095238,1.5714285714285714,0.5714285714285714,1.6428571428571428,0.6428571428571429,7
2023,USC,13,8,41.84615384615385,34.38461538461539,7.772781908250112,9.524835712912637,10.846153846153847,0.4295944496349354,0.7293040293040293,2.3076923076923075,5.075955542743202,4.230769230769231,0.6646520146520147,2.1538461538461537,-0.23076923076923078,0.8461538461538461,0.6153846153846154,5
2023,UTEP,12,3,19.916666666666668,28.5,5.653096213044126,7.969090391028305,8.166666666666666,0.3452161873214505,0.5541666666666667,2.1666666666666665,5.383729481405646,3.75,0.7803571428571429,1.5833333333333333,-0.5,0.8333333333333334,0.25,0
2023,UTSA,13,9,31.923076923076923,24.076923076923077,5.80048773179856,7.287186230365331,8.615384615384615,0.47658410593930955,0.7685897435897436,1.8461538461538463,3.8980930493912314,3.076923076923077,0.5347222222222222,3.1538461538461537,-0.6153846153846154,1.0,0.6923076923076923,5
2023,Utah,13,8,23.153846153846153,19.307692307692307,5.165481462356458,6.607441912686586,7.384615384615385,0.4122286587218714,0.5564102564102564,1.7692307692307692,3.3384442874032203,2.3846153846153846,0.6089743589743589,2.769230769230769,-0.23076923076923078,0.8461538461538461,0.6153846153846154,4
2023,Utah State,13,6,33.15384615384615,34.69230769230769,6.147413535660727,7.745300338682397,8.923076923076923,0.3594421101774043,0.6583333333333333,2.923076923076923,5.147114514481071,4.6923076923076925,0.6408424908424908,2.0,-0.23076923076923078,1.2307692307692308,0.46153846153846156,2
2023,Vanderbilt,12,2,22.833333333333332,36.166666666666664,5.463710925572232,6.804030766346805,6.833333333333333,0.3193591617933723,0.5555555555555555,2.0,5.306655124957825,4.166666666666667,0.5680555555555555,1.75,-0.4166666666666667,1.0833333333333333,0.16666666666666666,0
2023,Virginia,12,3,23.25,33.75,5.52518226010397,7.944705464573886,7.5,0.39073242002808567,0.548611111111111,3.1666666666666665,5.2371779636366815,3.0833333333333335,0.7361111111111112,0.9166666666666666,-0.25,1.1666666666666667,0.25,1
2023,Virginia Tech,13,7,29.53846153846154,23.923076923076923,6.1401988195928965,7.55969639780936,8.923076923076923,0.3527049873203719,0.5468253968253969,1.6923076923076923,4.196245456905277,2.6153846153846154,0.7111111111111111,2.8461538461538463,-0.23076923076923078,0.8461538461538461,0.5384615384615384,3
2023,Wake Forest,12,4,20.25,27.166666666666668,5.2255939369501005,7.544622776102357,6.333333333333333,0.35608786638198403,0.5253968253968254,3.5,4.548855981955259,3.25,0.4777777777777778,1.8333333333333333,-0.25,1.0833333333333333,0.3333333333333333,1
2023,Washington,15,14,36.0,24.8,7.075263650999211,9.000605650940262,8.4,0.4615392015392015,0.6557142857142857,0.8,5.004761823684291,3.4,0.7344444444444443,1.3333333333333333,0.2,1.3333333333333333,0.9333333333333333,5
2023,Washington State,12,5,31.666666666666668,28.083333333333332,6.02172824518462,8.121117932356402,8.0,0.43995433352051,0.703968253968254,3.0,4.578229664830365,3.5,0.7057539682539682,1.5833333333333333,-0.3333333333333333,1.1666666666666667,0.4166666666666667,2
2023,West Virginia,13,9,31.46153846153846,26.153846153846153,6.406009731115597,7.878868509563839,10.923076923076923,0.3933075696233591,0.5993589743589743,0.7692307692307693,4.346233358246805,3.0,0.5787545787545787,2.3846153846153846,0.07692307692307693,0.9230769230769231,0.6923076923076923,4
2023,Western Kentucky,13,8,30.46153846153846,28.692307692307693,6.028442210212754,7.200172946725753,6.461538461538462,0.45611891482336825,0.7961538461538461,1.0,4.9902573680799485,3.4615384615384617,0.6628205128205129,1.6923076923076923,0.07692307692307693,1.4615384615384615,0.6153846153846154,3
2023,Western Michigan,12,4,23.666666666666668,31.75,5.125639812496698,6.347289336486437,6.666666666666667,0.36075090486855194,0.5472222222222222,2.25,4.576030170517837,4.416666666666667,0.6218253968253968,1.8333333333333333,0.08333333333333333,1.25,0.3333333333333333,0
2023,Wisconsin,13,7,23.46153846153846,20.153846153846153,5.556723237388596,6.223973972533243,7.153846153846154,0.4448884974277925,0.6448717948717948,1.5384615384615385,4.045493408363474,2.769230769230769,0.6025641025641025,2.076923076923077,0.23076923076923078,1.1538461538461537,0.5384615384615384,3
2023,Wyoming,13,9,25.307692307692307,22.307692307692307,5.750982644953405,7.643845016639134,7.0,0.36667178974871284,0.676923076923077,1.9230769230769231,4.1934654906916,3.6153846153846154,0.5192307692307693,1.7692307692307692,0.6153846153846154,1.3846153846153846,0.6923076923076923,3
2024,Air Force,12,5,18.916666666666668,23.25,4.859256301925735,12.387100697791487,7.333333333333333,0.454295260767784,0.5972222222222222,1.3333333333333333,4.177663251115594,2.9166666666666665,0.6530303030303031,1.4166666666666667,-0.3333333333333333,0.8333333333333334,0.4166666666666667,4
2024,Akron,12,4,20.416666666666668,32.0,4.984401530417788,5.766194296321203,6.666666666666667,0.3552270033887681,0.52,2.0833333333333335,4.601327914702149,3.5,0.6865079365079364,1.3333333333333333,-0.9166666666666666,0.5833333333333334,0.3333333333333333,0
2024,Alabama,13,9,33.76923076923077,17.384615384615383,6.379621644725426,8.776945784742606,8.846153846153847,0.5036139074600613,0.6923076923076923,1.6923076923076923,3.803247624465617,2.6923076923076925,0.4763888888888889,1.6153846153846154,0.6153846153846154,1.9230769230769231,0.6923076923076923,10
2024,App State,11,5,26.636363636363637,32.90909090909091,6.190859221461543,7.807991415163882,9.909090909090908,0.4431084067447704,0.6132034632034632,1.0,5.6110838612715215,3.4545454545454546,0.6090909090909091,1.6363636363636365,-1.1818181818181819,0.7272727272727273,0.45454545454545453,4
2024,Arizona,12,4,21.75,31.75,5.616284680565865,6.923069735543691,6.75,0.42084237571853667,0.7196969696969696,2.25,4.856671811134908,4.25,0.6843434343434344,1.5,0.0,1.3333333333333333,0.3333333333333333,1
2024,Arizona State,14,11,32.92857142857143,22.571428571428573,6.430856402608185,8.715220255119055,9.714285714285714,0.4687806758458932,0.7285714285714285,1.3571428571428572,4.043105487610856,2.857142857142857,0.6461538461538462,1.3571428571428572,1.1428571428571428,1.6428571428571428,0.7857142857142857,9
2024,Arkansas,13,7,30.923076923076923,25.0,6.786808824996049,8.805115427138022,10.76923076923077,0.44601480390954074,0.7472222222222222,2.3846153846153846,3.457477356281296,3.4615384615384617,0.6180555555555555,1.8461538461538463,-0.5384615384615384,0.7692307692307693,0.5384615384615384,6
2024,Arkansas State,13,8,25.846153846153847,32.15384615384615,5.513257870929887,6.72508573923066,7.384615384615385,0.4092305249723683,0.6115079365079364,2.6153846153846154,5.935965409402391,3.6923076923076925,0.8057692307692308,1.3076923076923077,0.07692307692307693,1.3076923076923077,0.6153846153846154,0
2024,Army,13,12,32.46153846153846,14.307692307692308,6.4004103922537645,9.705539816936875,10.0,0.5138420267096738,0.7384920634920635,0.5,4.220706785429339,3.076923076923077,0.45039682539682535,1.6923076923076923,1.0,1.5384615384615385,0.9230769230769231,11
2024,Auburn,12,5,27.75,21.333333333333332,6.823625725870545,8.558590529188647,9.583333333333334,0.43461440520264044,0.5125541125541125,2.0833333333333335,3.1725780449371594,3.0833333333333335,0.6277777777777778,2.1666666666666665,-0.8333333333333334,0.9166666666666666,0.4166666666666667,5
2024,BYU,13,11,31.153846153846153,19.615384615384617,6.179439504120551,7.8542568303386275,9.538461538461538,0.37022763561225097,0.6012820512820513,1.3076923076923077,4.0662151601251315,3.076923076923077,0.6461538461538462,1.3846153846153846,0.46153846153846156,1.9230769230769231,0.8461538461538461,6
2024,Ball State,12,3,25.333333333333332,40.083333333333336,5.274939761867006,6.712520041908809,6.083333333333333,0.4147298904942094,0.6712121212121211,2.4166666666666665,5.511631082865871,3.8333333333333335,0.7625000000000001,1.5833333333333333,0.16666666666666666,1.3333333333333333,0.25,1
2024,Baylor,13,8,34.38461538461539,26.692307692307693,6.423953541513786,8.317057681551463,8.76923076923077,0.4333409991215421,0.6410256410256411,1.3076923076923077,4.18984768012566,3.6153846153846154,0.5423076923076923,1.5384615384615385,0.38461538461538464,1.3076923076923077,0.6153846153846154,5
2024,Boise State,14,12,37.285714285714285,22.571428571428573,6.794706038212565,7.694116297183343,8.714285714285714,0.5097130052487195,0.7392857142857142,1.0,3.823066863640725,2.9285714285714284,0.5683673469387756,3.7142857142857144,0.21428571428571427,1.0,0.8571428571428571,7
2024,Boston College,13,7,28.153846153846153,23.76923076923077,5.743897759247168,8.362204924858876,8.538461538461538,0.44561240669837954,0.7153846153846154,2.1538461538461537,3.4950666842414835,3.769230769230769,0.5371794871794872,2.0,0.3076923076923077,1.3846153846153846,0.5384615384615384,5
2024,Bowling Green,13,7,27.076923076923077,21.615384615384617,6.009332943241087,7.417392933012101,8.0,0.3989868037944961,0.641025641025641,1.9230769230769231,4.56082275572496,3.0,0.44999999999999996,2.3076923076923075,0.3076923076923077,1.0,0.5384615384615384,2
2024,Buffalo,13,9,28.846153846153847,26.384615384615383,4.910355039644734,6.340056017024912,8.615384615384615,0.34636667016400285,0.4793650793650794,1.3846153846153846,4.140765020412381,2.8461538461538463,0.5833333333333334,2.1538461538461537,0.8461538461538461,1.3076923076923077,0.6923076923076923,3
2024,California,13,6,25.076923076923077,22.307692307692307,5.724107408413274,7.359646199494175,6.769230769230769,0.3883063253329983,0.5064102564102565,3.3846153846153846,3.6432913602812507,2.8461538461538463,0.6628205128205129,2.4615384615384617,0.46153846153846156,1.0769230769230769,0.46153846153846156,2
2024,Central Michigan,12,4,22.583333333333332,29.666666666666668,5.697185657116019,6.710649290219194,7.833333333333333,0.35285036600826075,0.6361111111111111,1.9166666666666667,5.1289811259369475,3.6666666666666665,0.6329365079365079,2.25,-1.0,0.3333333333333333,0.3333333333333333,0
2024,Charlotte,12,5,23.666666666666668,35.083333333333336,5.771933783383787,7.848147102494928,8.416666666666666,0.31136641136641136,0.5152777777777778,2.5,5.468616333965542,4.333333333333333,0.5412698412698412,1.1666666666666667,-0.5833333333333334,0.75,0.4166666666666667,1
2024,Cincinnati,12,5,25.166666666666668,24.583333333333332,6.10794946679088,7.12445589286515,7.583333333333333,0.4168906325156325,0.6166666666666667,1.5833333333333333,4.643097341661708,3.0833333333333335,0.5236111111111111,1.5,-0.08333333333333333,1.0833333333333333,0.4166666666666667,4
2024,Clemson,14,10,34.714285714285715,23.428571428571427,6.387137056742198,7.332066664649253,9.5,0.4473800918275276,0.6095238095238095,1.5714285714285714,4.848651850443288,3.0714285714285716,0.6976190476190476,2.357142857142857,0.7142857142857143,1.2857142857142858,0.7142857142857143,7
2024,Coastal Carolina,13,6,28.692307692307693,31.615384615384617,5.8746150849269965,7.592692540788363,8.23076923076923,0.40758856528087295,0.5555555555555555,0.9230769230769231,4.959582464684796,4.0,0.6243589743589744,2.0,0.46153846153846156,1.5384615384615385,0.46153846153846156,1
2024,Colorado,13,9,32.92307692307692,23.076923076923077,6.220910196641743,8.59438271394332,7.0,0.4063767052454835,0.7204517704517704,3.0,4.067542024661673,3.6153846153846154,0.5163003663003664,2.6153846153846154,0.6153846153846154,1.6923076923076923,0.6923076923076923,7
2024,Colorado State,13,8,24.384615384615383,25.76923076923077,5.928650728310954,7.261795722956795,7.769230769230769,0.36090154189701706,0.5694444444444444,0.6153846153846154,4.719318472527779,3.076923076923077,0.676923076923077,1.1538461538461537,0.07692307692307693,1.5384615384615385,0.6153846153846154,2
2024,Duke,13,9,26.307692307692307,24.46153846153846,5.348635196961289,6.987181362369508,5.923076923076923,0.29349933625951724,0.7153846153846154,0.8461538461538461,3.874994728436024,3.1538461538461537,0.5152777777777778,3.1538461538461537,0.6153846153846154,1.6923076923076923,0.6923076923076923,6
2024,East Carolina,13,8,32.0,27.307692307692307,6.565175030486411,8.35077578534604,8.307692307692308,0.4787574604882297,0.5576923076923077,1.1538461538461537,4.161934505288578,3.5384615384615383,0.6373015873015873,1.1538461538461537,-0.5384615384615384,1.2307692307692308,0.6153846153846154,5
2024,Eastern Michigan,12,5,25.916666666666668,27.916666666666668,5.0014968149928345,6.463224988915346,6.0,0.42913827980584945,0.5222222222222223,2.5833333333333335,4.8071582147851695,2.5833333333333335,0.7333333333333334,1.8333333333333333,-0.3333333333333333,1.0,0.4166666666666667,1
2024,Florida,13,8,28.307692307692307,23.076923076923077,6.420683995463735,8.898783641204066,9.076923076923077,0.38651455382224614,0.7256410256410256,1.6153846153846154,4.010783149983457,3.1538461538461537,0.4423076923076923,2.6153846153846154,0.07692307692307693,1.5384615384615385,0.6153846153846154,7
2024,Florida Atlantic,12,3,25.916666666666668,30.25,6.106834804631238,7.196962584988832,8.833333333333334,0.3501602564102564,0.5654761904761905,2.25,4.8465830184659175,3.25,0.5430555555555555,1.0833333333333333,0.25,1.5,0.25,2
2024,Florida International,12,4,26.333333333333332,25.75,5.756251493124327,8.115107212955584,7.25,0.31225718725718726,0.6803030303030303,1.25,4.712663697083023,3.6666666666666665,0.5365079365079365,1.3333333333333333,-0.4166666666666667,1.0833333333333333,0.3333333333333333,4
2024,Florida State,12,2,15.416666666666666,28.0,4.715989033387333,6.253539515850321,6.166666666666667,0.31838302628743803,0.5151515151515151,3.75,4.831945665279984,4.166666666666667,0.5861111111111111,2.0833333333333335,-1.0833333333333333,0.3333333333333333,0.16666666666666666,0
2024,Fresno State,13,6,26.076923076923077,24.846153846153847,5.390728063581107,7.409808121584027,5.923076923076923,0.36628008016433833,0.7346153846153847,2.0,4.183076603802876,3.8461538461538463,0.5853174603174603,1.3846153846153846,0.23076923076923078,1.4615384615384615,0.46153846153846156,1
2024,Georgia,14,11,31.5,20.571428571428573,6.091343774938251,7.513835410944964,8.142857142857142,0.4113679038048786,0.6476190476190476,1.3571428571428572,3.8249049737252796,2.9285714285714284,0.44551282051282054,2.357142857142857,-0.21428571428571427,0.9285714285714286,0.7857142857142857,3
2024,Georgia Southern,13,8,28.0,27.615384615384617,5.489525917089837,7.044614901068824,7.230769230769231,0.47170820632359095,0.7479853479853481,2.0,4.937513885528774,3.6153846153846154,0.6256410256410256,1.3846153846153846,-0.07692307692307693,1.3076923076923077,0.6153846153846154,2
2024,Georgia State,12,3,23.833333333333332,33.833333333333336,5.863031983122357,7.051608664836981,8.166666666666666,0.3542172696584461,0.6347222222222222,1.75,5.390272950541146,4.25,0.8037698412698413,1.25,-0.08333333333333333,1.1666666666666667,0.25,0
2024,Georgia Tech,13,7,28.923076923076923,25.615384615384617,6.31754006678965,7.5568963648877325,8.76923076923077,0.4293962616331037,0.6967948717948718,0.6923076923076923,4.143908742898827,3.0,0.7025641025641025,1.1538461538461537,0.0,0.6153846153846154,0.5384615384615384,4
2024,Hawai'i,12,5,22.333333333333332,26.0,5.429711329536972,6.628056044971287,6.583333333333333,0.40357905982905984,0.4990079365079365,3.4166666666666665,4.292457110559317,3.5833333333333335,0.6875,2.1666666666666665,-0.5833333333333334,0.9166666666666666,0.4166666666666667,0
2024,Houston,12,4,14.0,22.916666666666668,5.068943891997194,6.332113549123353,6.333333333333333,0.2972485847485848,0.21818181818181817,2.0,4.127622391012149,2.9166666666666665,0.7013888888888888,1.5833333333333333,-1.0,1.25,0.3333333333333333,1
2024,Illinois,13,10,28.307692307692307,21.692307692307693,6.20437783353657,7.993333740701853,8.23076923076923,0.4736669313592391,0.569047619047619,2.076923076923077,4.502190050416862,3.6153846153846154,0.5279761904761905,1.8461538461538463,0.6153846153846154,1.3076923076923077,0.7692307692307693,4
2024,Indiana,13,11,41.30769230769231,15.615384615384615,6.479322731956589,9.327907204384745,9.23076923076923,0.4777043469351162,0.7683150183150182,1.5384615384615385,3.078144943032211,2.4615384615384617,0.6180555555555555,2.5384615384615383,1.0,1.5384615384615385,0.8461538461538461,12
2024,Iowa,13,8,27.692307692307693,17.846153846153847,5.690853260244462,6.789997195476743,6.3076923076923075,0.41750063661828374,0.6069444444444444,1.1538461538461537,3.8231898858142177,2.4615384615384617,0.7266666666666667,1.6923076923076923,0.8461538461538461,1.4615384615384615,0.6153846153846154,4
2024,Iowa State,14,11,31.071428571428573,22.928571428571427,6.002144383518549,7.798953261099318,8.571428571428571,0.4426027413173587,0.685969387755102,1.1428571428571428,5.517831215181973,2.357142857142857,0.6319444444444444,0.7857142857142857,0.7142857142857143,1.6428571428571428,0.7857142857142857,5
2024,Jacksonville State,14,9,36.0,26.142857142857142,6.720529199055349,8.73327418168859,11.071428571428571,0.4115207213421499,0.7625000000000001,1.4285714285714286,4.388197989233882,3.2857142857142856,0.45769230769230773,1.6428571428571428,0.35714285714285715,1.3571428571428572,0.6428571428571429,7
2024,James Madison,13,9,33.30769230769231,20.46153846153846,6.02902384422517,7.61620088872364,9.0,0.40970091999503766,0.6102564102564103,2.3846153846153846,3.72620684698413,2.3076923076923075,0.6424242424242425,2.769230769230769,1.1538461538461537,1.6153846153846154,0.6923076923076923,5
2024,Kansas,12,5,29.666666666666668,26.0,6.712209112925227,8.450380147673105,9.916666666666666,0.5250700280112045,0.6607142857142857,0.5,4.443016008697676,3.1666666666666665,0.4694444444444444,2.25,-0.16666666666666666,1.0833333333333333,0.4166666666666667,7
2024,Kansas State,13,9,30.846153846153847,23.384615384615383,6.73097669008646,7.25493637535675,10.384615384615385,0.41691321499013806,0.6653846153846155,0.8461538461538461,3.61230386360405,3.1538461538461537,0.6714285714285714,2.230769230769231,0.0,1.0769230769230769,0.6923076923076923,5
2024,Kennesaw State,12,2,16.5,31.166666666666668,4.185061587889409,5.732453349120015,4.833333333333333,0.378032397169394,0.4458333333333333,1.3333333333333333,4.606487729463908,4.333333333333333,0.6856150793650794,1.6666666666666667,-0.5,0.75,0.16666666666666666,1
2024,Kent State,12,0,13.916666666666666,44.083333333333336,4.420574935495769,6.107316681409146,5.5,0.2123019341769342,0.44791666666666663,3.0,6.317635770369176,5.25,0.6913690476190476,1.4166666666666667,-0.4166666666666667,0.5,0.0,0
2024,Kentucky,12,4,20.583333333333332,22.083333333333332,5.467943935972521,7.127732079784775,8.666666666666666,0.3563205313205313,0.4484848484848485,2.5833333333333335,4.112229919255865,3.8333333333333335,0.44861111111111107,1.5833333333333333,-0.3333333333333333,1.25,0.3333333333333333,1
2024,LSU,13,9,30.46153846153846,24.307692307692307,6.219624925364181,7.586655715216087,7.615384615384615,0.5039389720385196,0.5230769230769231,1.1538461538461537,4.412069012441783,2.923076923076923,0.6375000000000001,2.3846153846153846,-0.23076923076923078,0.7692307692307693,0.6923076923076923,4
2024,Liberty,12,8,28.75,23.5,6.13776714431722,7.480596001221001,9.5,0.43407518407518403,0.6087301587301587,1.6666666666666667,3.8781221448792085,3.6666666666666665,0.5416666666666666,1.4166666666666667,-0.16666666666666666,1.0833333333333333,0.6666666666666666,3
2024,Louisiana,14,10,30.928571428571427,24.142857142857142,6.694423409565458,8.459024960793823,9.285714285714286,0.44099303474303475,0.5265306122448979,1.1428571428571428,4.824394862443135,3.2142857142857144,0.7654761904761905,1.3571428571428572,0.6428571428571429,1.4285714285714286,0.7142857142857143,6
2024,Louisiana Tech,13,5,20.923076923076923,21.0,4.987227753427588,7.2796988108272656,6.3076923076923075,0.3985032372565118,0.5095238095238095,2.769230769230769,3.791850019755806,2.6923076923076925,0.4763888888888889,1.4615384615384615,-0.23076923076923078,0.8461538461538461,0.38461538461538464,2
2024,Louisville,13,9,36.46153846153846,24.076923076923077,7.0287564812032945,8.268507152361824,8.846153846153847,0.3998696125392958,0.6423076923076922,1.0,3.791047337406735,2.6923076923076925,0.7013888888888888,2.5384615384615383,0.3076923076923077,1.0,0.6923076923076923,6
2024,Marshall,13,10,31.846153846153847,23.076923076923077,6.070511407172431,7.224790391781526,8.307692307692308,0.39015055457363146,0.6519230769230769,1.1538461538461537,4.616404439315578,2.6923076923076925,0.5757575757575757,2.1538461538461537,0.5384615384615384,1.3076923076923077,0.7692307692307693,3
2024,Maryland,12,4,23.666666666666668,30.416666666666668,5.433448079571086,6.822539912154128,6.25,0.4000568918525575,0.6863636363636364,1.9166666666666667,3.965477941021796,3.9166666666666665,0.6158730158730159,1.0833333333333333,0.0,1.3333333333333333,0.3333333333333333,1
2024,Massachusetts,12,2,22.5,35.5,5.506441146963964,6.868182632248302,7.0,0.42533505223133705,0.6097222222222222,2.0,5.479756530977247,4.083333333333333,0.7208333333333333,1.0,-0.25,0.5,0.16666666666666666,0
2024,Memphis,13,11,35.69230769230769,23.846153846153847,6.295067441019028,7.439315718121424,10.076923076923077,0.4626011798791032,0.7284798534798534,1.3846153846153846,3.896125043350804,3.0,0.655128205128205,1.8461538461538463,1.2307692307692308,1.6923076923076923,0.8461538461538461,8
2024,Miami,13,10,43.92307692307692,25.307692307692307,7.639883987669186,9.254032392330798,11.384615384615385,0.5762568627953244,0.7147435897435896,1.8461538461538463,3.91205780973795,2.923076923076923,0.6777777777777777,2.6153846153846154,0.38461538461538464,1.3076923076923077,0.7692307692307693,8
2024,Miami (OH),14,9,24.071428571428573,18.785714285714285,6.359132151013307,8.118374081060416,5.857142857142857,0.3279724244009958,0.3925170068027211,1.7142857142857142,4.037712445992135,2.357142857142857,0.613095238095238,1.7857142857142858,0.2857142857142857,1.2142857142857142,0.6428571428571429,4
2024,Michigan,13,8,22.0,19.923076923076923,4.892162104540414,5.280411037588457,4.923076923076923,0.45066085874909406,0.6364468864468864,1.0769230769230769,3.057096186851007,3.4615384615384617,0.4423076923076923,2.4615384615384617,-0.5384615384615384,1.0,0.6153846153846154,5
2024,Michigan State,12,5,19.333333333333332,26.083333333333332,5.45489926107648,7.285262801795757,7.25,0.3991161616161616,0.5486111111111112,2.4166666666666665,3.7498347117176363,3.9166666666666665,0.6621031746031746,1.4166666666666667,-0.5833333333333334,0.8333333333333334,0.4166666666666667,0
2024,Middle Tennessee,12,3,18.083333333333332,34.25,5.559987647809219,7.262102223846175,6.5,0.3945325507825508,0.5555555555555555,2.4166666666666665,5.051244822282457,4.666666666666667,0.633234126984127,1.4166666666666667,-0.5833333333333334,0.6666666666666666,0.25,0
2024,Minnesota,13,8,26.153846153846153,16.923076923076923,5.336822296913417,7.004934870273696,6.3076923076923075,0.4475268321422167,0.7025641025641025,1.8461538461538463,3.5044001624240355,2.5384615384615383,0.5,1.8461538461538463,0.46153846153846156,1.2307692307692308,0.6153846153846154,6
2024,Mississippi State,12,2,25.833333333333332,34.083333333333336,6.002212835636326,7.750227156893684,7.25,0.37275714481596833,0.6180555555555555,2.5833333333333335,5.103918272339325,4.583333333333333,0.6984126984126985,0.75,0.25,0.9166666666666666,0.16666666666666666,0
2024,Missouri,13,10,28.923076923076923,20.384615384615383,5.610736031997046,7.6865662783711475,7.384615384615385,0.4520556379927659,0.5600732600732601,1.9230769230769231,4.342964335090642,2.769230769230769,0.5363636363636364,1.6923076923076923,0.38461538461538464,1.0,0.7692307692307693,3
2024,NC State,13,6,28.53846153846154,30.153846153846153,6.383285746817193,8.343188159065656,8.461538461538462,0.3922843873070117,0.6415750915750915,1.9230769230769231,5.474544376785365,3.769230769230769,0.5756410256410256,1.0769230769230769,-0.23076923076923078,1.0,0.46153846153846156,2
2024,Navy,12,9,31.333333333333332,22.916666666666668,6.446964953250638,9.08685252369463,8.083333333333334,0.37482529725176783,0.8303030303030302,0.8333333333333334,4.313585454127989,3.5,0.47361111111111115,2.1666666666666665,0.75,1.5833333333333333,0.75,6
2024,Nebraska,13,7,23.53846153846154,19.46153846153846,5.650285845161842,7.026180118336109,7.384615384615385,0.44800244376036236,0.5602564102564103,1.4615384615384615,3.817884993374003,2.923076923076923,0.4777777777777778,1.7692307692307692,-0.07692307692307693,1.0,0.5384615384615384,5
2024,Nevada,13,3,23.076923076923077,28.76923076923077,6.009215648265202,7.3841804422518145,8.153846153846153,0.45445632798573976,0.7282051282051282,2.0,5.145818505381907,4.153846153846154,0.6421245421245422,1.0769230769230769,-0.07692307692307693,1.0,0.23076923076923078,2
2024,New Mexico,12,5,33.5,38.0,6.714144092058639,6.742452969709611,8.75,0.36715159840159844,0.6060606060606061,0.25,5.474502773991684,3.6666666666666665,0.8155844155844156,0.6666666666666666,-0.75,0.4166666666666667,0.4166666666666667,3
2024,New Mexico State,12,3,21.583333333333332,36.25,4.882381447740096,5.415496289946957,7.666666666666667,0.4099146224146224,0.5016666666666667,2.0833333333333335,4.922139451238736,3.75,0.6583333333333333,1.1666666666666667,-0.75,0.75,0.25,0
2024,North Carolina,13,6,30.923076923076923,28.076923076923077,6.212512426200129,7.602570811822299,9.923076923076923,0.3847057856673241,0.6833333333333333,2.076923076923077,3.795206078204152,3.8461538461538463,0.5916666666666667,3.0,-0.07692307692307693,0.7692307692307693,0.46153846153846156,4
2024,North Texas,13,6,33.53846153846154,34.15384615384615,6.719152415217442,7.57982878159926,9.538461538461538,0.3752854433016376,0.5756410256410256,1.1538461538461537,4.783813840500939,4.230769230769231,0.5256410256410257,1.6153846153846154,-0.38461538461538464,1.0,0.46153846153846156,5
2024,Northern Illinois,13,8,24.53846153846154,18.53846153846154,5.8328147997259485,6.7822988655648695,8.461538461538462,0.46878546290310996,0.5512820512820513,1.1538461538461537,4.020347944964049,2.5384615384615383,0.4930555555555556,2.1538461538461537,-0.07692307692307693,0.7692307692307693,0.6153846153846154,5
2024,Northwestern,12,4,17.833333333333332,26.333333333333332,4.570565259643989,5.7466514063827665,6.416666666666667,0.33372287434787434,0.38051948051948054,1.75,3.9479072559315527,4.0,0.4920634920634921,1.5833333333333333,-0.25,1.0,0.3333333333333333,1
2024,Notre Dame,16,14,36.125,15.5,6.3146813370284285,7.1388068041819075,7.5,0.4210573280885781,0.6869047619047619,1.25,3.9053377404701655,2.625,0.565625,2.3125,1.0625,1.8125,0.875,8
2024,Ohio,14,11,29.285714285714285,18.142857142857142,6.33504992424584,8.262012762687672,9.285714285714286,0.47838877392448825,0.7726190476190476,1.3571428571428572,3.1099393633464865,2.5714285714285716,0.4708333333333334,2.2142857142857144,-0.21428571428571427,1.0,0.7857142857142857,10
2024,Ohio State,16,14,35.6875,12.875,7.125285320364608,9.426262161694295,9.0,0.4725289161410485,0.753125,1.0,2.983293001578098,2.3125,0.4474358974358974,3.0,0.1875,0.9375,0.875,12
2024,Oklahoma,13,6,24.0,21.53846153846154,5.005034953658381,6.374374161944477,6.923076923076923,0.37720079132320145,0.5621794871794872,3.5384615384615383,3.338887382966022,2.923076923076923,0.43589743589743585,2.5384615384615383,-0.15384615384615385,1.2307692307692308,0.46153846153846156,4
2024,Oklahoma State,12,3,27.166666666666668,35.583333333333336,5.760658513950729,7.057092968386072,7.5,0.36514029951529947,0.7152777777777778,0.9166666666666666,5.614210413255379,4.166666666666667,0.6349206349206349,2.0833333333333335,-0.6666666666666666,1.0833333333333333,0.25,2
2024,Old Dominion,12,5,28.0,28.0,6.195624218428507,7.17568394576742,9.666666666666666,0.43749838124838125,0.7374999999999999,2.25,4.586245080959167,3.0,0.6069444444444444,1.6666666666666667,0.4166666666666667,1.4166666666666667,0.4166666666666667,4
2024,Ole Miss,13,10,38.61538461538461,14.384615384615385,7.337334647838533,10.318961776518535,11.76923076923077,0.4325751171905018,0.5801282051282052,2.0,2.5175113662785855,2.3846153846153846,0.5138888888888888,3.6923076923076925,0.7692307692307693,1.4615384615384615,0.7692307692307693,10
2024,Oregon,14,13,34.857142857142854,19.428571428571427,6.683520875285958,8.91856132341274,8.857142857142858,0.5284063211224865,0.6976190476190476,1.3571428571428572,4.427393351406144,2.7857142857142856,0.5297619047619048,2.2857142857142856,0.5714285714285714,1.1428571428571428,0.9285714285714286,10
2024,Oregon State,12,5,24.25,29.916666666666668,5.50928213041916,6.676154849430712,8.25,0.42047535797535796,0.7558441558441559,2.0833333333333335,5.484763015650583,4.166666666666667,0.5958333333333333,0.5833333333333334,-0.25,1.0,0.4166666666666667,1
2024,Penn State,16,13,33.125,16.5,6.571371429829642,8.396340659841364,9.6875,0.45828615828615826,0.7494047619047619,1.25,3.36736736939406,2.4375,0.4261904761904762,2.3125,0.5,1.4375,0.8125,12
2024,Pittsburgh,13,7,32.92307692307692,28.384615384615383,5.94036176175082,6.955873253411501,8.307692307692308,0.39287034378127494,0.7576923076923077,3.076923076923077,3.1490591675074433,3.1538461538461537,0.6291666666666667,2.8461538461538463,0.0,1.3076923076923077,0.5384615384615384,5
2024,Purdue,12,1,15.75,39.916666666666664,5.241324396750319,6.238838104851076,6.416666666666667,0.3163284632034632,0.4606060606060606,2.5,5.217603006802457,4.083333333333333,0.8149350649350648,1.6666666666666667,-0.9166666666666666,0.4166666666666667,0.08333333333333333,0
2024,Rice,12,4,22.166666666666668,25.416666666666668,5.577119579447384,5.921767872356089,7.333333333333333,0.3769144458482694,0.4767857142857143,0.5833333333333334,4.304384784759975,2.0833333333333335,0.6969696969696969,2.4545454545454546,-0.8181818181818182,0.7272727272727273,0.3333333333333333,2
2024,Rutgers,13,7,28.923076923076923,25.384615384615383,5.519572227620435,7.027837462486629,7.230769230769231,0.4449252482057912,0.6597985347985348,1.2307692307692308,5.3247034643138464,3.076923076923077,0.6794871794871795,1.3076923076923077,0.23076923076923078,0.8461538461538461,0.5384615384615384,3
2024,SMU,14,11,36.5,22.071428571428573,6.395781509484662,8.738700565921592,9.0,0.4672650120654322,0.6869047619047619,1.2142857142857142,3.012861111483145,3.0,0.725,2.7857142857142856,0.0,1.2857142857142858,0.7857142857142857,10
2024,Sam Houston,13,10,23.76923076923077,20.46153846153846,5.062985276086938,6.043826131557953,6.923076923076923,0.3850620721661446,0.43076923076923074,2.076923076923077,4.112458323839903,2.769230769230769,0.6805555555555555,1.9230769230769231,0.38461538461538464,1.5384615384615385,0.7692307692307693,1
2024,San Diego State,12,3,21.333333333333332,29.583333333333332,5.231643283999971,6.800139982495165,6.25,0.36693087005587005,0.4166666666666667,2.5,5.286529261205284,3.75,0.80625,2.4166666666666665,0.3333333333333333,1.0,0.25,0
2024,San José State,13,7,28.384615384615383,27.53846153846154,6.283692929797788,7.609022652793241,7.461538461538462,0.4140898631283247,0.5499999999999999,0.46153846153846156,3.6546174368903133,4.0,0.6415750915750915,1.6923076923076923,0.3076923076923077,2.076923076923077,0.5384615384615384,4
2024,South Alabama,13,7,34.38461538461539,25.153846153846153,7.25252621844942,8.365414751161184,9.923076923076923,0.4227644150721074,0.5423076923076923,0.9230769230769231,4.137524733114681,3.6153846153846154,0.44780219780219777,1.4615384615384615,0.7692307692307693,1.3846153846153846,0.5384615384615384,7
2024,South Carolina,13,9,30.46153846153846,18.076923076923077,6.141143247292116,8.526118210736417,9.153846153846153,0.46228123728123727,0.6153846153846154,2.5384615384615383,3.4919398020607697,3.1538461538461537,0.4986111111111111,2.5384615384615383,0.3076923076923077,1.4615384615384615,0.6923076923076923,9
2024,South Florida,13,7,32.15384615384615,29.76923076923077,5.699215493845235,6.743281110507515,8.384615384615385,0.39280990502709956,0.6344322344322345,2.6153846153846154,4.1476410943550635,3.8461538461538463,0.6362637362637363,1.8461538461538463,0.5384615384615384,1.6153846153846154,0.5384615384615384,2
2024,Southern Miss,12,1,15.25,37.75,4.741756427414933,6.428118887999374,7.5,0.25937661195014133,0.5366666666666666,3.5833333333333335,6.128478639698152,4.333333333333333,0.7330357142857142,1.5833333333333333,-1.5833333333333333,0.5,0.08333333333333333,0
2024,Stanford,12,3,22.833333333333332,33.666666666666664,5.0809484785247125,6.421086665957844,6.166666666666667,0.3597512509277215,0.6392857142857142,2.9166666666666665,4.204370268666435,4.083333333333333,0.6668650793650793,1.8333333333333333,-0.5,1.1666666666666667,0.25,0
2024,Syracuse,13,10,34.07692307692308,29.153846153846153,6.316779349904223,8.302807314827266,8.923076923076923,0.5038113470240166,0.7073260073260073,2.0,5.051586926396871,3.3076923076923075,0.7194444444444444,1.8461538461538463,-0.15384615384615385,1.0,0.7692307692307693,5
2024,TCU,13,9,33.46153846153846,24.615384615384617,6.43919936217572,8.491020640702,8.076923076923077,0.4390606377031716,0.7888278388278388,1.0769230769230769,4.29573720894846,3.076923076923077,0.6375000000000001,1.6923076923076923,-0.6153846153846154,0.7692307692307693,0.6923076923076923,6
2024,Temple,12,3,19.583333333333332,35.416666666666664,4.6262729024724045,6.129613687204626,5.25,0.31946077407571216,0.43787878787878787,2.8333333333333335,5.654726354675556,3.75,0.7181818181818183,0.75,-1.0,0.6666666666666666,0.25,0
2024,Tennessee,13,10,35.69230769230769,16.076923076923077,6.109459606430046,8.011641378985587,9.0,0.47641298759719813,0.6332417582417583,2.1538461538461537,3.4201781308193566,2.769230769230769,0.4424242424242424,2.1538461538461537,0.3076923076923077,1.2307692307692308,0.7692307692307693,9
2024,Texas,16,13,33.0,15.3125,6.358712665120872,8.446247048209942,9.1875,0.4551547410922411,0.6177083333333333,2.0625,3.366759286991608,2.375,0.3958333333333333,2.5,0.375,1.6875,0.8125,10
2024,Texas A&M,13,8,30.384615384615383,22.23076923076923,6.080564196532999,7.819886210617129,7.846153846153846,0.46639389625219585,0.615934065934066,1.6923076923076923,3.9864647454000823,2.5384615384615383,0.4976190476190476,1.6923076923076923,0.38461538461538464,1.3846153846153846,0.6153846153846154,3
2024,Texas State,13,8,36.53846153846154,24.53846153846154,6.650686932500211,8.123257414533212,10.307692307692308,0.4658935709840687,0.6631868131868133,1.1538461538461537,4.227143969005298,3.230769230769231,0.5576923076923077,2.4615384615384617,-0.38461538461538464,1.2307692307692308,0.6153846153846154,6
2024,Texas Tech,13,8,37.61538461538461,34.84615384615385,6.167657785217214,7.416997975579209,9.538461538461538,0.49989762559422,0.7166666666666667,1.4615384615384615,4.710438506640976,4.384615384615385,0.6166666666666667,1.4615384615384615,0.38461538461538464,1.5384615384615385,0.6153846153846154,6
2024,Toledo,13,8,28.307692307692307,23.23076923076923,5.358236288886142,7.000318064149104,6.769230769230769,0.36754057907904064,0.5406746031746031,1.1538461538461537,3.8942549309816084,3.8461538461538463,0.5538461538461539,2.230769230769231,0.07692307692307693,1.2307692307692308,0.6153846153846154,1
2024,Troy,12,4,26.0,28.416666666666668,5.999982187164389,7.697765972359363,7.833333333333333,0.5224594849594849,0.7106060606060606,1.3333333333333333,4.455471903827167,3.5833333333333335,0.6194444444444445,1.3333333333333333,-0.4166666666666667,0.75,0.3333333333333333,3
2024,Tulane,14,9,35.07142857142857,20.642857142857142,6.416848238240607,9.27620454549677,9.642857142857142,0.510212161787792,0.7136054421768707,1.1428571428571428,4.620944632527414,3.142857142857143,0.3807692307692308,2.0714285714285716,0.5714285714285714,1.3571428571428572,0.6428571428571429,10
2024,Tulsa,12,3,25.0,42.5,5.440536920681299,6.520633322022076,8.5,0.37708215954152485,0.5772727272727273,1.3333333333333333,5.28708144413175,3.3333333333333335,0.8833333333333333,1.4166666666666667,-0.4166666666666667,0.8333333333333334,0.25,1
2024,UAB,12,3,26.166666666666668,34.25,5.90435638206345,7.0238988501602195,8.416666666666666,0.3964030669622775,0.4309523809523809,2.1666666666666665,5.030319303002498,4.5,0.6463293650793651,1.25,-1.3333333333333333,0.6666666666666666,0.25,0
2024,UCF,12,4,30.416666666666668,26.916666666666668,6.596636283496795,7.801856479298056,11.166666666666666,0.41955275797187563,0.7430555555555555,2.1666666666666665,3.450141239961944,3.6666666666666665,0.6974025974025975,1.6666666666666667,-0.5,0.8333333333333334,0.3333333333333333,4
2024,UCLA,12,5,18.416666666666668,25.25,5.500716837725588,7.322240814824753,6.333333333333333,0.4159303659303659,0.4166666666666667,2.6666666666666665,3.4245619272842505,3.8333333333333335,0.7166666666666667,1.75,-0.3333333333333333,0.75,0.4166666666666667,1
2024,UConn,13,9,31.923076923076923,23.076923076923077,5.8060089754280515,6.647723757178052,7.923076923076923,0.39912139142908376,0.6217948717948718,1.0,3.983513808383968,3.3076923076923075,0.4371794871794872,1.7692307692307692,0.15384615384615385,1.0,0.6923076923076923,2
2024,UL Monroe,12,5,21.0,28.75,5.2986024985403475,7.416582222601959,6.75,0.33332639582639584,0.611111111111111,1.5833333333333333,4.916340094613373,3.5833333333333335,0.6222222222222222,1.5833333333333333,-0.16666666666666666,1.0,0.4166666666666667,1
2024,UNLV,14,11,35.357142857142854,21.285714285714285,6.446783346613985,8.05044115599456,9.857142857142858,0.41574481283127895,0.5064625850340135,2.0714285714285716,3.729067459814442,2.4285714285714284,0.5998168498168498,2.642857142857143,0.7857142857142857,1.4285714285714286,0.7857142857142857,7
2024,USC,13,7,30.153846153846153,24.076923076923077,6.610500484036068,7.367547785559948,9.153846153846153,0.46526777580599915,0.6871794871794872,0.7692307692307693,4.695999491270628,3.230769230769231,0.508974358974359,1.3846153846153846,0.07692307692307693,1.1538461538461537,0.5384615384615384,6
2024,UTEP,12,3,19.5,32.333333333333336,5.064557350039087,6.65518725310048,7.083333333333333,0.3513744493523905,0.5163690476190477,2.0833333333333335,4.368851778868261,3.9166666666666665,0.5541666666666666,2.8333333333333335,-0.08333333333333333,1.25,0.25,1
2024,UTSA,13,7,33.15384615384615,30.076923076923077,6.073925331735582,7.336305550803232,8.0,0.42806460957211134,0.5652014652014652,1.7692307692307692,3.4988729240246332,3.3846153846153846,0.5,2.8461538461538463,0.07692307692307693,1.3846153846153846,0.5384615384615384,4
2024,Utah,12,5,23.583333333333332,20.666666666666668,5.296048403176318,6.746707040045416,7.083333333333333,0.3401768166474049,0.5186147186147186,1.6666666666666667,4.013813641039114,2.5,0.5454545454545454,1.8333333333333333,-0.25,1.3333333333333333,0.4166666666666667,2
2024,Utah State,12,4,31.916666666666668,37.75,6.370493626854713,7.184558607785012,8.5,0.4241353170822985,0.7287878787878789,1.5,5.193014873661745,4.333333333333333,0.5661904761904762,2.0,-0.6666666666666666,1.0,0.3333333333333333,3
2024,Vanderbilt,13,7,27.307692307692307,23.384615384615383,5.4071124399794135,7.783491889908439,6.230769230769231,0.430477346936623,0.7,1.3846153846153846,4.158955585547134,2.8461538461538463,0.6106060606060606,1.9230769230769231,0.7692307692307693,1.0769230769230769,0.5384615384615384,4
2024,Virginia,12,5,22.666666666666668,28.75,5.3928324336669675,6.925978607307358,7.916666666666667,0.3548147973457571,0.5138888888888888,3.4166666666666665,4.4405050253957095,4.166666666666667,0.6138888888888889,1.5833333333333333,-0.5,0.9166666666666666,0.4166666666666667,0
2024,Virginia Tech,13,6,28.153846153846153,22.846153846153847,5.898803166609857,7.73713289395297,8.461538461538462,0.3724980148057071,0.6602564102564104,2.1538461538461537,4.305776139723582,3.3846153846153846,0.6083333333333333,2.230769230769231,0.3076923076923077,1.4615384615384615,0.46153846153846156,0
2024,Wake Forest,12,4,25.666666666666668,32.5,5.267925546385779,6.897081998508216,6.583333333333333,0.4024821447615565,0.5527777777777777,3.0,4.817440390580434,3.6666666666666665,0.65,1.5833333333333333,-0.08333333333333333,1.1666666666666667,0.3333333333333333,0
2024,Washington,13,6,23.384615384615383,23.76923076923077,6.437471325195204,8.618291238042033,8.076923076923077,0.4172701230393538,0.5769230769230769,2.6153846153846154,4.782385870357863,3.4615384615384617,0.5769230769230769,1.4615384615384615,0.3076923076923077,0.8461538461538461,0.46153846153846156,2
2024,Washington State,13,8,36.61538461538461,29.923076923076923,6.899127136262369,9.172727597670624,9.923076923076923,0.4232990363080861,0.7908424908424909,2.1538461538461537,5.4307829634920495,3.923076923076923,0.5913919413919414,1.6923076923076923,0.38461538461538464,1.4615384615384615,0.6153846153846154,5
2024,West Virginia,13,6,29.153846153846153,31.923076923076923,5.939609388752251,7.549350044083294,9.384615384615385,0.42894833296417006,0.7510989010989011,1.9230769230769231,4.2441309525794875,3.6153846153846154,0.8016483516483516,1.3846153846153846,-0.5384615384615384,0.7692307692307693,0.46153846153846156,2
2024,Western Kentucky,14,8,24.928571428571427,24.642857142857142,5.98317702346448,8.180314858427105,7.214285714285714,0.45263805466978846,0.5683150183150183,1.5714285714285714,5.138510629346141,3.142857142857143,0.5782051282051281,1.2857142857142858,0.07142857142857142,1.2857142857142858,0.5714285714285714,4
2024,Western Michigan,13,6,28.923076923076923,31.307692307692307,6.078825582085283,7.864515651715796,7.923076923076923,0.3629959783805938,0.7103174603174603,1.6923076923076923,5.230149492168723,3.6923076923076925,0.667948717948718,1.3076923076923077,0.46153846153846156,1.1538461538461537,0.46153846153846156,1
2024,Wisconsin,12,5,22.583333333333332,23.083333333333332,5.412366820905576,6.6875969717234325,5.833333333333333,0.36160089910089904,0.6124999999999999,0.8333333333333334,4.574685354205478,3.1666666666666665,0.6138888888888889,1.1666666666666667,-0.8333333333333334,0.5,0.4166666666666667,2
2024,Wyoming,12,3,19.333333333333332,28.333333333333332,4.934233102937654,6.631136150441166,6.5,0.37665126948215183,0.6291666666666667,2.0833333333333335,5.882704246404534,3.0833333333333335,0.6305555555555555,1.0,-0.4166666666666667,0.75,0.25,1
2025,Air Force,12,4,29.833333333333332,30.333333333333332,6.057092084520388,10.935200039611805,8.833333333333334,0.5191833751044278,0.7000000000000001,1.0,5.235444827503652,3.4166666666666665,0.6333333333333333,1.25,0.0,0.75,0.3333333333333333,4
2025,Akron,12,5,22.25,27.416666666666668,5.0801561414505665,6.4512286434551305,7.25,0.33360066468619104,0.3824404761904762,2.5,4.496877833377529,3.1666666666666665,0.5791666666666666,1.8333333333333333,0.16666666666666666,1.25,0.4166666666666667,1
2025,Alabama,15,11,29.533333333333335,19.2,5.6764509211942284,7.798204708373765,6.866666666666666,0.43267893097614457,0.6522222222222223,1.9333333333333333,3.9189472419383224,2.533333333333333,0.517948717948718,2.0,0.8,1.2666666666666666,0.7333333333333333,4
2025,App State,13,5,24.153846153846153,29.76923076923077,5.242106481658174,6.235619926313817,7.076923076923077,0.3422427057608053,0.6307692307692307,1.7692307692307692,4.116652477083658,4.230769230769231,0.6435897435897436,1.9230769230769231,-0.07692307692307693,1.3846153846153846,0.38461538461538464,0
2025,Arizona,13,9,31.53846153846154,19.307692307692307,6.0555366836030435,7.795261750579751,9.076923076923077,0.39970704258034573,0.6358974358974359,2.1538461538461537,4.134997990220805,2.6923076923076925,0.6028138528138528,1.3076923076923077,1.2307692307692308,2.230769230769231,0.6923076923076923,5
2025,Arizona State,13,8,25.76923076923077,24.46153846153846,5.89696644445856,6.807106231610552,9.461538461538462,0.32806663646744616,0.5583333333333333,2.076923076923077,3.6407152873736894,3.923076923076923,0.5346153846153846,2.4615384615384617,-0.6153846153846154,0.9230769230769231,0.6153846153846154,3
2025,Arkansas,12,2,32.916666666666664,33.833333333333336,7.101247108412647,8.46416629801418,11.333333333333334,0.49529671717171714,0.7180555555555556,2.0833333333333335,4.675753324503325,4.25,0.6678571428571428,1.5833333333333333,-1.0,0.5,0.16666666666666666,6
2025,Arkansas State,13,7,25.153846153846153,27.384615384615383,5.197057571373444,6.565096705017059,7.3076923076923075,0.4085867322590352,0.5798534798534798,2.1538461538461537,4.565522416644365,3.230769230769231,0.7115384615384616,2.6153846153846154,-0.46153846153846156,0.8461538461538461,0.5384615384615384,1
2025,Army,12,7,24.5,22.0,5.164111289946265,8.923160173160174,6.416666666666667,0.4449897324897325,0.6319444444444444,0.3333333333333333,4.806711961345582,3.4166666666666665,0.5625,0.75,0.08333333333333333,1.0,0.5833333333333334,3
2025,Auburn,12,5,26.75,20.666666666666668,5.624023034613206,6.618786703028282,7.75,0.41949775370828,0.5138888888888888,3.1666666666666665,2.7744831760022706,3.25,0.5819444444444445,2.25,0.5833333333333334,1.0833333333333333,0.4166666666666667,2
2025,BYU,14,12,31.428571428571427,19.142857142857142,6.177037371533847,7.892659557479365,8.785714285714286,0.42546382189239335,0.6749999999999999,0.7857142857142857,3.658582347604235,3.7142857142857144,0.4463369963369963,1.9285714285714286,0.5714285714285714,1.3571428571428572,0.8571428571428571,7
2025,Ball State,12,4,15.833333333333334,29.833333333333332,4.533125720099009,5.9776892929309335,5.5,0.3379815660775413,0.46969696969696967,3.75,4.940278498319857,3.5,0.6569444444444444,1.5,-0.16666666666666666,0.9166666666666666,0.3333333333333333,0
2025,Baylor,12,5,31.083333333333332,32.583333333333336,5.7884033381700535,6.927016079640068,7.333333333333333,0.4009912065059124,0.6291666666666667,1.75,4.908158482947351,3.6666666666666665,0.6569444444444444,0.8333333333333334,-0.5,1.0,0.4166666666666667,0
2025,Boise State,14,9,29.857142857142858,24.071428571428573,5.986959579837956,7.433263664932219,7.714285714285714,0.4705216760363819,0.7361394557823129,1.6428571428571428,4.735751498260943,3.2857142857142856,0.7974358974358975,1.7857142857142858,-0.07142857142857142,1.3571428571428572,0.6428571428571429,2
2025,Boston College,12,2,25.416666666666668,32.75,5.723738997476148,7.4189450530067935,6.666666666666667,0.38236725828637597,0.587037037037037,2.8333333333333335,5.11363556976881,3.5,0.638095238095238,1.0,-0.5833333333333334,0.75,0.16666666666666666,0
2025,Bowling Green,12,4,20.5,24.25,5.078677136613611,7.131901352279673,7.083333333333333,0.3596754337853409,0.46527777777777773,2.0833333333333335,4.132058547806252,2.6666666666666665,0.75,1.4166666666666667,-0.16666666666666666,0.9166666666666666,0.3333333333333333,1
2025,Buffalo,12,5,24.0,23.5,5.2484379231185265,6.432223494794754,7.0,0.3667033946445711,0.5861111111111111,1.6666666666666667,3.848673838601165,2.9166666666666665,0.5742424242424242,2.5,-0.5833333333333334,0.9166666666666666,0.4166666666666667,2
2025,California,13,7,25.307692307692307,27.153846153846153,5.274063020663361,7.056865969917096,6.6923076923076925,0.40940563960925946,0.6743589743589743,2.3076923076923075,4.793846420793865,3.3846153846153846,0.6346153846153846,1.4615384615384615,-0.23076923076923078,0.8461538461538461,0.5384615384615384,1
2025,Central Michigan,13,7,22.53846153846154,23.53846153846154,5.369360204310586,9.345632362177968,6.846153846153846,0.3490671721440952,0.5538461538461539,1.6153846153846154,4.2213086531808255,3.1538461538461537,0.4115384615384615,1.7692307692307692,0.38461538461538464,1.3846153846153846,0.5384615384615384,3
2025,Charlotte,12,1,14.333333333333334,36.333333333333336,4.552150984223524,6.327803136812602,5.75,0.34349481536981535,0.3833333333333333,2.25,4.739866449723877,4.333333333333333,0.7928571428571428,1.0833333333333333,-0.4166666666666667,1.25,0.08333333333333333,0
2025,Cincinnati,13,7,30.307692307692307,25.615384615384617,7.052420840120926,8.271884791924837,9.0,0.39334202122663664,0.7430555555555555,0.6153846153846154,4.4206455408721785,3.6153846153846154,0.6097222222222222,1.5384615384615385,-0.5384615384615384,0.46153846153846156,0.5384615384615384,5
2025,Clemson,13,7,27.23076923076923,20.53846153846154,5.868513762421628,7.621687954762838,7.6923076923076925,0.3463113928224669,0.5628205128205128,1.4615384615384615,3.634842023086051,2.3076923076923075,0.5972222222222222,2.4615384615384617,-0.15384615384615385,1.0,0.5384615384615384,3
2025,Coastal Carolina,13,6,22.153846153846153,33.07692307692308,5.047288919642871,5.782972388235546,7.3076923076923075,0.36740610445361577,0.5694444444444444,1.3846153846153846,5.380387447477736,4.384615384615385,0.5653439153439154,1.2307692307692308,-0.15384615384615385,1.3076923076923077,0.46153846153846156,1
2025,Colorado,12,3,20.916666666666668,30.5,5.038983959795455,6.949514134492582,7.083333333333333,0.3815162710383298,0.6722222222222222,3.25,5.274821562039232,3.6666666666666665,0.6402777777777778,0.9166666666666666,0.0,1.25,0.25,1
2025,Colorado State,12,2,18.5,30.833333333333332,5.33853036742381,6.719902454027114,5.583333333333333,0.350257966434437,0.6597222222222222,2.5,4.948673542202134,3.5833333333333335,0.6619047619047619,1.3333333333333333,0.0,1.3333333333333333,0.16666666666666666,0
2025,Delaware,13,7,29.0,31.0,5.663241479632858,6.981723145092084,7.6923076923076925,0.4211055724064774,0.5974358974358974,2.0,4.718102674779691,3.8461538461538463,0.5293040293040293,1.9230769230769231,0.38461538461538464,1.3846153846153846,0.5384615384615384,1
2025,Duke,14,9,34.57142857142857,29.428571428571427,6.274773177063172,7.8897303851993135,8.285714285714286,0.4035349337870346,0.7183673469387755,1.5714285714285714,4.269869746411733,4.0,0.6991496598639456,1.7142857142857142,0.7857142857142857,1.4285714285714286,0.6428571428571429,5
2025,East Carolina,13,9,32.69230769230769,20.076923076923077,5.928105005481796,8.499220873997754,7.846153846153846,0.47024551386006497,0.6034493284493284,1.2307692307692308,3.57848130788909,3.3076923076923075,0.3576388888888889,2.076923076923077,0.38461538461538464,1.4615384615384615,0.6923076923076923,6
2025,Eastern Michigan,12,4,24.083333333333332,29.75,5.936547327419919,7.1587641362704035,8.25,0.424553999921647,0.6416666666666667,0.8333333333333334,5.551539367038212,4.083333333333333,0.6789682539682539,1.0,-0.4166666666666667,0.6666666666666666,0.3333333333333333,1
2025,Florida,12,4,21.583333333333332,24.0,5.517101264508025,6.756526139373463,6.666666666666667,0.3615337957249722,0.6708333333333334,1.5833333333333333,4.039220177683517,3.3333333333333335,0.5268398268398268,1.75,-0.16666666666666666,1.1666666666666667,0.3333333333333333,3
2025,Florida Atlantic,12,4,29.5,36.333333333333336,5.939603726969242,7.481585666664555,8.0,0.38355075723496773,0.43472222222222223,1.6666666666666667,4.945134722277217,3.9166666666666665,0.6692460317460318,1.5833333333333333,-1.75,0.4166666666666667,0.3333333333333333,0
2025,Florida International,13,7,28.53846153846154,30.0,5.803375742495723,6.809393407712735,7.769230769230769,0.35924358446982885,0.6003663003663003,1.6153846153846154,4.827738779566913,3.923076923076923,0.5923076923076923,2.0,0.23076923076923078,1.4615384615384615,0.5384615384615384,0
2025,Florida State,12,5,33.0,22.0,6.94650898453101,10.08273456318137,11.25,0.5123093341843342,0.6549603174603175,1.75,3.4944940069786448,2.8333333333333335,0.6636363636363636,2.25,0.0,1.0833333333333333,0.4166666666666667,7
2025,Fresno State,13,9,25.76923076923077,18.76923076923077,5.465411476976029,6.474940627544285,6.230769230769231,0.41344744998591154,0.4106227106227106,1.2307692307692308,4.145334706999942,2.3846153846153846,0.7166666666666667,1.6923076923076923,0.38461538461538464,1.8461538461538463,0.6923076923076923,4
2025,Georgia,14,12,32.07142857142857,17.571428571428573,5.673375092302164,7.439839525718207,8.071428571428571,0.46649511203082633,0.7678571428571429,1.3571428571428572,2.840813897968324,2.4285714285714284,0.5059523809523809,1.2857142857142858,0.21428571428571427,0.9285714285714286,0.8571428571428571,8
2025,Georgia Southern,13,7,27.923076923076923,32.30769230769231,5.855383081937252,7.519605846244643,7.6923076923076925,0.4530272022174856,0.6126373626373627,2.1538461538461537,5.769329250960921,4.384615384615385,0.6261904761904762,0.7692307692307693,0.38461538461538464,1.2307692307692308,0.5384615384615384,1
2025,Georgia State,12,1,19.75,37.833333333333336,5.612357582901808,6.7090164176625064,6.666666666666667,0.4094663506428213,0.611111111111111,1.3333333333333333,5.1172819560697205,5.0,0.6996031746031747,1.3333333333333333,-0.6666666666666666,0.5,0.08333333333333333,1
2025,Georgia Tech,13,9,32.15384615384615,25.0,7.217358893393952,9.154173925072604,9.076923076923077,0.48064851814851817,0.532051282051282,0.7692307692307693,4.604532969179831,3.6153846153846154,0.6230769230769231,1.7692307692307692,-0.5384615384615384,0.5384615384615384,0.6923076923076923,6
2025,Hawai'i,13,9,29.0,24.076923076923077,5.763571594730281,7.3269335641817115,6.769230769230769,0.46753636833120044,0.6236111111111111,2.1538461538461537,4.5560838767577625,2.923076923076923,0.5291666666666667,2.076923076923077,-0.6153846153846154,0.7692307692307693,0.6923076923076923,3
2025,Houston,13,10,29.076923076923077,22.846153846153847,5.434525127093769,7.17437743812928,7.846153846153846,0.39598619078257086,0.6166666666666666,1.1538461538461537,3.709224522647573,3.0,0.6075757575757575,1.9230769230769231,0.46153846153846156,1.3846153846153846,0.7692307692307693,2
2025,Illinois,13,9,29.384615384615383,23.615384615384617,5.983145928508365,8.808733593074566,7.538461538461538,0.43947590870667796,0.5950396825396825,2.230769230769231,3.8971531261962187,3.5384615384615383,0.5358974358974359,1.8461538461538463,0.0,0.7692307692307693,0.6923076923076923,2
2025,Indiana,16,16,41.625,11.6875,6.9761446031665475,9.593093958874436,9.5625,0.5894260202624173,0.736359126984127,1.375,2.966565852412721,1.5625,0.3611111111111111,2.625,1.1875,1.6875,1.0,13
2025,Iowa,13,9,29.307692307692307,16.076923076923077,5.450960082093909,6.696445628010522,6.846153846153846,0.4358267800575493,0.7301282051282052,1.2307692307692308,3.5355527104712245,2.6923076923076925,0.5722222222222222,1.7692307692307692,0.23076923076923078,1.0769230769230769,0.6923076923076923,5
2025,Iowa State,12,8,27.416666666666668,20.166666666666668,5.696316337893993,7.595959766008524,7.666666666666667,0.43321227383727384,0.6437830687830688,1.6666666666666667,4.22610550967232,3.0,0.5972222222222222,0.9166666666666666,0.6666666666666666,1.5833333333333333,0.6666666666666666,2
2025,Jacksonville State,14,9,28.142857142857142,25.214285714285715,5.96952197179665,7.423112722880276,9.928571428571429,0.3961271221775423,0.5977891156462585,1.5,4.147943470622871,3.2857142857142856,0.5710884353741497,1.6428571428571428,0.42857142857142855,1.4285714285714286,0.6428571428571429,2
2025,James Madison,14,12,37.07142857142857,18.357142857142858,6.368305008053778,7.961408322806923,9.714285714285714,0.47927859955170876,0.6290816326530612,1.6428571428571428,2.6009152950619177,2.142857142857143,0.5694444444444444,2.2857142857142856,0.14285714285714285,1.0714285714285714,0.8571428571428571,7
2025,Kansas,12,5,28.083333333333332,26.75,6.359081139621954,7.749907793728414,9.0,0.4126130881645587,0.5868055555555556,1.25,4.744556852229266,3.0833333333333335,0.6530303030303031,1.8333333333333333,-0.6666666666666666,0.5833333333333334,0.4166666666666667,4
2025,Kansas State,12,6,29.416666666666668,26.666666666666668,5.929658760742107,7.094083217066615,7.916666666666667,0.3663683538683539,0.6805555555555555,1.0,4.438019023220722,3.6666666666666665,0.5236111111111111,2.0,0.9166666666666666,1.6666666666666667,0.5,4
2025,Kennesaw State,14,10,26.714285714285715,25.5,6.066190087139843,8.371797630960065,9.428571428571429,0.40211990758762095,0.5687074829931973,1.5,4.861307590350477,3.642857142857143,0.6011904761904762,2.2142857142857144,0.14285714285714285,1.1428571428571428,0.7142857142857143,3
2025,Kent State,12,5,21.25,33.583333333333336,5.3783751705562155,8.181549879126157,5.5,0.2937907000407,0.6148148148148148,1.75,4.5471634618484265,3.9166666666666665,0.5767857142857142,1.6666666666666667,-0.25,0.6666666666666666,0.4166666666666667,1
2025,Kentucky,12,5,23.0,26.416666666666668,5.2349151125598,6.758548159733188,5.833333333333333,0.426383917008917,0.6794372294372294,2.0,3.6236852484992284,3.5833333333333335,0.6458333333333334,1.8333333333333333,-0.25,1.1666666666666667,0.4166666666666667,2
2025,LSU,13,7,22.846153846153847,19.846153846153847,5.49846799598596,6.911859870556904,5.461538461538462,0.3725598496526098,0.47564102564102567,2.1538461538461537,3.568426456996199,2.6923076923076925,0.5983333333333334,1.8461538461538463,0.6153846153846154,1.5384615384615385,0.5384615384615384,4
2025,Liberty,12,4,25.583333333333332,26.5,5.749536421069101,7.500782816391969,7.833333333333333,0.4032824005056977,0.5831168831168831,1.6666666666666667,4.633257432829426,3.25,0.7216666666666667,1.25,-0.75,0.75,0.3333333333333333,0
2025,Louisiana,13,6,26.0,29.23076923076923,5.368407125195722,6.184294128095526,7.384615384615385,0.4014200909830822,0.5083333333333333,1.4615384615384615,4.742718463329326,3.230769230769231,0.5485347985347985,1.5384615384615385,-0.07692307692307693,1.0769230769230769,0.46153846153846156,2
2025,Louisiana Tech,13,8,27.307692307692307,20.76923076923077,5.519589534795568,6.953914378038765,8.307692307692308,0.4208130809017925,0.6590909090909091,1.6153846153846154,4.16506624266864,2.923076923076923,0.4583333333333333,1.3846153846153846,1.0769230769230769,1.9230769230769231,0.6153846153846154,4
2025,Louisville,13,9,29.923076923076923,21.153846153846153,6.076814120940968,6.886650349553231,7.769230769230769,0.3864988039136646,0.6384615384615385,1.6153846153846154,3.6572301107498766,2.4615384615384617,0.625,2.3076923076923075,0.3076923076923077,1.4615384615384615,0.6923076923076923,2
2025,Marshall,12,5,30.75,30.25,6.012580037701941,8.243130028745755,9.333333333333334,0.367040987048727,0.5996031746031746,1.1666666666666667,4.1637765275218435,3.6666666666666665,0.6361111111111111,2.0833333333333335,0.5833333333333334,1.5833333333333333,0.4166666666666667,4
2025,Maryland,12,4,23.5,26.5,5.54905525659431,6.398427663140673,5.75,0.3906467511246923,0.34722222222222215,0.75,4.343228319063784,3.9166666666666665,0.47500000000000003,1.9166666666666667,0.5,1.5,0.3333333333333333,3
2025,Massachusetts,12,0,11.083333333333334,38.583333333333336,4.095123109801419,4.923923130660662,4.333333333333333,0.3013436025045932,0.5583333333333333,2.5,4.932251726926253,4.583333333333333,0.7713293650793651,1.0,-0.25,0.8333333333333334,0.0,0
2025,Memphis,13,8,32.46153846153846,23.153846153846153,6.278531703384544,7.623077853166709,9.307692307692308,0.43258753564183433,0.7194444444444444,2.3076923076923075,3.843230709987081,2.923076923076923,0.582051282051282,1.4615384615384615,0.3076923076923077,1.1538461538461537,0.6153846153846154,5
2025,Miami,16,13,30.9375,14.8125,6.16578046508142,8.088111092284917,7.9375,0.467203451701807,0.746875,1.0625,2.993712271629094,2.1875,0.6041666666666666,2.875,0.5625,1.5,0.8125,10
2025,Miami (OH),14,7,23.5,21.714285714285715,5.56236741935483,7.17275382187988,7.5,0.33224424385138673,0.5274725274725275,1.7857142857142858,3.986890104196536,2.857142857142857,0.6408730158730159,2.2857142857142856,0.0,1.0714285714285714,0.5,1
2025,Michigan,13,9,27.53846153846154,20.384615384615383,6.129293584018295,7.040152083461217,8.461538461538462,0.45660322583399504,0.5269230769230769,1.5384615384615385,3.3852352699368953,2.923076923076923,0.5628205128205128,2.076923076923077,0.0,1.2307692307692308,0.6923076923076923,5
2025,Michigan State,12,4,24.583333333333332,29.916666666666668,5.442608131315094,7.096947696298103,7.083333333333333,0.376981351981352,0.6472222222222223,2.3333333333333335,4.458067477546125,4.0,0.6419191919191919,1.75,0.08333333333333333,0.6666666666666666,0.3333333333333333,0
2025,Middle Tennessee,12,3,22.416666666666668,30.916666666666668,5.630291071444368,6.5714442155224555,6.916666666666667,0.3787785947712418,0.6277777777777778,2.6666666666666665,4.230712539544424,3.5,0.6178571428571429,1.5,0.16666666666666666,1.25,0.25,0
2025,Minnesota,13,8,23.0,22.923076923076923,4.882257136317888,6.2734350243794745,4.538461538461538,0.4124663797740721,0.5403846153846155,1.6923076923076923,3.517765056437982,3.3846153846153846,0.4763888888888889,2.8461538461538463,0.23076923076923078,0.9230769230769231,0.6153846153846154,3
2025,Mississippi State,13,5,30.384615384615383,30.23076923076923,5.7604100933617435,8.170943932929394,8.923076923076923,0.4378996383997575,0.5641025641025641,3.076923076923077,4.7724590450994935,3.3076923076923075,0.5884615384615385,1.5384615384615385,0.07692307692307693,1.0769230769230769,0.38461538461538464,1
2025,Missouri,13,8,30.23076923076923,18.923076923076923,6.100211440178833,6.4572425227722,9.384615384615385,0.45510457993489667,0.6831501831501832,1.8461538461538463,3.3613760307245615,2.6923076923076925,0.5461538461538461,2.6153846153846154,-0.38461538461538464,0.7692307692307693,0.6153846153846154,9
2025,Missouri State,13,7,25.615384615384617,28.76923076923077,6.415938986082726,8.781725632851023,9.23076923076923,0.3701682932452163,0.6706349206349206,3.3846153846153846,4.679003007857625,3.3076923076923075,0.6813186813186813,1.8461538461538463,-0.3076923076923077,0.6923076923076923,0.5384615384615384,4
2025,NC State,13,8,30.23076923076923,27.153846153846153,6.118403793580091,7.730088564574064,8.0,0.41337658068427297,0.8353174603174603,1.6153846153846154,4.361719223883073,3.769230769230769,0.6479166666666666,1.4615384615384615,-0.15384615384615385,0.9230769230769231,0.6153846153846154,2
2025,Navy,12,10,32.666666666666664,25.75,7.008841791007509,9.708288695595197,10.25,0.5063191438191438,0.7795634920634921,0.5,4.119018591757551,3.6666666666666665,0.6136363636363636,2.0,-0.08333333333333333,0.8333333333333334,0.8333333333333334,7
2025,Nebraska,13,7,28.692307692307693,24.615384615384617,5.9278207405848695,7.961376687613569,7.461538461538462,0.46566883342901444,0.6096153846153846,2.3846153846153846,5.15056628611805,2.923076923076923,0.6755952380952381,1.6153846153846154,0.0,0.7692307692307693,0.5384615384615384,2
2025,Nevada,12,3,17.583333333333332,27.5,5.139394021946752,5.960395596351744,7.25,0.3465747215747215,0.4469696969696969,1.4166666666666667,4.373174186289175,4.0,0.6156746031746031,1.5,-0.9166666666666666,1.0,0.25,1
2025,New Mexico,13,9,27.076923076923077,22.307692307692307,5.7964809987326325,7.894501659563941,7.846153846153846,0.39788014901137075,0.5794871794871794,2.5384615384615383,3.471571949851362,2.6923076923076925,0.6384615384615385,2.5384615384615383,-0.23076923076923078,1.2307692307692308,0.6923076923076923,3
2025,New Mexico State,12,4,21.583333333333332,27.583333333333332,5.067418503938636,6.686285538724338,6.75,0.41608186423176935,0.48636363636363633,2.5,4.399342469337095,2.9166666666666665,0.5722222222222222,1.25,-0.08333333333333333,1.5,0.3333333333333333,1
2025,North Carolina,12,4,19.25,24.5,5.253463889743549,6.759827042237585,5.5,0.40388176638176637,0.5388888888888889,1.5833333333333333,3.5365004323594094,3.4166666666666665,0.4992063492063492,2.25,-0.25,0.75,0.3333333333333333,3
2025,North Texas,14,12,45.07142857142857,26.5,7.3876123824403255,9.904164768694562,11.214285714285714,0.4693507881007881,0.7895124716553289,1.2857142857142858,5.008984456616398,3.642857142857143,0.5864468864468864,1.4285714285714286,0.8571428571428571,2.0,0.8571428571428571,9
2025,Northern Illinois,12,3,17.083333333333332,24.333333333333332,4.737999191994212,5.333080088847518,5.833333333333333,0.3250276830868936,0.38888888888888884,1.3333333333333333,4.488237425017365,3.75,0.5606060606060607,1.0,0.0,0.8333333333333334,0.25,1
2025,Northwestern,13,7,23.384615384615383,19.846153846153847,5.368159486134179,6.468916353092335,6.538461538461538,0.4449823178329966,0.42948717948717946,1.2307692307692308,4.817973336248195,3.076923076923077,0.4948717948717949,1.5384615384615385,-0.38461538461538464,1.0,0.5384615384615384,5
2025,Notre Dame,12,10,42.0,17.583333333333332,7.471940733683376,9.334011913564241,10.75,0.49857645078233315,0.7476190476190476,0.9166666666666666,3.2099061755863225,2.0,0.5757575757575757,2.75,1.4166666666666667,2.1666666666666665,0.8333333333333334,13
2025,Ohio,13,9,27.76923076923077,21.923076923076923,6.166370178859229,7.560112392480813,9.307692307692308,0.4421880469957393,0.7666666666666666,1.7692307692307692,4.5565432190899084,3.0,0.6384615384615385,1.6153846153846154,0.07692307692307693,1.1538461538461537,0.6923076923076923,5
2025,Ohio State,14,12,33.42857142857143,9.285714285714286,6.783060564175082,9.27101954007322,8.071428571428571,0.5412060395253672,0.6791666666666666,1.1428571428571428,3.134708822720783,1.8571428571428572,0.3630952380952381,2.2857142857142856,0.14285714285714285,0.9285714285714286,0.8571428571428571,10
2025,Oklahoma,13,10,26.23076923076923,15.461538461538462,5.358160285220015,7.059507394942916,7.153846153846154,0.39795116271360614,0.746969696969697,2.3076923076923075,2.629879386377152,2.1538461538461537,0.4303030303030303,3.076923076923077,-0.3076923076923077,0.7692307692307693,0.7692307692307693,6
2025,Oklahoma State,12,1,14.166666666666666,33.333333333333336,4.487847625269153,5.4387102898987445,5.416666666666667,0.35763903171991407,0.575925925925926,1.5,4.342083469424561,2.9166666666666665,0.7878787878787878,1.75,-0.75,0.5833333333333334,0.08333333333333333,2
2025,Old Dominion,13,10,32.0,18.53846153846154,6.946377072997842,8.389815182043229,10.692307692307692,0.44171530224161804,0.5567460317460318,1.2307692307692308,3.695552027892215,2.923076923076923,0.49633699633699635,2.6923076923076925,0.38461538461538464,1.5384615384615385,0.7692307692307693,11
2025,Ole Miss,15,13,36.93333333333333,21.066666666666666,6.73428683698846,9.07523145051165,10.133333333333333,0.4349902276372865,0.6174603174603174,1.0666666666666667,4.3844221844472475,2.6666666666666665,0.5222222222222223,2.066666666666667,-0.06666666666666667,0.6666666666666666,0.8666666666666667,7
2025,Oregon,15,13,36.93333333333333,17.866666666666667,7.119353034253318,8.914376501419508,9.4,0.5063863913863914,0.6637037037037037,1.1333333333333333,3.618064233904907,2.3333333333333335,0.7511111111111111,1.7333333333333334,0.26666666666666666,1.2,0.8666666666666667,9
2025,Oregon State,12,2,18.166666666666668,29.416666666666668,5.070596417808689,6.045779077440263,7.333333333333333,0.35959613643437177,0.6861111111111112,2.0,4.52914726037076,3.0833333333333335,0.4861111111111111,1.0833333333333333,-1.0,0.75,0.16666666666666666,3
2025,Penn State,13,7,31.0,20.53846153846154,5.855335643234141,7.654936359187371,6.6923076923076925,0.44097963440068705,0.6965201465201466,1.3846153846153846,4.191757651874912,3.3076923076923075,0.4794871794871795,2.076923076923077,0.0,0.7692307692307693,0.5384615384615384,4
2025,Pittsburgh,13,8,33.69230769230769,24.76923076923077,5.862411656918241,7.694270049725914,7.923076923076923,0.3615326604014387,0.516025641025641,2.769230769230769,2.9841322393610956,3.076923076923077,0.6512820512820513,2.076923076923077,-0.07692307692307693,1.6153846153846154,0.6153846153846154,3
2025,Purdue,12,2,18.75,31.833333333333332,5.342695629770552,6.410961004483881,6.666666666666667,0.3950008325008325,0.5194444444444445,1.3333333333333333,4.695435648305639,4.083333333333333,0.5418650793650793,1.75,-0.5833333333333334,0.6666666666666666,0.16666666666666666,2
2025,Rice,13,5,19.076923076923077,32.92307692307692,4.602451194189242,5.624998049765852,6.6923076923076925,0.35541364842984274,0.7115384615384616,1.4615384615384615,4.621609408478005,2.923076923076923,0.6666666666666666,1.8461538461538463,-0.38461538461538464,0.3076923076923077,0.38461538461538464,3
2025,Rutgers,12,5,28.666666666666668,31.833333333333332,5.812374342025399,8.59422702475547,8.0,0.4390718078218078,0.6825396825396824,3.0,6.525945353085615,4.0,0.625,0.9166666666666666,0.16666666666666666,0.8333333333333334,0.4166666666666667,2
2025,SMU,13,9,32.23076923076923,20.53846153846154,6.528184238004548,8.352086406309887,8.076923076923077,0.4081726154689956,0.7282051282051282,1.2307692307692308,3.278527190203154,3.5384615384615383,0.4153846153846154,2.4615384615384617,0.38461538461538464,1.6923076923076923,0.6923076923076923,7
2025,Sam Houston,12,2,17.75,37.833333333333336,4.745882821577044,5.282377455171779,6.166666666666667,0.260137523295418,0.39545454545454545,2.75,5.178617353953989,4.666666666666667,0.6976190476190477,1.5833333333333333,0.25,1.3333333333333333,0.16666666666666666,0
2025,San Diego State,13,9,26.384615384615383,15.384615384615385,5.735049777283323,7.2199799635820305,8.384615384615385,0.33016342631727247,0.6805555555555555,1.2307692307692308,3.6022278579917564,2.1538461538461537,0.44166666666666665,2.3846153846153846,0.15384615384615385,1.3846153846153846,0.6923076923076923,6
2025,San José State,12,3,21.416666666666668,32.5,6.187688192182555,7.096182928485934,7.25,0.4607225835167012,0.5696428571428571,0.5833333333333334,3.9398120970419903,4.333333333333333,0.5736111111111111,1.3333333333333333,-0.75,1.0833333333333333,0.25,3
2025,South Alabama,12,4,26.5,30.416666666666668,5.502502578506964,7.396764714880657,7.5,0.43171590048525027,0.6722222222222222,1.3333333333333333,4.5980185044784205,3.25,0.7515151515151515,0.75,-0.16666666666666666,0.75,0.3333333333333333,2
2025,South Carolina,12,4,22.666666666666668,22.083333333333332,5.566481537845306,8.063710833048871,7.666666666666667,0.33333561862973626,0.5583333333333333,3.1666666666666665,3.8933436478665473,3.5833333333333335,0.4388888888888889,1.3333333333333333,0.3333333333333333,1.4166666666666667,0.3333333333333333,2
2025,South Florida,13,9,40.46153846153846,23.384615384615383,7.206444351390644,9.406608366170506,9.615384615384615,0.48037240537240533,0.626984126984127,1.4615384615384615,3.860530242973877,4.0,0.46923076923076923,2.0,0.6923076923076923,1.8461538461538463,0.6923076923076923,9
2025,Southern Miss,13,7,28.76923076923077,27.384615384615383,5.909172967425594,8.423651898624424,8.615384615384615,0.40247512668327146,0.5666666666666667,1.6153846153846154,4.295282053498296,3.769230769230769,0.7230769230769231,2.1538461538461537,1.0769230769230769,2.0,0.5384615384615384,3
2025,Stanford,12,4,18.833333333333332,29.166666666666668,4.770504043427424,6.712292923695769,5.583333333333333,0.38464818563502773,0.5138888888888888,3.25,3.8876293152207784,4.666666666666667,0.5357142857142857,1.75,-0.08333333333333333,0.9166666666666666,0.3333333333333333,1
2025,Syracuse,12,3,20.166666666666668,34.916666666666664,4.982680648652209,6.017581516965753,7.083333333333333,0.36137740183792816,0.5097222222222222,2.5833333333333335,5.603296168163517,3.5833333333333335,0.6569444444444444,1.3333333333333333,-0.75,0.8333333333333334,0.25,0
2025,TCU,13,9,30.692307692307693,25.307692307692307,6.034136207349745,8.218397015172998,7.6923076923076925,0.4626891961733591,0.6153846153846154,1.5384615384615385,3.8803779392739135,3.230769230769231,0.6397435897435897,1.8461538461538463,-0.23076923076923078,1.3076923076923077,0.6923076923076923,3
2025,Temple,12,5,27.833333333333332,29.666666666666668,5.456321350238828,7.257235374637758,6.416666666666667,0.38053751803751806,0.6722222222222222,1.3333333333333333,4.8666878214358835,3.4166666666666665,0.7888888888888889,1.1666666666666667,0.8333333333333334,1.0833333333333333,0.4166666666666667,3
2025,Tennessee,13,8,39.76923076923077,28.846153846153847,6.684091894891693,8.983335806386204,8.076923076923077,0.49543315434003693,0.7192307692307692,1.3846153846153846,4.217035447414224,3.4615384615384617,0.717948717948718,2.1538461538461537,0.46153846153846156,1.3076923076923077,0.6153846153846154,6
2025,Texas,13,10,30.46153846153846,20.307692307692307,6.099331165357655,7.883799039435884,7.846153846153846,0.40568662107123643,0.6675824175824177,1.6153846153846154,3.28383958260333,2.769230769230769,0.6833333333333333,2.6153846153846154,0.7692307692307693,1.4615384615384615,0.7692307692307693,4
2025,Texas A&M,13,11,33.76923076923077,21.0,6.4200168499517165,8.340336711934546,9.23076923076923,0.43201926278849356,0.6177655677655678,1.2307692307692308,4.298772793468824,2.6153846153846154,0.5461538461538461,2.923076923076923,-0.7692307692307693,0.3076923076923077,0.8461538461538461,8
2025,Texas State,13,7,36.46153846153846,29.0,6.785340018267274,9.198313368853,9.692307692307692,0.45835414585414586,0.6717948717948717,1.7692307692307692,4.4612162378231295,4.538461538461538,0.678021978021978,1.7692307692307692,-0.07692307692307693,1.0,0.5384615384615384,6
2025,Texas Tech,14,12,39.42857142857143,11.785714285714286,6.199516377610359,7.828872304342228,10.142857142857142,0.5256474384625645,0.5379251700680272,1.5,2.5899863035131796,1.8571428571428572,0.6717948717948717,2.2142857142857144,0.9285714285714286,1.9285714285714286,0.8571428571428571,10
2025,Toledo,13,8,30.846153846153847,13.307692307692308,6.380293633644781,7.981867220718081,9.23076923076923,0.41808490654644503,0.582051282051282,0.9230769230769231,2.7273943265043723,2.230769230769231,0.4924242424242424,2.769230769230769,0.15384615384615385,1.2307692307692308,0.6153846153846154,8
2025,Troy,14,8,23.5,23.928571428571427,4.623721748467399,6.850364642848794,5.928571428571429,0.39276402868839844,0.5243197278911564,4.0,4.477614049572398,3.0714285714285716,0.5333333333333333,2.2142857142857144,0.0,1.0714285714285714,0.5714285714285714,2
2025,Tulane,14,11,27.714285714285715,23.928571428571427,6.207798694215977,8.141470483342404,8.0,0.4295752858252858,0.5666666666666667,0.8571428571428571,3.650147031711201,3.5714285714285716,0.5629251700680272,2.4285714285714284,0.42857142857142855,1.5,0.7857142857142857,4
2025,Tulsa,12,4,23.166666666666668,28.916666666666668,5.397579375900212,6.675015187894047,9.083333333333334,0.38116765004636854,0.5208333333333334,1.8333333333333333,4.145578352591266,4.0,0.6547619047619048,1.9166666666666667,-0.4166666666666667,1.0,0.3333333333333333,1
2025,UAB,12,4,26.416666666666668,38.25,5.874807686321696,7.502701584574711,6.916666666666667,0.48362601450836745,0.6555555555555556,2.3333333333333335,4.859527089730084,4.083333333333333,0.7763888888888889,1.3333333333333333,-0.9166666666666666,0.6666666666666666,0.3333333333333333,1
2025,UCF,12,5,24.333333333333332,23.583333333333332,5.999452559927448,6.960020637097938,7.333333333333333,0.3614106957856958,0.5527777777777777,1.4166666666666667,4.094759066677484,3.0833333333333335,0.7166666666666667,1.75,-0.25,0.9166666666666666,0.4166666666666667,2
2025,UCLA,12,3,18.166666666666668,33.416666666666664,4.9941694466714175,5.538443017501021,6.25,0.3533170533170533,0.6257575757575757,2.0833333333333335,4.980860536518567,4.25,0.7589285714285715,0.75,-0.4166666666666667,0.5833333333333334,0.25,0
2025,UConn,13,9,35.30769230769231,27.0,6.683048842488751,7.861933896033474,7.923076923076923,0.4056511864204172,0.7093406593406594,1.0769230769230769,4.7931925746737996,3.230769230769231,0.6756410256410257,2.6153846153846154,1.0769230769230769,1.1538461538461537,0.6923076923076923,6
2025,UL Monroe,12,3,16.583333333333332,31.916666666666668,5.36885585857049,6.64711295527085,8.083333333333334,0.3187180874680875,0.5633333333333334,1.5833333333333333,4.03282636911838,4.166666666666667,0.5398268398268399,1.9166666666666667,-0.9166666666666666,0.4166666666666667,0.25,2
2025,UNLV,14,10,34.07142857142857,28.0,6.936109873325489,8.550222806893135,10.071428571428571,0.4663966985395557,0.7758503401360545,1.6428571428571428,4.9135782815404285,3.0714285714285716,0.6935897435897436,2.142857142857143,0.2857142857142857,1.4285714285714286,0.7142857142857143,7
2025,USC,13,9,35.76923076923077,23.0,7.381399975201929,9.304001587449635,10.0,0.5503043964582426,0.6800366300366301,0.7692307692307693,4.414797810568004,2.923076923076923,0.7101190476190475,2.076923076923077,0.15384615384615385,1.1538461538461537,0.6923076923076923,8
2025,UTEP,12,2,23.333333333333332,30.416666666666668,4.929629641393562,6.141119240797234,7.5,0.32618718355947457,0.5727272727272728,2.0833333333333335,4.191739636350705,4.0,0.5882936507936508,1.8333333333333333,-1.3333333333333333,0.5,0.16666666666666666,0
2025,UTSA,13,7,35.53846153846154,28.846153846153847,6.306159514984642,7.3263521061655625,8.0,0.4132206217613457,0.6701388888888888,1.2307692307692308,4.313689626353335,2.923076923076923,0.6741758241758242,1.6923076923076923,0.5384615384615384,1.1538461538461537,0.5384615384615384,6
2025,Utah,13,11,41.30769230769231,18.923076923076923,6.608259565601222,7.595516337954962,10.76923076923077,0.5264678822936741,0.7952380952380953,1.0769230769230769,4.664568876139725,2.3076923076923075,0.6583333333333333,2.3846153846153846,0.3076923076923077,1.1538461538461537,0.8461538461538461,8
2025,Utah State,13,6,30.923076923076923,28.692307692307693,6.111044857683641,7.879275869415339,9.076923076923077,0.3427436261444358,0.6884615384615385,3.076923076923077,4.855129356956251,3.769230769230769,0.5492673992673993,2.230769230769231,0.46153846153846156,1.1538461538461537,0.46153846153846156,4
2025,Vanderbilt,13,10,38.46153846153846,22.846153846153847,7.518554175784118,9.40534685208417,9.384615384615385,0.538919413919414,0.7043956043956043,1.7692307692307692,3.7353794437969885,3.076923076923077,0.5555555555555556,2.0,0.07692307692307693,0.8461538461538461,0.7692307692307693,7
2025,Virginia,14,11,30.785714285714285,19.571428571428573,5.692405160524999,6.907414233370591,8.0,0.49787148004774867,0.5652210884353741,1.0714285714285714,3.455945443264743,2.5714285714285716,0.7280219780219781,1.8571428571428572,0.6428571428571429,1.3571428571428572,0.7857142857142857,6
2025,Virginia Tech,12,3,21.416666666666668,30.166666666666668,5.614211650513983,6.425926474578436,8.25,0.4070956820956821,0.6439393939393939,2.0,4.177475526793811,4.333333333333333,0.6571428571428571,1.25,-0.5,0.5,0.25,0
2025,Wake Forest,13,9,28.076923076923077,22.076923076923077,6.349856497266964,7.790039348735001,8.307692307692308,0.4149802623218913,0.5192307692307693,1.0769230769230769,3.4711260568687625,3.8461538461538463,0.40824175824175823,2.076923076923077,-0.6923076923076923,0.7692307692307693,0.6923076923076923,4
2025,Washington,13,9,34.07692307692308,18.692307692307693,6.669865940200149,9.317441076553688,9.23076923076923,0.5144611798457952,0.7282051282051282,2.1538461538461537,3.348133908083741,3.1538461538461537,0.5347222222222222,1.7692307692307692,0.5384615384615384,1.3846153846153846,0.6923076923076923,11
2025,Washington State,13,7,22.53846153846154,20.23076923076923,5.270580700652184,6.659303224128207,6.230769230769231,0.3991590109237168,0.6474358974358974,1.5384615384615385,3.86761282463877,2.3076923076923075,0.5462962962962963,2.1538461538461537,-0.7692307692307693,0.9230769230769231,0.5384615384615384,3
2025,West Virginia,12,4,21.75,30.833333333333332,4.9996764108277,6.829865577020263,7.083333333333333,0.3159541847041847,0.5694444444444444,2.1666666666666665,3.9379745124808125,4.166666666666667,0.5865079365079365,1.9166666666666667,0.08333333333333333,1.3333333333333333,0.3333333333333333,0
2025,Western Kentucky,13,9,29.53846153846154,22.846153846153847,5.808411662659302,7.107128817338057,8.692307692307692,0.46537155654802714,0.6831501831501832,1.6923076923076923,4.891067520517002,3.3846153846153846,0.32967032967032966,1.3846153846153846,-0.38461538461538464,0.9230769230769231,0.6923076923076923,3
2025,Western Michigan,14,10,24.857142857142858,17.357142857142858,5.251568516046384,6.169865186732705,7.142857142857143,0.39724505186690057,0.6038461538461538,1.4285714285714286,4.088444085552868,3.2857142857142856,0.5692307692307692,2.5714285714285716,0.5,1.2857142857142858,0.7142857142857143,4
2025,Wisconsin,12,4,12.833333333333334,21.583333333333332,4.668087879022729,5.877686523059242,4.333333333333333,0.3365020600314718,0.5277777777777778,2.1666666666666665,3.407694641057508,3.1666666666666665,0.5151515151515151,2.4166666666666665,-1.0,0.4166666666666667,0.3333333333333333,3
2025,Wyoming,12,4,16.0,20.5,4.932736622818815,5.669141877797763,7.916666666666667,0.3464917027417027,0.5151515151515151,1.25,4.451753159495577,2.75,0.49583333333333335,1.0,0.5,1.3333333333333333,0.3333333333333333,4
2026,Air Force,1,1,34.0,0.0,5.769230769230769,2.7142857142857144,13.0,0.6,0.8,0.0,2.5714285714285716,0.0,,1.0,2.0,2.0,1.0,10
2026,Akron,1,0,16.0,38.0,4.492537313432836,4.7272727272727275,4.0,0.46153846153846156,0.6666666666666666,2.0,6.645161290322581,4.0,0.25,0.0,-1.0,0.0,0.0,2
2026,Alabama,1,1,48.0,10.0,6.037974683544304,8.161290322580646,11.0,0.5333333333333333,0.8333333333333334,1.0,0.09090909090909091,2.0,0.5,3.0,0.0,1.0,1.0,11
2026,App State,1,1,55.0,3.0,9.295774647887324,10.545454545454545,18.0,0.2857142857142857,0.625,0.0,1.8571428571428572,1.0,0.0,2.0,2.0,2.0,1.0,11
2026,Arizona,1,1,35.0,7.0,6.797101449275362,7.861111111111111,12.0,0.6363636363636364,1.0,2.0,-0.35,1.0,0.0,5.0,-2.0,1.0,1.0,10
2026,Arizona State,1,1,70.0,7.0,10.101449275362318,12.0,14.0,0.5555555555555556,1.0,0.0,4.08,1.0,1.0,2.0,0.0,0.0,1.0,9
2026,Arkansas,1,1,31.0,14.0,4.962962962962963,7.628571428571429,8.0,0.5882352941176471,0.6666666666666666,2.0,2.789473684210526,2.0,1.0,1.0,-2.0,0.0,1.0,4
2026,Arkansas State,1,0,24.0,42.0,7.423728813559322,10.833333333333334,9.0,0.5,0.6666666666666666,3.0,6.979166666666667,3.0,1.0,1.0,-2.0,2.0,0.0,6
2026,Army,1,1,59.0,3.0,9.257142857142858,6.076923076923077,20.0,0.6666666666666666,0.6666666666666666,0.0,2.3,1.0,0.0,2.0,0.0,0.0,1.0,9
2026,Auburn,1,1,17.0,16.0,4.986486486486487,7.088235294117647,9.0,0.5294117647058824,0.6666666666666666,5.0,2.8095238095238093,4.0,0.5,1.0,-1.0,2.0,1.0,6
2026,BYU,1,1,63.0,7.0,7.661764705882353,9.681818181818182,12.0,0.8181818181818182,1.0,1.0,2.2916666666666665,2.0,0.5,1.0,4.0,4.0,1.0,13
2026,Ball State,1,0,3.0,56.0,2.75,3.2432432432432434,3.0,0.21428571428571427,,1.0,6.771428571428571,4.0,1.0,2.0,0.0,1.0,0.0,1
2026,Baylor,1,0,16.0,17.0,4.697916666666667,6.166666666666667,6.0,0.3333333333333333,0.5,1.0,3.2,3.0,0.6666666666666666,5.0,1.0,3.0,0.0,7
2026,Boise State,1,0,27.0,34.0,4.181818181818182,6.241379310344827,3.0,0.26666666666666666,0.4,3.0,4.76,4.0,0.75,1.0,0.0,0.0,0.0,0
2026,Boston College,1,0,15.0,34.0,5.628571428571429,6.588235294117647,12.0,0.3076923076923077,0.3333333333333333,3.0,5.555555555555555,5.0,0.8,1.0,-2.0,0.0,0.0,1
2026,Bowling Green,1,0,13.0,20.0,5.734375,9.266666666666667,7.0,0.46153846153846156,0.5,0.0,7.84375,4.0,0.25,1.0,-1.0,1.0,0.0,5
2026,Buffalo,1,1,21.0,17.0,4.405063291139241,4.0212765957446805,5.0,0.5,1.0,0.0,2.3225806451612905,3.0,0.6666666666666666,3.0,1.0,1.0,1.0,8
2026,California,1,0,24.0,45.0,4.837209302325581,6.326086956521739,9.0,0.6,0.75,1.0,8.8,4.0,0.75,2.0,-1.0,1.0,0.0,4
2026,Central Michigan,1,0,7.0,38.0,3.5106382978723403,1.875,4.0,0.18181818181818182,,2.0,4.488372093023256,4.0,1.0,2.0,-1.0,0.0,0.0,0
2026,Charlotte,1,0,41.0,43.0,7.27027027027027,7.853658536585366,12.0,0.6470588235294118,0.8,1.0,5.36,4.0,1.0,2.0,-2.0,0.0,0.0,6
2026,Cincinnati,1,1,34.0,15.0,5.491803278688525,5.3125,8.0,0.36363636363636365,0.8,1.0,4.722222222222222,3.0,0.3333333333333333,3.0,2.0,2.0,1.0,9
2026,Clemson,1,0,10.0,51.0,3.0208333333333335,4.7727272727272725,3.0,0.15384615384615385,1.0,4.0,5.237288135593221,4.0,1.0,0.0,0.0,1.0,0.0,1
2026,Coastal Carolina,1,0,24.0,31.0,6.770491803278689,9.722222222222221,7.0,0.2,0.5,3.0,4.830508474576271,5.0,0.6,1.0,0.0,1.0,0.0,2
2026,Colorado,1,1,14.0,13.0,4.219178082191781,4.142857142857143,6.0,0.4375,0.5,1.0,2.0,3.0,0.0,3.0,1.0,1.0,1.0,7
2026,Colorado State,1,1,35.0,13.0,5.91044776119403,7.117647058823529,7.0,0.4666666666666667,0.8,0.0,4.625,2.0,0.5,1.0,3.0,3.0,1.0,9
2026,Delaware,1,1,42.0,7.0,7.464788732394366,9.55813953488372,10.0,0.5,0.8333333333333334,1.0,2.608695652173913,2.0,0.5,3.0,2.0,3.0,1.0,14
2026,Duke,1,1,17.0,3.0,5.054054054054054,4.7407407407407405,10.0,0.47058823529411764,0.4,0.0,2.2916666666666665,1.0,0.0,2.0,0.0,1.0,1.0,7
2026,East Carolina,1,0,10.0,48.0,3.951219512195122,8.421052631578947,3.0,0.0,0.5,3.0,4.666666666666667,6.0,0.8333333333333334,1.0,0.0,1.0,0.0,1
2026,Eastern Michigan,2,1,24.5,22.0,4.737818261633011,5.694308445532435,3.5,0.2723214285714286,0.8333333333333333,0.5,3.917279411764706,1.5,0.75,0.5,0.0,1.0,0.5,3
2026,Florida,1,1,66.0,21.0,9.313432835820896,13.192307692307692,11.0,0.5555555555555556,1.0,1.0,3.8,4.0,0.75,1.0,2.0,3.0,1.0,9
2026,Florida Atlantic,1,0,21.0,66.0,4.6477272727272725,5.2075471698113205,4.0,0.5,0.75,1.0,6.853658536585366,8.0,1.0,1.0,-2.0,1.0,0.0,3
2026,Florida International,1,0,9.0,19.0,5.121621621621622,6.02,6.0,0.35294117647058826,0.0,1.0,2.8421052631578947,3.0,0.3333333333333333,1.0,-3.0,0.0,0.0,5
2026,Florida State,1,1,34.0,17.0,6.409090909090909,7.481481481481482,10.0,0.5714285714285714,0.6666666666666666,1.0,2.727272727272727,1.0,0.0,2.0,0.0,1.0,1.0,9
2026,Fresno State,1,0,0.0,39.0,3.2439024390243905,5.133333333333334,1.0,0.25,0.0,2.0,3.7837837837837838,6.0,0.6666666666666666,0.0,1.0,2.0,0.0,2
2026,Georgia,1,1,63.0,3.0,11.0,11.757575757575758,16.0,0.6666666666666666,0.875,0.0,0.6451612903225806,1.0,0.0,2.0,0.0,0.0,1.0,11
2026,Georgia Southern,1,1,31.0,0.0,6.5,7.413043478260869,11.0,0.35714285714285715,0.6,1.0,0.7666666666666667,1.0,0.0,5.0,0.0,1.0,1.0,8
2026,Georgia State,1,1,59.0,10.0,7.929577464788732,8.454545454545455,15.0,0.5833333333333334,0.75,0.0,2.8333333333333335,1.0,0.0,5.0,0.0,0.0,1.0,12
2026,Georgia Tech,1,0,13.0,14.0,5.634615384615385,9.875,8.0,0.38461538461538464,0.0,3.0,4.266666666666667,4.0,0.5,1.0,-1.0,0.0,0.0,3
2026,Hawai'i,2,0,16.5,29.0,3.9541666666666666,4.357843137254902,5.0,0.4017857142857143,0.5,3.5,5.246928746928747,3.5,0.9,0.5,-1.0,0.0,0.0,0
2026,Houston,1,1,33.0,20.0,7.408450704225352,9.838709677419354,12.0,0.5384615384615384,0.4,1.0,1.04,3.0,1.0,4.0,-2.0,0.0,1.0,10
2026,Illinois,1,1,42.0,23.0,7.72093023255814,10.705882352941176,4.0,0.5,1.0,0.0,4.085106382978723,4.0,0.5,1.0,1.0,1.0,1.0,8
2026,Indiana,1,1,52.0,16.0,7.934782608695652,14.4375,7.0,0.5555555555555556,0.8,0.0,4.0,2.0,0.5,1.0,1.0,1.0,1.0,10
2026,Iowa,1,1,40.0,0.0,6.5,5.45,13.0,0.42857142857142855,0.4,0.0,0.5666666666666667,0.0,,6.0,1.0,2.0,1.0,10
2026,Iowa State,1,1,38.0,10.0,6.3125,11.470588235294118,8.0,0.4,0.8,1.0,2.6904761904761907,1.0,1.0,5.0,3.0,3.0,1.0,11
2026,Jacksonville State,2,1,28.0,20.0,6.164416586306654,7.714492753623188,7.0,0.475,0.75,2.0,5.319444444444445,1.0,0.5,1.0,0.0,1.5,0.5,6
2026,James Madison,1,1,20.0,13.0,5.82,6.2105263157894735,4.0,0.45454545454545453,0.5,0.0,2.2432432432432434,2.0,0.0,2.0,-1.0,0.0,1.0,6
2026,Kansas,1,1,51.0,6.0,8.06578947368421,13.44,14.0,0.6153846153846154,0.875,0.0,1.2580645161290323,2.0,0.0,3.0,1.0,1.0,1.0,13
2026,Kansas State,1,1,71.0,3.0,8.246376811594203,9.148148148148149,15.0,0.8181818181818182,1.0,0.0,2.9166666666666665,1.0,0.0,0.0,-1.0,0.0,1.0,11
2026,Kennesaw State,1,1,47.0,0.0,6.69620253164557,6.647058823529412,12.0,0.5714285714285714,1.0,1.0,2.0,0.0,,1.0,-2.0,1.0,1.0,9
2026,Kent State,1,0,0.0,57.0,3.7291666666666665,3.4347826086956523,2.0,0.35714285714285715,,1.0,7.2368421052631575,5.0,1.0,1.0,-1.0,0.0,0.0,1
2026,Kentucky,1,1,45.0,13.0,8.508474576271187,11.538461538461538,12.0,0.375,0.8,0.0,2.3333333333333335,2.0,1.0,2.0,0.0,0.0,1.0,9
2026,LSU,1,1,51.0,10.0,6.778947368421052,9.305555555555555,19.0,0.6875,1.0,0.0,1.5384615384615385,1.0,1.0,4.0,0.0,1.0,1.0,11
2026,Liberty,1,0,13.0,20.0,4.890625,8.518518518518519,6.0,0.4375,0.0,2.0,5.580645161290323,4.0,0.5,0.0,1.0,1.0,0.0,4
2026,Louisiana,1,1,38.0,7.0,6.913043478260869,8.25,14.0,0.375,0.6,1.0,2.5925925925925926,1.0,0.0,2.0,1.0,4.0,1.0,11
2026,Louisiana Tech,1,1,80.0,6.0,9.10344827586207,14.095238095238095,13.0,0.6363636363636364,1.0,0.0,2.090909090909091,2.0,0.0,1.0,1.0,1.0,1.0,12
2026,Marshall,1,0,0.0,45.0,3.156862745098039,3.6785714285714284,0.0,0.18181818181818182,,2.0,3.6222222222222222,4.0,0.75,1.0,-2.0,0.0,0.0,1
2026,Maryland,1,1,62.0,0.0,8.282051282051283,7.394736842105263,13.0,0.5714285714285714,0.7,0.0,0.8,0.0,,5.0,3.0,3.0,1.0,12
2026,Massachusetts,1,1,37.0,21.0,6.467741935483871,8.954545454545455,11.0,0.36363636363636365,0.5,1.0,1.4782608695652173,3.0,0.6666666666666666,4.0,3.0,3.0,1.0,10
2026,Memphis,2,2,34.5,22.5,7.5732074438970995,10.346666666666668,11.5,0.41414141414141414,0.6666666666666666,1.0,4.1482758620689655,3.5,0.5833333333333333,4.5,0.5,2.0,1.0,8
2026,Miami,1,1,45.0,6.0,8.194029850746269,12.228571428571428,9.0,0.7272727272727273,1.0,0.0,3.391304347826087,2.0,0.0,1.0,-1.0,0.0,1.0,11
2026,Miami (OH),1,0,14.0,59.0,4.982758620689655,7.054054054054054,4.0,0.2857142857142857,1.0,2.0,5.533333333333333,3.0,0.6666666666666666,1.0,-1.0,0.0,0.0,2
2026,Michigan,1,1,13.0,12.0,5.617021276595745,7.391304347826087,5.0,0.3,1.0,1.0,3.272727272727273,3.0,0.0,2.0,-2.0,0.0,1.0,6
2026,Michigan State,1,1,30.0,20.0,4.780487804878049,7.333333333333333,8.0,0.3333333333333333,0.5,3.0,3.85,1.0,1.0,2.0,1.0,1.0,1.0,3
2026,Middle Tennessee,1,1,38.0,14.0,8.25,7.6923076923076925,14.0,0.42857142857142855,0.6666666666666666,0.0,5.461538461538462,2.0,0.5,0.0,1.0,1.0,1.0,8
2026,Minnesota,1,1,59.0,7.0,6.814285714285714,10.3125,9.0,0.6666666666666666,0.8333333333333334,0.0,2.0,1.0,1.0,1.0,-1.0,0.0,1.0,10
2026,Mississippi State,1,1,62.0,13.0,9.645569620253164,9.928571428571429,16.0,0.45454545454545453,0.6666666666666666,0.0,3.475,0.0,,2.0,0.0,0.0,1.0,9
2026,Missouri,1,1,54.0,14.0,7.184210526315789,10.875,13.0,0.6,0.6666666666666666,1.0,4.785714285714286,1.0,1.0,1.0,0.0,1.0,1.0,8
2026,Missouri State,1,0,0.0,50.0,2.0526315789473686,1.7647058823529411,0.0,0.18181818181818182,,0.0,5.0212765957446805,8.0,0.75,2.0,2.0,3.0,0.0,3
2026,NC State,1,0,8.0,34.0,3.12,3.4074074074074074,2.0,0.3076923076923077,1.0,2.0,4.614035087719298,2.0,1.0,1.0,-2.0,0.0,0.0,2
2026,Navy,1,1,42.0,15.0,6.769230769230769,3.5,14.0,0.5833333333333334,1.0,0.0,1.95,1.0,0.0,3.0,0.0,0.0,1.0,11
2026,Nebraska,1,1,49.0,21.0,7.2465753424657535,8.59375,15.0,0.6,1.0,2.0,4.242424242424242,2.0,1.0,2.0,1.0,1.0,1.0,8
2026,Nevada,1,1,49.0,14.0,8.379310344827585,10.1875,10.0,0.5,1.0,0.0,4.2926829268292686,2.0,1.0,2.0,0.0,1.0,1.0,9
2026,New Mexico,1,1,38.0,7.0,5.176470588235294,6.36,6.0,0.5384615384615384,1.0,2.0,4.354838709677419,0.0,,2.0,1.0,1.0,1.0,6
2026,New Mexico State,2,1,34.0,24.0,6.811658653846154,10.075834175935288,9.5,0.5633484162895928,0.375,1.5,4.121794871794872,4.0,0.8333333333333333,1.5,1.0,1.5,0.5,7
2026,North Carolina,1,1,15.0,10.0,5.6,8.222222222222221,6.0,0.2727272727272727,0.25,3.0,4.083333333333333,4.0,0.25,2.0,-2.0,0.0,1.0,3
2026,North Dakota State,2,2,35.5,3.5,5.511523266022827,8.27675585284281,7.0,0.4452380952380952,0.5833333333333333,2.5,2.7738095238095237,1.5,0.25,2.5,2.5,3.0,1.0,10
2026,North Texas,1,0,16.0,52.0,5.477611940298507,7.413793103448276,9.0,0.4,0.5,1.0,4.466666666666667,5.0,0.8,0.0,-1.0,0.0,0.0,2
2026,Northern Illinois,1,0,0.0,40.0,2.4074074074074074,4.708333333333333,2.0,0.21428571428571427,,6.0,7.605263157894737,5.0,0.4,0.0,-1.0,1.0,0.0,1
2026,Northwestern,1,1,34.0,18.0,9.12962962962963,11.375,10.0,0.4166666666666667,0.75,2.0,3.5853658536585367,7.0,0.14285714285714285,2.0,1.0,1.0,1.0,9
2026,Ohio,1,0,21.0,49.0,4.676923076923077,5.125,6.0,0.4666666666666667,1.0,2.0,6.195121951219512,4.0,1.0,2.0,-1.0,0.0,0.0,2
2026,Ohio State,1,1,56.0,3.0,9.319444444444445,11.72972972972973,10.0,0.45454545454545453,1.0,2.0,1.9565217391304348,0.0,,1.0,0.0,1.0,1.0,9
2026,Oklahoma,1,1,51.0,0.0,7.344827586206897,12.15,10.0,0.5454545454545454,0.4,1.0,3.8333333333333335,2.0,0.0,4.0,1.0,2.0,1.0,12
2026,Oklahoma State,1,0,10.0,24.0,4.428571428571429,4.918367346938775,7.0,0.3333333333333333,0.3333333333333333,1.0,4.0606060606060606,2.0,0.5,0.0,-2.0,1.0,0.0,3
2026,Old Dominion,1,1,31.0,10.0,5.574074074074074,10.538461538461538,10.0,0.5555555555555556,0.8,2.0,3.236842105263158,3.0,0.3333333333333333,2.0,0.0,2.0,1.0,9
2026,Oregon,1,1,34.0,27.0,7.90625,9.923076923076923,10.0,0.3333333333333333,0.75,1.0,2.5675675675675675,5.0,0.4,3.0,0.0,0.0,1.0,9
2026,Oregon State,1,0,20.0,33.0,5.506849315068493,7.833333333333333,6.0,0.26666666666666666,1.0,4.0,5.525,5.0,0.4,1.0,2.0,2.0,0.0,4
2026,Penn State,1,1,45.0,0.0,6.763888888888889,12.0,9.0,0.5,0.75,1.0,2.5217391304347827,0.0,,2.0,2.0,2.0,1.0,12
2026,Pittsburgh,1,1,59.0,14.0,8.613333333333333,10.666666666666666,12.0,0.6363636363636364,0.6666666666666666,1.0,1.3333333333333333,1.0,1.0,2.0,1.0,1.0,1.0,10
2026,Purdue,1,1,44.0,19.0,7.0675675675675675,10.176470588235293,8.0,0.5454545454545454,0.5714285714285714,2.0,3.227272727272727,2.0,0.5,3.0,1.0,1.0,1.0,10
2026,Rice,1,1,31.0,3.0,6.037974683544304,2.8,13.0,0.6470588235294118,0.6,0.0,4.411764705882353,0.0,,2.0,1.0,1.0,1.0,6
2026,Rutgers,1,0,21.0,37.0,5.786885245901639,8.394736842105264,4.0,0.2727272727272727,0.6666666666666666,4.0,5.1,4.0,0.5,1.0,-3.0,0.0,0.0,2
2026,Sacramento State,2,1,34.5,14.0,5.603686635944701,6.74512743628186,6.5,0.3653846153846154,0.5833333333333333,0.5,3.136262513904338,1.5,0.6666666666666666,2.0,-1.0,0.5,0.5,5
2026,Sam Houston,1,0,21.0,24.0,5.328571428571428,7.282608695652174,5.0,0.42857142857142855,1.0,4.0,4.560975609756097,3.0,0.6666666666666666,3.0,-1.0,0.0,0.0,3
2026,San Diego State,1,1,53.0,20.0,6.065573770491803,7.476190476190476,9.0,0.5454545454545454,0.7142857142857143,1.0,3.0689655172413794,5.0,0.4,1.0,0.0,2.0,1.0,9
2026,San José State,2,1,26.5,31.5,6.046666666666667,7.509908536585366,8.0,0.3835227272727273,0.75,0.5,4.1899999999999995,4.0,0.9285714285714286,1.0,0.5,1.0,0.5,3
2026,South Alabama,1,1,39.0,14.0,4.880952380952381,5.703703703703703,9.0,0.5,0.5,1.0,3.625,2.0,1.0,1.0,2.0,2.0,1.0,9
2026,South Carolina,1,1,57.0,0.0,8.942857142857143,10.96875,12.0,0.8888888888888888,1.0,1.0,4.0,0.0,,1.0,1.0,1.0,1.0,10
2026,South Florida,1,1,19.0,9.0,3.7142857142857144,5.555555555555555,4.0,0.38461538461538464,0.3333333333333333,1.0,3.25,1.0,0.0,1.0,3.0,3.0,1.0,7
2026,Southern Miss,1,1,49.0,3.0,6.493975903614458,8.37037037037037,12.0,0.45454545454545453,0.8333333333333334,0.0,2.5714285714285716,2.0,0.0,1.0,4.0,5.0,1.0,13
2026,Stanford,2,1,21.5,36.0,5.701408450704225,7.189775910364146,5.0,0.4,0.4,0.5,3.057291666666667,3.0,1.0,1.0,1.0,1.0,0.5,4
2026,Syracuse,1,1,66.0,3.0,6.974025974025974,8.088235294117647,15.0,0.6666666666666666,0.7777777777777778,3.0,2.7096774193548385,0.0,,4.0,3.0,3.0,1.0,12
2026,TCU,1,0,10.0,15.0,4.735294117647059,5.46875,5.0,0.4117647058823529,0.25,2.0,3.0714285714285716,4.0,0.25,3.0,2.0,2.0,0.0,6
2026,Temple,1,1,38.0,14.0,6.322033898305085,8.875,11.0,0.2727272727272727,0.75,2.0,2.7586206896551726,1.0,1.0,2.0,3.0,3.0,1.0,10
2026,Tennessee,1,1,56.0,9.0,8.833333333333334,11.444444444444445,14.0,0.5,1.0,1.0,5.114285714285714,1.0,0.0,6.0,-2.0,0.0,1.0,11
2026,Texas,1,1,59.0,7.0,7.371428571428571,10.588235294117647,9.0,0.7333333333333333,0.8571428571428571,1.0,4.2368421052631575,2.0,0.5,1.0,1.0,2.0,1.0,12
2026,Texas A&M,1,1,50.0,0.0,5.821428571428571,6.837837837837838,10.0,0.5384615384615384,0.75,2.0,2.2857142857142856,0.0,,0.0,-2.0,1.0,1.0,7
2026,Texas State,1,0,7.0,59.0,5.208955223880597,6.482758620689655,8.0,0.5714285714285714,0.5,1.0,4.333333333333333,7.0,0.8571428571428571,1.0,-1.0,1.0,0.0,2
2026,Texas Tech,1,1,33.0,10.0,6.4520547945205475,8.764705882352942,8.0,0.4166666666666667,0.4,0.0,2.75,1.0,0.0,3.0,0.0,1.0,1.0,9
2026,Toledo,1,0,20.0,30.0,6.658536585365853,9.333333333333334,6.0,0.125,1.0,2.0,3.061224489795918,4.0,0.5,3.0,-1.0,0.0,0.0,6
2026,Troy,1,1,24.0,21.0,5.415384615384616,6.875,11.0,0.4,0.6666666666666666,3.0,1.5833333333333333,2.0,1.0,4.0,1.0,1.0,1.0,5
2026,Tulane,1,0,3.0,17.0,4.150943396226415,5.689655172413793,2.0,0.21428571428571427,0.0,2.0,5.23404255319149,5.0,0.4,0.0,0.0,1.0,0.0,2
2026,Tulsa,1,1,24.0,10.0,6.333333333333333,9.458333333333334,7.0,0.09090909090909091,0.5,0.0,3.742857142857143,3.0,0.3333333333333333,1.0,2.0,3.0,1.0,8
2026,UAB,1,0,23.0,42.0,5.269230769230769,7.064516129032258,5.0,0.5263157894736842,0.5,1.0,5.769230769230769,3.0,1.0,0.0,-1.0,0.0,0.0,3
2026,UCF,1,1,73.0,6.0,9.333333333333334,9.090909090909092,14.0,0.625,0.8,1.0,2.8947368421052633,1.0,1.0,2.0,0.0,1.0,1.0,10
2026,UCLA,1,1,45.0,24.0,8.615384615384615,8.363636363636363,11.0,0.45454545454545453,0.75,2.0,3.125,4.0,0.75,1.0,1.0,2.0,1.0,9
2026,UConn,1,1,56.0,7.0,9.464788732394366,11.53125,17.0,0.5,1.0,0.0,2.1333333333333333,2.0,0.5,2.0,-2.0,0.0,1.0,11
2026,UL Monroe,1,0,13.0,62.0,4.102941176470588,5.0,5.0,0.1875,,2.0,9.324324324324325,6.0,0.6666666666666666,0.0,0.0,0.0,0.0,0
2026,UNLV,2,1,21.0,16.5,5.993589743589744,7.0511695906432745,10.5,0.33333333333333337,0.75,3.5,4.712121212121212,3.0,0.16666666666666666,3.0,1.0,1.0,0.5,7
2026,USC,2,2,40.5,13.0,7.405701754385964,11.615421455938698,11.0,0.6586538461538461,0.7619047619047619,1.0,3.2019230769230766,2.5,0.25,1.5,-1.0,0.5,1.0,11
2026,UTEP,1,0,0.0,51.0,4.148148148148148,4.777777777777778,5.0,0.16666666666666666,0.0,4.0,4.815789473684211,5.0,0.4,1.0,-1.0,1.0,0.0,1
2026,UTSA,1,1,45.0,16.0,9.051724137931034,9.482758620689655,7.0,0.3333333333333333,0.3333333333333333,0.0,5.53125,3.0,0.3333333333333333,1.0,2.0,2.0,1.0,9
2026,Utah,1,1,66.0,14.0,8.44,10.346153846153847,17.0,0.6666666666666666,0.75,0.0,3.8,1.0,1.0,1.0,2.0,2.0,1.0,11
2026,Utah State,1,0,17.0,29.0,4.784090909090909,5.372093023255814,8.0,0.6,0.4,3.0,2.966666666666667,4.0,0.5,2.0,-4.0,0.0,0.0,3
2026,Vanderbilt,1,1,28.0,9.0,6.39344262295082,8.36,8.0,0.3333333333333333,0.6666666666666666,0.0,2.72,1.0,0.0,5.0,0.0,0.0,1.0,8
2026,Virginia,1,1,34.0,8.0,6.147058823529412,14.090909090909092,10.0,0.21428571428571427,1.0,1.0,2.782608695652174,1.0,1.0,2.0,2.0,2.0,1.0,11
2026,Virginia Tech,1,1,73.0,3.0,8.549295774647888,10.935483870967742,13.0,0.375,0.8,0.0,0.5853658536585366,1.0,0.0,4.0,0.0,1.0,1.0,11
2026,Wake Forest,1,1,38.0,16.0,8.515151515151516,10.17142857142857,9.0,0.5,0.25,0.0,4.264705882352941,3.0,0.6666666666666666,2.0,1.0,1.0,1.0,9
2026,West Virginia,1,1,31.0,24.0,5.712328767123288,9.428571428571429,6.0,0.5294117647058824,0.6,1.0,2.52,2.0,0.5,3.0,0.0,1.0,1.0,7
2026,Western Kentucky,1,0,14.0,49.0,4.675,5.076923076923077,8.0,0.375,1.0,2.0,7.690476190476191,5.0,1.0,0.0,0.0,1.0,0.0,1
2026,Western Michigan,1,0,12.0,13.0,3.5846153846153848,4.238095238095238,2.0,0.47058823529411764,0.0,2.0,3.9166666666666665,1.0,1.0,1.0,2.0,2.0,0.0,5
2026,Wyoming,1,0,13.0,35.0,5.450980392156863,6.842105263157895,7.0,0.0,0.5,1.0,4.666666666666667,5.0,0.8,0.0,-3.0,0.0,0.0,1
